gene,baseMean,log2FoldChange,lfcSE,stat,pvalue,padj
RAB14,4.59770825071435,0.28358749189721855,0.6877427275584478,0.41234531538265945,0.6800863386741474,0.9996811443482657
RAB2A,3.55940057338894,-0.24466843582018796,0.7089800063239522,-0.3450992039800799,0.7300197918656889,0.9996811443482657
RAB29,7.177740327015453,-0.1733912664234422,0.5429022237932817,-0.3193784420552744,0.7494395562541661,0.9996811443482657
RAB27A,0.8589485926526367,-0.4189974562931773,1.5173656235999426,-0.27613480217055913,0.7824445311687066,0.9996811443482657
RAB22A,2.306519326974567,-0.9748393644320149,0.9277053789209493,-1.0508070628693444,0.2933472112880373,0.9996811443482657
RAB21,2.779772719528119,-0.019715702844745674,0.8059982080932596,-0.02446122416498528,0.9804847130866515,0.9996811443482657
RAB20,4.557477748379862,1.3170566807746797,0.8058160085537929,1.6344384658458404,0.10216681694096684,0.9996811443482657
RAB1A,8.094533626832215,0.2840315687958667,0.5370641792573788,0.5288596405528463,0.5969028212197196,0.9996811443482657
RAB18,0.8777343859308103,0.25769259036938824,1.466346301427505,0.17573788000728172,0.8604998744614644,0.9996811443482657
RAB15,0.679006059212234,0.5629453607460456,1.8433627082159387,0.30539044662072007,0.7600687969826314,0.9996811443482657
RAB2B,1.6819614595373364,0.6527530535494924,1.1199802494742448,0.5828255041603778,0.5600107740916456,0.9996811443482657
RAB11FIP4,0.9128518375249732,-0.748389002066993,1.399107107575832,-0.5349047246023159,0.5927157411287426,0.9996811443482657
RAB11FIP1,8.95452882612997,-0.21488763692984583,0.44893778643042437,-0.4786579419800047,0.6321819907455478,0.9996811443482657
RAB11B,5.050218889371459,-0.628044430859434,0.6040512122155223,-1.0397205040875757,0.2984697716611209,0.9996811443482657
RAB11A,5.890899033054952,0.42736649565271734,0.6007713279377892,0.7113630024916432,0.4768593194039895,0.9996811443482657
RAB10,6.509461222543821,-0.5065816947050688,0.5728741148612514,-0.8842809991995563,0.37654454266197035,0.9996811443482657
R3HDM4,5.647871716017439,-0.7154336550615473,0.6427025746415438,-1.1131644454055099,0.26563780963915373,0.9996811443482657
R3HDM2,1.5767337901298064,-0.2954483374285295,1.1771320462640888,-0.25098997038285187,0.8018218635217951,0.9996811443482657
R3HDM1,0.9155993920272434,-2.0737918045503374,1.5694423816575356,-1.3213558068695346,0.1863827541707085,0.9996811443482657
QSOX1,1.7548234842495387,0.8069652256355615,1.2021912473182892,0.671245300974905,0.5020642741389416,0.9996811443482657
RAB5C,4.275272026571262,-0.3803983531454945,0.6844623398175276,-0.5557622837903774,0.5783733720450854,0.9996811443482657
RABGEF1,2.5810324711863872,-0.9567823182523203,0.8818191238533791,-1.085009717266469,0.2779173514812766,0.9996811443482657
RABGAP1L,3.0060806279955488,0.550633056709588,0.8050542083638431,0.683970161249974,0.49399400798996196,0.9996811443482657
RABGAP1,2.104197424354023,-0.06062357769980071,0.9562086710584331,-0.06339994557118594,0.9494480305936037,0.9996811443482657
RABAC1,1.1827478152391961,0.7846736710623083,1.4423735957346244,0.5440155542106005,0.5864307693797679,0.9996811443482657
RAB8B,6.888202178377501,0.17099356573139599,0.5321055450877793,0.3213527228008644,0.7479431063072453,0.9996811443482657
RAB8A,2.1667930930132724,-0.9453315754079615,0.9424767877471231,-1.0030290270253366,0.31584685621424335,0.9996811443482657
RAB7B,8.478967042437239,0.11095492268418918,0.48807919428810836,0.22732975300457814,0.8201673391222745,0.9996811443482657
RAB7A,19.343090872562488,0.07133754979239408,0.30988744701330934,0.2302047097420187,0.8179327022888998,0.9996811443482657
RAB6A,2.910359879447785,-0.6705965384261187,0.8390801177995348,-0.7992044194596579,0.42417188976126985,0.9996811443482657
QSER1,1.5307658639654171,0.742607571068836,1.496812515584982,0.49612597659140445,0.6198055328682787,0.9996811443482657
RAB5B,2.1363304361025834,-0.719504963925096,0.9314850511700884,-0.7724278162288136,0.4398610842668642,0.9996811443482657
RAB5A,8.829187233561571,0.338430754191039,0.48223666265131226,0.7017939124129721,0.48280769574781235,0.9996811443482657
RAB4A,1.8842981153047496,-0.2489602464188391,1.0126430566444005,-0.2458519265848913,0.8057968587768516,0.9996811443482657
RAB3GAP1,2.2815172331715603,0.6612947710562914,1.0202756547485854,0.648153043717628,0.5168859690070632,0.9996811443482657
RAB35,1.4578342292174504,-0.3376519132124413,1.1946718076317586,-0.2826315236163319,0.7774593128039132,0.9996811443482657
RAB34,0.6731223363758609,-0.8873741800224881,1.6310191502529992,-0.5440611656122132,0.5863993828912166,0.9996811443482657
RAB32,7.118533348409487,-0.16548322390975917,0.5260459306878374,-0.3145794202673133,0.7530810066611281,0.9996811443482657
RAB31,11.047435881616261,-0.054364152559440604,0.40715557998812413,-0.13352181630674517,0.893780711827632,0.9996811443482657
RAB30,3.087322076205688,-0.04606112892155373,0.8911319846721133,-0.0516883354136387,0.958777031807515,0.9996811443482657
PTPN22,5.199727306780289,0.5205003608653345,0.6603138489946435,0.7882620691021685,0.4305434296720204,0.9996811443482657
PTRHD1,2.321702197541002,0.005226615316825146,1.0101029974261442,0.00517433898339392,0.9958714932354225,0.9996811443482657
PTPRJ,3.3497258359768844,-0.7041694551815969,0.7583467612646257,-0.9285586635951575,0.3531178525331874,0.9996811443482657
PTPRE,14.511048852239268,0.15436537989837662,0.4040175558765932,0.38207592133824847,0.7024050513803168,0.9996811443482657
PTPRC,17.08693028303172,0.04787064369026985,0.3916665745753308,0.12222294879815614,0.9027224521940815,0.9996811443482657
PTPRA,2.120442500766835,-0.40806546607713434,0.9729412007855236,-0.41941431378142324,0.6749133649274683,0.9996811443482657
PTPN9,0.7285311428002941,0.024467077702664472,1.622937204009829,0.0150758006176783,0.9879717070784013,0.9996811443482657
PTPN7,1.3817026903194924,-0.1991505529605049,1.2008903343568464,-0.16583575307662274,0.8682862087919205,0.9996811443482657
PTPN6,3.690890889431161,-0.5729868615595005,0.7002106003809823,-0.8183064655801273,0.41318221513895925,0.9996811443482657
PTPN23,0.9108571802997364,-0.5905559818658224,1.7251449098248992,-0.3423225367924386,0.7321081770703309,0.9996811443482657
PTTG1,1.1019235790079638,-2.553294676014061,1.511663545797474,-1.6890628097187308,0.09120739392132611,0.9996811443482657
PTPN2,6.4200350172640945,-0.08225534700992454,0.5319897626288995,-0.15461828927580973,0.8771222506402663,0.9996811443482657
PTPN18,5.425493099868765,-0.3400947787285903,0.6145652615757218,-0.5533908276178844,0.5799958183780151,0.9996811443482657
PTPN12,2.004438656781761,-0.32086553483329433,0.950881419268742,-0.3374401143310278,0.7357851491675758,0.9996811443482657
PTPN11,2.2382763202059857,-0.8699217030891788,1.0131838848535228,-0.8586019932748382,0.39056013802442036,0.9996811443482657
PTPN1,4.899249258854232,-0.827485262524457,0.6680840231442464,-1.2385945986704043,0.21549566938863873,0.9996811443482657
PTPA,2.0759940833614134,-0.97834104898406,0.978540222401223,-0.9997964586303114,0.31740901999292703,0.9996811443482657
PTP4A2,16.294355223593676,0.11534103994751774,0.3389736756859107,0.34026547847447447,0.7336566119302921,0.9996811443482657
PTP4A1,9.837802855235545,0.32402499115413796,0.48616803564048866,0.6664876491258012,0.5050994555112321,0.9996811443482657
PTMS,9.830699783936602,-0.7340961005236799,0.505845271266723,-1.4512265750461162,0.14671677918627465,0.9996811443482657
PXK,0.6664305436875564,-0.16436511435560577,1.6683001220828704,-0.09852250933746631,0.9215173990420215,0.9996811443482657
QRSL1,0.9339386457623762,-0.7476950080556045,1.5530466703823436,-0.48143756547350247,0.630205543403814,0.9996811443482657
QRICH1,2.1862277103430356,-0.25557380997318735,0.9307357938907067,-0.27459329666996624,0.7836287169247093,0.9996811443482657
QPRT,0.5396824393728422,-0.5258313743794895,2.088870246760553,-0.25173003215252626,0.8012497420362727,0.9996811443482657
QPCT,3.075182194093384,0.39695273825321836,0.8754357398807159,0.453434467168665,0.6502359220998157,0.9996811443482657
QKI,4.65041673918034,-0.7447725880344654,0.6357546139969644,-1.1714780697415774,0.2414066677831811,0.9996811443482657
QARS,3.007091761739578,1.015486024344662,0.9276597231364478,1.0946751260378864,0.27365898968300095,0.9996811443482657
PYCR2,0.7071568254696864,-1.6639079740590852,1.7628629107905835,-0.9438669132319992,0.3452376616777305,0.9996811443482657
PYCARD,3.551962330970097,-0.30717413538634936,0.8877181136651036,-0.34602666168219304,0.7293226778801336,0.9996811443482657
PXN,1.2481881506879167,1.4416775479561694,1.7139239930705124,0.8411560569692413,0.4002605144538951,0.9996811443482657
RABGGTB,3.6334846726451815,0.3428141076780479,0.720073509634643,0.47608209869015705,0.6340158898115886,0.9996811443482657
PXDC1,4.680974746492024,0.31273239484830256,0.7595538128640861,0.41173171610984016,0.6805360756123459,0.9996811443482657
PWP1,1.2845009993655419,-0.7438005178999535,1.2063480872596073,-0.6165720539165467,0.53751703222037,0.9996811443482657
PURB,2.740112761716381,-0.29836081352217403,0.8288593248952659,-0.35996556298606486,0.718872886453101,0.9996811443482657
PURA,1.183010786264446,-0.471828465504213,1.3276339842339064,-0.3553904698940615,0.7222970874248061,0.9996811443482657
PUM3,0.7464028039099648,-1.5441239847142945,1.8636142600124044,-0.8285641604309342,0.40735107515046587,0.9996811443482657
PUM2,2.299518225716919,0.23647683877430312,1.037586677176139,0.2279104425452826,0.8197158643751343,0.9996811443482657
PUM1,1.9360818730724447,-0.6487366398499926,0.956133363923812,-0.6785001594209468,0.4974546227797392,0.9996811443482657
PUF60,2.464696416787373,-0.8727191529509389,0.9468783531316775,-0.9216803299648085,0.35669534361373767,0.9996811443482657
PTTG1IP,7.787270235005968,-0.424669309102777,0.6267546474088601,-0.6775686640034537,0.49804522017952046,0.9996811443482657
RBBP7,4.180911629470383,-0.30001290550789234,0.6996655370493889,-0.42879474494784875,0.6680726035148721,0.9996811443482657
RBM23,1.4571871712372997,-0.3774158295467409,1.1552505064084047,-0.32669609530845484,0.7438977538404445,0.9996811443482657
RBM22,4.397729311365301,0.7004413724804807,0.6846370248336474,1.023084272502898,0.3062680024192016,0.9996811443482657
RBM18,1.2842728932957068,-1.004066162106208,1.3196138504648673,-0.7608787690069335,0.44672948069707064,0.9996811443482657
RBM17,4.809962400242698,-0.32661109687063294,0.6554926883493577,-0.49826810073670746,0.618295088360076,0.9996811443482657
RBM14,1.1318670175175356,1.3894653990484631,1.4896979193599182,0.932716211113108,0.35096651255756706,0.9996811443482657
RBM12,1.9828022481613918,-0.0751940445953391,1.0315646743369018,-0.07289319464499348,0.9418911094250824,0.9996811443482657
RBL2,1.9013087307600405,0.2171594974491467,1.083764243455126,0.20037521883617887,0.8411871389702602,0.9996811443482657
RBCK1,1.999612430554158,0.6084415383225608,1.0847087802957556,0.5609261668893873,0.5748478709502649,0.9996811443482657
RBBP8,2.1235666175018606,0.4008689278891108,1.0629487974639582,0.37712910428566837,0.7060776632529742,0.9996811443482657
RBM25,8.404624783606724,-0.5635427734621096,0.4919561244821511,-1.1455142957216213,0.2519961769811705,0.9996811443482657
RBBP6,7.896974373534582,0.21658859353157903,0.5789276419677399,0.37412031803388685,0.7083148029308693,0.9996811443482657
RBBP4,0.9687153794589165,1.0266615360583773,1.5728830930156597,0.6527259022728625,0.5139330005989979,0.9996811443482657
RB1CC1,1.892383970454821,0.1569456849759532,1.1649760214203857,0.13472009903225193,0.8928331813320863,0.9996811443482657
RB1,3.4707373144279643,0.37664073768413264,0.815443261187523,0.4618846652011497,0.6441640314384096,0.9996811443482657
RAVER2,1.5759101657829209,1.3285363118479014,1.3618694246057343,0.9755240024075855,0.3293004015416602,0.9996811443482657
RASSF5,14.858661656266191,0.4966121302020546,0.3708336435359576,1.3391776578488919,0.18051284400303325,0.9996811443482657
RASSF4,1.224889214178296,0.3056303584897017,1.4103721046164723,0.21670193099346138,0.8284406430480868,0.9996811443482657
RASSF3,1.926897555881449,4.451924786534043,2.167839035335917,2.0536233151850203,0.04001216376348893,0.9996811443482657
RASSF2,7.342540234248505,-0.5965757796236197,0.5460929324899836,-1.0924436925111864,0.2746381271928786,0.9996811443482657
RBM7,1.0597079435026724,0.06890646971611644,1.4494013112896256,0.04754133253460763,0.9620817889613387,0.9996811443482657
RCC2,2.2805484225556607,1.2568846104589193,0.9858875716938608,1.2748762095656168,0.20235306088773863,0.9996811443482657
RCAN3,1.3936518791973325,0.2209445670989305,1.1921726494560119,0.1853293373235391,0.8529707287306271,0.9996811443482657
RC3H2,0.6251814967050662,-1.3456181554109148,1.7171998691118742,-0.7836118436853019,0.4332679041253389,0.9996811443482657
RC3H1,1.8213834647975256,-1.9890076393645026,1.111397210947565,-1.7896460597275539,0.07351082893990012,0.9996811443482657
RBX1,4.076272317510461,-0.2947607126082837,0.677989182126424,-0.43475725037943147,0.6637386379692374,0.9996811443482657
RBPJ,9.772811718603023,-0.19461076940085628,0.4291709126914865,-0.45345750060362094,0.6502193395840815,0.9996811443482657
RBMX,8.630728668050613,-0.2805145602692498,0.45694103994917457,-0.6138966206678467,0.5392836434403331,0.9996811443482657
RBMS1,1.5666071555609096,-0.3752042072580711,1.1253607206623446,-0.3334079467757149,0.7388263653404616,0.9996811443482657
RBM8A,3.6867876207952905,-0.2298472732711286,0.7010380676081189,-0.3278670358877194,0.7430121988082217,0.9996811443482657
RASSF1,1.2327653452133793,-0.022484605715666673,1.3017524499789164,-0.017272566466866143,0.9862191711263663,0.9996811443482657
RBM6,2.1824209184812045,-0.2746581895466717,0.9054971518959308,-0.3033230849722631,0.7616436551152461,0.9996811443482657
RBM5,1.9414605077572482,-1.1344503891282511,1.0419252286440432,-1.0888021116492397,0.27624116023303735,0.9996811443482657
RBM47,3.031113314817838,0.3475293292141933,0.8429118504973576,0.4122961719059172,0.6801223541440553,0.9996811443482657
RBM42,1.6262227474827975,0.18984534451882643,1.1678506306185092,0.1625596112563486,0.8708651894536763,0.9996811443482657
RBM39,12.274430635010324,-0.11657156100539388,0.3936098576328952,-0.2961601665833169,0.7671077674146525,0.9996811443482657
RBM38,0.8590589631230807,1.1631324039249245,1.6577127742351907,0.7016489358125095,0.48289812560772793,0.9996811443482657
RBM33,1.1244267656819913,-1.2075973315432065,1.2968056181746495,-0.9312092071616637,0.3517453561221241,0.9996811443482657
RBM3,12.110931618831192,0.1862774760825811,0.40462122707343523,0.4603749472806906,0.6452471138374762,0.9996811443482657
RBM26,2.518579502582422,-0.23071021830201252,0.8758775824404537,-0.2634046388756585,0.7922387155142714,0.9996811443482657
RAF1,1.3042320934693445,-0.6597513088914009,1.20197155077653,-0.5488909520904804,0.5830802877979613,0.9996811443482657
RANBP1,3.1965896929764623,-0.18789686059740426,0.821261288824682,-0.22879059704166257,0.8190316754451251,0.9996811443482657
RAN,12.636904192399932,-0.415693414453967,0.3770121305949461,-1.1025995736476162,0.270201095483807,0.9996811443482657
RAMP1,0.7607743096687929,0.7603912076242102,1.76199858146238,0.43155040851004517,0.6660682081780258,0.9996811443482657
RALY,3.118420046718034,-1.6420511872517605,0.857931512604693,-1.9139653493627578,0.055624583361111056,0.9996811443482657
RALGDS,1.0358842334373177,-1.6010426356353156,1.3932809903851926,-1.1491168304770198,0.2505078092840374,0.9996811443482657
RALGAPA1,0.7165393977923544,-0.04891710634212291,1.7313276189911575,-0.02825410153777068,0.9774594876371318,0.9996811443482657
RALBP1,1.3786064549551003,-0.9276310889837938,1.1677758313806643,-0.7943571566188805,0.42698753840947967,0.9996811443482657
RALB,4.440921235198775,-0.30418582081417117,0.6589643598533524,-0.4616119464820001,0.6443596259752966,0.9996811443482657
RALA,3.9240005050356803,-0.3226056151023947,0.7179149836534189,-0.4493646496423259,0.6531686279106319,0.9996811443482657
RANBP2,4.98972873796344,-0.010277930140468124,0.6099632852143795,-0.016850079979577482,0.9865562175104401,0.9996811443482657
RAD23B,5.325026102547435,-0.6735019314628299,0.5976428855902461,-1.1269303922151832,0.25977191231565866,0.9996811443482657
RAD23A,3.0077583101154035,-0.1954768734663586,0.8478855290720807,-0.2305463022588521,0.8176672883180301,0.9996811443482657
RAD21,7.253358503280128,-0.6115423431274807,0.5113790651046963,-1.195868945089251,0.23174770563977776,0.9996811443482657
RAD1,0.904395798465101,0.3330697537547381,1.4868183914762843,0.22401508863771055,0.8227455625396726,0.9996811443482657
RACK1,19.130270863361563,0.1618295957841733,0.3727452175611814,0.43415606199591555,0.6641751171497033,0.9996811443482657
RAC2,4.809559575083362,0.02450351606899591,0.66190649239828,0.037019603751298064,0.97046937491989,0.9996811443482657
RAC1P2,3.623546285395023,-0.18714304220501723,0.7999372033307375,-0.23394716663483164,0.8150259953809942,0.9996811443482657
RAC1,12.361447057412265,-0.4262613704739204,0.3845052553913712,-1.1085969944417207,0.26760407529406527,0.9996811443482657
RABL6,1.4733097698232827,-1.2189331531599596,1.3610910630955493,-0.8955559155518383,0.3704899894774304,0.9996811443482657
RAP2C,2.921077664190892,1.5100273756144322,0.9803948931596873,1.5402236243273433,0.12350585324456816,0.9996811443482657
RASGRP3,2.06030241406621,0.09761327808733242,0.9548934126430304,0.10222426586560124,0.9185786672706207,0.9996811443482657
RASGRP2,0.6555676680230368,-0.1458770967047524,1.7864939638045085,-0.08165552174276217,0.9349206486965267,0.9996811443482657
RASGEF1B,3.987403185763771,0.814190655917992,0.7399921207552591,1.1002693583912806,0.27121477865522015,0.9996811443482657
RASAL2,1.4702065289260158,1.3078156430245276,1.386481314535123,0.943262364457489,0.3455467211991662,0.9996811443482657
RARS,0.8105064715649142,-0.41993519523294615,1.5546133760346688,-0.2701219491009843,0.7870664366172279,0.9996811443482657
RARRES3,0.8552792471150081,0.26973385684575174,1.471264606352381,0.18333470110076724,0.8545354082605334,0.9996811443482657
RARA,5.965020499630418,0.5798098995766255,0.7194095651749842,0.8059524471788148,0.4202702685038815,0.9996811443482657
RAPGEF2,1.2372201558688047,2.6142971429259614,1.7670300519173345,1.479486520384467,0.1390103313599304,0.9996811443482657
RAPGEF1,5.578603954343695,0.49104926216063494,0.6075988895546812,0.8081799861756374,0.4189869773096563,0.9996811443482657
PTMAP5,5.425677299090442,-0.21423012431039007,0.7738147463169531,-0.2768493690900041,0.7818957710832921,0.9996811443482657
RAP2B,8.159059812460969,0.37736808419100093,0.5303386679499786,0.7115605687394344,0.4767369317290209,0.9996811443482657
RAP2A,1.6677036749619352,1.0653629304739551,1.2056209801086435,0.8836632308587985,0.3768780346455567,0.9996811443482657
RAP1GDS1,1.3034791961923111,0.13227477526665724,1.2026219739168673,0.10998865656499379,0.9124183710808957,0.9996811443482657
RAP1GAP2,1.4146602204200724,1.2567520345129124,1.2204258335630613,1.029765185192611,0.3031202474411664,0.9996811443482657
RAP1B,3.2771276982431603,-0.29949523347864915,0.7459174287194216,-0.4015125829581667,0.6880427758867302,0.9996811443482657
RAP1A,8.28439302602022,-0.06877614702185643,0.483506826594462,-0.14224441773919758,0.886886948182739,0.9996811443482657
RANGAP1,3.0264236069886934,-0.01103878491474425,0.9377490210884506,-0.011771577113385275,0.9906078572770101,0.9996811443482657
RANBP9,1.9290369613922245,0.5371177314362586,1.0198744352680917,0.5266508433413843,0.5984360775928894,0.9996811443482657
PQLC1,1.9017047023105165,-0.73583028655271,1.1035248715925186,-0.6667999113520828,0.5048999493769981,0.9996811443482657
PRDX5,4.255164050228926,0.1260234720881421,0.7359108149410951,0.17124829467036634,0.8640285346609742,0.9996811443482657
PRDX3,5.513412528894216,0.23403700991221085,0.6105127489087564,0.38334500029775564,0.7014639775186152,0.9996811443482657
PRDX1,2.245086623573896,0.9680248212692562,1.0203693951109922,0.9487003686189135,0.34277302650412145,0.9996811443482657
PRDM4,0.8101069897082571,-0.46580799510492826,1.5278878907438351,-0.3048705326659503,0.7604647595403518,0.9996811443482657
PRDM2,3.231034936401353,0.3208192228757137,0.8743915541626367,0.36690567440687033,0.7136893786438082,0.9996811443482657
PRCP,5.5452769562903725,-0.08984304075666102,0.6139810199292721,-0.146328693950524,0.8836619151521591,0.9996811443482657
PRCC,1.6338793110503895,-0.5362964371749461,1.0872193288520215,-0.49327345728962846,0.621819380336459,0.9996811443482657
PRC1,1.3913027529533872,-3.5638598290422188,1.5475991964931661,-2.302831273832311,0.021288338190581915,0.9996811443482657
PQLC3,1.3142317013863867,-0.8923885353560765,1.2026297592518123,-0.7420309771074142,0.45806856739834945,0.9996811443482657
PRDX6,5.002807307963666,0.15292141452553512,0.628781993976849,0.24320259802345026,0.8078484543447871,0.9996811443482657
PQBP1,2.2744958059609623,-0.05168120476943993,0.9803661468332209,-0.05271622743847345,0.9579580093774211,0.9996811443482657
PPTC7,2.2441837681831345,-1.1223118145249003,0.983155991586399,-1.14153992258539,0.2536453084375485,0.9996811443482657
PPT1,19.76885423434505,0.33542951853046915,0.3237332362440598,1.0361293836311314,0.3001417856028912,0.9996811443482657
PPP6R3,1.124445596671315,-0.2892879586562322,1.2978407624606327,-0.22289942420036074,0.8236137845373976,0.9996811443482657
PPP6R2,1.1251435367239555,-1.3208361743300878,1.432963840168396,-0.9217512244934726,0.356658354563803,0.9996811443482657
PPP6C,3.1131252258391857,0.29098358457947265,0.802261265833874,0.3627042672651321,0.7168258116825734,0.9996811443482657
PPP4R3B,2.5276283625403426,-0.619422486299086,0.9019411491187787,-0.68676596793957,0.49223021875972817,0.9996811443482657
PPP4R3A,4.949209374896173,-0.010574978622562499,0.6558400294927916,-0.016124326279292365,0.9871352064721228,0.9996811443482657
PPP4R2,1.5152104016628558,0.8566188782810842,1.2212062022837846,0.7014531015966972,0.48302029275836844,0.9996811443482657
PRKCD,0.6982356312279555,-1.5058674629584945,1.7894368899328976,-0.841531473633006,0.4000502606286547,0.9996811443482657
PRMT9,1.3758225588672555,1.6985961856750176,1.3960004870638831,1.216759020799172,0.2236959157693883,0.9996811443482657
PRMT2,3.9233087011401615,-0.23987737628318873,0.7208270245479335,-0.3327807755732074,0.7392997708142253,0.9996811443482657
PRMT1,3.469441157915857,-0.8559363479979188,0.9478338316088438,-0.9030447315275304,0.366502154909327,0.9996811443482657
PRKX,1.6677697408823051,0.03860371239331328,1.1150849107712888,0.03461952719511883,0.9723831303822685,0.9996811443482657
PRKRIP1,0.8901896204011097,-0.18033375971374482,1.6133448959078378,-0.11177632270145811,0.9110007616021419,0.9996811443482657
PRKRA,1.5375239379245973,-1.0657136588915024,1.1814323202971113,-0.9020522298082149,0.3670291232671383,0.9996811443482657
PRKDC,3.4405413718342333,-0.3559883955642567,0.8558241859262798,-0.41595972796557695,0.677439472435341,0.9996811443482657
PRKD3,1.4906423356133636,-0.434933970895559,1.1020966338541582,-0.394642318591016,0.6931068775017444,0.9996811443482657
PRKCSH,4.507344452373816,-0.11939555756860037,0.6336759966721571,-0.1884173587063795,0.8505494931111198,0.9996811443482657
PPP4R1,1.9963326266719745,-0.14862413193950597,1.0018961337880892,-0.14834285404173586,0.8820721968260326,0.9996811443482657
PRKCB,3.5396226927065664,-0.5730697414698892,0.7738442123655901,-0.7405492375759369,0.4589667964731404,0.9996811443482657
PRKAR2B,4.652357781538793,-0.4347115452369399,0.6352007102088371,-0.6843687959574515,0.4937423149666358,0.9996811443482657
PRKAR2A,1.9886294038111807,-0.7763642288484675,1.0333457064109177,-0.7513112253061807,0.45246537512110185,0.9996811443482657
PRKAR1A,12.946169001197127,-0.027077229929147396,0.3799796587830175,-0.07125968273109456,0.9431910821400439,0.9996811443482657
PRKAG1,1.2655610505149995,-0.5351403039903798,1.5237523447508277,-0.3511990027998211,0.7254390581917134,0.9996811443482657
PRKACB,2.058866908211801,-1.3604961639567426,0.9325069641243205,-1.4589662236295782,0.1445744043414803,0.9996811443482657
PRKACA,3.564440897986004,-0.20332815112820557,0.757439519860153,-0.2684414343283095,0.7883595494783827,0.9996811443482657
PREX1,6.3693042999629,-0.34763286885812805,0.54074976669252,-0.6428719719740505,0.5203071774326142,0.9996811443482657
PRELID3B,1.5026278171788126,1.3333298662281658,1.3870097672103034,0.9612981088877953,0.33640229851728365,0.9996811443482657
PPM1M,2.50174248500705,0.3465723698594562,0.9114575689234319,0.38023971896882724,0.7037674780074619,0.9996811443482657
PPP1R15A,16.92413113283801,-0.3014479846545794,0.34352929699249596,-0.877502988227418,0.380213496479877,0.9996811443482657
PPP1R14BP3,1.2954884642383124,-1.6795149229348687,1.2916579388303,-1.3002784037821997,0.19350556710933364,0.9996811443482657
PPP1R14B,3.4988499096019123,-1.0158869698698716,0.7995380991634651,-1.2705923219078197,0.2038737198889179,0.9996811443482657
PPP1R12C,1.213669412787219,-0.17029789681003263,1.3797373677686748,-0.12342776298466142,0.9017683734722143,0.9996811443482657
PPP1R12A,5.264247885682352,0.3754864775922318,0.6258898211069531,0.5999242437401263,0.5485567243467699,0.9996811443482657
PPP1R10,3.656590286962427,-0.3896662713822713,0.780582392275034,-0.4991994121806613,0.6176389086577574,0.9996811443482657
PPP1CC,5.339566014924268,-0.5782798372702457,0.5949111147353865,-0.9720440969193553,0.3310286113302032,0.9996811443482657
PPP1CB,9.482347849629456,0.2606369560223569,0.4579601446378637,0.5691258487754607,0.5692707376179524,0.9996811443482657
PPP1CA,3.5577449490678417,-0.7107825826568152,0.7958018825243245,-0.8931652440959003,0.3717686875720233,0.9996811443482657
PPP1R15B,4.4279115254680415,0.20162713551620234,0.6666299409356407,0.3024573652260667,0.762303429946628,0.9996811443482657
PPM1L,0.7969304826397096,0.18239295130084632,1.5802633078222468,0.11541934207926473,0.9081127486525592,0.9996811443482657
PPM1K,2.377825119116059,-1.1054883410581018,0.8948157968975062,-1.2354367735695286,0.21666799384791047,0.9996811443482657
PPM1J,1.0959649805410638,0.0774403804414466,1.3209607982143885,0.05862428358670961,0.9532513684382679,0.9996811443482657
PPM1H,1.6586853937536508,0.5103950520939684,1.1118516333294328,0.4590496040965409,0.6461985452619908,0.9996811443482657
PPM1G,4.228862531908007,-0.8533220192819241,0.7990658841892078,-1.0678994513046551,0.2855658700641289,0.9996811443482657
PPM1D,1.170066375043051,-0.14216348201882625,1.2956101121949395,-0.10972705498414334,0.9126258431933592,0.9996811443482657
PPM1B,0.7366336068465916,-0.8047464534559873,1.6014174044634704,-0.5025213608975387,0.6153008304501326,0.9996811443482657
PPM1A,1.01667568918337,0.6606641674249542,1.4116855402785158,0.46799669513835895,0.6397869530850175,0.9996811443482657
PPIP5K2,2.5816950979311377,0.751059730261816,0.9641060377690817,0.7790219133983958,0.43596680635568763,0.9996811443482657
PPP2R1A,4.000289018759359,-0.7289893714272415,0.8473739140360708,-0.8602924392079057,0.3896278596115649,0.9996811443482657
PPP4C,2.2606365130703767,-0.7890945099400059,0.8852477007308266,-0.8913827274429061,0.3727238808279789,0.9996811443482657
PPP3R1,4.043003638566928,-0.23197225303407953,0.6857216249042335,-0.33828924830316726,0.735145225229143,0.9996811443482657
PPP3CB,1.8279459894766321,-0.2467655497632879,1.032932968265483,-0.2388979317580118,0.811184729352137,0.9996811443482657
PPP3CA,1.620114269289572,-0.054736239259746675,1.2861123807843848,-0.042559452873289105,0.9660527181037997,0.9996811443482657
PPP2R5E,2.9842789474376508,-0.19218496119777262,0.7806519229184543,-0.24618521463354925,0.805538860423763,0.9996811443482657
PPP2R5C,7.000723146893402,0.5849958437762065,0.5981290895806404,0.9780427903721555,0.3280531609894006,0.9996811443482657
PPP2R5A,1.8624407058080934,1.115449250540258,1.139210673055052,0.9791422051453641,0.3275097204487538,0.9996811443482657
PPP2R2D,1.0263770719063987,-1.634330074721983,1.3618125332122886,-1.20011384450022,0.23009512943473054,0.9996811443482657
PPP2R2A,2.5902388697374885,-0.502920623111519,0.8715978550268959,-0.5770099366479049,0.563932743025091,0.9996811443482657
PRNP,3.3401044779766345,0.06301153271079253,0.789158715780239,0.07984646364640757,0.9363593696203908,0.9996811443482657
PPP2CB,0.7875144045682521,-1.188079939319253,1.6574470513302524,-0.7168132088236004,0.47348936034204725,0.9996811443482657
PPP2CA,7.192409834948606,-0.2604730996101865,0.5021532738861431,-0.518712339749169,0.6039613552944465,0.9996811443482657
PPP1R9B,1.9207823128357675,-0.8070186979237184,1.1183604744433622,-0.7216087445556345,0.4705350613363185,0.9996811443482657
PPP1R7,1.3639130622879732,0.17628182685125238,1.1346482129363022,0.15536253866302843,0.8765355153367442,0.9996811443482657
PPP1R3G,1.1404412793171188,2.596951425104388,1.8405587315224567,1.4109581947196355,0.1582569411228466,0.9996811443482657
PPP1R21,1.3983834559019852,-0.5981964143366039,1.1867622788789338,-0.5040574890041885,0.6142209790001966,0.9996811443482657
PPP1R2,1.9002152675093997,-0.4382488846225209,1.071699997523704,-0.4089286979893154,0.6825919878743223,0.9996811443482657
PPP1R18,6.503462702158213,-0.5826199152927204,0.6203698974547829,-0.9391492360977848,0.3476541282053014,0.9996811443482657
PSMD14,2.150313272272271,-0.9279399392237744,0.9149087769569685,-1.0142431273969719,0.31046675429370274,0.9996811443482657
PSME4,1.0764497997761275,-0.4957100918335576,1.329422273703351,-0.37287632503152346,0.7092404932424298,0.9996811443482657
PSME3,5.998280529276373,-0.20716699929162774,0.6010683134982971,-0.34466464899120763,0.7303464974338718,0.9996811443482657
PSME2,5.720756564186836,-0.6227058812704115,0.5715470317016211,-1.0895094309500293,0.27592929826000046,0.9996811443482657
PSME1,6.777226028016168,-0.8246618391731555,0.5206441716893079,-1.5839259978603368,0.11321056038167655,0.9996811443482657
PSMD8,4.075592202133996,-1.2337455240812278,0.6890018175308297,-1.7906273868806208,0.07335310916448072,0.9996811443482657
PSMD6,1.5922574343511717,-1.019556119987612,1.181446571586706,-0.8629726849334609,0.3881524853220528,0.9996811443482657
PSMD4,2.941987828365424,-0.9839762262207664,0.8217908601113266,-1.1973560110993067,0.2311678215068974,0.9996811443482657
PSMD3,1.3538372287136111,-1.6045354260023401,1.2306071600690915,-1.3038567286673797,0.19228243627817188,0.9996811443482657
PSMD2,2.0612900556714324,-0.0007818554048025524,1.0324821827944477,-0.0007572580116457163,0.9993957955817094,0.9996811443482657
PSMF1,4.199510207089323,-0.6672578263067264,0.6959085907641481,-0.958829701432538,0.33764454381255127,0.9996811443482657
PSMD13,2.329080094033376,-1.0796462012703831,1.0258181114294906,-1.0524733276212899,0.2925824415180097,0.9996811443482657
PSMD12,1.8645599522415812,0.0493407582061116,1.0886640666716125,0.045322298876789215,0.9638504137653482,0.9996811443482657
PSMD11,2.5101352112828623,-0.956036894034129,0.8514961818928892,-1.1227729664140644,0.261533929487488,0.9996811443482657
PSMD1,3.0296635902256224,0.1724618124484092,0.7906470248421542,0.21812744123439873,0.8273298171319154,0.9996811443482657
PSMC6,1.5604884730458415,-1.0671866021477392,1.0502307782483988,-1.0161448552551657,0.309560411691302,0.9996811443482657
PSMC5,2.652394982438478,-1.8273185564422632,0.8863921920174014,-2.061523750884292,0.03925309996959697,0.9996811443482657
PSMC4,2.9247294214361332,-1.1311481944358412,0.8760524612113885,-1.291187736487506,0.19663858651478194,0.9996811443482657
PSMC3,2.725775697199138,-1.3096989193101476,0.9218450963335078,-1.4207364388217356,0.1553933949832645,0.9996811443482657
PSMC2,4.074176580867244,-0.17482127223180594,0.688767986526202,-0.25381736034730096,0.7996366609326485,0.9996811443482657
PTENP1,1.5675139780988936,0.011959708701455862,1.2512349343135019,0.009558323839493526,0.9923736771069436,0.9996811443482657
PTMAP2,17.41597785169465,-0.3847552439295398,0.34079369086718797,-1.1289975555312854,0.2588988648715702,0.9996811443482657
PTMA,27.97360823454712,-0.09188534302453828,0.2684417967191654,-0.3422914916661267,0.7321315379644951,0.9996811443482657
PTK2B,1.8410918620382364,1.2883256186565082,1.2463716987505402,1.0336608412627035,0.3012947456168721,0.9996811443482657
PTK2,2.874975890764884,-0.024634948011688456,0.8559057068421385,-0.02878231540548902,0.9770382052989894,0.9996811443482657
PTGS2,1.8868317378900983,-0.5032451877308223,1.047460938375073,-0.4804429160971931,0.6309124843587749,0.9996811443482657
PTGES3P1,0.9869089909033768,-0.08283806652072817,1.473155643820517,-0.056231713782729675,0.955157217178323,0.9996811443482657
PTGES3,7.861416286243797,-0.14374888732978133,0.4735726370120631,-0.30354137062636005,0.7614773244723373,0.9996811443482657
PTGES2,1.8630082684958968,-0.4285269238611989,0.9807728202702813,-0.43692781345949766,0.6621637002158811,0.9996811443482657
PTGER4,3.604833319792444,0.09428026388764987,0.7631873602018767,0.12353488645659837,0.9016835504545553,0.9996811443482657
PSMC1P1,0.9224835882641435,-2.0540707051352154,1.5262822618402734,-1.345800024340567,0.1783670175922183,0.9996811443482657
PTEN,5.212832137016544,-0.17489198395316552,0.6082858951949253,-0.28751609290089053,0.773717181537206,0.9996811443482657
PTDSS1,5.125966323663052,-0.42844972630427186,0.6345283252603479,-0.675225532490576,0.49953248730825384,0.9996811443482657
PTCD3,0.9623407948779641,0.02264027770230631,1.5732872970092981,0.014390428083506294,0.9885184958836316,0.9996811443482657
PTBP3,9.404349218870511,0.2527091745701907,0.4474557281384762,0.5647691127377492,0.5722308183713687,0.9996811443482657
PTBP1,9.497114161825813,-0.11096973047448848,0.4402889711825889,-0.2520384059960227,0.8010113781027322,0.9996811443482657
PTAR1,0.8174929233837438,1.0106038263240102,1.7271592782535672,0.5851248573587791,0.5584637659079548,0.9996811443482657
PSTPIP1,0.7646048266714003,-1.1906624248183424,1.5692485810611172,-0.7587468545061377,0.4480040027087715,0.9996811443482657
PSPC1,1.0747642357697285,-1.5948869479038426,1.3334039726604414,-1.1961018420559253,0.23165681888576273,0.9996811443482657
PSMG2,2.783861490649187,-0.7544041906032215,0.8591686593244159,-0.8780629768274216,0.3799095433265798,0.9996811443482657
PRR11,1.2175279411363809,-2.634877334617353,1.4094529393830604,-1.8694326436827895,0.061562646520050765,0.9996811443482657
PSD4,0.9039563278814259,0.2921126639352064,1.6717324527168351,0.17473649175170117,0.8612866926025359,0.9996811443482657
PSAP,27.07523498639732,-0.18764375354098847,0.2647437165363521,-0.708775097652688,0.47846405352620347,0.9996811443482657
PRRG4,1.798077971107505,-1.660280949157763,1.1858470831636365,-1.4000801391090143,0.16148932176236308,0.9996811443482657
PRRC2C,9.386968995143263,-0.23314745383470925,0.4361596374460169,-0.5345461473691859,0.592963730792906,0.9996811443482657
PRRC2A,1.1139153240159034,-2.499797219051599,1.434814350589056,-1.7422443663358396,0.08146569370185158,0.9996811443482657
PRRC1,0.8398458066176165,-0.3770541799523221,1.5476397538365327,-0.24363174893745196,0.8075160369747914,0.9996811443482657
PRR14L,1.7344054734144883,-0.4510001510170127,1.0223844312156303,-0.4411258008699984,0.6591219258797545,0.9996811443482657
PRR14,0.8146775545411293,0.2168841722838242,1.4780392994535003,0.1467377574899506,0.8833390150014465,0.9996811443482657
PRR13,6.39852881214572,-0.6565931004011807,0.6173993057982611,-1.063482084017319,0.28756338571493023,0.9996811443482657
PSEN1,1.6962974146989396,-0.6914884762906813,1.01146447398318,-0.6836507797130801,0.4941957110656846,0.9996811443482657
PRPS1,1.9888469828695454,-0.3786630235071984,1.040765193808842,-0.3638313673052633,0.715983937880089,0.9996811443482657
PRPF8,2.679215109729898,-0.4377712885770026,0.8551895184581252,-0.5118997358226371,0.608721183069612,0.9996811443482657
PRPF4B,3.411077336878047,-1.1660890656568845,0.7649358220698727,-1.5244273205842473,0.12740199962779455,0.9996811443482657
PRPF40A,5.989626956158373,0.02768522685551481,0.6495841480396974,0.0426199237451572,0.9660045130677093,0.9996811443482657
PRPF4,1.0620550806554896,-0.4870856933057279,1.3092799020034236,-0.37202563986539694,0.7098737594335184,0.9996811443482657
PRPF38B,5.185324918433061,-0.15120017249344514,0.597682094440092,-0.2529775844047818,0.8002855349641177,0.9996811443482657
PRPF38A,0.9814797071480534,-1.0344377593354876,1.3680323900155686,-0.7561500494324666,0.44955923718133906,0.9996811443482657
PRPF3,1.0625185701178494,-0.8372367080061902,1.3988670236013017,-0.5985105759736713,0.5494993042565324,0.9996811443482657
PRPF19,1.191697236177987,-1.0743733292766386,1.3273865999673786,-0.8093899164742526,0.4182909004324471,0.9996811443482657
PSMA7,6.216966688490331,-0.8253323479367612,0.5504172198071354,-1.499466801249342,0.13375257501924537,0.9996811443482657
PSMB9,8.135456207653986,-0.2693876695150731,0.503850361149015,-0.5346580855886316,0.5928863099492271,0.9996811443482657
PSMB8,5.614260448190692,-0.009866330814485992,0.6417651403886222,-0.015373740631208818,0.9877340128920358,0.9996811443482657
PSMB7,3.1094244859341904,-0.10917255188523066,0.8762401256803668,-0.12459204809921524,0.900846524039187,0.9996811443482657
PSMB6,3.6124429583236823,-0.7426868163071929,0.7144088010634452,-1.0395824004430714,0.29853395704547336,0.9996811443482657
PSMB5,0.8560873169669396,-1.4399786456762995,1.5274595867012635,-0.9427278195857935,0.3458201399352777,0.9996811443482657
PSMB4,8.53865118230799,-0.185165155715129,0.48523624155968936,-0.3815979513812792,0.702759604009484,0.9996811443482657
PSMB3,4.6685010439938495,-1.0892173443273623,0.707321306968268,-1.5399187520534101,0.12358015926188629,0.9996811443482657
PSMB2,7.447409300346296,-0.024302892447482023,0.4928973732118857,-0.04930619185311573,0.9606752851363007,0.9996811443482657
PSMB1,8.053364487260366,-0.3476639467118254,0.4949331134698012,-0.7024463250690104,0.4824008640514157,0.9996811443482657
RCN1,0.6999211952343546,0.032107157202539316,1.7706271541928895,0.01813321179815229,0.9855325831195141,0.9996811443482657
PSMA6P1,0.6759377052184756,-0.12510896199491311,1.7768908122351248,-0.07040891940768179,0.9438681922084576,0.9996811443482657
PSMA5,2.8264813249179253,-2.0684352196901696,0.8888332346763389,-2.3271353263960397,0.019958063842938835,0.9996811443482657
PSMA4,4.325215489554733,-1.662505726702366,0.7051005751633189,-2.3578277840963158,0.018382218602518156,0.9996811443482657
PSMA3-AS1,1.2000989713474473,0.9615885208653879,1.4615946289888406,0.657903704483803,0.5106000101062186,0.9996811443482657
PSMA3,3.538297341972097,-0.90703159028149,0.7281441417562725,-1.2456758741390732,0.21288341434074776,0.9996811443482657
PSMA1,2.490052764258583,0.025936969719278967,0.881561331905962,0.029421628173280312,0.976528323482215,0.9996811443482657
PSIP1,2.6407020848398717,-0.3478220806684159,0.8794517822705881,-0.3954987501081654,0.6924748438646702,0.9996811443482657
PSENEN,3.03536419289668,-0.8679856962995329,0.8531738027036387,-1.0173609334334417,0.3089817593923966,0.9996811443482657
RPS15,14.25224134715962,-0.06758337355248872,0.423034578877944,-0.15975850894209812,0.8730713092650852,0.9996811443482657
RPS18P12,4.126345493732666,-0.8761983925892258,0.7729699759175908,-1.133547770143456,0.2569842923541088,0.9996811443482657
RPS18,27.939354377437446,-0.16894405902784568,0.30891994752458485,-0.5468862091348135,0.5844569108447477,0.9996811443482657
RPS17,18.620961141037185,0.048665924256406375,0.3327343809208493,0.146260582154818,0.8837156820500143,0.9996811443482657
RPS16,29.856152254728688,0.1280581580590917,0.2537666090759282,0.5046296615831601,0.613818972574192,0.9996811443482657
RPS15AP38,5.060465459668308,0.13345226023968004,0.6195521884377069,0.21540116027384196,0.8294545654697443,0.9996811443482657
RPS15AP24,4.988953443633595,-0.10287053207112704,0.6201886291369963,-0.16586974871544038,0.8682594547027958,0.9996811443482657
RPS15AP11,2.569418790362011,1.3761418561694538,0.9759823869755496,1.4100068551789646,0.1585376587398325,0.9996811443482657
RPS15AP1,2.8438996005448787,-0.34273917013768107,0.8606804919332149,-0.3982188202823541,0.6904688941550567,0.9996811443482657
RPS15A,21.85078539547422,0.36247001856286976,0.3047050298236897,1.1895767482821153,0.23421278921981248,0.9996811443482657
RPS19,23.82852326918151,-0.06391742275900653,0.32313083808094045,-0.19780663194701328,0.843196357156176,0.9996811443482657
RPS14,25.58113837951798,-0.17400636898062807,0.4166465974362792,-0.4176354014441223,0.6762137093131602,0.9996811443482657
RPS13P2,13.287801347466587,0.7716280079255359,0.4038740081111386,1.9105661479289806,0.056060358158563674,0.9996811443482657
RPS13,32.544287164079364,0.3829109974469135,0.24927106753449388,1.5361229092258235,0.12450823856355994,0.9996811443482657
RPS12,29.076094923568604,0.21981935410078468,0.25333423902205926,0.8677048745931408,0.3855559166376302,0.9996811443482657
RPS11P5,10.64866109763675,0.009755075711062744,0.425354815560232,0.022933972660482044,0.9817029412522122,0.9996811443482657
RPS11,29.197678773467914,0.10254221183463141,0.25598300553429526,0.4005821074746829,0.6887278211121448,0.9996811443482657
RPS10,4.310139445334082,0.5493392679203976,0.7095063849037867,0.7742555664173357,0.43877967430387177,0.9996811443482657
RPRD2,1.1268761584167382,-0.7932425077342395,1.2695752245283713,-0.6248093790810367,0.5320961742403295,0.9996811443482657
RPN2,7.7133242103461415,-0.19520535333234235,0.5116185821684842,-0.3815446900012284,0.7027991166961793,0.9996811443482657
RPS24,34.06078984790797,0.24723358396026085,0.23496044941661695,1.0522348955925,0.29269179311316407,0.9996811443482657
RPS29P3,2.106054635255057,-0.4852561959729693,0.9007591417328854,-0.538719146429567,0.5900806604766828,0.9996811443482657
RPS29,38.6819801299766,0.3077277076612368,0.22619604084465653,1.3604469225549944,0.17368853841616294,0.9996811443482657
RPS28P7,22.91253692218259,-0.17502321146096486,0.3101376589373972,-0.564340403099174,0.5725224896649902,0.9996811443482657
RPS28,16.283420862870052,0.2917426748716764,0.3847119936823742,0.7583404719961626,0.4482471844958824,0.9996811443482657
RPS27L,3.991949212528688,0.3344972211876892,0.6882460157823685,0.4860140320717252,0.6269572171334322,0.9996811443482657
RPS27AP16,10.813195949396558,-0.10265641435502817,0.4160380208231657,-0.24674767501276434,0.8051035077375867,0.9996811443482657
RPS27A,29.081696684797205,0.2439632549327285,0.2553586852224642,0.9553748082630978,0.3393881888630065,0.9996811443482657
RPS27,5.388550100158197,0.08776172494775351,0.5950117948183817,0.14749577354939905,0.8827407154655996,0.9996811443482657
RPS25,15.913599113272141,-0.01084087377312155,0.3886858347987256,-0.02789109559069811,0.9777490103715074,0.9996811443482657
RPN1,4.264353042839049,-0.06201098061699722,0.6935390223273488,-0.08941238866257793,0.9287541781778209,0.9996811443482657
RPS23P8,11.996380371646769,0.15440555434393405,0.3968955940396857,0.3890331781523757,0.6972516032232651,0.9996811443482657
RPS23,21.881655660181085,0.23393211266212627,0.31658535113206115,0.7389227322920044,0.45995391777190586,0.9996811443482657
RPS21,24.39852392440008,-0.12577170274287594,0.3032690829430303,-0.41471983072703267,0.67834701349618,0.9996811443482657
RPS20P14,4.106295373877996,0.1228646045779349,0.6761449791168103,0.1817134022623703,0.8558076475996071,0.9996811443482657
RPS20,33.679483600225254,0.26676551110422453,0.23959115497620062,1.1134196966942425,0.2655282194849895,0.9996811443482657
RPS2,20.848942604288116,-0.10782381527690171,0.3241078014379934,-0.332678864249832,0.7393767055239819,0.9996811443482657
RPS19P3,1.7928637286247426,0.019646062837506365,1.0192160434706479,0.019275660899731654,0.9846212001097401,0.9996811443482657
RPS19P1,1.4179770226036297,-1.7205355349859142,1.2028285534585208,-1.4304079580076632,0.15259996556232328,0.9996811443482657
RPS19BP1,1.202333267052326,-0.9715363354498222,1.2288916666467995,-0.7905793177854263,0.4291895197879053,0.9996811443482657
RPL37,30.75848331563222,0.32055966105536265,0.24917520534065238,1.2864829813910224,0.19827455452735065,0.9996811443482657
RPL3P4,16.384316634213818,0.09616240216798282,0.3628066702960503,0.26505136217455505,0.7909698949770422,0.9996811443482657
RPL39P3,24.418624112322767,0.06162516924182575,0.27916086925579453,0.22075145920741035,0.8252859610524371,0.9996811443482657
RPL39,21.379635664422544,0.4164525458380604,0.3019397475330217,1.3792571174900217,0.1678154930733724,0.9996811443482657
RPL38,25.470451868204727,0.24972398442216276,0.27276238101020617,0.9155367521623836,0.35990991763727964,0.9996811443482657
RPL37P6,3.0228392596342126,1.0105662648134692,0.910375938874593,1.1100537938895128,0.2669758465124671,0.9996811443482657
RPL37P23,4.547454337625907,-0.33189812999781637,0.6699881917705388,-0.49537907395162967,0.6203325632453238,0.9996811443482657
RPL37P2,7.0681544366686095,0.48918350561285173,0.5275742942739263,0.927231502600198,0.3538063497969842,0.9996811443482657
RPL37AP1,4.371262999758607,0.19136438951535398,0.7511934695482886,0.2547471420783599,0.7989184029995486,0.9996811443482657
RPL37A,28.519890477955293,0.25287742910991634,0.2627828392989484,0.9623057189904117,0.33589605705472314,0.9996811443482657
RPL4,23.201707102931465,0.2649735598637868,0.2929739508110623,0.9044270288544088,0.3657690113856401,0.9996811443482657
RPL36AL,6.433634219551109,-0.4511948683227074,0.5554886810223495,-0.8122485367160056,0.4166490339445327,0.9996811443482657
RPL36,17.472985909700895,-0.12369732119560989,0.47734147730829746,-0.2591380114150824,0.7955287573517149,0.9996811443482657
RPL35P5,4.139027342681727,-0.41717645830727473,0.859054100091101,-0.48562303382643074,0.627234462216452,0.9996811443482657
RPL35A,27.163620094772526,0.2886038049658047,0.26511519066829003,1.0885977685333899,0.2763313012581192,0.9996811443482657
RPL35,8.573457830369186,-0.3935512687484299,0.5330579956924665,-0.7382897769635535,0.460338377439826,0.9996811443482657
RPL34P31,0.9864389415700657,2.4092506886148195,1.78479569100611,1.3498747788082661,0.17705615305272782,0.9996811443482657
RPL34P27,8.84484367062684,0.9350919851313965,0.5328442351709767,1.7549068253151852,0.07927524651959268,0.9996811443482657
RPL34P26,1.7745690377623013,0.8326173105442001,1.1138482236724652,0.7475141521517001,0.45475326339832856,0.9996811443482657
RPL34P18,12.433863959416529,-0.03731318507558428,0.4000330975635778,-0.09327524473060395,0.9256848981721466,0.9996811443482657
RPL7L1,1.8220974827031802,0.4959373604603746,1.1561265308114745,0.4289646048623076,0.6679489833320227,0.9996811443482657
RPLP2,23.221047170398478,-0.10423864465105397,0.322762872266507,-0.32295735850616536,0.7467275359797236,0.9996811443482657
RPLP1,25.57601503488957,0.04785183197001805,0.295552376020804,0.1619064363964029,0.8713795341858775,0.9996811443482657
RPLP0P6,2.9170935892018544,-0.5736824174593893,0.9376132198124241,-0.611854019692852,0.5406343454213727,0.9996811443482657
RPLP0,17.892052705069723,0.1407895796668049,0.3380817292377416,0.416436522565822,0.6770906077972534,0.9996811443482657
RPL9P9,9.403622851324537,0.1128805200511902,0.4643619468723078,0.24308736064936556,0.8079377223402179,0.9996811443482657
RPL9,4.949234209392589,0.7365660591072359,0.6695996595750742,1.1000096080912862,0.2713279356276799,0.9996811443482657
RPL8,24.597871378830213,-0.010093781260963613,0.32047471073335165,-0.03149634252845012,0.9748737089389627,0.9996811443482657
RPL7P9,5.1102570803451055,-0.15318771139797968,0.6013218136516155,-0.2547516286956641,0.7989149374921541,0.9996811443482657
RPL7P1,2.8886362498599034,0.26064751111219886,0.8689420676526709,0.29995959548408413,0.7642079753889943,0.9996811443482657
RPS2P5,5.221303674004221,-0.8107207258696818,0.7842786185729707,-1.033715195939963,0.3012693269491069,0.9996811443482657
RPL7AP6,6.729482419495991,-0.32854250510284977,0.6002537835810187,-0.547339332278453,0.5841456266270137,0.9996811443482657
RPL7A,16.851622935389628,0.1068055583854444,0.3424809913023197,0.3118583544718938,0.7551481734599222,0.9996811443482657
RPL6P27,20.66475597217556,0.1516337157085709,0.2993047095550887,0.5066198788985706,0.6124215574965421,0.9996811443482657
RPL6,7.1857496111817785,-0.10567374446588425,0.5696209812528557,-0.18551589204712865,0.8528244165601515,0.9996811443482657
RPL5P34,6.356860754113788,0.708553244458756,0.5685789886535787,1.2461826036460526,0.21269736420888985,0.9996811443482657
RPL5,21.977921181509792,0.22567858852363382,0.2909660283922277,0.7756183420128168,0.43797436715750004,0.9996811443482657
RPL4P4,10.40740267775129,0.11623714012502125,0.45480127515978913,0.25557786768338037,0.798276809958453,0.9996811443482657
RPL41,4.803255639057019,-0.21034556237326663,0.6057444738433551,-0.34725131050499985,0.7284025260348421,0.9996811443482657
RUFY3,2.0931609761302314,0.21403832776119308,0.9359534836428212,0.22868479203489395,0.8191139157921798,0.9996811443482657
RYBP,6.033721735382608,0.07023898229895116,0.5606317434008284,0.12528541796951587,0.9002975959958491,0.9996811443482657
RXRB,0.7765965716793398,-1.1272405605480256,1.7042980053497618,-0.6614104792762986,0.5083491073268408,0.9996811443482657
RXRA,3.0726460513736953,1.0883692554075406,0.9955313539768323,1.0932546233324048,0.2742820200098084,0.9996811443482657
RWDD1,1.9087724670652078,-0.405649409397627,1.0049098668886773,-0.4036674559217601,0.6864572741734813,0.9996811443482657
RUVBL2,0.8698901506823251,-2.158755256822071,1.6042516175007613,-1.3456463021587364,0.17841661160871147,0.9996811443482657
RUVBL1,0.49771598228405267,0.23749242069428733,1.99050755922361,0.11931249373748694,0.9050277856342591,0.9996811443482657
RUSC1,1.4171290197819875,-1.4027034308524156,1.2053654169066987,-1.1637163396077357,0.24453898547705843,0.9996811443482657
RUNX3,10.615585320157816,-0.0829776267798859,0.4910411223430709,-0.16898305051101756,0.8658099734005008,0.9996811443482657
RUNX1,5.2546115861181555,0.6324173037143629,0.7514024909594521,0.8416491977646239,0.3999843423666286,0.9996811443482657
S100A10,19.23109699745825,0.32326439544251356,0.3200614218219714,1.0100073717173068,0.3124917582497112,0.9996811443482657
RUFY1,1.848522593201166,-0.6272963079612893,1.0890353176048468,-0.576010986807043,0.5646077554050576,0.9996811443482657
RUBCNL,12.250352957291167,-0.028336126827217787,0.3981646705074348,-0.07116685363145166,0.9432649614744812,0.9996811443482657
RUBCN,1.3022119450318927,0.07075884322402898,1.3056472734003386,0.054194455627935005,0.956780237962771,0.9996811443482657
RTRAF,3.233750569796377,-0.14102924547634463,0.7452737871861072,-0.18923145815824496,0.8499114130089886,0.9996811443482657
RTN4,14.247380992017764,0.2774799176044222,0.37590951498154906,0.7381561427569661,0.4604195703835504,0.9996811443482657
RTN3,6.8809832000105065,0.24896776414049995,0.5290266540878724,0.4706147832376436,0.6379158487603132,0.9996811443482657
RTL8C,1.9477989661031319,-0.279915612318633,0.9571330454142654,-0.2924521451429777,0.769940943849238,0.9996811443482657
RTFDC1,3.741642381037781,-0.08599356232265026,0.7639726052422299,-0.11256105485010762,0.9103785624870154,0.9996811443482657
RTF1,1.6414535478019214,-1.5769736936054195,1.1407407572398818,-1.3824119841400602,0.16684523848153843,0.9996811443482657
SAFB2,2.7519435506098473,-0.1294849950663075,0.8777230660889859,-0.14752374646285069,0.8827186378164092,0.9996811443482657
SARAF,11.50647088841394,0.2330462004182547,0.4062425591551183,0.5736626928082863,0.5661960786611099,0.9996811443482657
SAR1A,2.9277961731368833,-0.03401839931571631,0.8426503100222745,-0.040370719515687443,0.9677975736529754,0.9996811443482657
SAP30BP,1.0966014034983607,0.6648239533636354,1.4803584982170774,0.44909658988977325,0.6533619803207529,0.9996811443482657
SAP18,9.880494963109836,-0.34461671909697755,0.4403273754961563,-0.7826375062614879,0.4338400100621531,0.9996811443482657
SAMSN1,1.1554245888873338,0.3762547000061257,1.4267388531918928,0.26371658637063866,0.7919983137759361,0.9996811443482657
SAMHD1,21.985068815697396,0.004966813641353932,0.3191049625051059,0.015564827329422869,0.9875815660072534,0.9996811443482657
SAMD9L,2.283822965037579,-0.09058344630892103,0.9569643902588183,-0.09465707107912558,0.924587217126494,0.9996811443482657
SAMD4B,2.624231339800828,0.6257025125233157,0.9311596526701983,0.6719605072331558,0.5016088385135202,0.9996811443482657
SAMD1,2.9722942890405415,-1.5002738062127143,0.9523148262359717,-1.5753968801919769,0.11516486408170153,0.9996811443482657
RTCB,1.023437113855533,-1.0275593878981222,1.3297988983747098,-0.7727178817443848,0.43968936155155147,0.9996811443482657
SAFB,2.994503964045526,0.629238522616193,1.0467154837745942,0.6011552636510885,0.5477365779066888,0.9996811443482657
SAE1,1.5181186716084458,-1.517021624412015,1.1852538371710442,-1.279912856500707,0.20057578553903554,0.9996811443482657
SACM1L,0.8894640954062959,1.1156774348021443,1.6256352139427628,0.6863024528708482,0.4925224025218896,0.9996811443482657
SAAL1,0.7945704883709402,-1.2442241233545723,1.5378062905130647,-0.8090902807657632,0.4184632183811283,0.9996811443482657
S100B,7.180037638948091,0.11818520404551797,0.7115181292186876,0.16610287101931778,0.8680759947976933,0.9996811443482657
S100A9,0.6937732400930774,-0.2873116630653172,1.9554667810511215,-0.14692740671916638,0.8831893192446687,0.9996811443482657
S100A6,12.967192662024747,0.41622044314104334,0.40730458239614903,1.0218899102299386,0.3068330084376294,0.9996811443482657
S100A4,7.550154915574044,-0.0047743188057439954,0.6178507639802631,-0.007727300966640075,0.9938345672196466,0.9996811443482657
S100A11,16.821930321751815,0.182505097367768,0.3439788719460965,0.5305706607363013,0.5957163313245895,0.9996811443482657
RPS6KA1,1.1497669053242665,-1.7559101394739707,1.3253926916676069,-1.3248225605233175,0.1852300102264317,0.9996811443482657
RPS8,32.3925112374601,0.20030176682116535,0.24299889918832587,0.8242908403709683,0.40977432185913265,0.9996811443482657
RPS7P11,1.9981463459501132,-0.02041446405384464,0.9490000931483497,-0.021511551159198262,0.9828375891032443,0.9996811443482657
RPS7P10,1.2631983031099205,1.7871556357084664,1.4810234817633503,1.2067031061388884,0.22754650244570385,0.9996811443482657
RPS7P1,12.233037098323793,0.2807152046035891,0.40171931354351187,0.6987844376398987,0.4846867555757989,0.9996811443482657
RPS7,15.9076986701366,0.17601595832817332,0.3427448479733657,0.5135480791876157,0.6075679879859452,0.9996811443482657
RPS6KC1,0.980534190971919,-0.14164993399273057,1.3274281295810944,-0.10671005897504372,0.9150190022684014,0.9996811443482657
RPS6KB1,1.5494539504866869,0.3245377030626583,1.2155203305713467,0.26699487857197063,0.7894731043122967,0.9996811443482657
RPS6KA4,0.8299968178334353,-3.47677802206662,1.9719087214614188,-1.7631536309094034,0.07787458192463305,0.9996811443482657
RPS6KA3,5.294991754441245,-0.17522697176254454,0.6215588989048969,-0.28191531336977216,0.7780084472205534,0.9996811443482657
RPS9,15.659216333157062,-0.12501668847015038,0.4938634698782288,-0.2531401816396251,0.800159889339893,0.9996811443482657
RPS6,33.21170089671383,0.258479655972249,0.2378097079815633,1.0869180159469694,0.27707304353299866,0.9996811443482657
RPS5,21.90293684153461,-0.093114309479542,0.3553280201744515,-0.26205169362615055,0.7932815885242739,0.9996811443482657
RPS4XP1,2.015172441681745,0.5223538120539134,1.0215045965275062,0.5113572800647187,0.6091009027521985,0.9996811443482657
RPS4X,24.500955605442872,0.45795841692407424,0.296300840881816,1.5455859509583294,0.12220459631872994,0.9996811443482657
RPS3AP6,12.094470576704026,-0.2282584890376387,0.445165348485648,-0.5127499025117803,0.6081262774918537,0.9996811443482657
RPS3AP5,1.1551889901443035,2.4909526219786278,1.7685192770877627,1.4084961663977464,0.15898420133920388,0.9996811443482657
RPS3AP26,6.244419780686943,-0.21791105396548227,0.6368606365533658,-0.3421644257129753,0.7322271553754774,0.9996811443482657
RPS3A,7.652813004242921,0.28669673623867276,0.49137764869993655,0.5834549800895528,0.5595870553117517,0.9996811443482657
RPS3,21.122554561512523,-0.06561717826233991,0.3242504054264474,-0.20236575549085764,0.839630797694651,0.9996811443482657
RSBN1L,0.7725277442850543,-0.4985042603078136,1.6394779931368422,-0.3040627946179482,0.761080051235242,0.9996811443482657
RTCA,0.9237147131894929,-0.7667138248435528,1.3759973134557526,-0.5572059024722853,0.5773867574042904,0.9996811443482657
RSU1,5.315301683707259,-0.21199034050561372,0.6228392108795433,-0.34036126307181475,0.7335844866980674,0.9996811443482657
RSRP1,3.3948524161607043,0.6335948641386425,0.7702572451172233,0.8225756630724291,0.4107493430287591,0.9996811443482657
RSRC2,4.868837944334322,-0.568841191369615,0.686537247965628,-0.8285656649442193,0.40735022350232075,0.9996811443482657
RSRC1,1.0152559674440664,1.3931790814001808,1.5926104657888454,0.8747770477008118,0.3816952281124051,0.9996811443482657
RSPRY1,0.7823518985728202,-1.162214490689263,1.5571525800179637,-0.7463716180439142,0.4554429592891348,0.9996811443482657
RSL24D1,3.726390691414666,0.7843676791203357,0.7366841550650451,1.0647272290674967,0.28699938438803607,0.9996811443482657
RSL1D1,7.619185344483235,0.3414425970380976,0.5274260273648709,0.6473753271980436,0.5173890602241786,0.9996811443482657
RSF1,2.0841222616396147,0.4287505876755996,1.1101463035198924,0.3862108861833605,0.6993404920343134,0.9996811443482657
RPL34,34.84046184672566,0.28868627325843205,0.23733538052952033,1.216364254728235,0.22384619436946418,0.9996811443482657
RRP7A,0.6843022047972273,-1.721294380651522,1.9297710087948605,-0.8919682038992118,0.3724099753084674,0.9996811443482657
RRP12,1.496668109356273,-0.20621944702893222,1.1253090065866433,-0.18325583979324023,0.854597282304993,0.9996811443482657
RRM2B,3.80118355147963,-0.04082595409843715,0.7410804650808458,-0.05508977232854651,0.9560669442714708,0.9996811443482657
RRM1,0.9797919463692042,-2.1344582130944154,1.5633852277904556,-1.3652797628842006,0.1721651370267654,0.9996811443482657
RRBP1,3.9775036289870247,-0.04951071921018124,0.691279508687812,-0.07162185279318141,0.9429028487204562,0.9996811443482657
RRAGC,2.2065977475384746,-0.24640939253629807,0.9503818389014785,-0.2592740964211987,0.7954237642665002,0.9996811443482657
RPSAP58,4.392529993492989,-0.4255003799271751,0.7026540280172506,-0.6055617173758361,0.5448058300820403,0.9996811443482657
RPSA,8.385091306261526,-0.38347642854842684,0.5628694697102511,-0.6812883788950739,0.4956890351399863,0.9996811443482657
RIPK1,0.9312372134536941,0.5096597417443348,1.5451169784888787,0.32985188101601276,0.7415118837583001,0.9996811443482657
RNASE1,2.824793605610769,1.4739928753380205,1.2190038804251744,1.2091781650636821,0.22659440445805945,0.9996811443482657
RMND5A,3.0444010086658273,-0.45420071010324803,0.8316854620428982,-0.546120776221793,0.5849829192381341,0.9996811443482657
RMDN1,1.0832094068047766,0.7346537487467387,1.4075667784570511,0.521931719326349,0.6017178724753861,0.9996811443482657
RLIM,1.8614366410234304,-0.16065260977569618,0.9710411796406868,-0.1654436630948466,0.8685947889815304,0.9996811443482657
RLF,1.2629045794721911,-0.43783644422626095,1.1686207843025676,-0.37466083960466406,0.707912719732088,0.9996811443482657
RIT1,1.732442737296497,-0.18475428365836424,1.456288888095652,-0.1268665064800173,0.8990460563484922,0.9996811443482657
RIPOR2,3.5391130252933114,-0.05173060491513115,0.7904341855393845,-0.06544580922930439,0.9478190517418891,0.9996811443482657
RIPOR1,0.810894031798415,-3.450208781485134,1.9620585791970402,-1.7584636962761375,0.07866864343033547,0.9996811443482657
RIPK2,3.4101468256923493,0.7058623270262092,0.7804665488441404,0.9044107374897503,0.36577764667379054,0.9996811443482657
RNASE6,3.7403922731990926,0.5793315832123432,0.8209460687227119,0.7056877489086583,0.48038234132511737,0.9996811443482657
RIOK3,2.0292655376266446,-1.0922205637318787,0.9833123504953292,-1.1107564785306405,0.2666731843918274,0.9996811443482657
RIOK1,1.4127903677535922,-0.05797226239700581,1.298436735930422,-0.04464773738511378,0.9643880916429388,0.9996811443482657
RIN3,1.4700889452506396,-1.088523931409468,1.1486410418025446,-0.9476624043498081,0.3433013460558739,0.9996811443482657
RILPL2,6.204481409679457,0.04136066417843106,0.5431437082017596,0.07615049857682779,0.9392993646859868,0.9996811443482657
RIF1,1.1563293665768826,-2.5894810297265987,1.4828714275186257,-1.74626132898098,0.08076555227193133,0.9996811443482657
RICTOR,1.2677263675700006,1.7012056406281986,1.4711938242006517,1.1563436527831537,0.24754061956491624,0.9996811443482657
RIC8A,1.1701548380162332,-0.23464062744027425,1.2955997849688725,-0.18110579375089325,0.8562845370435566,0.9996811443482657
RHOQ,3.427940019787357,0.5933670278658242,0.7530440983139526,0.7879578755007289,0.43072134616990565,0.9996811443482657
RHOG,6.598522519039124,-0.4349208623930505,0.6032329801242324,-0.720983229901457,0.4709198327574067,0.9996811443482657
RNF126,1.1449614915079316,1.5051075532152751,1.568601919025857,0.959521682945528,0.3372960017630562,0.9996811443482657
RNF168,1.3255490161319559,-0.8987867297082356,1.2228644842880294,-0.7349847356402073,0.46234879047683997,0.9996811443482657
RNF167,1.7700328330930595,-0.8570265130165883,1.0448950278787108,-0.8202034559935433,0.4121001321359552,0.9996811443482657
RNF166,1.1689365702068355,0.36700031627436325,1.401895730494127,0.2617885968915865,0.793484430927755,0.9996811443482657
RNF149,7.528629969947676,0.31327743781492084,0.5394294635596896,0.5807570015690396,0.5614042384048543,0.9996811443482657
RNF145,2.1907903756378992,-0.35544029396958576,0.9128877825044096,-0.389358145416815,0.6970112291221238,0.9996811443482657
RNF144B,2.2443840712697387,-0.5115784827996382,0.9376516840713598,-0.5455954396395076,0.5853440598064901,0.9996811443482657
RNF14,0.9352282939756067,1.13676174736598,1.6528930318497668,0.6877406616529927,0.49161610919974486,0.9996811443482657
RNF139,2.548012042835744,0.4113637179168383,0.9407958409098279,0.43725078282554414,0.6619294844906584,0.9996811443482657
RNF138,1.5268993726517557,-0.43452083354502985,1.1432301573858399,-0.38008167536327436,0.7038847878367259,0.9996811443482657
RHOC,1.2130037391682502,-1.478172684485886,1.364069149346077,-1.0836493774487235,0.27852028876895163,0.9996811443482657
RNF122,0.913463489412345,0.3434043460359099,1.6406984081221434,0.20930376011576213,0.8342111166381181,0.9996811443482657
RNF115,1.2806155251385416,0.48931435825938074,1.1997001428908503,0.4078638826201248,0.683373610105803,0.9996811443482657
RNF114,2.990956306037643,0.8756858482254458,0.8371162685393604,1.0460743401312502,0.2955267112087211,0.9996811443482657
RNF11,1.5345693051142657,0.07095114362302209,1.1438177141669874,0.062030114365464205,0.9505388503751615,0.9996811443482657
RNF103,1.6292854770984,1.0226794013372371,1.1391049510668694,0.8977920782272171,0.3692964087739593,0.9996811443482657
RNF10,3.1335816295872965,0.2788521826747766,0.7835584835286739,0.3558792209344667,0.7219310177048189,0.9996811443482657
RNASET2,8.182205088216989,0.023925865905772933,0.5219755771644193,0.04583713674066482,0.9634400590665717,0.9996811443482657
RNASEH2C,0.8993119748348377,-1.3741407755612456,1.4968330511525687,-0.9180320908221199,0.3586020654714467,0.9996811443482657
RNASEH2B,1.383121606541921,-1.5515730681119677,1.1968147148965211,-1.2964187762732509,0.1948312466924964,0.9996811443482657
REL,7.755991698265156,0.33625801960511703,0.500764896980894,0.6714887996990462,0.501909192219365,0.9996811443482657
RETREG3,0.84916056459994,-0.9995071956005507,1.6358716391836072,-0.6109936572403453,0.5412037793899083,0.9996811443482657
RETREG2,1.514061821594624,-0.34244459123626664,1.1228826136536558,-0.3049691811702509,0.7603896247535383,0.9996811443482657
REST,1.914556020655748,-1.434116848705583,1.0731786736182527,-1.3363262651040362,0.18144265524128522,0.9996811443482657
RERE,1.988984644544254,-0.34012851352451945,1.014768172186307,-0.33517853914526724,0.7374904099183932,0.9996811443482657
RER1,2.8879389665230626,-0.7639379198298291,0.8784265789325262,-0.8696662170197252,0.38448283937246575,0.9996811443482657
REPS1,1.8328734800360615,0.39592982421484024,1.0260972556735632,0.38585993873937335,0.6996004015238327,0.9996811443482657
REPIN1,2.283617407944571,-1.5083693856119862,0.962057569231238,-1.5678577185534703,0.11691434116195598,0.9996811443482657
RELT,1.689104125243202,0.12887846766760425,1.083808016325987,0.11891263556482155,0.9053445710602788,0.9996811443482657
RELA,4.637419518609037,0.00622180421687495,0.6261784804185542,0.009936151451126415,0.9920722286112158,0.9996811443482657
REV3L,2.641817159159314,0.3601650840806397,0.8700939427491624,0.4139381581518157,0.6789193976248153,0.9996811443482657
REEP5,5.009686836450622,0.12829071837781092,0.7099313372143738,0.1807086286417467,0.8565962856198571,0.9996811443482657
REEP4,1.5857544791479743,-0.5014473286366505,1.1374749182936705,-0.4408425368964382,0.6593269964895188,0.9996811443482657
REEP3,2.559068194115164,-1.1821085455146954,0.9189242866391462,-1.286404726376439,0.1983018497765331,0.9996811443482657
RECQL,1.2072572473055745,-1.6000847001700094,1.3469127561656054,-1.1879646197168217,0.2348473489991314,0.9996811443482657
RDX,1.8950609574804371,0.5653652971852959,1.1270261700693842,0.5016434508796631,0.6159183491524723,0.9996811443482657
RCSD1,0.7121397850324748,-0.08038845409579329,1.6527683275887297,-0.04863867049840813,0.9612072518191515,0.9996811443482657
RCOR3,0.9855133438000656,-1.122837096152676,1.4011150044104068,-0.8013882462312,0.4229069174882125,0.9996811443482657
RCOR1,4.96795823063462,-0.3439027003413233,0.6421942762448843,-0.5355119362823235,0.5922959059848629,0.9996811443482657
RCN2,1.0407297466759031,-1.0144382819662348,1.2795856985000764,-0.7927865114117436,0.4279022165599782,0.9996811443482657
RGS1,12.990251636811902,0.7860088460789766,0.4665760092429724,1.6846319367219276,0.09205960567666498,0.9996811443482657
RHOB,6.800657884655061,-0.15222180158324544,0.576929659598772,-0.26384811224492893,0.79189695953893,0.9996811443482657
RHOA,18.330439921573838,-0.19669829332259736,0.31429368356567056,-0.6258423366675708,0.5314183596291167,0.9996811443482657
RHEB,1.6860967765658215,-1.2066978048717665,1.1404471464613495,-1.0580918270662376,0.2900135801240823,0.9996811443482657
RHBDD2,1.9242504451146434,-0.1533005726698904,1.1002765811911153,-0.13932912441336645,0.8891900763783239,0.9996811443482657
RHBDD1,0.7699047789910354,-0.4928767753280465,1.6710385879459613,-0.2949523600971358,0.7680302726135736,0.9996811443482657
RGS2,14.734033191901647,0.3539715425939761,0.39664689692937655,0.8924097108391124,0.37217336800565726,0.9996811443482657
RGS19,2.351126429503398,-0.1573725748368111,0.9106657237163305,-0.17281047341343897,0.8628004043122643,0.9996811443482657
RGS18,3.915347969623846,0.1606025299714259,0.7420643013477947,0.21642670275301906,0.8286551536817565,0.9996811443482657
RGS10,13.595162149509129,-0.16622828818207935,0.3766793323418476,-0.4412992004329621,0.6589964048948573,0.9996811443482657
RNF181,0.6437404451930592,-0.2778928364046538,1.8142840543564556,-0.15316942004609366,0.8782646723469036,0.9996811443482657
RGL2,1.0707622872229918,1.4909506580507494,1.5336452295724023,0.9721613768957788,0.3309702717470736,0.9996811443482657
RGCC,23.2730533483102,0.22836378460778073,0.31017469881043286,0.7362424642744575,0.4615831538843441,0.9996811443482657
RFX7,0.9109042379861202,-1.353158791777082,1.5866140903523354,-0.8528594319218415,0.3937372610958607,0.9996811443482657
RFWD2,0.9340525822963088,1.3076847713795134,1.516011990586068,0.8625820768567811,0.3883672882378658,0.9996811443482657
RFTN1,3.9526464768719674,0.6161688542981723,0.7846222764764346,0.7853063477438476,0.4322739749508512,0.9996811443482657
RFK,1.2212199243979747,-0.24197577556977948,1.293090837182636,-0.18712975810500068,0.851558896662867,0.9996811443482657
RFC1,1.2289676037328578,-0.3940816893799315,1.3215973686799833,-0.2981858913456689,0.7655612893475514,0.9996811443482657
REX1BD,1.613752774826542,-1.2403734326176266,1.1472015587736566,-1.0812166555488032,0.2796007508754257,0.9996811443482657
RPL14P1,11.134562834081844,-0.21980225296857717,0.4751620474420543,-0.4625837735817525,0.6436627417393006,0.9996811443482657
RPL22L1,1.7025994503812933,0.5504928683387725,1.246180077055749,0.4417442378306821,0.6586742938825219,0.9996811443482657
RPL22,14.635483778481063,0.3448459310194532,0.3627436752747261,0.9506600790717633,0.3417769596469076,0.9996811443482657
RPL21,0.851575516093102,0.3843092735287466,1.7043002379601808,0.22549388010924257,0.8215950857540739,0.9996811443482657
RPL19,22.320513258664704,0.02219675109504497,0.29875316173461924,0.07429796212420411,0.9407732985409989,0.9996811443482657
RPL18AP3,6.878548152875814,-0.921446842147633,0.6207371396188829,-1.4844396820099701,0.1376923139591156,0.9996811443482657
RPL18A,6.261727868463007,-0.7133076322227833,1.3128905110745897,-0.5433108292015509,0.5869158094314931,0.9996811443482657
RPL18,15.001563388959552,-0.03279196130513816,0.3902261949893359,-0.08403321388005307,0.9330300242948102,0.9996811443482657
RPL15P3,3.0104894237867694,-0.5410169243028262,0.8585199174548052,-0.6301739928256316,0.5285807528888253,0.9996811443482657
RPL15,23.208382895462893,0.4248865705551926,0.2894038674630194,1.4681440655228475,0.14206509409321708,0.9996811443482657
RPL23,34.548337151271994,0.2623593343335415,0.23653148274777053,1.1091941389185516,0.2673464405011635,0.9996811443482657
RPL14,19.08367025754803,0.14319443559055436,0.3332933518793718,0.42963483904827615,0.6674612900493877,0.9996811443482657
RPL13P12,5.300854334094156,-0.6712697653849821,0.6722501759494373,-0.9985415986495347,0.3180168033814369,0.9996811443482657
RPL13AP5,11.430444342076473,-0.3051247715902173,0.566608382723629,-0.5385108672828196,0.5902244046024899,0.9996811443482657
RPL13AP25,1.4744163055403814,0.3654566488320976,1.2042223674764232,0.30347937283207177,0.7615245648120613,0.9996811443482657
RPL13A,12.575494163907557,0.05556745422903177,0.5238328390762189,0.1060786000492546,0.9155199900193747,0.9996811443482657
RPL13,18.899515360825458,-0.3192590767622507,0.33704293342560254,-0.9472356340997803,0.3435187212002484,0.9996811443482657
RPL12P47,0.8317072163362498,2.1697656286479514,1.8399456925220914,1.1792552559927798,0.2382965493058108,0.9996811443482657
RPL12P4,6.6523326221373305,-0.14450512079668876,0.5752091280031504,-0.2512218839404393,0.8016425660540407,0.9996811443482657
RPL12,12.80955915481817,-0.25866762312163544,0.4301262298400008,-0.60137607329331,0.5475895313238048,0.9996811443482657
RPL27,21.86050789539743,0.2702822033371091,0.30538112859764527,0.885065179299993,0.37612147838679233,0.9996811443482657
RPL32,26.034038726014934,0.09887405484365089,0.2696632071241327,0.366657564812454,0.7138744635789164,0.9996811443482657
RPL31P49,1.428996175581676,-0.5288194668999422,1.1417191875617205,-0.4631782251372162,0.643236622824114,0.9996811443482657
RPL31,34.76311161630447,0.34590970564012713,0.23668291910359485,1.46148994169167,0.1438810338779599,0.9996811443482657
RPL30P4,3.6802176641789277,0.6216653897981053,0.7827720210217228,0.794184479136938,0.42708804277546475,0.9996811443482657
RPL30,6.19180012907651,-0.04311620437901006,0.6545429783765428,-0.0658722281093761,0.9474795513042191,0.9996811443482657
RPL3,7.318752530802033,-0.07321367870389756,0.5629900995587347,-0.1300443449383597,0.896531342369811,0.9996811443482657
RPL29,21.853768175656253,-0.07101141998257027,0.3497908786799821,-0.20301106835760988,0.8391263810520091,0.9996811443482657
RPL28,22.742910264970455,0.014157437865136433,0.36115488769793336,0.03920046037692721,0.9687305665923744,0.9996811443482657
RPL27A,30.985242494015708,0.11935427647505525,0.2510696571411622,0.4753831181119156,0.6345139250483363,0.9996811443482657
RPL11,27.81119347582908,0.08238124403932488,0.2727740831854791,0.30201272451278977,0.7626423628622769,0.9996811443482657
RPL26P19,19.11001553174031,0.05825627029927591,0.3485504524548291,0.1671387022710169,0.8672609142941543,0.9996811443482657
RPL26L1,0.628897205107436,0.4079361460365043,2.044644886972304,0.19951442357336358,0.8418603617758305,0.9996811443482657
RPL26,22.616562312004127,0.3392348602453768,0.2894089709785972,1.1721642874382923,0.24113110344412692,0.9996811443482657
RPL24P8,4.617904147814243,0.7633723146812086,0.7495553215587113,1.0184335868548895,0.3084719474466676,0.9996811443482657
RPL24P4,5.229827079051962,0.06578752638184819,0.6838445940689976,0.0962024514815576,0.9233597838471523,0.9996811443482657
RPL24,12.908342632981537,0.13028866001677294,0.4183567659141252,0.3114295515983525,0.755474091185764,0.9996811443482657
RPL23P8,8.644094468625928,-0.1399613020721475,0.4730729809987452,-0.2958556241716936,0.767340341464213,0.9996811443482657
RPL23AP2,4.83267184891579,0.5172594812665534,0.6841930045734252,0.7560139870021763,0.4496408097032968,0.9996811443482657
RPL23A,1.3582681058649368,1.2645506793719243,1.3971607252334777,0.9050860481070329,0.36541980287478915,0.9996811443482657
RNF44,1.3122796002912493,-1.1978755948752995,1.2442155665848182,-0.9627556727676098,0.3356701506360996,0.9996811443482657
ROBO1,0.6367188026319561,-1.2731820258273778,1.7013848269927618,-0.7483210180484313,0.45426654984796433,0.9996811443482657
RNPS1,3.138571417438297,-0.25796613156564285,0.7719048347615993,-0.33419421662945664,0.7382330078296948,0.9996811443482657
RNPEPL1,1.0526944158300837,-0.33896355368626974,1.3832291492483897,-0.24505235005382411,0.806415897295256,0.9996811443482657
RNPEP,2.383429447747742,-1.136799421715805,0.9004039663475385,-1.2625437739098349,0.20675318534211895,0.9996811443482657
RNMT,1.727008248000348,1.6496796930088153,1.337744005490846,1.2331804039021006,0.21750846478250974,0.9996811443482657
RNH1,8.788265713085327,-0.20349267449324923,0.5084900092501076,-0.40019011345640554,0.6890164958857058,0.9996811443482657
RNF7,2.598591688364237,-1.228729343556538,0.8754516468019083,-1.4035376460198346,0.16045657415992232,0.9996811443482657
RNF6,0.7215095002391909,-0.838121645309856,1.5304697548911455,-0.5476237884684414,0.5839502518069559,0.9996811443482657
RNF5,2.866636541375254,-0.3916767857498639,0.786763532476982,-0.4978329187637113,0.6186018115743139,0.9996811443482657
ROCK1,10.257880226646613,0.16814266478882456,0.46623316309129764,0.3606407224959648,0.7183680429797793,0.9996811443482657
RNF41,1.2449468631992215,-0.27107215996395284,1.4193678046540525,-0.19098091352721802,0.8485405467233931,0.9996811443482657
RNF38,2.135894828010857,-0.228959186236732,1.015769924949609,-0.22540457303664546,0.8216645544098853,0.9996811443482657
RNF220,0.9736590451163292,-0.6042064853688994,1.4733515065851874,-0.41008984120108544,0.6817400445483273,0.9996811443482657
RNF213,1.666891798375362,0.5484871034371803,1.1622357634131733,0.4719241316636321,0.6369809427049054,0.9996811443482657
RNF20,1.1725048363264836,0.10731382922893583,1.4763440752216408,0.07268890161179059,0.9420536804166745,0.9996811443482657
RNF2,0.9180821578607499,1.3239871320686523,1.5808632988243159,0.8375089313878677,0.40230655873705423,0.9996811443482657
RNF19B,4.066274691015363,-0.10974320577770962,0.6891047972668284,-0.15925474066205916,0.8734681773143751,0.9996811443482657
RNF19A,2.291379610114905,-0.20397120949729752,0.8770006062208948,-0.23257818529480268,0.8160889684364168,0.9996811443482657
RNF187,3.1707217008552853,0.6378418004056572,0.8888881077787216,0.7175726560225738,0.47302082263485623,0.9996811443482657
RPE,1.391319472561288,-1.0658219986160145,1.3150650733907392,-0.8104709190305839,0.41766957240176883,0.9996811443482657
RPL10P9,6.41619605782585,-0.25371509886091076,0.6732880243878991,-0.3768299593499657,0.7062999748640548,0.9996811443482657
RPL10P16,0.9148358597273559,-0.6940554471902004,1.6504057018281522,-0.4205362635510748,0.6740937437136948,0.9996811443482657
RPL10AP6,10.886560167569009,0.1724166043302035,0.5266788700914748,0.3273657139506238,0.7433912953412367,0.9996811443482657
RPL10AP2,0.9504774458129175,1.2819275281503522,1.6467162108995537,0.778475076437167,0.43628899419628975,0.9996811443482657
RPL10A,19.686730543152546,0.17495398812209303,0.33105632540886115,0.5284719689497592,0.5971717975740791,0.9996811443482657
RPL10,18.15466628620088,-0.36416240629562896,0.37974555149035955,-0.9589642455755636,0.3375767575680756,0.9996811443482657
RPIA,0.9342556385192229,-1.6058812044293764,1.688318047926323,-0.9511722073940988,0.34151696446134494,0.9996811443482657
RPF2,1.3719417381205545,-1.066247075573219,1.1965178533658187,-0.8911250864948261,0.3728620679640432,0.9996811443482657
RPF1,1.4853270694699279,1.1706052403154383,1.2755970183944922,0.9176920480645211,0.3587801119487547,0.9996811443482657
PPIL4,1.0400672937939963,0.10131399298791116,1.3475055758670433,0.07518632560961491,0.9400664641403241,0.9996811443482657
RPAP3,1.518841205486349,-1.3634349051679941,1.3619591993529752,-1.001083516903972,0.3167864331980724,0.9996811443482657
RPA3,0.8373947288893855,-0.4829824684241848,1.4494779415236831,-0.3332113270495695,0.7389747684861723,0.9996811443482657
RPA2,2.3210363939461125,0.11808798694039682,0.989008952206446,0.11940032158146441,0.9049582065331406,0.9996811443482657
RPA1,1.5145501901382925,-0.942062657212263,1.2937672295997302,-0.7281546754772273,0.46651890754379843,0.9996811443482657
RP2,2.2854685960742676,-0.08614676759008555,0.9259051666568576,-0.09304059496841724,0.9258713109545125,0.9996811443482657
ROMO1,3.7772154783136016,-0.9985974207028787,0.7422789659743511,-1.3453128358447712,0.1785242301412583,0.9996811443482657
ROGDI,1.1084095799885092,0.333618513586148,1.690063247529067,0.19740001687742176,0.843514516413554,0.9996811443482657
ROCK2,1.7368441500484262,-0.652256526209989,1.0751475082806157,-0.6066670119089824,0.544071918597621,0.9996811443482657
NFYC,1.6088015033690288,-0.07177812586691043,1.1084769795239924,-0.06475382636970389,0.9483700054659727,0.9996811443482657
NIPSNAP2,2.6703570686790297,0.2910080021350426,0.9206740603748813,0.3160814610292697,0.7519406778966488,0.9996811443482657
NIPBL,3.8686354940729073,0.08555125964203539,0.6998534400533409,0.12224167910857865,0.9027076187944815,0.9996811443482657
NIPAL2,1.3840436382484325,0.45198821258273403,1.2344160631455243,0.366155485234843,0.7142490566884855,0.9996811443482657
NIP7,0.9894485316047898,-0.09583804296206545,1.4466568118221794,-0.06624794642300118,0.9471804248611051,0.9996811443482657
NINJ1,2.7411195619858892,-0.06605376422577709,0.8251620383433848,-0.08004944623772105,0.9361979297060213,0.9996811443482657
NIN,2.872445890000331,-0.19800015675615282,0.8508610174917962,-0.23270563897712224,0.8159899901457645,0.9996811443482657
NIFK,0.9517318398573841,-0.7508181315720845,1.4644871415798462,-0.5126833211810408,0.6081728585371091,0.9996811443482657
NGLY1,1.6286591504515626,1.0723922572247309,1.26924330823586,0.8449067647362779,0.39816289720324327,0.9996811443482657
NGDN,0.7159465768943063,-0.026567975232887273,1.6259627820841376,-0.016339842169593076,0.9869632723231218,0.9996811443482657
NIPSNAP3A,0.7042168674188207,-0.8644027668495908,1.7214139672445554,-0.5021469462300395,0.6155641590711911,0.9996811443482657
NFX1,1.4386326685482835,-0.2482444244295297,1.2862646112098175,-0.1929963883528128,0.8469617965944,0.9996811443482657
NFKBIZ,6.78977391899241,0.6346659316094658,0.6532575523256879,0.9715401365816081,0.33127937633324134,0.9996811443482657
NFKBIE,2.4522628491431826,-0.9146250358391869,0.969284972629161,-0.9436079807966995,0.34537001243133714,0.9996811443482657
NFKBID,6.475460349894018,0.23556009579540033,0.5666501359440343,0.41570641362850674,0.677624847515025,0.9996811443482657
NFKBIB,1.547696773074485,0.03250193049910022,1.132625863747682,0.0286960871541079,0.9771069770828433,0.9996811443482657
NFKBIA,13.607062606879515,0.15913543641579286,0.39174917239176177,0.40621767097609157,0.6845826712335865,0.9996811443482657
NFKB2,3.3604758210366206,-0.9900980278198276,0.7777554111811247,-1.273019786922771,0.2030110205264931,0.9996811443482657
NFKB1,4.6824328266439075,1.0933622596468722,0.6937020187948046,1.5761266797902833,0.11499661154250591,0.9996811443482657
NFIL3,1.2212199243979747,-0.24197577556977948,1.293090837182636,-0.18712975810500068,0.851558896662867,0.9996811443482657
NME2P1,0.6597387509992519,0.6273696077587373,1.867517962347411,0.3359376565086172,0.7369178797660438,0.9996811443482657
NOLC1,4.447536456903332,-0.4771226162230002,0.6493334745986858,-0.7347882634849237,0.4624684559685117,0.9996811443482657
NOL8,1.0163458393105713,-0.5599179873125705,1.4017422003178328,-0.39944433946956437,0.6895658286072993,0.9996811443482657
NOL7,3.3330305087618313,0.15415945651612115,0.7925244804665197,0.19451696485813932,0.8457711133795051,0.9996811443482657
NOL4L,1.344057163625414,1.773073670340899,1.5394783765860072,1.1517366513928697,0.2494293064016394,0.9996811443482657
NOA1,1.0437710248159027,0.004725943226798157,1.412357378086245,0.003346138378376899,0.9973301728317673,0.9996811443482657
NNT,1.1846449591099406,0.9461528153117797,1.3592048128485417,0.6961076111324888,0.48636144037738027,0.9996811443482657
NMT1,1.981677393233936,-1.7227901280177456,1.0791513849611276,-1.5964304471330524,0.11039272290164202,0.9996811443482657
NMI,2.478859742292804,-0.7794172501421808,0.9499373564622208,-0.8204933144696035,0.41193493893564137,0.9996811443482657
NME4,3.5040576175343716,-0.78023478446483,0.7931613770900436,-0.983702443161518,0.32526183821177235,0.9996811443482657
NFIC,2.536695303728019,-1.6707014794329713,0.937329407233404,-1.7824059146550928,0.07468306168658297,0.9996811443482657
NME1,4.163881543961434,-0.4089402870384179,0.763152375519271,-0.5358566652697151,0.5920576159958243,0.9996811443482657
NMD3,1.2968144793577654,0.041814626138347744,1.179060131351596,0.035464371177078347,0.9717094561749458,0.9996811443482657
NLRP3,2.034832267706171,-0.34087220035597837,1.2771084520061196,-0.26690936061109477,0.7895389493029097,0.9996811443482657
NLRP1,1.1251200269336852,-0.2373940646693702,1.337153936339781,-0.17753682520592493,0.8590867422998907,0.9996811443482657
NLRC5,2.4384813284456177,-1.0208893323557116,0.9017686351743457,-1.132096740266793,0.257593765192596,0.9996811443482657
NKTR,2.2979339564790067,-0.7131461881431643,0.8751802866136734,-0.8148563205217224,0.41515455813163415,0.9996811443482657
NKRF,2.0969139616109715,-0.39242945507163285,1.0188905990231318,-0.38515367150102003,0.7001235653047724,0.9996811443482657
NKG7,0.8643272273374403,-1.4615391082766873,1.622509353950715,-0.9007893265563773,0.3677003435964983,0.9996811443482657
NIT2,1.232719223019791,0.1901159903332114,1.2248133175777005,0.15522038142857691,0.8766475809640343,0.9996811443482657
NDUFS2,2.998716222688388,-0.3674502045546786,0.8455192201960321,-0.4345852770437152,0.6638634836639558,0.9996811443482657
NECAP1,1.5974877546869481,0.11990983077226221,1.0796794180494274,0.11106058777048279,0.911568301743471,0.9996811443482657
NEAT1,7.921531156205871,0.8620728792938007,0.5447547714259496,1.5824971611303917,0.11353611988128108,0.9996811443482657
NDUFV3,0.9314657432373589,-0.043303073256453266,1.5198786841775178,-0.02849113794887302,0.9772704360539105,0.9996811443482657
NDUFV1,1.937198125971066,-0.5890834472589259,1.11019036393739,-0.5306148084096933,0.595685731797625,0.9996811443482657
NDUFS8,3.9554243694527207,-0.8846305291110026,0.8107701280015883,-1.0910990656395638,0.275229293941639,0.9996811443482657
NDUFS6,3.626952782473018,-1.376302867213487,0.7650726516650236,-1.7989178729866324,0.07203167290955201,0.9996811443482657
NDUFS5,8.77765649812935,0.22665983604416684,0.46734425563639154,0.4849954467409038,0.6276795753793788,0.9996811443482657
NDUFS4,3.8922500809817655,-0.3766117552882662,0.6667289875068095,-0.5648648286563658,0.5721657079795349,0.9996811443482657
NDUFS3,1.4706021482907237,0.39925828720054213,1.2894362743802605,0.30963785891042733,0.756836362981529,0.9996811443482657
NECAP2,1.937794809361063,-0.026390140375172445,1.001975418514993,-0.026338111581903603,0.9789876567996758,0.9996811443482657
NDUFS1,2.060473789853031,-0.01592509726443722,0.939551020826681,-0.016949688640032805,0.9864767526468081,0.9996811443482657
NDUFC2,1.2026819479144482,0.9649222913389948,1.4007467957167556,0.6888627511335826,0.4909096419579877,0.9996811443482657
NDUFC1,1.7068299287116946,-1.5750797099940832,1.1183867426187872,-1.4083497684404902,0.15902752546549126,0.9996811443482657
NDUFB9,2.3017604590656497,0.01773015634498296,0.9098660529479046,0.01948655660636909,0.9844529612823083,0.9996811443482657
NDUFB8,1.807556905941364,-0.5733059008780519,1.0198205637672397,-0.5621635033130213,0.5740046250555273,0.9996811443482657
NDUFB6,2.5236371477458794,0.004026513328973972,0.9394268919807645,0.004286138030905356,0.9965801671106204,0.9996811443482657
NDUFB5,4.074855382709977,0.2730382621716966,0.6867508404441477,0.3975798005505351,0.6909399525351304,0.9996811443482657
NDUFB4P12,1.135069946593651,-0.7654950323200684,1.4292906955766038,-0.5355768666857883,0.5922510202190561,0.9996811443482657
NDUFB4,3.0454268729266296,-0.8843347569770721,0.7658144622642626,-1.1547637196121678,0.24818719789407817,0.9996811443482657
NEMP1,0.8100283073430886,2.0298914909121852,1.9970759382673584,1.01643180012138,0.3094238088484411,0.9996811443482657
NFE2L2,10.62099349089819,0.2705143834647351,0.4825086891757831,0.5606414755490213,0.5750419712384878,0.9996811443482657
NFE2L1,1.4976514174869755,-0.8141285709240238,1.2121869406606571,-0.6716196517348335,0.5018258643303739,0.9996811443482657
NFATC2IP,1.8233436807811771,-1.4686703636522935,1.0273166543436425,-1.4296179833574625,0.15282669127732995,0.9996811443482657
NFATC2,3.322803433839289,-0.25770604813918213,0.7534448543015783,-0.3420370404919259,0.7323230172092315,0.9996811443482657
NFATC1,1.102003370728772,0.24900685060441893,1.416514981498394,0.17578836359430433,0.8604602117858839,0.9996811443482657
NFAT5,3.117693750008855,0.06913752044695036,0.796424420045474,0.08680989521014783,0.930822622079579,0.9996811443482657
NF1,1.0601623825837219,0.08893013847129928,1.3450295475734704,0.06611760955864175,0.9472841911273413,0.9996811443482657
NEU1,2.746910591400609,-0.20378363973137195,0.8731748923421438,-0.2333823859556438,0.8154644895430608,0.9996811443482657
NET1,9.426217549475187,-0.43428992841941333,0.48750113642653525,-0.8908490585331371,0.3730101522832734,0.9996811443482657
NONO,9.379327481151,0.07094969938314305,0.4458410557668131,0.15913675617225267,0.8735611299600461,0.9996811443482657
NEMF,2.602759483795081,-0.7886519494786612,0.8754888180120686,-0.9008132751134574,0.3676876080727991,0.9996811443482657
NELFE,1.2214819599304287,-0.7254441735339635,1.295774880292925,-0.5598535552487084,0.5755793305250896,0.9996811443482657
NELFCD,2.324031309221371,-0.14681150131838006,0.8946039629246128,-0.16410781463389482,0.8696462700316211,0.9996811443482657
NEK9,1.0210771195867636,-2.3194781187576075,1.4609062194333913,-1.5876981615268988,0.11235460897889496,0.9996811443482657
NEK7,1.9238154760872526,-0.33846746106133846,1.0126461341032107,-0.33424060949097667,0.7381980023851251,0.9996811443482657
NEGR1,1.4502239962067702,0.24775727230309086,1.1944916422728322,0.2074164971398778,0.8356845998832811,0.9996811443482657
NEDD9,1.4494908019853656,-1.3423190173292556,1.1443188270643283,-1.173028867114669,0.24078422973672553,0.9996811443482657
NEDD8,2.657603376012747,0.9255363380903696,0.894272222472085,1.0349604011313909,0.30068740465773414,0.9996811443482657
NEDD4L,1.0721541275916613,0.13777621501928017,1.3453770509424268,0.10240713926461652,0.9184335171532259,0.9996811443482657
NUB1,4.1035287477152504,-0.3384871047411473,0.6939588382925305,-0.48776250991195225,0.6257180691171715,0.9996811443482657
NUDT21,1.4721185778676442,-1.2240624277696415,1.3898929883429691,-0.8806882530064196,0.37848657658362594,0.9996811443482657
NUDT16,0.9156672063675878,-0.14421077944546296,1.4555373264458675,-0.09907734884243537,0.9210768565898838,0.9996811443482657
NUDT1,0.9857753793325197,-1.700907292564295,1.4368447773728028,-1.1837794307011487,0.2365003866266474,0.9996811443482657
NUDCD2,0.8956847294056498,-2.872773498433794,1.6808173958182158,-1.7091526453623704,0.08742267795612886,0.9996811443482657
NUDC,3.2667161220005836,-0.886235311586487,0.8428206115983053,-1.0515111986948813,0.29302386877865483,0.9996811443482657
NUCKS1,10.205512034668462,-0.6134568326085255,0.4605550980495614,-1.3319944458469766,0.18286201363721477,0.9996811443482657
NUCB1,3.7912932046773933,-0.8355852109373805,0.7485977471345774,-1.1162005417939964,0.26433630264770835,0.9996811443482657
NUBPL,0.9438767365840746,0.5280282072165295,1.4151107057209789,0.37313561764590464,0.7090475108166072,0.9996811443482657
NUBP2,1.5436847205481063,-1.5685348495844624,1.2236841083702081,-1.281813532475756,0.1999080659152821,0.9996811443482657
NUDT5,0.7972836016316253,-1.872849924941952,1.709594046789772,-1.095493943991404,0.27330029722310567,0.9996811443482657
NTPCR,1.0208822593303188,2.2697972004441342,1.810358974618988,1.2537829415416577,0.20992091113196532,0.9996811443482657
NT5DC1,0.9592088569923324,-0.7217163270795846,1.4617512057920976,-0.4937340391578463,0.6214940222803637,0.9996811443482657
NT5C3A,0.8345922171627227,1.0966569498825258,1.6743627439689772,0.6549697512278407,0.51248722964457,0.9996811443482657
NT5C,1.0800732384706735,-1.3239005713949303,1.3539347738338987,-0.9778170979729538,0.32816479303616475,0.9996811443482657
NSUN2,2.014207214780799,0.1339674265140758,1.117693667685664,0.11986059363785562,0.9045935810850639,0.9996811443482657
NSRP1,1.2283241118161956,-0.1616279728166983,1.4431965948851149,-0.11199303919474993,0.9108289257674916,0.9996811443482657
NSMF,1.2380976423540893,-0.2214545563745094,1.4795455876413919,-0.14967741327088122,0.8810191290068831,0.9996811443482657
NSMCE4A,0.9445511668464448,0.5961052960475653,1.5087661516896984,0.3950945581460551,0.6927731048336423,0.9996811443482657
NSMCE3,1.5713701796996848,-0.44440984762444596,1.259611461883391,-0.35281502357874495,0.7242271199852044,0.9996811443482657
NUP62,4.342778336222562,-0.7383086343231189,0.6311788587727271,-1.169729663884333,0.24210977662251287,0.9996811443482657
NXT1,1.1277427768771986,0.42666501746881785,1.5286654058554068,0.27910948716083867,0.7801608026392106,0.9996811443482657
NXF1,3.9815220007132024,-0.2843061456443244,0.6662911564756516,-0.42669956351839083,0.66959816851714,0.9996811443482657
NUTF2,6.799563605095423,0.15921071728288505,0.5177482349841518,0.3075060551152984,0.7584582148470185,0.9996811443482657
NUSAP1,2.1460515853077315,-1.6896589558865214,1.1215568624344256,-1.506529907203266,0.13193119561298977,0.9996811443482657
NUS1,1.3234488160382973,0.6472592533469763,1.184077517655203,0.5466358778846899,0.584628915212,0.9996811443482657
NUP98,2.011024691251138,0.5883968342959125,1.0198504323765185,0.5769442416421727,0.5639771226414444,0.9996811443482657
NUP93,2.107818027211784,0.3414767212233967,1.0353921257178147,0.32980424782220397,0.7415478775056396,0.9996811443482657
NUP88,1.1952690683611236,-1.1661899408056773,1.37802035781407,-0.8462791817209322,0.39739701867826227,0.9996811443482657
NUP85,1.1259748833641874,-0.7400932630335155,1.2674056934260194,-0.5839434577833669,0.5592583538066753,0.9996811443482657
NSMCE1,1.6279054402473503,-0.8927401975273926,1.3050607693309335,-0.6840602510679058,0.49393712038970305,0.9996811443482657
NUP58,1.425417274439174,0.07944961479420648,1.2276012510336094,0.06471939868692045,0.9483974172831878,0.9996811443482657
NUP50,3.719428981307363,0.1864782995078886,0.7542602426311773,0.24723336716963074,0.8047276234010435,0.9996811443482657
NUP210,2.5338635193751475,-0.7613179465956127,0.9054334134314059,-0.8408326170671951,0.4004417117064716,0.9996811443482657
NUP205,1.1406445508905385,-0.7248150580611484,1.2657634779449902,-0.5726307250055201,0.5668947516385152,0.9996811443482657
NUP155,0.7376723282233455,-0.08598485673796084,1.618014508585376,-0.05314220378229926,0.9576186051858442,0.9996811443482657
NUP153,2.6775648556495706,-0.1315407661089507,0.9764334982673819,-0.13471554011856549,0.8928367859600682,0.9996811443482657
NUP133,1.0049814668786183,0.347248526645659,1.443253887635901,0.24060113720841167,0.8098642687081021,0.9996811443482657
NUMB,2.1206901579682835,0.2586489056967907,1.012684098166493,0.25540926945044895,0.7984070121717888,0.9996811443482657
NUFIP2,6.9764566897500035,0.026663211646938054,0.5098536721327311,0.05229581172850075,0.9582929905089272,0.9996811443482657
NPIPP1,0.9327753351773713,0.13397368105286045,1.5734570554825114,0.08514606775319744,0.9321452664869356,0.9996811443482657
NR1H2,1.3296942845340667,0.2997305413085078,1.4701027510879816,0.20388407618901855,0.8384440890742779,0.9996811443482657
NR1D2,1.0196511344049695,0.3754537123313754,1.5089506925902012,0.2488177474420237,0.8035017622883369,0.9996811443482657
NQO2,0.9716555528602877,-0.5044034023117103,1.5282323849660224,-0.33005674220346065,0.7413570880344137,0.9996811443482657
NPTN,2.705865925347178,0.19449320026670439,0.8978304262840636,0.21662576202910827,0.8285000072345894,0.9996811443482657
NPM1P6,0.7025720418990073,0.8601772128414484,2.0536044162540197,0.4188621752238427,0.6753168619980936,0.9996811443482657
NPM1P39,1.8150332840119776,0.3766454812570198,1.1021944806572603,0.34172325108398166,0.732559172526425,0.9996811443482657
NPM1P27,8.278906651435666,0.012311135022912497,0.511632385404043,0.024062462373624433,0.9808027853329795,0.9996811443482657
NPM1,16.52295441030595,0.29877752164625637,0.3503415201158436,0.8528179062175185,0.39376029240060606,0.9996811443482657
NPLOC4,1.54174724264036,0.27780792194925624,1.379132822552718,0.20143666904761587,0.8403571450471382,0.9996811443482657
NR3C1,3.287566776743877,-0.43546116427572973,0.8062101362746117,-0.5401335764493573,0.5891049166253121,0.9996811443482657
NPEPPS,1.4840480562795515,-0.4126041727511046,1.1425299906932265,-0.3611320281411242,0.7180007515645104,0.9996811443482657
NPC2,10.971314743126406,0.6418298795824994,0.4361233984924878,1.4716703616477822,0.14110991487770366,0.9996811443482657
NOTCH2,2.556971560084994,-0.2085978927258494,0.908749232756527,-0.2295439547091614,0.8184461615529122,0.9996811443482657
NORAD,3.9554273791523498,0.15446607568403536,0.7198576899098823,0.2145786283166228,0.8300958579426166,0.9996811443482657
NOP58,5.460604848697369,-0.694929883365296,0.6329636812488574,-1.0978985113240263,0.2722488080994957,0.9996811443482657
NOP56,1.759011483342563,-1.7434591855079118,1.0852997826297777,-1.6064309727247483,0.10817925016003077,0.9996811443482657
NOP53,2.8862937172894196,0.017554512820222995,0.8563424132159074,0.020499408355004627,0.9836449840424254,0.9996811443482657
NOP2,2.43790241059267,0.28695572161484134,1.0696491691583847,0.26827087786233894,0.7884908209594799,0.9996811443482657
NOP10,3.4945904270790056,-0.051775539776737434,0.7257576997348198,-0.07133997999009226,0.9431271768400492,0.9996811443482657
NRM,1.6507589100765083,-0.07582681139684319,1.1282323327466275,-0.06720850767700165,0.946415712293846,0.9996811443482657
NSMAF,3.5701483997820684,-0.03482235095039402,0.7549359549723509,-0.046126231928732775,0.9632096382001949,0.9996811443482657
NSL1,1.558360391581549,-0.2452755200272583,1.1572914930810154,-0.21193927501728205,0.8321544094934883,0.9996811443482657
NSFL1C,1.2990567303579605,-2.47728098230917,1.406815096690798,-1.7609144145072027,0.07825288981985719,0.9996811443482657
NSF,1.471001685904688,-0.42476590248746954,1.192065939348119,-0.35632752221722963,0.7215953004349648,0.9996811443482657
NSD3,2.4648013029399953,-0.03985600891080431,0.930994394553998,-0.042810149173774265,0.9658528735372917,0.9996811443482657
NSD2,1.3262748375552302,-1.2341094949878655,1.2442517721443962,-0.9918486938225927,0.3212713400602193,0.9996811443482657
NSD1,2.3386034633932296,0.09087123743994414,0.9133457230188733,0.09949270593788764,0.9207470789848562,0.9996811443482657
NSA2,4.812154825459287,0.5013902754256399,0.6667112598932105,0.7520351096304408,0.452029945155751,0.9996811443482657
NRROS,1.6313752575197105,-0.38108737449704805,1.1422678766007945,-0.333623471607293,0.7386637043190505,0.9996811443482657
NDUFB3,3.155499759144284,-0.40819351350242494,0.7753468591413125,-0.5264656826681344,0.5985646896798704,0.9996811443482657
NRIP1,1.071037235628705,1.5261939907022795,1.464448641900984,1.0421628639165827,0.29733617712625904,0.9996811443482657
NRDC,3.3508124456186654,-0.32971501018129434,0.7811508804625024,-0.4220887647032764,0.6729602283733771,0.9996811443482657
NRBP1,2.070446554918285,-1.4197044029248795,0.998698156948833,-1.421555044481389,0.15515546331027527,0.9996811443482657
NRBF2,3.178840636978989,-0.10713112204142503,0.8508501274581367,-0.12591068460137952,0.8998026249013935,0.9996811443482657
NRAS,1.611840214105947,1.264418926329054,1.4458692467311243,0.8745043365350634,0.381843659632933,0.9996811443482657
NRARP,9.275437857310141,0.22847775039909984,0.4639210279079776,0.49249276634302547,0.6223710343726284,0.9996811443482657
NR4A3,15.548824472502702,0.24328973114936978,0.4087712812359457,0.595173248017248,0.5517276704948193,0.9996811443482657
NR4A2,11.967625011410307,0.32075527714225094,0.4105440565047365,0.7812931938975722,0.4346300722186245,0.9996811443482657
MXD1,8.030057416597984,0.34083636118414035,0.5298927940392428,0.6432175810243207,0.5200829269673137,0.9996811443482657
MYL12A,13.07439500104381,-0.028137036502956427,0.37635931201187184,-0.07476110090792407,0.9404047921440303,0.9996811443482657
MYH9,11.957882844684546,-0.020065912486652036,0.3966991650024362,-0.05058218987309643,0.9596584550783612,0.9996811443482657
MYDGF,2.0494933862704428,-2.2276156454424507,1.0852141452587951,-2.0526968388448554,0.04010198883418509,0.9996811443482657
MYD88,5.045121577230091,-0.02898924368691206,0.6745647541988219,-0.042974738164822265,0.9657216712685878,0.9996811443482657
MYCL,0.7352229354885985,-0.6806056928593607,1.7363569679163438,-0.39197337035834195,0.6950778899437009,0.9996811443482657
MYCBP2,2.547758122191804,0.7749114873518884,0.9037814634678321,0.8574102464754407,0.39121819846975703,0.9996811443482657
MYBL1,0.910715934910075,2.263713214490698,2.0494181295784935,1.1045638670895719,0.2693486150445529,0.9996811443482657
MYADM,14.783019835954663,-0.2804045427970223,0.36527046794015205,-0.7676627797979151,0.44268755421354045,0.9996811443482657
MXD4,0.9355457427541123,2.3285770247300492,1.921321798138664,1.211966171927017,0.22552533001764152,0.9996811443482657
MYL12B,12.613061736710574,0.4656885387023403,0.41149676873696556,1.1316942782605781,0.2577629878970439,0.9996811443482657
MX2,2.726104434334478,0.14568557644538002,0.8410882473169791,0.1732108098170534,0.8624857270647412,0.9996811443482657
MX1,2.782996620608701,0.047382920572892305,0.8438318297138203,0.056152089675216316,0.9552206478032221,0.9996811443482657
MVP,1.1985814324148871,-1.0236725097198494,1.2311413243293012,-0.8314825353437988,0.40570109033913604,0.9996811443482657
MTSS1L,1.5900233793174463,2.9959882659321653,1.749083917219829,1.7128899513834033,0.08673278728109905,0.9996811443482657
MTRR,0.9245815470004587,-0.09164854589020584,1.4095291140626667,-0.06502068313158037,0.9481575323412315,0.9996811443482657
MTPN,12.964796814257948,-0.09026194671456544,0.4041332033602592,-0.2233470201509343,0.8232654345857378,0.9996811443482657
MTND2P28,1.8137028796606969,-0.6160719372149314,1.087627629141542,-0.5664364537164188,0.5710971197051853,0.9996811443482657
MTND1P23,1.1918229347418776,2.684114783932905,1.8249785898808724,1.4707650811991795,0.1413546588563028,0.9996811443482657
MTMR6,1.8952667491881967,-1.4867513803831125,1.0365455483483106,-1.4343328981077434,0.15147728645295583,0.9996811443482657
MYSM1,0.7992441140437376,-0.44496659779732495,1.6612273451591424,-0.2678541255018277,0.7888116062665191,0.9996811443482657
NAA20,0.8789146464351344,-0.08255112004665141,1.6944341808827448,-0.048718988897901584,0.9611432428918973,0.9996811443482657
NAA15,1.3320694330334386,-1.0866374481431609,1.2368827606827932,-0.8785290592483536,0.37965667492916444,0.9996811443482657
N4BP2L2,1.3334839111260735,0.5793234269748239,1.2950440456301913,0.4473387827461226,0.6546304688895467,0.9996811443482657
N4BP2L1,0.6369112061805517,-0.3940561850965794,1.6190834498773834,-0.2433822574904475,0.8077092871218936,0.9996811443482657
N4BP2,3.616792289278297,0.7495587210633764,0.7904167191707364,0.9483082820537677,0.3429725358464576,0.9996811443482657
N4BP1,1.992141384618472,0.578984894476738,1.2000185099966059,0.4824799698117786,0.6294650241212004,0.9996811443482657
MZT2B,2.971944655034159,-1.016405098383209,0.8698019227442536,-1.1685477714011225,0.24258588153305316,0.9996811443482657
MZT2A,2.2474217580256024,-1.2176573104702628,0.9977266580202502,-1.220431769244707,0.2223012401901049,0.9996811443482657
MZT1,0.8432875021070687,0.2028617009045478,1.5428538334887538,0.13148471780105703,0.8953918750458127,0.9996811443482657
MTMR14,1.1731076531830507,0.9106144070609459,1.346170371597689,0.6764481125670536,0.49875617909014114,0.9996811443482657
MYOF,0.7729740684775894,-0.7900366884158387,1.617483293400481,-0.48843576415242107,0.6252412146808557,0.9996811443482657
MYO9B,3.4930278118820066,-0.3906746416156738,0.7513930831912866,-0.5199337741524264,0.6031097343127578,0.9996811443482657
MYO9A,4.495192648638356,-0.49114432394120044,0.6637673359260984,-0.7399344579918932,0.4593397647797909,0.9996811443482657
MYO5A,2.31733490428155,-1.495711449456801,0.9635083625096699,-1.5523595929784053,0.12057620614195863,0.9996811443482657
MYO1F,4.2677654876668285,-0.22842881848964847,0.771323297577325,-0.2961518460639373,0.7671141213803396,0.9996811443482657
MYO1E,0.9781312168592207,-0.08298037672740374,1.4742919523732658,-0.05628490109698064,0.9551148469453719,0.9996811443482657
MYO1C,1.2547431361163535,-1.4830352256731287,1.3907972744086883,-1.066320198465773,0.2862789218865419,0.9996811443482657
MYLIP,1.9197818394352402,-0.2880639769645011,0.9869921502637359,-0.29186045389269516,0.770393320868014,0.9996811443482657
MYL6,21.291736115006117,0.35744052591285713,0.29992043874453056,1.1917844859426925,0.23334576045520694,0.9996811443482657
MT-CO3,45.96170153869707,0.2597975818241127,0.2144382567316326,1.2115262723351035,0.2256937718865082,0.9996811443482657
MT-RNR1,29.813628461497355,0.2696203558452518,0.2575847673037329,1.0467247681899101,0.29522653690045486,0.9996811443482657
MT-ND6,25.99663157245702,0.1570273349038671,0.2695128461196631,0.5826339529439251,0.5601397437151313,0.9996811443482657
MT-ND5,33.07953917465336,0.11285073158314386,0.24367077466384865,0.4631278894189298,0.6432727002807455,0.9996811443482657
MT-ND4L,19.941718988617367,-0.19938933902704226,0.31763659052319065,-0.627727865667557,0.5301822275740213,0.9996811443482657
MT-ND4,47.0405051992754,0.2757363211172972,0.21346369131299683,1.2917246929502004,0.19645250290377048,0.9996811443482657
MT-ND3,41.28981355213867,0.3622277126527099,0.21949183904659716,1.6503015065439886,0.0988812843169839,0.9996811443482657
MT-ND2,40.95331604246269,0.26803794699161254,0.22300316469868434,1.2019468304576661,0.22938412877309788,0.9996811443482657
MT-ND1,41.06645371661061,0.30801866820055285,0.22222839462681482,1.386045508351012,0.1657330078523821,0.9996811443482657
MT-CYB,42.68225014628306,0.38855491179359763,0.22790803885857466,1.7048758514161506,0.08821758105083109,0.9996811443482657
MT-RNR2,52.9668907349178,0.273615862564959,0.20497834766398343,1.334852513366395,0.1819246223347405,0.9996811443482657
MT-CO2,45.60907394612237,0.2098106969419926,0.2070300924808956,1.0134309192821986,0.3108543770152721,0.9996811443482657
MT-CO1,51.96363572245618,0.2570976772441497,0.19832477958944533,1.2963467186317865,0.19485605977186826,0.9996811443482657
MT-ATP8,23.470836105510568,0.1867613595066777,0.2954721927018269,0.6320776171825625,0.5273361602346074,0.9996811443482657
MT-ATP6,42.89699457466013,0.28293845121333594,0.21867189837571396,1.2938948868830031,0.19570173090025478,0.9996811443482657
MSRB1,1.3988274753106862,-0.6599957277845787,1.5450968723414127,-0.42715491798545474,0.6692664949114384,0.9996811443482657
MSRA,1.5273186209905318,-0.1241625498445538,1.1436497481290056,-0.1085669367283838,0.9135459863676073,0.9996811443482657
MSN,10.516991335504088,-0.22582184330686478,0.422903037010528,-0.533980188232233,0.5933552411425622,0.9996811443482657
MSL3,2.8917735613681246,-1.08818539851028,0.8134379153218173,-1.337760851828213,0.18097440724324476,0.9996811443482657
MSL2,1.1043904408513001,0.8686235630071609,1.5970802276642773,0.5438822345684656,0.5865225148409365,0.9996811443482657
MTCO3P12,0.9921501792639775,-1.6385109954144887,1.4283006130198426,-1.147175167803226,0.2513092323765681,0.9996811443482657
MTMR10,2.283378306564543,0.6902581721351626,0.983398135054615,0.7019112072007617,0.48273453928607435,0.9996811443482657
MTMR1,2.0649747150328617,-1.7468830596639937,1.0174855817982098,-1.7168627162035204,0.08600425855034832,0.9996811443482657
MTIF3,1.3006086547747984,0.23206269750111397,1.325968098623869,0.17501378633615383,0.8610688008459638,0.9996811443482657
MTHFR,1.3004802588319055,-0.7120566428845189,1.2438309197267263,-0.5724706080155653,0.567003192638815,0.9996811443482657
MTHFD2,2.831003070178207,-0.898625091748225,0.8046968161455725,-1.116725049382649,0.2641119040422035,0.9996811443482657
MTHFD1L,1.7611218431731714,-0.4288030438940814,1.0939598245444735,-0.39197330127972074,0.6950779409848622,0.9996811443482657
MTHFD1,0.9184147608698578,-1.4035479819149104,1.4051654287686808,-0.9988489278054701,0.3178678800118844,0.9996811443482657
MTF2,0.8744181593850975,-1.027980671825988,1.6307155913921294,-0.6303862410173002,0.5284419106329798,0.9996811443482657
MTDH,15.06019566642619,0.15259958270741136,0.42884298132549603,0.35584022440042407,0.7219602233888133,0.9996811443482657
NAA38,1.3410369901399108,0.07043633438174587,1.3780196119427646,0.05111417411719059,0.9592345414451077,0.9996811443482657
MTCO1P12,0.8766045810945948,1.033887998451895,1.6212564490780912,0.6377078709785879,0.5236638609239378,0.9996811443482657
MTCH2,2.8022584370935575,-0.6515173031941868,0.8283065982562049,-0.7865653908417435,0.4315363258104151,0.9996811443482657
MTCH1,6.071480471481148,0.07135662680344178,0.5728416182244842,0.1245660659653375,0.9008670945352634,0.9996811443482657
MTATP6P1,20.113067590746187,0.05706335258715691,0.3159055499326726,0.18063421994111387,0.8566546940624508,0.9996811443482657
MTA2,3.3845019306090895,0.10795567441234925,0.7385393255815028,0.14617457821538254,0.8837835736258243,0.9996811443482657
MT2A,2.743986728854222,1.315159113072281,1.0021026355606037,1.312399614972118,0.18938533673624136,0.9996811443482657
MT-TL1,2.1324621524660556,1.7477207486747464,1.1761079061756028,1.48602074647885,0.13727363350401925,0.9996811443482657
MT-TF,2.097776078515148,0.5010523069875668,1.059958356159686,0.4727094268145773,0.6364205001809609,0.9996811443482657
NCOA6,2.157277044879474,0.9787957629417537,1.0407384822976293,0.9404819554484762,0.3469704012019258,0.9996811443482657
NDRG2,4.818666311854525,-0.4112664754666787,0.7574555623508802,-0.542957892064651,0.587158794777126,0.9996811443482657
NDRG1,4.152209893538927,0.23102205301416706,0.7909343795421666,0.29208750939350303,0.7702197165410264,0.9996811443482657
NDFIP1,4.718794575972078,0.1551188127162895,0.6349396403833903,0.2443048171045446,0.8069947529840943,0.9996811443482657
NDEL1,12.356884974992042,0.35858717357907094,0.40355751531699974,0.8885652229705003,0.37423678832567286,0.9996811443482657
NDE1,0.8616961471549068,-1.8603427239972545,1.6386401722419897,-1.1352966658030428,0.2562510387554533,0.9996811443482657
NCSTN,2.545610475198412,-0.03749055371223427,0.901394562086698,-0.041591723856692575,0.9668241709400405,0.9996811443482657
NCOR2,7.098792128371245,-0.046543217450960246,0.6394851698000049,-0.07278232498419995,0.9419793362682929,0.9996811443482657
NCOR1,3.2386871664944246,-0.31897399148095573,0.7471839697110707,-0.4269015455514926,0.6694510397695076,0.9996811443482657
NCOA7,8.489147483387226,0.29846637219064415,0.48088767122124665,0.6206571514563238,0.5348252276563066,0.9996811443482657
NDUFA1,10.067010914574817,-0.22068809151511945,0.43204514663256244,-0.5107986821173716,0.6094920320793356,0.9996811443482657
NCOA4,4.606508340733362,0.24259888873884056,0.6374078052886545,0.38060231883884443,0.7034983603945673,0.9996811443482657
NCOA3,4.1689713879478045,-0.30485894281422277,0.7532025918391123,-0.4047502572579332,0.6856610959987894,0.9996811443482657
NCOA2,0.9466242910863446,-0.7605128366689514,1.322188590541102,-0.5751924060679677,0.5651611780614625,0.9996811443482657
NCOA1,2.0634033282315487,-0.4014311624246647,0.9457922931125508,-0.42443902889457547,0.6712456622849668,0.9996811443482657
NCL,13.486456887997228,0.09178840805178673,0.37031147308010925,0.24786811839321596,0.8042364480989974,0.9996811443482657
NCKAP5L,0.7745702897753182,0.12195338184270836,1.940807565033135,0.06283641100740778,0.9498967713545776,0.9996811443482657
NCKAP5,2.09927437959357,-0.19583200781116558,1.1351369828842977,-0.17251839272611064,0.8630300028352067,0.9996811443482657
NCKAP1L,7.2635015567153935,-0.3287779171497269,0.5359249217249241,-0.6134775671404208,0.5395606112753477,0.9996811443482657
NCF2,1.1632606458208141,-1.2674039719963042,1.4321900977392454,-0.884941163883858,0.3761883650251706,0.9996811443482657
NDUFA9,0.9929383307097748,0.6150819493632287,1.5024432608585183,0.40938780544149256,0.6822550873570375,0.9996811443482657
NDUFB2,8.721754793600466,-0.5029456035773553,0.4736334184804232,-1.0618879157449987,0.28828657166136284,0.9996811443482657
NDUFB1P1,0.6206934209720044,-1.2222801707157305,1.8128452257641436,-0.6742330527420065,0.5001631589968043,0.9996811443482657
NDUFB11,5.6937098327763875,-0.898138333885478,0.5726962492596324,-1.5682629928981884,0.11681976870794078,0.9996811443482657
NDUFB10,2.180777910604905,-1.0654577021543468,0.9792533916977454,-1.0880306478256336,0.2765815779094861,0.9996811443482657
NDUFB1,5.048590578193455,0.9220721104798153,0.6631150198627838,1.3905160988068355,0.16437221417243364,0.9996811443482657
NDUFAF8,1.6727675093492698,0.6103207539380429,1.3391679208432505,0.45574624693349475,0.6485724617793063,0.9996811443482657
NDUFAF4,1.0339086225519099,-0.8615591998545544,1.5391841971224303,-0.5597505493268939,0.5756495977841138,0.9996811443482657
NDUFAF3,2.1461845300756504,-1.236065276616664,1.0349399450738992,-1.1943352679545125,0.23234684705382647,0.9996811443482657
NDUFAB1,3.271222947645013,-0.8915150970570365,0.7932260621316162,-1.1239104961595572,0.26105099807558996,0.9996811443482657
NCBP3,2.404858083238407,0.08059666000316663,0.9084051241631532,0.08872325558204486,0.9293018501363505,0.9996811443482657
NDUFA8,1.4626795271055302,0.5988166023439688,1.147178664190999,0.5219907073204327,0.6016768007135165,0.9996811443482657
NDUFA6,3.2387086948627504,-0.7507222169042138,0.7879187123592502,-0.9527914556773762,0.3406957443038815,0.9996811443482657
NDUFA5,2.007743951876159,0.15473303494081944,1.045853042565142,0.14794911774727829,0.8823829243521267,0.9996811443482657
NDUFA4,9.23675094847147,0.40289233043954625,0.5111626087486896,0.7881881881497834,0.4305866371796031,0.9996811443482657
NDUFA3,2.8267081697081062,-2.125379395571383,0.9293869616505124,-2.2868616445800893,0.022203899995337003,0.9996811443482657
NDUFA2,2.338054134118077,-0.3904201033748016,0.8800582776818049,-0.4436298291554306,0.65731023586239,0.9996811443482657
NDUFA12,3.0715651599732205,-0.040926007243698964,0.8909662585335281,-0.04593440756225772,0.9633625298418638,0.9996811443482657
NDUFA11,1.1005317386392943,-1.4058510669372126,1.3949976836184046,-1.0077802160148797,0.31355998561742915,0.9996811443482657
NDUFA10,1.2642602936057916,-0.4775992513970346,1.1692607391673018,-0.40846257417071974,0.6829341018289784,0.9996811443482657
NADSYN1,1.157674212685659,0.3570670070292539,1.2924144606991805,0.27627902494690826,0.7823337648573336,0.9996811443482657
NAP1L1P3,2.8884772751673746,0.5421585854841726,0.8293682154258216,0.653700703017432,0.5133046502441139,0.9996811443482657
NAP1L1P1,1.8195025287557156,-0.4247864244063806,1.1520424917344871,-0.36872461515445715,0.7123329993540446,0.9996811443482657
NAP1L1,28.627774727246138,0.2344339607278855,0.27410233943249834,0.8552789487797064,0.3923967387275036,0.9996811443482657
NANS,1.0631839499989095,-0.4240332394875462,1.5170814803738544,-0.27950590984938506,0.7798566032769401,0.9996811443482657
NAMPTP1,7.242724439273502,0.10228327002755784,0.581479644307833,0.17590172077186159,0.8603711534508864,0.9996811443482657
NAMPT,13.417965275068171,0.4593743717198575,0.45992846754084626,0.9987952565233645,0.3178938843645973,0.9996811443482657
NAGK,2.704884858573819,-0.9055644430648956,0.8066332038127418,-1.1226471198861292,0.26158739478823545,0.9996811443482657
NAGA,4.8548854715637635,-0.7217809741300144,0.6558966825298641,-1.1004491917020034,0.27113645546340936,0.9996811443482657
NAF1,2.5852278768800514,0.4556962398475157,0.9468798006203226,0.4812609156399563,0.6303310714905452,0.9996811443482657
NAP1L4,2.1160942791678594,-0.5946637164657228,0.9659312362642076,-0.6156377329359568,0.5381336417968448,0.9996811443482657
NACA3P,1.8437571681118494,1.5830979240534657,1.1573710207729349,1.3678396085951892,0.17136228657204722,0.9996811443482657
NACA2,3.393520211817374,0.3524476904889385,0.7399027767598084,0.47634324611184975,0.633829860458714,0.9996811443482657
NACA,16.798433894156176,0.17456682855477623,0.33433755700249856,0.52212748732106,0.6015815693252158,0.9996811443482657
NABP2,1.061133289620131,-1.0884846765871077,1.726006875167646,-0.630637509182218,0.5282775674552895,0.9996811443482657
NABP1,7.60512193746807,0.19688273115339325,0.5042030588730204,0.3904830160956572,0.6961794117360061,0.9996811443482657
NAB1,1.9194872437312056,0.862315904303847,1.0157703991997495,0.8489279713045407,0.3959213733152719,0.9996811443482657
NAAA,16.558293107632785,0.46984857174414746,0.3482722928461163,1.349083982261401,0.1773099925315652,0.9996811443482657
NAA50,2.9639169146943734,-0.6630879815713832,0.8023770004226327,-0.826404522091383,0.40857465906948276,0.9996811443482657
NAA40,1.1758724540331005,1.239747585703936,1.7003493081726357,0.729113470829292,0.46593225514549375,0.9996811443482657
NBEAL2,1.2004631990353403,-2.239350959082589,1.481509925326049,-1.5115328765615628,0.13065273882485165,0.9996811443482657
NCBP2,2.879707763897998,-0.10546931098297414,0.9291257854088567,-0.11351456674573181,0.9096226151321521,0.9996811443482657
NCBP1,0.8613791543980601,-1.0959756529950042,1.5365011809292746,-0.7132930755914937,0.4756644213980472,0.9996811443482657
NCAPH,1.722844890699298,-1.8410865576435094,1.1030140499720722,-1.6691415287866234,0.09508933473299801,0.9996811443482657
NCAPG,0.6920688450973547,-3.229716645447392,2.06166283341919,-1.5665590867208041,0.11721778732685317,0.9996811443482657
NCAPD2,1.0425398998905533,-1.0554522764503138,1.3288165925793336,-0.7942798745473225,0.4270325175883347,0.9996811443482657
NCAM1,1.2321966731699363,-1.9376145616451705,1.3615814082022817,-1.4230618529107524,0.154718225536212,0.9996811443482657
NCALD,0.9771122062072787,1.189443143080717,1.8293469236904973,0.6502009693607772,0.5155624149937703,0.9996811443482657
NBR1,2.4512741377726135,0.269960829826137,0.9755794461285865,0.2767184475825404,0.7819963056830749,0.9996811443482657
NBN,3.443435846064579,1.269400420396688,0.9211450531689733,1.3780678906428772,0.16818232809588407,0.9996811443482657
OAS2,0.989595028310303,0.09367311260718407,1.444702000708348,0.06483905508627763,0.9483021453964592,0.9996811443482657
NBDY,0.9193004256701472,0.421354672932523,1.504724636569982,0.2800211166163933,0.7794613040024669,0.9996811443482657
NAXE,1.117722115877735,-2.487827125754988,1.4641609193662601,-1.6991487020646652,0.08929116899325172,0.9996811443482657
NAV1,3.867000601085122,-0.3061154569656134,0.6944722595988081,-0.4407886027621236,0.6593660453240826,0.9996811443482657
NASP,4.657657493187276,-0.7175861361501354,0.6725450528682962,-1.0669711019206018,0.2859848855049526,0.9996811443482657
NARS,2.5701146382974747,-0.9358729062242511,0.8602991810064639,-1.0878458644228552,0.2766631582384602,0.9996811443482657
NARF,0.7364412032979961,-1.5936009020474753,1.6143916436984258,-0.9871216245871288,0.323583017871801,0.9996811443482657
NAPSB,19.87306555264194,-0.24202126571268373,0.9224072283731379,-0.2623800619380877,0.7930284426399218,0.9996811443482657
NAPSA,1.4801371911922765,0.8698225874750949,1.474768064452628,0.5898029720340714,0.5553227499337272,0.9996811443482657
PIKFYVE,2.4298093760468795,-0.4357969127022986,0.9777187016169991,-0.44572831836146354,0.6557935062881546,0.9996811443482657
PITHD1,1.4311726013326542,0.050031670810223534,1.1651590886175431,0.04293977646398993,0.965749540943716,0.9996811443482657
PIP5K1C,1.5757032647195222,0.5180307393118037,1.2160254429491137,0.4260032076758787,0.6701055086623459,0.9996811443482657
PIP5K1A,0.8499792947953733,-0.4411147471952977,1.446386527107265,-0.3049770852591635,0.7603836047698436,0.9996811443482657
PIP4P1,0.8374308551244545,-1.8222980269976836,1.5576575051732067,-1.1698964765653344,0.24204263199917264,0.9996811443482657
PIP4K2A,2.710184810893454,-0.6819407194052938,0.8061971103227374,-0.8458734355079723,0.3976233531702974,0.9996811443482657
PIN4,0.6852983700438815,-0.34598501908865664,1.7959004484590033,-0.19265267146936443,0.8472309916682084,0.9996811443482657
PIM3,12.762739159162098,0.05940565216075546,0.40204278592875026,0.1477595276918693,0.8825325508737772,0.9996811443482657
PIM2,11.206630639723398,-0.3073276779800768,0.41851360409166566,-0.7343313932341464,0.46274678918268586,0.9996811443482657
PIM1,3.7604957479851455,0.035743977285219976,0.6897092805132542,0.051824701066253205,0.9586683733899308,0.9996811443482657
PITPNA,3.293650420440687,-1.2304044843294148,0.7709759201575348,-1.5959052055452059,0.11050995915101357,0.9996811443482657
PIK3R5,5.603829204307777,0.596735239557146,0.6212962811471647,0.960468069204166,0.33681969392856015,0.9996811443482657
PIK3R1,1.3483697073417962,-0.2033218934626064,1.2121480782511451,-0.16773684429377128,0.8667903092706563,0.9996811443482657
PIK3CG,2.5293304308041367,1.675898016833272,1.0303328548811899,1.626559814038468,0.10383062005256241,0.9996811443482657
PIK3CD,1.0842902282899711,-0.5586372139414371,1.433784308434477,-0.38962430447533836,0.6968143773475617,0.9996811443482657
PIK3CB,5.020155138679582,0.625596600734237,0.6283560386879399,0.9956084802503611,0.3194404127922936,0.9996811443482657
PIK3AP1,1.6627361956754876,0.2555075712321366,1.1615577983802867,0.2199697437255593,0.8258947185959832,0.9996811443482657
PIH1D1,1.2483595011540911,-1.4115628192410683,1.3384816714157537,-1.0546000362844075,0.29160828719560405,0.9996811443482657
PIGT,1.8277416085475728,-1.252013981050326,1.0972358867491412,-1.14106182286815,0.2538441968912496,0.9996811443482657
PIGS,1.003526257968581,0.556953310646969,1.5232218911890774,0.36564161391627115,0.7146325187330165,0.9996811443482657
PKP2,1.4042862250781873,0.6098564812131783,1.240606718133159,0.4915792186994428,0.6230168373324367,0.9996811443482657
PLD3,2.0649727336109174,-1.7461856220503877,1.0166315189967599,-1.717619008875086,0.08586613079272323,0.9996811443482657
PLCG2,4.040545945210438,0.42510207047038845,0.7375431549793785,0.5763758603146065,0.5643611572887932,0.9996811443482657
PLCB2,4.493154058424929,0.6400423256895693,0.6895598969973716,0.9281896010434738,0.35330922766222117,0.9996811443482657
PLBD2,3.3544586992818397,-0.1038772371027639,0.8386161666940377,-0.12386743927471014,0.901420234054032,0.9996811443482657
PLBD1,2.813855033719361,-0.4952453118386079,0.917405692231155,-0.5398323947981598,0.5893126242431577,0.9996811443482657
PLAUR,17.982216687463975,0.3355595985197161,0.34283862350578165,0.978768363635252,0.32769444464111297,0.9996811443482657
PLAU,1.0077733259309625,2.4680127643058394,1.8874521414390057,1.307589586045986,0.1910125509946874,0.9996811443482657
PLAA,1.0837889468730435,-0.3210324640636164,1.367078831198852,-0.23483098175259495,0.8143399200761625,0.9996811443482657
PKP4,1.4872113562247207,-0.21122576040392252,1.3701701121872767,-0.1541602451587062,0.8774833871827814,0.9996811443482657
PIGR,1.6909124608143382,3.171297740137533,1.728638260691828,1.8345641261395718,0.0665702981484843,0.9996811443482657
PKN2,0.8613791543980601,-1.0959756529950042,1.5365011809292746,-0.7132930755914937,0.4756644213980472,0.9996811443482657
PKN1,2.1602937038735637,-0.43186913877886407,0.961617379320259,-0.4491070440970405,0.6533544392292512,0.9996811443482657
PKM,16.7667177668394,-0.21886669448148016,0.33052562522683804,-0.6621776884357244,0.5078573514583308,0.9996811443482657
PKIB,4.493818842223997,0.43028862830962333,0.7629353567982646,0.5639909390428215,0.5727602986827163,0.9996811443482657
PJA2,3.351467172825407,0.7648943103849235,0.8608908712074311,0.8884916032529548,0.3742763705512384,0.9996811443482657
PITRM1,1.278325162853631,-1.4488510299499475,1.3141537078786352,-1.102497387682866,0.27024549357194094,0.9996811443482657
PITPNM1,2.3282720241814445,-0.4276080191230493,0.931025864400018,-0.45928693871315085,0.646028125952844,0.9996811443482657
PITPNC1,1.402237249692893,-0.22489025982913663,1.2119232548251415,-0.18556476982660441,0.8527860832618502,0.9996811443482657
PITPNB,2.479471394180176,-0.3477964434563123,0.8904096110654237,-0.3906027508397566,0.696090891993598,0.9996811443482657
PHACTR4,1.6913370928601168,0.5658430404991942,1.1284204340219552,0.5014469992203144,0.6160565697901854,0.9996811443482657
PHF19,1.396441989829702,-0.999813602057468,1.2485581127266738,-0.8007745829899875,0.4232621559317423,0.9996811443482657
PHF14,0.8398458066176165,-0.3770541799523221,1.5476397538365327,-0.24363174893745196,0.8075160369747914,0.9996811443482657
PHF12,1.7038628948070702,-0.7514362566933847,1.0818708317071215,-0.694571139798332,0.4873241038542372,0.9996811443482657
PHF11,3.7509003388315496,-0.1275243277269561,0.7389203530059486,-0.17258196666011918,0.8629800277088571,0.9996811443482657
PHF10,0.9607924618452625,0.1368922484166958,1.500172446869969,0.09125100831062076,0.9272931452087995,0.9996811443482657
PHF1,1.4122495770807832,-1.2138612081481017,1.4267989488722526,-0.8507584121137336,0.39490356795618964,0.9996811443482657
PHC3,1.5422206250351893,1.3055375501524589,1.4218800224499024,0.9181770118009077,0.3585262016975167,0.9996811443482657
PHC2,1.0313600314691869,-0.4704344103095391,1.3336970751266348,-0.3527295808644338,0.7242911806576862,0.9996811443482657
PHB2,2.2991650814043556,-0.21324085506488005,0.8720523194174609,-0.24452759349040773,0.8068222339592929,0.9996811443482657
PHF2,1.433167258557891,-0.16846861323901335,1.1612537873837216,-0.1450747589108573,0.8846518469048151,0.9996811443482657
PHACTR2,1.9767846703849519,0.7037844144654509,1.0800504729811857,0.6516217825661844,0.5146451921508419,0.9996811443482657
PHACTR1,2.726323857979525,0.6038383232861826,1.0039295357291003,0.6014748065437153,0.5475237869472016,0.9996811443482657
PGRMC1,0.8182132604891966,2.0453180695576836,1.9607572212789175,1.0431266285091687,0.29688964931592887,0.9996811443482657
PGM2,2.279116779193201,0.2313237056954684,0.9126244144894984,0.2534708715028906,0.7999043675305777,0.9996811443482657
PGM1,1.5591644470175163,0.923264475190386,1.1461454002597575,0.8055386995237614,0.4205088836387195,0.9996811443482657
PGLS,3.471809987215431,-0.43933739895407004,0.8223522121104929,-0.5342448071326399,0.5931721724879286,0.9996811443482657
PGK1,9.345864759872802,-0.2559755431486222,0.4417096242344805,-0.5795109028748221,0.5622444920529075,0.9996811443482657
PGD,3.108405237301647,-0.49854020120260967,0.7510484243939857,-0.6637923534755796,0.5068232203689301,0.9996811443482657
PFN1,28.693314426691956,-0.06224908698352118,0.26799313566528443,-0.23227866202240519,0.8163215844948316,0.9996811443482657
PHLDA1,1.5278408744119258,1.2861289383853347,1.3694471568984694,0.9391592307206403,0.3476489974619874,0.9996811443482657
PIGP,0.7717158676984811,-1.3109647792801786,1.6804226446757808,-0.7801399150587589,0.43530852425437694,0.9996811443482657
PIGG,0.8656403853409413,-1.0318651637130405,1.6326280018152752,-0.6320271136877091,0.5273691601860448,0.9996811443482657
PIGA,0.8602583999431548,-0.8708279510387312,1.4835339284544808,-0.5869956421865891,0.557206633475198,0.9996811443482657
PICALM,12.587331313220337,0.11469007838350426,0.44074177385581825,0.2602205762801674,0.7946936332708674,0.9996811443482657
PIAS1,2.867218007108158,-0.214623884350898,0.806563828642836,-0.2660965899153136,0.7901648212085779,0.9996811443482657
PHYKPL,1.815852229557916,0.2559014531246784,1.0538572688192953,0.24282363532149032,0.8081420251172087,0.9996811443482657
PHTF2,1.4473903865412014,0.5206233890215314,1.2762145798088393,0.40794345814440874,0.683315186354551,0.9996811443482657
PHPT1,1.3742156772260252,-0.9413031113017347,1.205479699863558,-0.7808535568108497,0.4348886303165893,0.9996811443482657
PHLDA2,2.4068156686513658,-0.14972799400558132,0.974431134489087,-0.15365682469093783,0.8778803292959567,0.9996811443482657
PLEC,3.3599277783617696,-0.3408821350181972,0.9102615182522752,-0.3744881313588862,0.7080411850995334,0.9996811443482657
PHKB,0.8632571219530548,1.0607944221416354,1.5390335364590835,0.689260108380905,0.4906595967933066,0.9996811443482657
PHIP,2.545241794852201,0.027521810876901386,0.8894484337363547,0.03094255926820739,0.9753153487712106,0.9996811443482657
PHF6,1.1307064600688403,-2.0883710947798426,1.468838792103994,-1.421783728756522,0.15508904458205633,0.9996811443482657
PHF3,1.1620885002050045,-0.6141064854113717,1.4804123239525344,-0.4148212464023377,0.6782727648892823,0.9996811443482657
PHF23,0.5856546517430102,-2.182829259341249,2.1095249834357386,-1.0347491859452267,0.30078605916087375,0.9996811443482657
PHF21A,0.8241847160720484,0.2509466589959763,1.5486870187526398,0.16203833050663552,0.8712756693368338,0.9996811443482657
PHF20L1,2.208228354320481,0.3651062332605608,0.9877653668944577,0.36962850237243866,0.7116593110507528,0.9996811443482657
PHF20,1.7880310725021094,0.7841597973789868,1.0540644448237702,0.7439391407515801,0.4569132945860277,0.9996811443482657
POLDIP3,1.3565399857284381,0.7143268713059264,1.2338688033432863,0.5789325975098721,0.5626346539455673,0.9996811443482657
POLR2K,1.0518734888622001,-0.5994813125138487,1.4381782648289005,-0.41683380090935307,0.6767999771042007,0.9996811443482657
POLR2J,1.706759873014007,-0.3715529534155869,1.0705724413770825,-0.3470600765116432,0.7285461858173321,0.9996811443482657
POLR2G,1.6705367654382337,-0.8945565649381454,1.0820836538135594,-0.8266981594126137,0.4084081648665926,0.9996811443482657
POLR2E,3.060778039674716,-1.0710451872257198,0.867195055021924,-1.2350683747829283,0.2168050581535591,0.9996811443482657
POLR2B,0.8131294368589332,-0.42689832081156365,1.5276698919012088,-0.27944408872278165,0.7799040401894258,0.9996811443482657
POLR2A,6.238507012170404,0.6506757958691449,0.5804606101219323,1.12096460039289,0.2623029309449748,0.9996811443482657
POLR1D,4.934140385106364,0.11159376236074277,0.5995976566302602,0.1861144070974191,0.8523550440727621,0.9996811443482657
POLE4,1.162632337752032,-1.256390236274901,1.2646345919085755,-0.993480839693597,0.320475683298146,0.9996811443482657
POLE3,2.864550560019403,-0.5928783419335031,0.833224896622056,-0.7115465996480274,0.4767455846896189,0.9996811443482657
POLR2L,2.530305645994419,-0.08635653695828525,0.8523114058699219,-0.10132040515185223,0.9192961185774896,0.9996811443482657
POLDIP2,1.4827617587793038,-0.8801621324621899,1.1776397285497826,-0.7473950743374421,0.45482511778245316,0.9996811443482657
POLD3,1.1501852181702472,-0.7587538335173961,1.2883661069093635,-0.5889271919280428,0.5559101158929536,0.9996811443482657
POLD2,1.8769764299061187,-0.06270268505451074,1.112093258816726,-0.05638257813128619,0.9550370355127027,0.9996811443482657
POGZ,1.8380215442739978,-0.7054785586073542,1.138462585840386,-0.6196765421909642,0.5354707625344521,0.9996811443482657
POGLUT1,0.8604508034917504,-0.25872739705884074,1.530838894866035,-0.1690102060553421,0.8657886136153936,0.9996811443482657
POGK,0.8279236935935355,-1.8425984731970038,1.5625277444064043,-1.1792420837282456,0.23830179290631792,0.9996811443482657
PNRC2,7.708758027194488,0.23187146271246065,0.569604702330316,0.407074347813227,0.6839533833134411,0.9996811443482657
PNRC1,12.753378802478789,-0.011413918207377239,0.3985934031390312,-0.028635492001346578,0.9771553051593495,0.9996811443482657
PNPT1,0.9130481035655179,1.1948252017779377,1.804111478353285,0.662279031043316,0.5077924128473139,0.9996811443482657
PPDPF,9.556544860523765,-0.526736096416142,0.46680249751784164,-1.1283917700033508,0.2591545019662407,0.9996811443482657
PPIL3,1.5683643329731118,-0.15540604393753954,1.129285872073898,-0.13761444093172018,0.890545141908178,0.9996811443482657
PPIH,0.7918229338686702,0.18112316350519653,1.504314598291584,0.1204024501995088,0.9041643505449893,0.9996811443482657
PPIG,3.5870733907750725,-0.41480686450655574,0.7278160409334624,-0.5699336661700175,0.5687226897722542,0.9996811443482657
PPIF,20.848393792315093,0.5282292391439781,0.33132256461096027,1.5943050536392716,0.11086772634181004,0.9996811443482657
PPIE,0.8744265707020726,0.03299353168869517,1.5763162723467525,0.0209307816378599,0.9833008718025705,0.9996811443482657
PPID,0.9003033978540544,-2.0227756296429975,1.570723873328329,-1.2877983609918533,0.19781616298549953,0.9996811443482657
PPIAP22,10.057259483739761,-0.44797579041554136,0.4708932278533461,-0.9513319876306607,0.3414358738068335,0.9996811443482657
PPIA,18.82088998861083,0.05800099368936971,0.31356357506120774,0.18497363310788856,0.8532497164143855,0.9996811443482657
PPHLN1,2.8841867081717942,-0.48739576416554764,0.8519392640262895,-0.5721015390957581,0.5672531865018475,0.9996811443482657
PNPLA8,4.036373091866155,0.03655653637050481,0.7669570537861184,0.04766438510480059,0.9619837183939781,0.9996811443482657
PPCS,0.7392016149162179,-0.768871627787363,1.7359194037674979,-0.4429189662369501,0.6578243483786935,0.9996811443482657
PPA2,3.2244125984522443,0.6577481191632876,0.8052800360412774,0.8167942699743924,0.4140460073393559,0.9996811443482657
PPA1,11.816481255351768,-0.02891927721743063,0.39390074258443325,-0.073417676310249,0.9414737518920978,0.9996811443482657
POU2F2,2.213583479215014,0.28606060933086747,1.0130186306823243,0.28238435174503135,0.77764881245958,0.9996811443482657
POU2F1,1.1898859321200357,-0.031533306594974636,1.3066765278435941,-0.02413245047495725,0.9807469591186406,0.9996811443482657
POP4,1.5364147301491444,0.9987285912793401,1.362870210804783,0.732812694386786,0.46367267771970344,0.9996811443482657
PON2,2.4088572786488345,0.414178052715651,0.9506836719709826,0.435663370400552,0.6630809856618769,0.9996811443482657
POMP,11.151377933384273,-0.040115085739836354,0.47981539198059486,-0.08360524987380714,0.9333702927575886,0.9996811443482657
POM121C,0.7433253995348962,-1.5541444364132673,1.7300830442544903,-0.8983062643001413,0.3690222937818042,0.9996811443482657
PLEKHO2,1.6185836133056613,-0.030283366673580298,1.1705219019393966,-0.025871678798495654,0.9793596895274951,0.9996811443482657
PLPP5,1.0070310813282477,-0.06398090698444393,1.5788117583679502,-0.04052472161125928,0.9676747982312027,0.9996811443482657
PLPP3,2.2646955598566487,-1.6961214737110821,0.9874070363846963,-1.7177530756933648,0.08584166381651522,0.9996811443482657
PLPBP,1.4087915960569946,-1.0710592103625287,1.1850328753305666,-0.9038223602562546,0.36608960311716787,0.9996811443482657
PLP2,9.775112547829025,0.12551147388474232,0.49391103372714906,0.2541175744498118,0.7994047264796099,0.9996811443482657
PLOD3,1.582449184053576,-1.0326149669660483,1.2250862504179563,-0.842891646701411,0.39928904573920854,0.9996811443482657
PLK3,1.7921768972680794,-0.3195874882959636,1.1677242229230633,-0.2736840445905694,0.7843274403422917,0.9996811443482657
PLK2,1.366673473906195,0.6671317729655019,1.2314420372607857,0.5417484159055239,0.5879918315206141,0.9996811443482657
PLK1,0.6908694082772807,-0.8576257948227882,1.6177029080072014,-0.5301503697482198,0.5960076782685072,0.9996811443482657
PLIN2,2.3260623891101373,-0.4192837028499445,0.9096397496426203,-0.4609337960601138,0.6448461038518624,0.9996811443482657
PLRG1,1.353633533426362,1.2204841399904358,1.3975687125433771,0.8732909724126032,0.38250449987866286,0.9996811443482657
PLEKHO1,5.820630369979487,-0.2639333500668647,0.6405422478761031,-0.4120467478015845,0.6803051592639691,0.9996811443482657
PLEKHM3,2.898344921078036,-0.10459079289815644,0.8248805086279961,-0.12679508341410536,0.899102587197599,0.9996811443482657
PLEKHM2,0.7985147265569748,-0.4773311340699252,1.4575664818916483,-0.32748498267498494,0.74330109942941,0.9996811443482657
PLEKHG2,1.4156125902050667,0.23424444874226363,1.210720707309845,0.19347521466180417,0.8465868151584509,0.9996811443482657
PLEKHB2,8.23211642160205,-0.2472112382040953,0.5028984514039737,-0.4915728762217102,0.6230213219563776,0.9996811443482657
PLEKHA5,1.3129185433828856,-1.1716649745415912,1.1708787838334889,-1.000671453543234,0.3169856727546988,0.9996811443482657
PLEKHA3,1.544323188353838,2.016022190269941,1.4251245568536397,1.414628763903187,0.15717737066283302,0.9996811443482657
PLEKHA2,6.239774074231743,-0.41059747633805854,0.5682470446145064,-0.722568608547017,0.4699449600467718,0.9996811443482657
PLEK,24.43490787295195,-0.11064799689881395,0.29577821357067924,-0.37409109874271884,0.7083365408955067,0.9996811443482657
PMM1,1.0698025446398671,-0.12666394142597812,1.3775033711012836,-0.09195181956230937,0.9267363197605034,0.9996811443482657
PNPLA6,1.3154988225708844,0.6257595696995216,1.4146635290611707,0.4423380944264546,0.6582445685219827,0.9996811443482657
PNPLA2,3.1768838570829048,0.5064255016989838,0.8006924560742193,0.6324844175277721,0.5270703875129912,0.9996811443482657
PNP,1.161414366371095,-0.04032853350812183,1.4102165319319293,-0.028597405146622176,0.977185681632491,0.9996811443482657
PNO1,2.9302784045613275,-0.09392966944188079,0.8542682760992115,-0.10995336250900664,0.9124463618953168,0.9996811443482657
PNN,3.574504379364039,-0.5904799402682215,0.7710039821596679,-0.7658584831354845,0.4437605113480153,0.9996811443482657
PNMA1,2.2206158378769265,1.1440351918735359,0.9894670706639774,1.1562135070405488,0.24759383633053278,0.9996811443482657
PNISR,3.4781761604794084,-0.5331037880278818,0.7376069625114524,-0.7227477709981684,0.46983486058450274,0.9996811443482657
PMVK,1.4621337081365584,0.8129707354795471,1.2556706956636854,0.647439442751231,0.5173475754090353,0.9996811443482657
PMPCB,0.8477687242312704,0.32728005510269104,1.4754091863029264,0.22182324614826882,0.824451482427727,0.9996811443482657
PFKL,0.9878183808444423,0.049643537909434536,1.5537524213921263,0.03195073888602862,0.9745113354930105,0.9996811443482657
PML,0.8871818480098994,-1.4128934388712826,1.6105840325930982,-0.8772553373675718,0.3803479651828293,0.9996811443482657
PMF1,1.3998856667410988,-0.43920495549186045,1.170053195714237,-0.37537178403564464,0.7073839863597269,0.9996811443482657
PMAIP1,3.8383680234644006,0.09246632335092723,0.7314122506665165,0.1264216223705101,0.8993981872901913,0.9996811443482657
PLXNC1,2.102977230879988,-0.48671357402312054,0.9007010989182613,-0.5403719109565445,0.5889405750050906,0.9996811443482657
PLXNB2,3.365533024834784,0.23972777333238288,0.8049086541648539,0.2978322721366642,0.7658311820791288,0.9996811443482657
PLXDC2,1.3506939990893259,1.1394935147782643,1.2696476506556926,0.8974879874662771,0.36945858053791825,0.9996811443482657
PLSCR1,8.954042465941674,-0.21067450168926466,0.46251118427999266,-0.45550142104612895,0.648748545470545,0.9996811443482657
PLS3,1.220418384793014,2.426482555421456,1.8654052348519998,1.3007803934966289,0.19333363495859335,0.9996811443482657
PABPC1P4,5.2239407330552,0.21132925993363819,0.6368025912332089,0.3318599246343919,0.7399950325580115,0.9996811443482657
PAFAH1B1,4.029765614403036,0.28082922584479525,0.6934194637074462,0.4049918419412541,0.6854835076137049,0.9996811443482657
PAF1,2.1988657638304376,-0.34189737073672394,0.9510074316082968,-0.3595107244940494,0.7192130563763932,0.9996811443482657
PADI2,6.662164281755157,1.177651683838415,0.6501865230448722,1.8112520670582095,0.0701018417846648,0.9996811443482657
PACSIN2,4.2817405658535215,0.23895204234376552,0.6641900203229097,0.3597645779555586,0.7190231946213541,0.9996811443482657
PACS2,1.3000248842580602,-0.14780583280269818,1.3388244657939188,-0.11039971002849114,0.9120923830880514,0.9996811443482657
PACS1,4.336196914004702,-0.29528863985776055,0.6594770434259426,-0.44776181794555614,0.6543251021756262,0.9996811443482657
PABPN1,3.2563981121607752,0.05527753053305492,0.7374268994664164,0.07496001376279107,0.9402465267381589,0.9996811443482657
PABPC4,8.826670203990021,0.13201706576351466,0.48335714639838834,0.2731253003026973,0.7847568990088851,0.9996811443482657
PABPC3,1.8853023954399182,0.47024763969224725,1.0129530140940846,0.4642344049025851,0.642479814119371,0.9996811443482657
PAFAH1B2,1.9514297775958078,0.5898796888784295,1.0814563772067034,0.5454493600583608,0.5854445000392732,0.9996811443482657
PABPC1P3,4.67614326894857,0.22806541604199887,0.648710801481175,0.3515671629349571,0.7251628951008051,0.9996811443482657
PABPC1,36.35385251038349,0.22707176409972937,0.23958430643176556,0.9477739484760459,0.343244545617703,0.9996811443482657
PA2G4,5.206979010581271,-1.2594742512940642,0.659412079518652,-1.9099957225737156,0.05613376406322181,0.9996811443482657
P4HA1,2.7299722537361033,-0.3610948499249841,0.9523306578650017,-0.37916961608115246,0.7045619127680351,0.9996811443482657
P2RY6,2.089170831101115,-0.33799078113628106,0.9702623139918111,-0.3483499011166723,0.7275774221102516,0.9996811443482657
P2RY14,4.684069967976217,0.27319158407568966,0.6669346780081796,0.40962270081919344,0.6820827417880908,0.9996811443482657
P2RY10,3.420842095811627,-0.13431235029065364,0.7548214555655871,-0.17793923225196812,0.8587706995888189,0.9996811443482657
OXSR1,10.181076633116177,-0.42264805897856145,0.42668431109548294,-0.9905404252934479,0.32191004023046255,0.9996811443482657
OXR1,0.9529753658770265,1.1523198228498748,1.7444369575036611,0.6605683386224958,0.5088891791728682,0.9996811443482657
PAPD4,1.2648886016745737,-0.30271130230522325,1.310716417194197,-0.23095102673179782,0.817352848503311,0.9996811443482657
PARN,1.2912633595305005,-2.7637911725024797,1.3849519744352925,-1.9955862900079275,0.04597897305713672,0.9996811443482657
PARM1,6.22891626254377,0.4733908794188556,0.6433879236892663,0.7357783103922335,0.46186562297700173,0.9996811443482657
PARL,1.452497935312241,0.5300220472622914,1.2029940009771727,0.44058577751157774,0.6595129010751518,0.9996811443482657
PARK7,7.23014557303584,-0.09332748632307235,0.5064978407381991,-0.18426038339482648,0.8538091912190218,0.9996811443482657
PAPSS2,1.0872785306275228,1.2033962539733492,1.4691109197639134,0.819132332204525,0.41271091685175254,0.9996811443482657
PAPSS1,1.4354718395806088,-0.25023015365507284,1.2122336530440836,-0.20642072840224399,0.8364622805541349,0.9996811443482657
PAPOLA,7.899931997461824,-0.213750408748668,0.48124526591762307,-0.4441610627402132,0.6569261412629426,0.9996811443482657
PAPD7,0.8831130206156139,-0.8297925885643239,1.4515361062643355,-0.571665138044601,0.5675488568154561,0.9996811443482657
PAPD5,6.680972242465991,0.6667157154430972,0.6483412585336478,1.028340718206037,0.30378958375285003,0.9996811443482657
OXCT1,1.6606103555685385,-1.2016894437354626,1.1234837632021333,-1.0696099784392334,0.2847949017988538,0.9996811443482657
PANK3,1.3749683415010883,0.6296140094579412,1.2401986730601675,0.5076718941364292,0.6116834621472447,0.9996811443482657
PANK2,0.7940816080483055,-0.42077983639123157,1.557977421021064,-0.2700808308989881,0.78709806902512,0.9996811443482657
PAN3,0.989311085280587,-0.7231172417715487,1.583980779748615,-0.45651894960891554,0.6480168473998948,0.9996811443482657
PAM,0.6193565378277275,0.517306920751923,1.758695749471382,0.2941423614103872,0.7686491221543297,0.9996811443482657
PALD1,1.4174403350939229,-0.8995667950987362,1.175913883224049,-0.7649937703196078,0.4442752542228159,0.9996811443482657
PAK2,9.23907350677638,0.046918512314532826,0.525668634890275,0.08925492068653919,0.9288793191033204,0.9996811443482657
PAK1,7.8578862046738855,-0.3848140157461301,0.5209933668081286,-0.7386159599376424,0.46014023011476024,0.9996811443482657
PAIP2,0.8314134926985204,-1.0309518698713134,1.6407249568991187,-0.6283514281514657,0.5297737484890667,0.9996811443482657
PAICS,3.1701976887727557,0.43960170549305216,0.922376035583358,0.4765970586118117,0.6336490783390271,0.9996811443482657
OFD1,3.5226755453319045,0.0007855385632105543,0.8237481586960739,0.0009536149549080603,0.999239125465849,0.9996811443482657
ORAI2,0.894897687315492,-0.2035438102944597,1.4847573650317971,-0.13708893795593374,0.8909604961479083,0.9996811443482657
ORAI1,1.344169351739372,0.054027839551849983,1.3443403355192345,0.040189108460382844,0.9679423608057075,0.9996811443482657
OPA1,2.387079090229742,0.0582830130402101,0.8841927476602025,0.0659166377404041,0.9474441943898697,0.9996811443482657
OLR1,2.786748748984049,0.4537886036004588,1.1722578720280923,0.38710646729577614,0.6986773899524397,0.9996811443482657
OLA1,2.871081637264387,0.026522721422579956,0.8389201018930046,0.03161531278453339,0.9747788316582437,0.9996811443482657
OIP5-AS1,4.259448662615379,-0.5262565714524541,0.7032613581014049,-0.7483086698708845,0.45427399623966536,0.9996811443482657
OGT,1.1620523739699355,0.33188133865584857,1.3245552835782037,0.25056057891316685,0.8021538630475792,0.9996811443482657
OGFRL1,6.74094195471431,0.4790920116169012,0.5530090385739302,0.8663366748079881,0.3863055597517261,0.9996811443482657
OGDH,3.0438762985365844,0.48510914533388866,0.814268183826615,0.5957608991353942,0.5513349682980703,0.9996811443482657
OS9,0.9017965583118579,-1.3502081083928132,1.6335336792635915,-0.8265566394697761,0.4084884025172494,0.9996811443482657
ODF2L,1.4815202776080962,1.1384241458844115,1.2473939010679025,0.9126420651165592,0.36143082312031694,0.9996811443482657
ODF2,0.9667042814027749,1.3698388250430273,1.5921612027312082,0.8603644044919528,0.38958820092570845,0.9996811443482657
ODC1,3.7052388219732286,-0.8224505921808414,0.7036241924556859,-1.1688776494600692,0.24245292968511611,0.9996811443482657
OCIAD2,1.1511894983054158,0.34766256450634236,1.4156593052600555,0.24558349824322812,0.8060046645876786,0.9996811443482657
OCIAD1,1.9733230979770273,-0.7766749243260651,0.9964067855476346,-0.7794757478485027,0.43569951834782616,0.9996811443482657
OAZ2,4.179704293112302,-0.052812423825544956,0.6654501782929242,-0.07936345281479132,0.936743537345789,0.9996811443482657
OAZ1,19.961941044109977,0.12874514955678318,0.31656893513926376,0.406689144972946,0.6842363141058211,0.9996811443482657
OAT,4.7522582074224236,0.056065033965476,0.6489482778301315,0.08639368633959385,0.9311534657377691,0.9996811443482657
OAS3,0.8296092575999345,-0.46074220255758136,1.5240130851761449,-0.3023216841371995,0.7624068497154477,0.9996811443482657
OSTC,4.823954431039263,0.07090288140498825,0.6425462592925972,0.11034673438617142,0.9121343948553235,0.9996811443482657
OXA1L,6.863953994237045,0.27112466378287464,0.5887034803648153,0.46054537271439366,0.6451248116744209,0.9996811443482657
OTULIN,1.17814176323559,-0.11645327380300574,1.2966990137522425,-0.08980748235939988,0.9284402021575122,0.9996811443482657
OTUD6B-AS1,0.8496494449225747,-1.878228369805018,1.5600257052600306,-1.2039727060086798,0.22860012810008334,0.9996811443482657
OTUD5,1.660155916487489,-1.200655784483245,1.0423943759242145,-1.1518248872157546,0.24939303889476772,0.9996811443482657
OTUD4,1.5008156825422176,0.8801541488948038,1.164576933395152,0.755771579923745,0.4497861590527805,0.9996811443482657
OTUD1,6.4218749521933685,-0.15942477506436437,0.5911692460302258,-0.2696770444926243,0.7874087222823252,0.9996811443482657
OTUB1,3.20086717323594,-1.1480805428907164,0.7416001747809533,-1.5481125570524918,0.12159519932894922,0.9996811443482657
OSTM1,1.518397426748801,-0.02752896361345163,1.096072792091715,-0.025115999422735527,0.979962438514082,0.9996811443482657
OSTF1,2.972804309449406,-1.1047589045599655,0.8324629462137585,-1.327096791015954,0.18447666671893526,0.9996811443482657
PARP1,5.2383835703358645,-1.6773875389583868,0.6499652414980018,-2.5807342175597605,0.009859045276187965,0.9996811443482657
OST4,5.859478116929227,-0.185638267154795,0.6022249431005213,-0.30825403245346633,0.7578890408131559,0.9996811443482657
OSER1,1.8233753688864527,0.11101602626585283,1.0391040013102326,0.10683822420649897,0.9149173224754881,0.9996811443482657
OSCAR,0.7918229338686702,0.18112316350519653,1.504314598291584,0.1204024501995088,0.9041643505449893,0.9996811443482657
OSBPL9,3.0873301910942024,0.03291458924783775,0.826871558614025,0.03980616929551684,0.9682476577448006,0.9996811443482657
OSBPL8,6.994438052648507,-0.11539588275866551,0.6617906742247169,-0.17436915818412063,0.8615753511913827,0.9996811443482657
OSBPL3,4.3390267422562765,-0.298240011556195,0.673867818089589,-0.44257939546913455,0.6580699909696955,0.9996811443482657
OSBPL11,1.8152529787648375,-0.10347782958576074,1.1022807960947725,-0.09387610666208492,0.9252075741243453,0.9996811443482657
OSBP,2.46758231161898,1.5278703393692297,1.0273758206906485,1.4871581641293894,0.13697304255674586,0.9996811443482657
PDIA3,15.050164395724519,0.17925917876546363,0.4290405104586008,0.4178141093806125,0.6760830341603274,0.9996811443482657
PDS5A,3.0141525801005202,-0.28319043502479,0.8271235198384982,-0.34237986012063226,0.7320650429585651,0.9996811443482657
PDPK1,1.6747198257949125,0.18955286524912038,1.0526827943202701,0.1800664609242682,0.8571003924999805,0.9996811443482657
PDP1,2.033931048410927,-0.890573769907356,1.030703489135217,-0.8640445863383728,0.387563398005762,0.9996811443482657
PDLIM7,4.3730060587752035,-0.2930268662671703,0.7431572310538254,-0.39429995971599036,0.693359593022573,0.9996811443482657
PDLIM5,1.9673844179162616,-1.2524147362708595,0.9484487552952945,-1.3204875110842724,0.18667230303728122,0.9996811443482657
PDLIM1,1.361952549875861,-0.7083966260169101,1.191924214790441,-0.5943302579362878,0.5522912446915109,0.9996811443482657
PDIA6,2.460645830216042,-0.980408388919223,1.0332166573837822,-0.9488894530617853,0.3426768392881482,0.9996811443482657
PDIA4,3.2308409498239943,-1.0840403090452504,0.8077245016730624,-1.3420916498135778,0.17956628101085637,0.9996811443482657
PDIA3P1,1.9839711062318295,-0.06131658977605258,1.0947632988807592,-0.05600899284689223,0.9553346431528945,0.9996811443482657
PDS5B,0.6742873319543499,-2.3336208355092687,2.2857489169107175,-1.0209436470665607,0.3072811383829487,0.9996811443482657
PDHB,1.9439132512049784,-0.48687628637748537,1.0416620631721092,-0.46740330054339413,0.6402113616513598,0.9996811443482657
PDHA1,1.595362720096874,-0.5954764884841014,1.1376621159029574,-0.5234212163349347,0.6006811630116782,0.9996811443482657
PDE8A,1.0044915406268349,-0.03386154578383529,1.480300511350676,-0.02287477814416133,0.9817501592557091,0.9996811443482657
PDE7A,1.1307933207490137,0.3155171871702901,1.4293459371241972,0.2207423542302863,0.825293050909994,0.9996811443482657
PDE6D,1.1550431325031254,0.1698740710305932,1.4442094576299547,0.1176242615869363,0.9063653804247584,0.9996811443482657
PDE4DIP,1.7250800804093105,0.25136173008547835,1.1590887229567832,0.21686150948329982,0.8283162747399989,0.9996811443482657
PDE4D,1.1430045451593078,0.34343995412434497,1.2932371783549228,0.2655661002270455,0.7905733964163679,0.9996811443482657
PDE4B,9.807919386207354,0.31314112185169307,0.4583909860701746,0.6831310635845588,0.4945240281366706,0.9996811443482657
PDE4A,1.8865778425668063,2.175724347234081,1.2931277415100813,1.6825285525877947,0.0924663930336581,0.9996811443482657
PEPD,0.8163863876666456,-1.9062831863367664,1.692545341437951,-1.1262819019768344,0.2600462157443679,0.9996811443482657
PFKFB3,15.922325578967541,0.12826762682086942,0.3852032458350221,0.3329868795441171,0.7391441871564504,0.9996811443482657
PFDN5,11.809597579254284,-0.18878881598019667,0.5116443912592322,-0.3689844337305439,0.7121393274680279,0.9996811443482657
PFDN4,1.1907347404585529,0.8861972147380144,1.63645689491836,0.5415341018085449,0.5881394991057421,0.9996811443482657
PFDN2,2.7422527648038297,0.19989406506082058,0.901654963267598,0.22169684990853308,0.8245498825079779,0.9996811443482657
PFDN1,1.2135718994327267,0.3349417524782369,1.2436325378805837,0.26932533708795475,0.7876793361033336,0.9996811443482657
PEX19,0.9714484745522263,0.02100627902789392,1.5543738222006775,0.01351430314115384,0.9892174743882537,0.9996811443482657
PEX11B,1.1531823555386032,1.1736619378591904,1.6247643616217136,0.7223582481140417,0.4700742495823045,0.9996811443482657
PER2,1.6345619372792293,0.6570204637258005,1.227362637308358,0.5353107905962214,0.5924349659764392,0.9996811443482657
PER1,3.17805621804922,0.13514340248369347,0.771683961675258,0.1751279140106904,0.8609791249944139,0.9996811443482657
PDCL3,1.0189133356012317,-0.687890510482377,1.5935671767529862,-0.43166709287022714,0.6659833876064194,0.9996811443482657
PELP1,1.2684546457011239,-2.605860570258321,1.4306418252757709,-1.8214625940745264,0.06853656775570376,0.9996811443482657
PELI1,4.5650934657083635,0.8314104077094305,0.7500582757487434,1.1084610817465852,0.26766273793393613,0.9996811443482657
PEF1,0.9849331646674636,2.129663388356341,1.7876639734496065,1.1913107944144492,0.23353159785327127,0.9996811443482657
PECAM1,3.8342456257882254,-0.22733023456441295,0.7302406717084664,-0.3113086457271033,0.7555659952826598,0.9996811443482657
PEBP1,7.564573182590795,-0.015018292193019485,0.5332391296474294,-0.02816427257119968,0.9775311322710721,0.9996811443482657
PEA15,9.631660980153917,-0.07042452399054289,0.5448135809073335,-0.12926352510019623,0.8971491319987175,0.9996811443482657
PDZD8,2.0126914242682132,0.6417644713763474,0.9773179517313881,0.6566588388552733,0.5114003064988312,0.9996811443482657
PDXK,1.2692392310834326,-0.9738114859775279,1.3021712680925157,-0.7478367169043859,0.454558652286819,0.9996811443482657
PDXDC1,1.4243433623201467,-0.0032681499287515216,1.2085688874385467,-0.0027041486527740032,0.9978424041693772,0.9996811443482657
PAXX,1.1308627373823668,-0.16593792621782769,1.4410799602249726,-0.11514831293047921,0.9083275663692308,0.9996811443482657
PCIF1,0.7924973641310404,0.25303543492195285,1.5571563639318402,0.1624984110671038,0.8709133794324035,0.9996811443482657
PCGF5,3.348918812054102,0.08300907950234494,0.7759790600657716,0.10697334989337101,0.9148101221181368,0.9996811443482657
PCGF3,1.9969833317935688,0.830882659263271,1.0146020492387626,0.8189246807520911,0.4128293875626058,0.9996811443482657
PCF11,3.7666235440491356,0.6350145186139341,0.8160264795248899,0.7781788147164719,0.43646360429555,0.9996811443482657
PCBP2,6.556756699571242,0.17023363961699473,0.5317557173263329,0.32013504334834286,0.7488659616628135,0.9996811443482657
PCBD1,2.1993789668705217,0.7439461642906675,1.0053599677366756,0.7399798959227332,0.45931219314352634,0.9996811443482657
PBXIP1,2.2149391933486147,0.2618056984467044,0.9839165548995026,0.26608526621797246,0.790173541948572,0.9996811443482657
PBX3,2.479987862135536,-0.863618344972597,0.9217137580696606,-0.9369702224921407,0.34877387534945736,0.9996811443482657
PBRM1,2.5399967997569584,-0.22751003233066952,0.8829598973323136,-0.25766745807827224,0.7966635629147598,0.9996811443482657
PCM1,2.4388843763657624,-0.8432096030754571,0.9033580251979367,-0.9334168508556723,0.3506047833434144,0.9996811443482657
PAWR,0.8361636039640361,-1.8500350642485428,1.6750615781909757,-1.104457942523244,0.26939453793431534,0.9996811443482657
PATL1,1.5224391782893276,0.06354450073785847,1.0775603474772022,0.05897071183681699,0.9529754360691411,0.9996811443482657
PARVG,7.980277175466098,-0.2345694584384258,0.4807147153854816,-0.4879598042891745,0.6255783126614414,0.9996811443482657
PARVB,1.3985397332155118,0.9562059124146274,1.3086726907435706,0.7306685003653005,0.4649816602508491,0.9996811443482657
PARP9,1.4059174632553457,-3.5573459828920697,1.5263602589630427,-2.330607051646385,0.019774089317177175,0.9996811443482657
PARP8,1.423245590915633,0.6752722269750319,1.3609348461173274,0.49618262689176235,0.6197655671760764,0.9996811443482657
PARP4,0.8310010979686041,-1.8426462119732032,1.5617683925633896,-1.1798460134980695,0.23806146494691616,0.9996811443482657
PARP3,1.696434861023143,-0.3502243682331051,1.0696526016494332,-0.32741879718055156,0.7433511511858422,0.9996811443482657
PARP14,2.149754759965778,-0.06941156622098096,0.94448666783158,-0.07349131394341542,0.9414151558542396,0.9996811443482657
PCYOX1L,0.7202783753138415,-2.439826956005426,1.8035788038326714,-1.3527698101245722,0.176129180300721,0.9996811443482657
PDCD7,1.0151972034850323,-1.0160347543067445,1.3303443106544164,-0.763738188805379,0.4450232782107493,0.9996811443482657
PDCD6IP,2.7975903589061932,-0.6823640916398451,0.8513200519838414,-0.8015364962327903,0.4228211244615053,0.9996811443482657
PDCD6,2.559053039884561,0.17911847037674025,0.8481444483743854,0.21118863740728552,0.8327400768416653,0.9996811443482657
PDCD5,1.9030623167881067,-1.2531873623909144,1.0155591332901497,-1.233987585076322,0.21720753045129226,0.9996811443482657
PDCD4,2.308055696896451,0.5390774437378768,0.9743931740216965,0.5532442735747998,0.5800961541966321,0.9996811443482657
PDCD2,1.2164779280209737,0.5208596909780872,1.2635249522705871,0.41222746732629917,0.6801727064593115,0.9996811443482657
PDCD10,2.0669445184974373,-0.20823852317861496,1.1244131982616727,-0.18519750879885513,0.853074122985808,0.9996811443482657
PDAP1,0.8241169017317039,-1.86471159890965,1.6235955264434616,-1.1485074752542348,0.25075912886428076,0.9996811443482657
PCYT1A,1.8944220143888009,0.9283625002600662,1.3491561600302824,0.6881060382507749,0.4913860082848438,0.9996811443482657
SARS,3.2092565326317546,0.2818875525423082,0.7990540188130559,0.35277659070038125,0.7242559347956683,0.9996811443482657
PCNX4,1.1922585428336037,1.0204976281340195,1.4109605083693904,0.7232644869085538,0.4695174065807016,0.9996811443482657
PCNX1,0.9013064167095688,-1.0934591368992403,1.626610146950955,-0.6722318429827242,0.50143611208692,0.9996811443482657
PCNT,1.2504574598904061,0.025513966157139526,1.2266238679866037,0.02080015465459553,0.983405074369979,0.9996811443482657
PCNP,4.169754614123488,0.6102123276726081,0.7070832610048048,0.8629992552863752,0.38813787640210984,0.9996811443482657
PCNA,3.2490960926334447,-0.36068361603257704,1.0523080147372905,-0.34275479325568187,0.7317829377280842,0.9996811443482657
PCMTD2,0.7149551538750893,0.773219870029299,1.7803165553408127,0.43431594662741235,0.664059025415024,0.9996811443482657
PCMTD1,1.79629449266288,0.19385124119860644,1.075334187709036,0.1802706948354354,0.8569400608875998,0.9996811443482657
PCMT1,3.2928245166306156,0.30804148777945534,0.8359614647590987,0.3684876645219819,0.7125096413777725,0.9996811443482657
TSG101,1.4958835239739643,-1.4737402392548673,1.1261621978434382,-1.3086394145328524,0.19065652313296744,0.9996811443482657
TST,1.7911300610028107,-0.7187959616270356,1.02186996561621,-0.7034123575533271,0.4817988075725931,0.9996811443482657
TSPYL2,6.421406872702908,-0.6298379797770526,0.6647996590157048,-0.9474102028114513,0.3434297941193106,0.9996811443482657
TSPYL1,1.2385206721068593,-0.031655912974824174,1.17998423069987,-0.026827403410339207,0.9785973963197112,0.9996811443482657
TSPOAP1,3.314365802054911,0.697629645846972,0.8825930890886047,0.790431802006707,0.4292756357058135,0.9996811443482657
TSPO,3.639865661800517,-0.07429316660837983,0.7840200652678646,-0.0947592668855958,0.9245060415457136,0.9996811443482657
TSPAN33,5.486158334258986,-0.8414262929151112,0.6965208096779877,-1.208041857793331,0.2270311621844261,0.9996811443482657
TSPAN3,3.1388931524225816,0.06257940124535617,0.7705848019233604,0.08121027184699148,0.9352747307475711,0.9996811443482657
TSPAN13,2.6086710880020876,-0.14974612770876164,0.8347721894147317,-0.1793856211402423,0.8576349209286588,0.9996811443482657
TSNAX,1.006373307247288,-1.0644937549173923,1.4376525709473302,-0.7404388072814784,0.45903377870921536,0.9996811443482657
TSTA3,1.1322545777510364,-1.4133558760374838,1.3738526317216437,-1.0287536256827898,0.3035954635545751,0.9996811443482657
TSEN34,1.8132066899664223,0.40154333592677866,1.0749195716166653,0.3735566330073074,0.7087342035795123,0.9996811443482657
TSC22D4,1.9144140727752608,-1.7059882984165249,1.048804742809069,-1.626602387253977,0.10382157198758135,0.9996811443482657
TSC22D3,5.810663953731308,0.04778231951510311,0.6438202287540227,0.07421686579742243,0.9408378258953882,0.9996811443482657
TSC22D2,2.105529628697353,0.404864715044626,0.9219499565804341,0.43913957818957194,0.6605604027244643,0.9996811443482657
TSC22D1,1.1372230779048644,0.3426930356848147,1.4539758465628094,0.2356937610036226,0.8136703115233084,0.9996811443482657
TRPV2,2.247724022956228,-0.7042513998888326,0.9104470390341617,-0.7735226429380564,0.4392131335444489,0.9996811443482657
TRPS1,2.1833897114456393,0.1948001070497106,1.0176445551290672,0.19142254146390458,0.8481945610580299,0.9996811443482657
TROVE2,2.362811100820287,1.3023187458267809,1.1068417765457603,1.176607870630856,0.2393520548845104,0.9996811443482657
TRNAU1AP,0.5197587263699386,-0.9390237785116191,1.9474082343227739,-0.48219154153785937,0.6296698850170264,0.9996811443482657
TTYH2,0.9937661112865182,0.6522518368768878,1.482043343800618,0.4401030776901735,0.6598624529598555,0.9996811443482657
TUFM,4.655495842806582,-0.7187544342347385,0.7089625462489165,-1.0138115730339075,0.3106726719583909,0.9996811443482657
TUBGCP2,0.9333103376935941,-0.8468654492381689,1.4953358488127673,-0.56633795672761,0.5711640624293921,0.9996811443482657
TUBB6,3.1417182384467193,-0.4628666795820683,0.7882300809244981,-0.5872228056041479,0.5570540777889419,0.9996811443482657
TUBB4B,0.9936982969461736,-1.1027142325638042,1.3748123068193647,-0.802083475027176,0.42250467325908614,0.9996811443482657
TUBB2A,1.8513038172306562,0.6332265992507236,1.1108071462306208,0.5700598896932698,0.5686370786837952,0.9996811443482657
TUBB,11.516470322192816,-0.5217132202224899,0.41882667837728765,-1.2456542220372122,0.21289136671454345,0.9996811443482657
TUBA4A,1.3380741790145743,-1.7607566177593852,1.3281568798232444,-1.3257143372955407,0.18493433658376945,0.9996811443482657
TUBA1A,14.262674222953786,0.38032273462253274,0.3992381808901013,0.952621149045924,0.34078205767508374,0.9996811443482657
TTYH3,0.8064926013950213,0.19915387235254842,1.500972329462657,0.13268324035250192,0.8944438979230365,0.9996811443482657
TRMT6,5.93738175446802,-0.20792226567799255,0.5623130528719915,-0.3697624741521433,0.7115594778852039,0.9996811443482657
TTL,0.9000050207360258,0.7097531078975494,1.9367951797717144,0.3664574939623747,0.7140237248084127,0.9996811443482657
TTF2,1.2170725665625357,-1.9644284832187615,1.4156807816044006,-1.3876210716037702,0.1652524615609552,0.9996811443482657
TTC39C,0.6530740341647063,0.5266245749106333,1.6656142277672736,0.3161743974873247,0.7518701395683347,0.9996811443482657
TTC37,1.9617665373469841,-0.9227076214237094,1.043878513318287,-0.8839224197561084,0.3767380936467313,0.9996811443482657
TTC3,3.491466180368059,0.014241430560285291,0.7509993296833636,0.01896330662011345,0.9848703772178465,0.9996811443482657
TTC19,2.162156702931184,0.40615864841525606,0.9250912230769865,0.4390471320918103,0.6606273853260315,0.9996811443482657
TTC17,1.9751698892057123,-1.2636989076672953,0.9595658034945502,-1.3169486689345868,0.1878558311810492,0.9996811443482657
TTC1,2.3136294325088524,-0.7371737921561247,0.9875558228933184,-0.7464629087967602,0.45538782957865864,0.9996811443482657
TSTD1,1.5317413198268524,-0.2347896531429261,1.1986709495228864,-0.19587498406996573,0.8447080177944557,0.9996811443482657
TRANK1,0.954308682957815,-0.6994791507405147,1.7163045012388924,-0.4075495637490927,0.683604399190765,0.9996811443482657
TRERF1,4.405250655005121,-0.2850033085094003,0.8506075698234424,-0.33505851419657295,0.7375809466878309,0.9996811443482657
TRBC2,4.460262872762837,0.002396830761910766,0.8275534817023537,0.0028962850316093945,0.99768910212041,0.9996811443482657
TRBC1,1.9878204542237607,-0.3029906869992874,1.0569968541166248,-0.2866524018678457,0.7743784864611409,0.9996811443482657
TRAPPC8,1.466657910104689,-0.06842680606753157,1.1507911577179575,-0.059460663743040335,0.9525851957999523,0.9996811443482657
TRAPPC4,0.824377119620644,1.0703445631088366,1.7584044728678891,0.6087021385717624,0.5427218892568377,0.9996811443482657
TRAPPC3,0.81231756027236,-1.2164677638339323,1.5262950148828285,-0.7970069691456856,0.4254469838420627,0.9996811443482657
TRAPPC12,1.3572999519648372,-0.5921655399693281,1.1944751511922957,-0.4957537537538918,0.6200681568202504,0.9996811443482657
TRAPPC10,0.6344962546873898,-2.200224767519871,1.8916829261726356,-1.1631044172775276,0.2447871401322812,0.9996811443482657
TRAPPC1,5.617053287320726,-0.5186003566040512,0.5890069180185711,-0.8804656460549418,0.37860710775845974,0.9996811443482657
TRIAP1,1.1066985247698953,-0.3188490846441109,1.3646391202656794,-0.23365084578700532,0.8152560508544736,0.9996811443482657
TRAM1,9.485201225777143,0.2735708352805293,0.46537600469636914,0.5878490350163592,0.5566336275288113,0.9996811443482657
TRAK1,3.4262967408032443,0.6965631718590332,0.7875033192676671,0.8845209344727549,0.37641506669201585,0.9996811443482657
TRAF5,0.9489842853551139,0.5365418566779142,1.4365350882038492,0.37349721638109895,0.7087784166985209,0.9996811443482657
TRAF3,1.24495042926271,-0.015945360811860265,1.2417677612428442,-0.012840855842400902,0.9897547609287375,0.9996811443482657
TRAF1,2.9099958847618623,-0.6163127236273083,0.8134392053687767,-0.7576629200554696,0.44865280238988736,0.9996811443482657
TRADD,0.7054841185792393,-0.7940749446955983,1.61141618930551,-0.49278079118581375,0.6221674847373917,0.9996811443482657
TRAC,1.3907815531303251,-0.20135937686532523,1.310310172907668,-0.1536730623242396,0.8778675256012098,0.9996811443482657
TRABD,3.126014168057222,0.15980298791540323,0.8034882992918778,0.19888651528122958,0.8423515180439853,0.9996811443482657
TRA2B,11.525491040844706,-0.3006046728152198,0.40469902653347034,-0.7427857570849841,0.457611399904409,0.9996811443482657
TRIM44,3.681794026209648,-0.47103056639277735,0.7182358136071101,-0.6558160390626815,0.5119424952977076,0.9996811443482657
TRMT112,3.333175680761199,-1.118005499056376,0.7792557848274715,-1.4347092711078226,0.1513699612016492,0.9996811443482657
TRMT10C,0.8049903905559077,0.035522595519669534,1.7363074298199532,0.02045870155802596,0.9836774565571867,0.9996811443482657
TRIR,8.634632980936122,0.2728369372960025,0.4772700496292691,0.5716615520038082,0.5675512867344183,0.9996811443482657
TRIP6,1.7113392728776835,0.08836957455136425,1.0997663607395585,0.08035304379735572,0.9359564717093634,0.9996811443482657
TRIP12,4.601720778526634,-0.2976445370647271,0.6222243716522672,-0.478355639259767,0.6323971015296472,0.9996811443482657
TRIOBP,1.0454798579414188,-1.6600212495018445,1.3719807547648921,-1.2099449964852547,0.226299999556003,0.9996811443482657
TRIO,2.426078298063401,0.8042801287537313,0.9610242247357345,0.8368989126937927,0.4026493915977837,0.9996811443482657
TRIM8,2.4501493054752537,0.15818109991165125,0.9855235892303061,0.16050463087868924,0.8724835740067194,0.9996811443482657
TRIM69,2.4941896213437187,0.28457857964459515,0.9241246811441548,0.30794392299127826,0.7581250029824741,0.9996811443482657
TUFT1,1.0931586620797598,-0.8060797741479608,1.2724896008286672,-0.6334666889403479,0.5264289272389407,0.9996811443482657
TRIM4,0.7403854414840305,-0.7142861071823039,1.625683801321224,-0.4393757916525895,0.6603892646148444,0.9996811443482657
TRIM39,0.9430580063886413,-0.021477926220908775,1.6497275101163864,-0.013019075022512979,0.9896125744828219,0.9996811443482657
TRIM38,4.322351308808711,0.13343613579267574,0.6556525906487178,0.2035165233781063,0.8387313321317178,0.9996811443482657
TRIM33,1.9948891797918953,1.196350896908003,1.076263278909456,1.111578291624172,0.26631951054061354,0.9996811443482657
TRIM28,6.444105089183151,-0.19798713971096865,0.567911748656008,-0.3486230742355925,0.7273723025647375,0.9996811443482657
TRIM26,2.786023456991205,-0.19243236881416573,0.8632482166279397,-0.22291661321450973,0.8236004062222653,0.9996811443482657
TRIM22,6.61845892956478,-0.20856479366801856,0.5356003165793648,-0.3894037908715717,0.6969774682023793,0.9996811443482657
TRIM14,1.1975465177727749,0.3659480668283645,1.3231919458358345,0.2765646117934933,0.7821144408093343,0.9996811443482657
TRIB1,6.438955864017501,-0.015395546196527476,0.6109428493952256,-0.025199650362988255,0.9798957158386481,0.9996811443482657
UBE2H,3.2650359831728792,1.6919381517241125,0.8999295606379365,1.8800784258322862,0.060097390278553126,0.9996811443482657
UBE2Q2,1.1678902457205333,-0.20892564307410244,1.3997689879895698,-0.14925723091934884,0.8813506619522335,0.9996811443482657
UBE2Q1,2.5892345896023197,-0.9743368855025569,0.8504644493395309,-1.145652691607774,0.2519388858292221,0.9996811443482657
UBE2N,5.998116175180176,-0.3506348920182415,0.5976567194434322,-0.5866827571934107,0.5574167903365328,0.9996811443482657
UBE2M,1.459714734558249,-1.4077292369685532,1.181806488839344,-1.1911672936836626,0.2335879163795993,0.9996811443482657
UBE2L6,1.402120831130464,-0.08031498001149324,1.2754791831247219,-0.0629684757494311,0.9497916071943344,0.9996811443482657
UBE2L3,3.1141702813766505,-1.2846930866168498,0.802395978919261,-1.6010711922400085,0.1093611518957625,0.9996811443482657
UBE2K,4.3082527700336515,-0.37510850874730506,0.6331314083081406,-0.5924654879303387,0.5535389246081099,0.9996811443482657
UBE2J1,4.144164027115873,-0.007276548547108458,0.6737798422288567,-0.010799593711556747,0.9913833384102292,0.9996811443482657
UBE2I,4.079180828127204,-0.7041266196034326,0.7286579638599308,-0.9663335261903295,0.33387731506212404,0.9996811443482657
UBE2R2,6.930884894729289,0.11566803399612732,0.5189025698464634,0.22290896348875666,0.8236063600444046,0.9996811443482657
UBE2G2,2.1089936578131265,-0.4888894278924552,1.031184008481177,-0.47410493556095457,0.6354250792187235,0.9996811443482657
UBE2G1,0.9745955109111533,-1.0761628145888726,1.4012425899675391,-0.7680060699652319,0.4424835787210629,0.9996811443482657
UBE2F,3.0522446048499776,0.9505317293809544,0.8294270010682544,1.146010110783377,0.2517909685633055,0.9996811443482657
UBE2E2,1.1802080338666299,-0.9828325865391845,1.3233608208258252,-0.7426792232868594,0.45767591151128917,0.9996811443482657
UBE2E1,2.585773487485699,0.33359352766265776,0.9753726120781234,0.3420165007011067,0.7323384745112125,0.9996811443482657
UBE2D3P1,1.8507815638092622,-0.5333319443604507,1.061287460812645,-0.5025329743857236,0.6152926633895083,0.9996811443482657
UBE2D3,10.15108858863347,-0.07523706981229687,0.45438412517831583,-0.1655803221179245,0.8684872341823484,0.9996811443482657
UBE2D2,7.537347087099113,0.539176856470678,0.5610625182141112,0.9609924722594261,0.33655595283967643,0.9996811443482657
UBE2D1,1.4067463531877284,0.31767770936923895,1.211437327610879,0.26223206279745653,0.7931425355227754,0.9996811443482657
UBN1,2.9855505701784324,0.38635789839031576,0.8519827665672747,0.4534808842988586,0.6502025050817966,0.9996811443482657
UBXN2A,0.9276589513755273,-0.08754155622857303,1.480902619413924,-0.05911364804204217,0.9528615880867838,0.9996811443482657
UBXN1,2.310311020363103,-0.12859702067072018,0.9757845277464497,-0.13178833750081262,0.8951517114148996,0.9996811443482657
UBTF,1.8024919133004242,-0.84713178915926,1.0439904055338038,-0.8114363740020314,0.4171151176570459,0.9996811443482657
UBR5,1.9126262608561155,-0.16543651145569968,1.0312741263176055,-0.16041953078608467,0.8725506055116108,0.9996811443482657
UBR4,0.8460006153677537,-0.36344689525711055,1.6800353395528405,-0.2163328869938211,0.8287282758360827,0.9996811443482657
UBR2,0.8300216523298507,0.3062737821629566,1.549986372253266,0.1975977257901412,0.8433598142790935,0.9996811443482657
UBQLN2,1.0644274760185521,1.4114787925875856,1.7280625279827082,0.8167984489747061,0.4140436187509664,0.9996811443482657
UBQLN1,4.075707184855958,0.050323965810693226,0.8642805328847002,0.05822642521257241,0.9535682721495523,0.9996811443482657
UBP1,1.5429573144832878,-1.5625414699563944,1.1407115233261136,-1.36979546362458,0.17075075854030897,0.9996811443482657
UBE2B,4.601549187389306,-0.10167088603659828,0.645168868680029,-0.1575880222562659,0.8747814424869242,0.9996811443482657
UBLCP1,2.159557247427435,-0.07818863634382858,0.9518790010877315,-0.08214136067134671,0.9345343031734578,0.9996811443482657
UBL7,1.623667596529123,1.5794829970503186,1.3066119343982068,1.2088386424985391,0.22672484250787162,0.9996811443482657
UBL5,9.531918802213633,0.44244438994034446,0.4743810458218568,0.9326772092544663,0.35098665554829567,0.9996811443482657
UBL3,3.4220516923686506,0.6594518660141911,0.762985647131396,0.864304418429807,0.38742068359845727,0.9996811443482657
UBE4A,0.7903885373699011,3.169703685450844,2.424490734647665,1.3073688590158608,0.1910874682671112,0.9996811443482657
UBE3A,3.1840606676018948,-0.2865316422954957,0.9048275053686047,-0.3166699073529708,0.7514940849430175,0.9996811443482657
UBE2Z,2.5598755691454533,-0.7433775053093299,0.9550878580897443,-0.7783341595360108,0.43637204247712746,0.9996811443482657
UBE2W,0.8781888250118599,0.2691858139945944,1.4666268505727902,0.18354076491199112,0.854373736222164,0.9996811443482657
UBE2V2,2.4360122884125492,-0.3491845452370681,0.8917740226623858,-0.3915616920468033,0.6953820974299822,0.9996811443482657
TXNDC17,1.8038323625081898,-1.2861819902039129,1.0576952167451177,-1.2160232643973994,0.22397605984886104,0.9996811443482657
TYMS,0.7702136568593675,-1.6151812218506731,1.724226376100596,-0.936757054780398,0.34888354044585024,0.9996811443482657
TYMP,3.487197064848082,-0.7799489140786294,0.7718790167718348,-1.0104548732786451,0.3122774093170033,0.9996811443482657
TYK2,5.407723860534684,0.2124641368511053,0.5903561821656078,0.3598914405735899,0.7189283181919478,0.9996811443482657
TXNRD1,2.541584267101838,0.6286504938391626,0.9673941277269082,0.649839063336374,0.5157961832368547,0.9996811443482657
TXNP6,4.253912610946163,0.20435866302882943,0.893899371940918,0.22861484127134668,0.8191682883673859,0.9996811443482657
TXNP4,5.748161330679481,0.6612423697501776,0.6324482908198666,1.0455279575393968,0.29577902615023277,0.9996811443482657
TXNL4A,2.0407156375469344,-1.0996573026045335,1.070181686202123,-1.027542628305493,0.30416502344648844,0.9996811443482657
TXNL1,2.6783374002249256,-1.4227739110983064,0.8918377393609369,-1.595328217572203,0.11063885874317818,0.9996811443482657
TXNIP,3.3473598678347436,-0.8656271170963372,0.9298921618850826,-0.9308897876303561,0.35191057769639045,0.9996811443482657
TYROBP,6.979669635801953,1.2533550765544648,0.6953664614938351,1.8024382048307583,0.0714764888800825,0.9996811443482657
TXNDC15,1.1664391296138636,-1.2260264856936633,1.2830579090907805,-0.9555503902099541,0.33929943560607034,0.9996811443482657
TXNDC12,3.3219277649975187,-0.4950087390858616,0.7286090980732991,-0.6793886329375248,0.4968916503124712,0.9996811443482657
TXNDC11,1.242797513302002,-1.4295617643883438,1.1885575430180266,-1.2027703435866897,0.22906520405978692,0.9996811443482657
TXN2,2.8058153480480614,-0.6205575702891125,0.9527124439086664,-0.6513587329070338,0.5148149429883415,0.9996811443482657
TXN,17.503051623895104,0.3076946065988094,0.33971965656702385,0.9057309480062535,0.3650782776708895,0.9996811443482657
TWISTNB,0.7120384649433409,-2.4259235485638704,1.805479508038052,-1.3436450193777232,0.1790632042277175,0.9996811443482657
TWF2,1.2045558149968925,-0.4994295190709956,1.2343654448915236,-0.40460426135380484,0.6857684256951984,0.9996811443482657
TULP4,0.8783262713360629,1.1164627360510058,1.6284471694705174,0.6855996049377635,0.49296563073291366,0.9996811443482657
TUG1,1.0123818346424176,-1.5933447390449196,1.5471065602436456,-1.0298868739810605,0.3030631131379552,0.9996811443482657
UBAC1,1.6579333685429227,-1.5885979102206937,1.083064309830292,-1.466762311159173,0.14244072557378948,0.9996811443482657
UBE2A,6.273983096698284,-0.2840197461716509,0.5435492946322052,-0.5225280374318837,0.6013027303748953,0.9996811443482657
UBC,22.11695155986644,0.23461104602552668,0.2973516815977944,0.789001914382538,0.4301108876366361,0.9996811443482657
UBB,2.662832586992884,-0.42253612249389505,0.8678021110455114,-0.4869037734706955,0.6263265246803349,0.9996811443482657
UBASH3B,2.1870043961873358,0.33335540951835374,0.9295289791449604,0.3586283128310805,0.7198731633114152,0.9996811443482657
UBAP2L,3.750762677156841,-0.12449131492408393,0.6982126638380667,-0.1782999956485416,0.8584873822307414,0.9996811443482657
UBAP2,1.087769311294147,-0.6878668055242836,1.4140121079676735,-0.4864645795098166,0.6266378128386384,0.9996811443482657
UBAP1,1.2820073655072113,-0.4613177189885469,1.1515019627430139,-0.4006226076155646,0.688697998318888,0.9996811443482657
UBALD2,1.815921646191269,-0.06556754702975798,1.2435953843709404,-0.052724180110176766,0.9579516728754733,0.9996811443482657
UBAC2,0.8913529309861146,-0.843968891151576,1.4504221873191792,-0.5818780893799529,0.5606487999459079,0.9996811443482657
TRA2A,8.480972703444301,0.19441462824596165,0.4850559043210935,0.40080870372678645,0.6885609703037407,0.9996811443482657
UBA6,1.201924734814359,-0.7066333638588005,1.3489986215144374,-0.5238206715626639,0.6004032742532086,0.9996811443482657
UBA52,19.010969931040684,-0.027660324130070683,0.4048785703168449,-0.0683175800300436,0.9455328299831933,0.9996811443482657
UBA3,0.9375175469048782,-1.4319455088921265,1.4036783099706662,-1.0201379466510747,0.3076630422308725,0.9996811443482657
UBA2,1.8873686660709579,-0.14278255033805856,0.967436150473924,-0.1475886034113081,0.882667449757192,0.9996811443482657
UBA1,6.883629594016842,-0.1385461146386059,0.5499404944008971,-0.25192928334826015,0.8010957245910952,0.9996811443482657
U2SURP,2.5035150320003607,-1.1503346272947244,0.9204531740972032,-1.2497481237141617,0.21139157176518897,0.9996811443482657
U2AF2,2.84795048354467,0.052258041289496474,0.8144825546675835,0.0641610320442341,0.9488420053567592,0.9996811443482657
TYW3,0.7194115415028757,-3.2732573846556083,2.02417397434331,-1.617083030482857,0.10586035934304135,0.9996811443482657
TMEM167B,3.3665171873803272,-0.6186477793896283,0.7606018197515128,-0.8133661573301776,0.41600815666255764,0.9996811443482657
TMEM205,0.8618065176253509,-0.32460742641555773,1.531794631861667,-0.21191315053836296,0.8321747909410111,0.9996811443482657
TMEM2,1.5224389629388217,0.5922448643290612,1.2504117552496776,0.4736398725000822,0.6357567371545119,0.9996811443482657
TMEM192,1.2953638750300616,-0.752772490858709,1.174762435225899,-0.6407869951288968,0.5216610834318818,0.9996811443482657
TMEM184C,0.7012769093679551,-0.05484248704973173,1.7686657488133573,-0.03100783010386612,0.9752632951569181,0.9996811443482657
TMEM184B,1.8028895775135674,1.093369623797426,1.2445066322167704,0.8785566870381941,0.3796416889955544,0.9996811443482657
TMEM183A,1.0116377723961891,-0.533051843019787,1.4014502249358145,-0.38035731382768195,0.7036801963367463,0.9996811443482657
TMEM173,1.7093484223870885,3.028521032388254,1.6940481525451494,1.7877420000359394,0.0738176422274928,0.9996811443482657
TMEM170A,0.8818818956902645,-2.1005002027696853,1.5468058191446845,-1.3579598529899308,0.1744764235862406,0.9996811443482657
TMEM168,0.5933695555558072,0.5160759888233875,1.7716940072783132,0.29128957184665677,0.7708298622848975,0.9996811443482657
TMEM206,1.5376802152381237,0.013368052849770294,1.1727809744729027,0.011398592866650537,0.9909054356768849,0.9996811443482657
TMEM167A,2.182228514932609,-0.5708692283091013,0.9000248908680902,-0.6342816005438334,0.5258970620460048,0.9996811443482657
TMEM165,1.389331884295417,-1.3732142435546881,1.1665212995045764,-1.1771874582469215,0.23912069338034958,0.9996811443482657
TMEM164,1.2556523107069133,-0.9405435919829661,1.4849827260514452,-0.6333700557472897,0.5264920146678966,0.9996811443482657
TMEM159,0.8450908017128589,0.37951256457989885,1.7066112675696576,0.22237786178474797,0.824019744120633,0.9996811443482657
TMEM154,1.1120384100592409,1.6080356227793549,1.6568936678850057,0.9705122627645639,0.33179121547377544,0.9996811443482657
TMEM14C,3.2737694526669614,0.4657058874837394,0.8636961894957674,0.5392010444733144,0.5897481397438868,0.9996811443482657
TMEM14B,1.532654699545236,-0.453230075793126,1.0862405380874167,-0.4172465120765468,0.6764981074273331,0.9996811443482657
TMEM14A,3.5700347039192892,0.09811551599741979,0.7578678799003457,0.12946256016328503,0.8969916482527139,0.9996811443482657
TMEM147,1.4835926817057061,-0.03995954710182673,1.3750214041325242,-0.029061036418583232,0.976815911096509,0.9996811443482657
TMEM30A,3.2667942749353207,-0.5981720337740667,0.8637118658310747,-0.6925597035748696,0.4885859061201544,0.9996811443482657
TMEM65,1.6335388261547368,-1.2890072471326588,1.2159923860172892,-1.0600454920236084,0.2891239037190375,0.9996811443482657
TMEM59,4.95300821146269,0.08115204572288864,0.6160771419284828,0.13172383813634359,0.895202729704314,0.9996811443482657
TMEM57,1.55567844697799,-1.479675521242064,1.2223598585239766,-1.2105072912233892,0.22608429468157087,0.9996811443482657
TMEM50B,6.045463062642485,0.02752061724997092,0.5753165178441354,0.047835611174693926,0.9618472554173277,0.9996811443482657
TMEM50A,4.714454599237538,-0.34629930789033564,0.6884436950992119,-0.5030176183695463,0.6149518852295975,0.9996811443482657
TMEM43,1.7124600273325887,-0.011822483457872922,1.0458663508929533,-0.011304009778858426,0.9909808972004769,0.9996811443482657
TMEM41A,0.8540825634312439,-1.9154565166180286,1.8005558292320365,-1.063814009829953,0.28741296343293277,0.9996811443482657
TMEM39A,1.417995853592953,-0.9466539357806493,1.1999182619848885,-0.7889320179315442,0.4301517409972774,0.9996811443482657
TMEM33,1.9533383796577457,-0.08468327316358444,0.9615138938227875,-0.08807285438892686,0.9298187715789814,0.9996811443482657
TMEM134,0.7689683131962111,0.1284051962841325,1.624422755654143,0.07904666186015392,0.9369955083529383,0.9996811443482657
TMEM258,8.112208135565389,-0.16734132998742174,0.47957337963886115,-0.34893790417107134,0.7271359280829679,0.9996811443482657
TMEM256,2.498252741659373,-0.479045340742711,0.9126570949848375,-0.5248908307130069,0.5996590839463485,0.9996811443482657
TMEM248,4.634159658453636,-0.6427384278476955,0.7547907553737764,-0.8515451776160242,0.39446657844573885,0.9996811443482657
TMEM245,1.1444387263075715,-0.7053018515583634,1.3642727746232781,-0.5169800824861591,0.6051700627148253,0.9996811443482657
TMEM243,1.4653610156874304,0.7557947447588779,1.3076203213966187,0.5779925046986443,0.5632691796305982,0.9996811443482657
TMEM230,4.441517276833885,0.3997461991373173,0.6611135715925879,0.6046558659722409,0.5454076784780382,0.9996811443482657
TMEM219,3.4242351870789944,0.648506189872561,0.7897286043833611,0.8211760170178084,0.4115460152576883,0.9996811443482657
TMEM214,0.9977797661059055,1.0541148478827294,1.6558664898119375,0.636594106087894,0.5243892653106443,0.9996811443482657
TMEM208,1.0131664200247263,0.37519814320933903,1.534801098634065,0.2444604343476533,0.8068742413092361,0.9996811443482657
TM2D1,1.0025219778334122,-0.7804305186850886,1.5527567967036413,-0.5026096297513366,0.6152387575239653,0.9996811443482657
TMA7,2.6823972406643914,0.14002404323366816,0.9777673514761751,0.14320793491648925,0.8861259632605835,0.9996811443482657
TMA16,0.7117845442994013,-1.219963617520937,2.188498786204776,-0.5574431318906776,0.57722470317628,0.9996811443482657
TM9SF4,1.6192367193777972,-0.9944487737775428,1.194933518066038,-0.8322210053886734,0.40528420947000143,0.9996811443482657
TM9SF3,5.719914053093318,-0.20160581506211564,0.5590909928503247,-0.3605957127556299,0.7184016947215478,0.9996811443482657
TM9SF2,6.660447783706382,-0.047309829214623816,0.5199683256232887,-0.09098598295946833,0.9275037288333415,0.9996811443482657
TM7SF3,0.7853506205827201,0.8957947982954894,1.6923432537526808,0.5293221669475813,0.5965819808612629,0.9996811443482657
TM4SF1,1.1325609178335645,0.8436504437057573,1.355436000922236,0.6224199764000212,0.5336657482941969,0.9996811443482657
TM2D3,0.9260157281487222,-1.5953979320614784,1.5773397431272984,-1.0114485094367667,0.3118018136335978,0.9996811443482657
TM2D2,2.2837106131451907,-0.8427326074822076,0.9404368885776595,-0.8961075620468031,0.37019531867001465,0.9996811443482657
TMBIM1,3.7933843881922513,0.20524053308954807,0.7781041687669149,0.26376999549404667,0.7919571561196748,0.9996811443482657
TLR3,1.6499295272067567,1.6095016206934476,1.2007551376113705,1.3404078569217581,0.18011278275148823,0.9996811443482657
TLR10,2.1668882796358364,-0.09348719137858297,0.9740820276307057,-0.09597465996367388,0.9235406980597455,0.9996811443482657
TLR1,0.9807541821532395,-0.09068255333463056,1.6003534968630575,-0.05666407672578746,0.9548127906357409,0.9996811443482657
TLNRD1,3.229520786287618,0.148639977981382,0.7493249782813187,0.19836517170735257,0.8427593649195031,0.9996811443482657
TLN1,10.067052309777203,-0.3536644873747745,0.4201218246262228,-0.8418141278173908,0.399892002681021,0.9996811443482657
TLK2,0.7454233582712114,0.9292428797999991,1.6843235954652092,0.5517009215461016,0.5811532784849092,0.9996811443482657
TLK1,2.4085440673059817,0.4669200551501476,0.983324000540895,0.4748384610701151,0.6349021169549707,0.9996811443482657
TLE4,1.1705211105525615,0.6541793062469181,1.3444074471070493,0.48659303967306033,0.6265467570529574,0.9996811443482657
TLE3,4.2215307660910835,0.430629054135811,0.6884111137466535,0.6255405317211213,0.5316163552068291,0.9996811443482657
TMED4,2.6263502898058553,-0.3734831016988504,0.898824329408472,-0.415524023414725,0.6777583325087495,0.9996811443482657
TMEM131L,0.8243093052802994,-1.1507632251770525,1.4519204944285435,-0.7925800548947948,0.428022532975861,0.9996811443482657
TMEM131,3.1691257580756735,0.5951910226610035,0.8300764086913609,0.7170316086917096,0.47335459333465024,0.9996811443482657
TMEM127,3.0657854030329093,0.9297371468377826,0.8346864675523991,1.113875907877249,0.2653324263322876,0.9996811443482657
TMEM123,6.06826750185188,0.07011131920864136,0.6147034072415846,0.11405715078635786,0.909192489208537,0.9996811443482657
TMEM109,1.8773950880785257,-0.8383603299506227,1.03216996753575,-0.8122308886318043,0.41665915855566504,0.9996811443482657
TMED9,3.8098195929938052,-0.26687362108844365,0.7021562643666224,-0.38007724865799786,0.7038880737151674,0.9996811443482657
TMED8,0.9197704750034583,-1.4609330791091408,1.4743433179004648,-0.9909042631872061,0.3217323304652192,0.9996811443482657
TMED7,1.6269756447598307,-0.3919246883021589,1.2038322524948875,-0.3255642033928837,0.7447540993571855,0.9996811443482657
TMED5,4.061255078477627,0.30590168699727255,0.6882585284321592,0.44445753210513966,0.6567118262063796,0.9996811443482657
TMEM70,2.9635435731986792,-0.697210102487364,0.7910079485735496,-0.8814198438140423,0.37809062106591407,0.9996811443482657
TMED3,3.599935282459997,0.47447594880083127,0.8503983432725862,0.5579455234765703,0.5768815842792292,0.9996811443482657
TMED2,3.5050852302151476,-0.116966066897513,0.740388595975445,-0.15797929294604124,0.8744731156369528,0.9996811443482657
TMED10,11.764326593531981,0.2081484963123598,0.4078879706525035,0.510308004375275,0.6098356958829316,0.9996811443482657
TMCO1,2.621507054417675,-0.18614517887496698,0.8889761820435634,-0.20939276286014727,0.8341416419487289,0.9996811443482657
TMCC1,0.8623597093924531,3.2566865530522247,2.617639973718822,1.2441308146840084,0.21345142160306618,0.9996811443482657
TMC8,1.070285210417977,-1.830583888852776,1.5154217242399137,-1.2079699397017272,0.2270588252285859,0.9996811443482657
TMC6,1.3797080330942557,0.030063962609481163,1.2569460474761665,0.023918260190918195,0.9809178089231412,0.9996811443482657
TMBIM6,19.588270699498345,0.4572903720860695,0.3321547667931263,1.3767388512924175,0.16859300236083197,0.9996811443482657
TOP2B,4.795528691055449,-0.15215472708667552,0.6284683670092277,-0.24210403430605992,0.808699552257692,0.9996811443482657
TP53,1.1510611023625232,-0.5433188723272127,1.3044775912918711,-0.41650303228984137,0.6770419489682462,0.9996811443482657
TOX4,1.3237469778058202,-0.6622573094390415,1.2434345041112458,-0.5326032913268679,0.5943082232970656,0.9996811443482657
TOX,2.5575636861613993,1.0063079881538786,0.9418674332560504,1.0684178607546246,0.285332063864454,0.9996811443482657
TOR3A,1.4638090355132851,-0.41859211775384275,1.2243376081728863,-0.34189272220308553,0.7324316268151734,0.9996811443482657
TOR1AIP2,2.007951965677016,-0.5245338130443716,0.9844872791646566,-0.5327989748018296,0.5941727435951415,0.9996811443482657
TOR1AIP1,1.4948005614736268,-1.3149007314754348,1.1076243149988543,-1.1871360294910058,0.2351739687019927,0.9996811443482657
TOR1A,1.9624686336294828,-0.2715518308073338,0.9461695085463816,-0.28700124909385855,0.7741113638135124,0.9996811443482657
TOPORS,2.218307809715639,1.1348024823601515,1.2463567074964779,0.9104957477539457,0.3625611232492081,0.9996811443482657
TOPBP1,1.7303319037927651,-1.0298549094338574,1.0084239829354527,-1.0212519008483127,0.30713510843465675,0.9996811443482657
TP53BP2,2.877554318506859,-0.0015038913165919163,0.915388582592009,-0.0016428993601094591,0.9986891565553027,0.9996811443482657
TOP2A,1.5946016445048357,-2.573896540690022,1.2264612069167327,-2.0986367332079587,0.03584893566496788,0.9996811443482657
TOP1MT,0.7374184075794059,0.9955073607253835,1.9362199243312344,0.5141499414480146,0.6071471630789285,0.9996811443482657
TOP1,8.041481082160523,-0.06588355014710742,0.5359703677822147,-0.1229238668916085,0.9021673859058834,0.9996811443482657
TOMM70,1.2891535972765653,-0.8824173515033358,1.4315391252706193,-0.6164116201410302,0.5376228860099064,0.9996811443482657
TOMM7,12.425502499144944,0.2210798003526784,0.41329241203351086,0.5349234438273516,0.5927027963414542,0.9996811443482657
TOMM34,3.544365568819056,-0.6593093150419426,0.7117872615896234,-0.9262729900076005,0.35430412893423546,0.9996811443482657
TOMM22,2.896853522506439,-0.9007098552225716,0.8454131787308853,-1.0654078714205715,0.28669139627265194,0.9996811443482657
TOMM20,5.411685988436167,-0.5380110398249286,0.6077551628637425,-0.885243059540326,0.37602555303953245,0.9996811443482657
TOLLIP,1.363537305572092,-0.9742977701537641,1.2021722309273288,-0.810447742086184,0.41768288811112464,0.9996811443482657
TPP2,2.2871814512849307,-0.14515377714401462,0.920986461289714,-0.1576068522665869,0.8747666037360395,0.9996811443482657
TPX2,1.4869563262251415,-3.050616762754603,1.383689716267339,-2.2046971419170407,0.027475353831153793,0.9996811443482657
TPT1P9,4.592371404748613,0.3065723934534488,0.7666570860626297,0.3998820320411207,0.6892434069827216,0.9996811443482657
TPT1P4,1.3082143389604521,-0.4179573294454251,1.2307547319729362,-0.3395943306879894,0.7341620481316837,0.9996811443482657
TPT1,38.663642705739406,0.4063687994873677,0.23718461065624308,1.713301711957725,0.08665704761250279,0.9996811443482657
TPST2,1.5011726082687753,1.4152968594639903,1.2402034954732801,1.141181156664852,0.253794544125144,0.9996811443482657
TPSB2,3.7314899953212706,1.4099032201250572,0.878915223072032,1.604140175427941,0.10868315795532622,0.9996811443482657
TPRKB,1.0754477164134086,-1.8385883683046602,1.3968139947469551,-1.3162728718491516,0.18808247270111578,0.9996811443482657
TPR,5.014846287902652,-0.37593559659160863,0.6730367918064903,-0.5585661900927648,0.5764578197593375,0.9996811443482657
TPPP3,1.406628193874508,1.9381287016778774,1.6294125188921735,1.1894647176244835,0.2342568469764149,0.9996811443482657
TOB2,6.337258148894514,0.3215609522140847,0.5738640928735511,0.560343391767046,0.5752452355898372,0.9996811443482657
TPP1,19.45105405497407,0.17894455724520394,0.3345603732789786,0.5348647704191438,0.5927433708258845,0.9996811443482657
TPMT,6.929919734636652,-0.5197356489433438,0.5459807703406172,-0.9519303191192977,0.34113232189217824,0.9996811443482657
TPM4,17.721579185801538,-0.04853387869262783,0.340833073856493,-0.14239779650334908,0.8867658027869281,0.9996811443482657
TPM3,21.999654124104936,-0.1643215009556342,0.2908745810639553,-0.5649221748926367,0.5721267001053802,0.9996811443482657
TPI1,11.846857093069946,-0.8057638154057445,0.39277303403878233,-2.0514743772511213,0.040220772390276244,0.9996811443482657
TPGS2,0.9592973199655144,-0.8375896710826459,1.5030815004772906,-0.5572483400378998,0.5773577662265911,0.9996811443482657
TPD52L2,3.2616709886266513,0.49535755338802406,0.770196525573491,0.6431573461321175,0.5201220071452277,0.9996811443482657
TPD52,1.2947836958974595,1.6185363216334019,1.410673374583198,1.1473501597147673,0.2512369310417636,0.9996811443482657
TP53INP2,1.4426637850659558,0.3526672027204448,1.3859634092704163,0.254456358920826,0.7991430152186518,0.9996811443482657
TMPO,3.5547260679806545,-0.6182580681144423,0.7319461866853276,-0.8446769439626014,0.3982912357627739,0.9996811443482657
TNF,2.45154516792907,0.35761333072285617,0.9297075334200685,0.38465142839847916,0.7004956858776532,0.9996811443482657
TMX4,1.1507900164487588,0.327131229201898,1.230326720346974,0.26588972164210267,0.7903241411985926,0.9996811443482657
TMX3,2.63441975988233,-0.5136607111513934,0.8379101271149272,-0.6130260209648237,0.5398591344001216,0.9996811443482657
TMX1,5.144443089564108,0.1127842251033743,0.666363217267777,0.16925337740851343,0.8655973462600675,0.9996811443482657
TMUB2,1.5951831736642301,0.1794902852696536,1.083196443645575,0.16570427859379433,0.8683896787782438,0.9996811443482657
TMSB4XP8,11.981219834706653,-0.2573192056148663,0.384287285681702,-0.6696011426930191,0.5031120854339568,0.9996811443482657
TMSB4XP4,2.253859184408044,0.24006449491116502,0.974325751245494,0.24639038289225884,0.8053800501532529,0.9996811443482657
TMSB4X,48.583070230837315,0.15197962208105364,0.21220289385510377,0.7161995735309258,0.47386812638032605,0.9996811443482657
TMSB10,26.073086897243627,0.03516176149031722,0.2951894230056531,0.11911592607992542,0.9051835133884425,0.9996811443482657
TNFAIP2,5.407829682180102,0.5064575746105203,0.5953406507053508,0.8507021551618839,0.39493482570356475,0.9996811443482657
TMOD3,1.4710930100353028,0.18914983089153797,1.2172819747562378,0.1553870301327804,0.8765162084304873,0.9996811443482657
TMF1,1.6706085941945426,-1.718662165224311,1.1309517780295242,-1.519659987819078,0.1285964527368349,0.9996811443482657
TMEM9B,3.1931409776844895,-0.4116684474478804,0.76269940259165,-0.5397518944541354,0.5893681464089949,0.9996811443482657
TMEM97,1.7504389699629543,-0.32866662945037767,1.0096844941351473,-0.325514189194219,0.744791945448301,0.9996811443482657
TMEM94,0.9288222619605322,-0.7606629918219572,1.608382546994382,-0.472936611531519,0.6362584037745456,0.9996811443482657
TMEM8A,2.237095891619898,-0.3841270196782625,0.9873187434262242,-0.3890607994995143,0.697231170886357,0.9996811443482657
TMEM88,1.2955095173207338,1.4761192041576578,1.5353782443521582,0.9614042725872385,0.3363489368403142,0.9996811443482657
TMEM87B,0.8507086822821361,-0.4035605708591926,1.4461161243435714,-0.27906512075050605,0.7801948497931637,0.9996811443482657
TMEM87A,1.964793140727518,0.23682085555266927,0.969293383201033,0.24432319425371773,0.8069805212825312,0.9996811443482657
TNIP1,2.2259865906751855,-1.004923578237018,1.0340599066746146,-0.9718233651169258,0.33113842988031794,0.9996811443482657
TOB1,5.914189087956293,-0.6803388330976903,0.5758088028495559,-1.1815360059291165,0.2373898585881301,0.9996811443482657
TNRC6B,2.1787513575930704,0.4150978630785477,1.0818580066820096,0.38368978231406425,0.7012083865906025,0.9996811443482657
TNRC6A,1.75250145918,-0.9848616092746776,1.1201836783952865,-0.879196535594534,0.3792947225376595,0.9996811443482657
TNRC18,0.6719934670324411,-1.0328143092197164,1.9691035633178229,-0.5245098980367926,0.5999239372399003,0.9996811443482657
TNPO3,1.359628258128331,-1.7906766198945023,1.2589427817000547,-1.4223653734893364,0.15492020982226123,0.9996811443482657
TNPO1,3.4557126661039383,-1.1740054662223995,0.774712759113301,-1.515407423476683,0.12966925861354,0.9996811443482657
TNKS2,4.844680754896924,0.596727898138388,0.7340785843256237,0.8128937567175922,0.41627897435199046,0.9996811443482657
TNK2,1.0189769194931049,-0.3622768634344883,1.4600342482942756,-0.24812901742389123,0.804034584851273,0.9996811443482657
TNIP2,1.7882931080345632,0.39990902252177457,1.0911917380994893,0.36648831599319986,0.714000729569905,0.9996811443482657
UBXN4,4.812519532618317,-0.6481385924025521,0.606172034324457,-1.0692320920493543,0.2849651013480503,0.9996811443482657
TNFSF9,0.8610700611792225,0.7253402614904666,1.6281991527768707,0.44548620496049823,0.6559684268511283,0.9996811443482657
TNFSF13B,1.6629712853301035,-0.8400710430368584,1.0150403305005196,-0.8276233148515554,0.4078838601900875,0.9996811443482657
TNFRSF21,0.8929010486683108,-0.3211316756314811,1.6143533352698392,-0.1989227937995395,0.8423231389456384,0.9996811443482657
TNFRSF1B,5.129911558880268,0.6727267945370105,0.6568983907911835,1.024095665277491,0.3057900916298879,0.9996811443482657
TNFRSF1A,1.8101057376952405,0.4506718941981356,1.1077110656048752,0.406849681466387,0.6841183949512524,0.9996811443482657
TNFRSF10B,3.9887198643146133,0.020495296332646122,0.7405422197640535,0.02767606732695969,0.9779205118968113,0.9996811443482657
TNFAIP8,5.103848350951029,0.021056685078862592,0.6010006004115426,0.03503604666025919,0.9720509974296959,0.9996811443482657
TNFAIP3,8.271322849426625,-0.04389763824496187,0.4866407704620871,-0.09020542648590481,0.9281239721977621,0.9996811443482657
YWHAQ,5.727409366808528,-0.573869070043011,0.648104550199382,-0.8854575544431323,0.3759099026173902,0.9996811443482657
ZBTB10,2.978270420042521,0.11341906389049883,0.8226077798666429,0.13787745103612534,0.890337271650703,0.9996811443482657
ZBTB1,1.656566147320163,2.0910698130042293,1.3400189831532001,1.5604777538925092,0.11864702304018579,0.9996811443482657
ZBED4,0.9992267790494731,-1.0142868080308012,1.4328728092739251,-0.707869394593905,0.4790263672551974,0.9996811443482657
ZBED3,0.7551925553345846,0.1294274016158158,1.7538952106925536,0.07379426138275919,0.9411740933300259,0.9996811443482657
ZBED1,0.8824866939687763,-0.7371431602179532,1.6152847198673819,-0.45635493925707055,0.6481347632046993,0.9996811443482657
Z74021.1,7.11677743227694,-0.15359058936321401,0.5200687771918665,-0.29532745686548023,0.7677437438576556,0.9996811443482657
YY1,5.746628656780563,-0.35620190145624436,0.5786199709120461,-0.61560595790495,0.5381546181195614,0.9996811443482657
YWHAZP3,2.5302341625645366,-0.5699154373475341,0.9661546101433888,-0.5898801613780551,0.5552709953228895,0.9996811443482657
YWHAZ,25.54457502918376,0.2910050319437118,0.2895745116202754,1.0049400767886376,0.3149257050598163,0.9996811443482657
ZBTB11,1.485612830143158,-0.624216033844738,1.1874336443007358,-0.5256849819278371,0.599107100075668,0.9996811443482657
YWHAH,3.0289893929652223,-0.8936705313108899,0.8321199916476665,-1.0739683462493772,0.2828368688092022,0.9996811443482657
YWHAG,9.357929784006043,-0.2045454913973858,0.4603603253694478,-0.4443160718361952,0.6568140830501696,0.9996811443482657
YWHAE,15.154955507277883,0.04806097700491548,0.3762206829205915,0.127746769879368,0.8983493762713026,0.9996811443482657
YWHAB,14.939723914145794,-0.08320962993501063,0.3526646072290509,-0.23594550808147044,0.8134749546278168,0.9996811443482657
YTHDF3,2.871251428409665,-0.023943466004885314,0.819413663674581,-0.029220242554307878,0.9766889369021845,0.9996811443482657
YTHDF2,1.809540928143747,-0.45033166216377035,1.170362214378972,-0.38477973453947273,0.7004006148052676,0.9996811443482657
YTHDF1,2.528236511531837,0.2381183830066763,1.058078555800124,0.2250479245622836,0.8219419919540479,0.9996811443482657
YTHDC2,1.7974433438389248,0.09949363464281337,1.0105923394315037,0.09845081024340863,0.9215743298678226,0.9996811443482657
YTHDC1,2.2668394254360464,-0.7227547093450045,0.8810395461789601,-0.8203430963792354,0.412020544801321,0.9996811443482657
ZC3H15,4.000386476356544,-0.5415342889854348,0.6682380364702359,-0.8103912968587136,0.41771531829178854,0.9996811443482657
ZCCHC8,1.1363166149629524,2.5908818291352724,1.9014632358118908,1.3625726652711287,0.17301722851343737,0.9996811443482657
ZCCHC2,2.583845319894662,-0.48435265531149374,0.8987988203755976,-0.5388888417867398,0.5899635569265431,0.9996811443482657
ZCCHC10,2.6742240352785958,-1.0461437168198082,0.8510369751658958,-1.229257655480691,0.21897521814989085,0.9996811443482657
ZC3HAV1,12.621281491385606,0.015559240062492298,0.3965344130720741,0.03923805740326565,0.9687005915674419,0.9996811443482657
ZC3H7B,0.6864001635335426,0.7523879302943425,1.7151973239254064,0.43865969226935647,0.660908137692718,0.9996811443482657
ZC3H7A,2.0474752445755833,-0.3693539938264457,1.0069354801959844,-0.3668099904023211,0.7137607550561438,0.9996811443482657
ZC3H6,1.7860708565184573,0.5625721029550608,1.0400348305139027,0.5409165986076468,0.5885650695319828,0.9996811443482657
ZC3H4,0.8102444360324602,0.2780143476449648,1.481306532070855,0.18768184816973899,0.8511260604646578,0.9996811443482657
ZC3H18,1.7138520830517638,-1.0161876026474257,1.0075056979392814,-1.0086172264096391,0.3131582425266778,0.9996811443482657
YRDC,1.21157724220749,0.7283209687794046,1.413632356456845,0.5152124351517265,0.6064045803938543,0.9996811443482657
ZC3H13,3.7897249279179093,-0.4725178860943205,0.6891991500860988,-0.6856042785823093,0.4929626827451604,0.9996811443482657
ZC3H12A,7.543460593588501,0.27565039206701347,0.5205963987031902,0.5294896252714403,0.5964658395264959,0.9996811443482657
ZBTB7A,3.1990861879922257,-0.001066905681245632,0.812222803502045,-0.0013135628261672487,0.9989519288027552,0.9996811443482657
ZBTB46,2.306932015442392,-0.19894033257138508,1.0033112298570261,-0.19828376943387196,0.8428230496963252,0.9996811443482657
ZBTB44,0.7335012452471305,-0.7703972053079445,1.6024823289889136,-0.4807523873252485,0.6306924933408268,0.9996811443482657
ZBTB43,1.0523220098271855,-1.0005959909059996,1.4141587034955931,-0.7075556572488455,0.4792212379608658,0.9996811443482657
ZBTB4,2.33780356418712,0.34864135745063846,0.962558223670001,0.3622028765401365,0.7172004301282167,0.9996811443482657
ZBTB38,3.1257303888059362,1.2858755410687968,0.881126151917549,1.4593546432260727,0.1444675228933552,0.9996811443482657
ZBTB21,1.8831598722181297,0.28761936340779376,1.1674380351314815,0.24636799106464005,0.8053973821332416,0.9996811443482657
XPNPEP1,1.5802314887728002,0.8328832418441788,1.2602615306425633,0.6608812707466527,0.5086884580848565,0.9996811443482657
XRN1,1.9496499877802882,-0.017778225532795427,1.05480301770752,-0.0168545455732902,0.9865526549880768,0.9996811443482657
XRCC6,6.023565238021133,-0.13579087713457114,0.569483491858697,-0.23844567766375965,0.8115354432205963,0.9996811443482657
XRCC5,8.078976249657138,-0.5256650765166817,0.48384712779650374,-1.086428018929495,0.2772896709336532,0.9996811443482657
XRCC1,0.9573038135835789,-1.7556235536138731,1.5774521235421382,-1.1129488669815566,0.2657303908160257,0.9996811443482657
XPR1,0.715147557423685,1.9130989869434658,1.9814465151078062,0.965506246248276,0.33429130893461945,0.9996811443482657
XPOT,1.1654596839751101,0.33803597271654595,1.246478524884735,0.27119277706593864,0.7862427679664186,0.9996811443482657
XPO7,1.0787084739557629,-0.9562971241018228,1.3221195114694833,-0.7233061125003265,0.46949183828844965,0.9996811443482657
XPO6,1.431392296085514,-0.4474563445326441,1.1912244068469418,-0.3756272470247808,0.7071940315416134,0.9996811443482657
XPO1,4.49673301532474,0.10144418751529563,0.6838334883117427,0.1483463288201085,0.8820694546924757,0.9996811443482657
XRN2,4.120418784065182,-0.7856733839739778,0.7188685232120834,-1.0929305688102653,0.2744242854651504,0.9996811443482657
XIST,2.3978979358178507,4.609295245349145,2.1382836840437314,2.1556051143936417,0.031114512863939854,0.9996811443482657
XIAP,0.7919475230769212,-1.253621571361142,1.6646326949926105,-0.7530920034985298,0.45139462932529173,0.9996811443482657
XCR1,8.015674396080813,0.11019799777118638,0.48389468205673497,0.22773136770754188,0.8198550851901786,0.9996811443482657
XBP1,2.993805155308399,-0.00874072672156817,0.7773052314815977,-0.01124490916510074,0.9910280496707697,0.9996811443482657
WWP2,2.271625688257279,-0.40338022259362766,1.0947008581562803,-0.3684844307814006,0.712512052174308,0.9996811443482657
WTAP,6.9650109790615415,-0.13270963904598368,0.5127004250697867,-0.25884441002349423,0.7957552909921667,0.9996811443482657
WSB2,1.4257154996331876,1.9470133449427196,1.3608799274272294,1.4307017876467523,0.15251570068243336,0.9996811443482657
WSB1,9.704384791130884,-0.15142524892297107,0.44491208973576885,-0.340348694531771,0.7335939505999702,0.9996811443482657
WNK1,6.992894250789367,0.22986410141344205,0.5361737305683325,0.4287119795477318,0.6681328415536032,0.9996811443482657
YIPF1,0.8535025996491474,0.19606741411314618,1.9079958977619416,0.10276092015875461,0.9181527222056529,0.9996811443482657
YPEL5,15.859689108654095,0.012195808646709667,0.35438277609818886,0.03441422515221387,0.9725468401601417,0.9996811443482657
YPEL3,1.0384366312546824,0.12740367340559788,1.439433535602904,0.08850959092893101,0.929471661798744,0.9996811443482657
YME1L1,5.247708216947325,-0.5324204928804561,0.6139305258611482,-0.867232480635558,0.38581464299944024,0.9996811443482657
YLPM1,1.565240806404455,0.0013933745729453894,1.1949870740575808,0.0011660164391688217,0.9990696536963605,0.9996811443482657
YKT6,1.8078703326347223,-1.2157465269893644,1.2475088263147551,-0.9745394191564806,0.32978877660504624,0.9996811443482657
YIPF6,1.1496140894189555,1.4047213509608778,1.4715133302978198,0.9546100072886027,0.33977495454302875,0.9996811443482657
YIPF5,1.0551364431770045,0.15304635093859884,1.3475131786317405,0.11357688619713649,0.9095732109079925,0.9996811443482657
YIPF4,1.8069053287534649,1.123148997660379,1.136959703223429,0.9878529507036222,0.3232246705964007,0.9996811443482657
YIPF3,2.0988378360090487,0.7100105198056722,0.9455792234772559,0.7508736467312516,0.4527287017007783,0.9996811443482657
ZCRB1,0.8977826881419652,-0.8041600414718872,1.381142328923006,-0.5822427020240261,0.5604032139849255,0.9996811443482657
YIF1B,2.582466867685156,-1.6022691546687262,0.8916885083707408,-1.7968933541560734,0.07235255189758186,0.9996811443482657
YIF1A,1.1596923797011662,-0.7259011883332804,1.2448137516577358,-0.583140399410424,0.5597987893862778,0.9996811443482657
YEATS2,1.1265435554076302,1.6207017326280273,1.4426366949681446,1.123430270615579,0.2612547996735245,0.9996811443482657
YDJC,0.7914036855298939,-0.37398700417788827,1.7084996246337991,-0.21889791416140866,0.8267295713271833,0.9996811443482657
YBX3,6.989093567073457,-0.20906077967479514,0.5346593001665148,-0.39101682063640353,0.6957848026452069,0.9996811443482657
YBX1P1,6.429281664477614,-0.5768086782907863,0.5296484168163849,-1.0890406918571998,0.2761359417169018,0.9996811443482657
YBX1,18.852904098955786,0.21623260149135315,0.32101794089406466,0.6735841644523834,0.5005757235996073,0.9996811443482657
YARS,1.4774529714288642,-1.312580656265154,1.250356480872508,-1.0497651480553973,0.2938261026006439,0.9996811443482657
ZNF366,1.99648450708449,-1.3718545837157876,1.027385575552265,-1.335286981207961,0.18178243791182058,0.9996811443482657
ZNF580,1.0327518718378563,-1.5739078771375559,1.4171163192743825,-1.110641276041092,0.26672278851745157,0.9996811443482657
ZNF516,1.5173741856483878,-0.3189794291452073,1.267241098490417,-0.2517117141522533,0.8012639018954942,0.9996811443482657
ZNF503,3.0204202302985963,0.3564642966433789,0.838914398968142,0.42491140583810116,0.6709012596595647,0.9996811443482657
ZNF462,0.6473277576525361,-0.12215376104867486,1.7905896953016596,-0.06821985034829305,0.9456106254884257,0.9996811443482657
ZNF451,1.6786091067565545,0.6438650032704282,1.05478765570002,0.6104214433976486,0.5415826669762682,0.9996811443482657
ZNF431,1.2786679255996887,-0.0038394008970439896,1.1960663086581635,-0.0032100234487428343,0.9974387762490156,0.9996811443482657
ZNF430,0.8124669839770264,1.1148115770119562,1.7095933950876128,0.6520916495204548,0.5143420506695308,0.9996811443482657
ZNF394,1.0295577777925455,0.47320232588764005,1.5398476643568146,0.30730463593312257,0.7586115073441846,0.9996811443482657
ZNF385A,4.523540055880057,-0.44962459247394887,0.7192665997738189,-0.6251153502961742,0.5318953538966784,0.9996811443482657
ZNF592,1.436817773106196,-1.3017375911172202,1.1419354420765686,-1.1399397401573395,0.2543114071772232,0.9996811443482657
ZNF331,10.659417366465517,0.3388284821022009,0.482250243459872,0.7025988824210823,0.48230575917480667,0.9996811443482657
ZNF330,1.5814662355189455,0.924676258614215,1.507506261133463,0.6133813719081802,0.5396242002808289,0.9996811443482657
ZNF326,1.2631876427664188,-0.2543485103791645,1.4608407494082394,-0.1741110456305361,0.8617781926297616,0.9996811443482657
ZNF292,2.7281281488354185,-0.08351705908232634,0.9092806918872406,-0.09184959037124615,0.9268175431327227,0.9996811443482657
ZNF277,1.265315749551359,1.3140495665694316,1.635826453627939,0.8032939946992115,0.42180482814112163,0.9996811443482657
ZNF267,1.5704312426684868,-1.764902711503721,1.3831642597500244,-1.2759892392120422,0.20195932303089337,0.9996811443482657
ZNF250,0.7742682655158459,0.9753448213248694,1.681020689130224,0.5802098853581167,0.5617730881462752,0.9996811443482657
ZNF24,1.6192135060159873,0.09227738671113886,1.0799318700445522,0.08544741503677634,0.9319056992198036,0.9996811443482657
AC009362.1,1.236560159694747,-0.9739754746520151,1.2267608256459672,-0.7939408027144618,0.42722989447116844,0.9996811443482657
ZNF91,0.9851528594203237,0.6504726157702703,1.5964035631162372,0.4074612653084564,0.6836692377686058,0.9996811443482657
ZSWIM6,1.636917598073478,1.0132469586489579,1.321276821316962,0.7668695479263912,0.4431590808201761,0.9996811443482657
ZRANB2,1.8122522753329928,-1.1876209691798743,1.1391936668915705,-1.0425101575752642,0.2971752186134039,0.9996811443482657
ZPR1,2.142112949545055,0.9738067747430748,1.0799880790105605,0.9016828923104739,0.36722534335990364,0.9996811443482657
ZNRF2,1.2920515109762978,-0.8694621600052661,1.2440044899683789,-0.6989220433017623,0.4846007508029454,0.9996811443482657
ZNHIT1,2.7990326549429714,-1.0248402864628081,0.7931098385059968,-1.2921795150005053,0.19629498410981305,0.9996811443482657
AC093278.2,1.6612151538470503,-0.44927914536478153,1.0350472338705263,-0.4340663214805342,0.6642402809905772,0.9996811443482657
ZNF22,0.7712179369945362,0.06126160374325266,1.611983956824866,0.03800385449487971,0.9696846088074584,0.9996811443482657
ZNFX1,1.5430395629119449,-2.3438253752974143,1.2019158648744461,-1.9500744135216599,0.051167250382848806,0.9996811443482657
ZNF92,1.1223959822216856,-0.01480894027547213,1.3797504114029173,-0.010733057336373279,0.9914364236799642,0.9996811443482657
ZNF207,5.292865079452319,-0.14001860752775636,0.6185668583978572,-0.22635969843327355,0.820921670432034,0.9996811443482657
ZNF800,3.0575020567968205,0.9381513367690274,0.9486849128511677,0.9888966547908064,0.32271370740362093,0.9996811443482657
ZNF787,2.287828590343037,0.5092718513354425,0.9409439519903734,0.5412350547109449,0.5883455784151814,0.9996811443482657
ZNF706,3.0628243918996216,-0.18892129840168895,0.7583182781353188,-0.24913193292167582,0.8032587291224842,0.9996811443482657
ZNF672,0.9665118778541792,0.5902729368930463,1.5102537296662688,0.3908435551577701,0.6959128782071251,0.9996811443482657
ZYX,12.964848958560237,-0.4820756324254789,0.4545663383782185,-1.0605176664541567,0.28890915714479437,0.9996811443482657
ZNF652,1.0819782818794272,-0.40432326212727837,1.5580310136418472,-0.2595091231092928,0.7952424438513528,0.9996811443482657
ZNF644,1.4675209371810132,-1.1257487048892196,1.2897589507137732,-0.8728365127966062,0.38275219473038746,0.9996811443482657
ZNF638,1.5313415415417349,-0.716325167223678,1.0866336562529806,-0.6592149645850003,0.5097577387219654,0.9996811443482657
ZNF609,1.1612766236184313,-1.211141181139859,1.3418835835244225,-0.9025679991991764,0.3667552168176754,0.9996811443482657
ZEB1,2.8084342736054686,-0.3501870511881942,0.8227479778468995,-0.4256310080574377,0.6703767418323918,0.9996811443482657
ZFP36L1,14.173340143713261,-0.11981124032603205,0.38575292669275707,-0.31059061911268093,0.7561118595918003,0.9996811443482657
ZFP36,25.499372679364278,0.03823526467516731,0.27540699366679994,0.13883185813874463,0.8895830186038323,0.9996811443482657
ZFHX3,2.121716181822284,-0.11088748666877765,1.020469774859452,-0.10866317592213845,0.9134696502090454,0.9996811443482657
ZFAS1,5.361578420931671,0.01332415470657207,0.6071023712969313,0.021947130066562164,0.9824901294594869,0.9996811443482657
ZFAND6,4.163868094263883,-0.6172315309090202,0.7568561265082012,-0.8155202941365527,0.41477455288294085,0.9996811443482657
ZFAND5,9.75105158945889,0.3090521605038755,0.4385358285436462,0.7047363986888393,0.480974295280287,0.9996811443482657
ZFAND3,1.6446635043497406,0.46579161830040755,1.147859853330093,0.4057913663842189,0.6848959028488044,0.9996811443482657
ZFAND2A,5.984822721887806,-0.3634262906334172,0.7880124976960017,-0.46119356189908967,0.6446597402912256,0.9996811443482657
ZFAND1,0.7579130339830957,-0.5507179616365725,1.5700581638197098,-0.3507627770278016,0.7257663246783708,0.9996811443482657
ZFP36L2,5.16004354274982,0.4224232843982946,0.6171898800608014,0.6844300239606654,0.49370366244464936,0.9996811443482657
ZDHHC7,0.6341636516782816,1.7230173136852667,2.030821943451195,0.8484334725855666,0.39619660788670674,0.9996811443482657
ZDHHC6,0.9156860373569113,1.1584481134221571,1.5999644182175925,0.7240461726722038,0.4690373888990086,0.9996811443482657
ZDHHC5,0.8049444837128252,-0.4448337044320734,1.5289230211567282,-0.29094578227720597,0.7710927859242585,0.9996811443482657
ZDHHC3,1.2711879814655869,-1.3047606634012325,1.3456302360491987,-0.9696279322854989,0.3322319847195314,0.9996811443482657
ZDHHC20,2.5317913306280433,-0.5072820745035471,0.8721967791021806,-0.5816142488232204,0.5608265430569923,0.9996811443482657
ZDHHC2,2.023486485592388,-0.32003182649397904,0.9223806576715172,-0.3469628551208739,0.7286192246259803,0.9996811443482657
ZDHHC18,1.028807633651822,-2.28488696911224,1.5309082139508563,-1.4925042195805915,0.135567011896708,0.9996811443482657
ZDHHC17,2.689603387236081,0.289205874359461,0.9163691864525564,0.3155997371310937,0.7523063372316232,0.9996811443482657
ZDHHC12,1.0174982184442616,-1.8445165741322407,1.5327695543038746,-1.2033880559233507,0.22882618776026098,0.9996811443482657
ZMIZ2,3.5004560610164397,-0.7466736679879211,0.7590453817994184,-0.9837009563483959,0.3252625694683505,0.9996811443482657
ZNF148,0.8856337303277033,-2.023102263211543,1.6636719605203465,-1.216046378865926,0.22396725504850068,0.9996811443482657
ZNF146,1.3402270949752821,-0.14724587620863958,1.193363623460496,-0.12338726714465992,0.9018004393732574,0.9996811443482657
ZNF131,2.5058567854461753,-0.2511708639068543,0.9093518133035853,-0.27620867988856296,0.782387790881064,0.9996811443482657
ZNF106,2.0439703958952693,-1.3153139036063568,1.03594296180157,-1.26967791867512,0.20419938145608962,0.9996811443482657
ZMYND8,1.1308988636174357,-1.3630286696008327,1.3532929332329056,-1.0071941086285503,0.3138415036437967,0.9996811443482657
ZMYM5,0.7297494106096916,-0.8541619600323884,1.528509219428297,-0.5588202865743052,0.5762843759603611,0.9996811443482657
ZMYM4,0.8800695457031642,-1.9209774736100007,1.680981057185467,-1.1427716364789793,0.25313341798507183,0.9996811443482657
ZMYM2,1.461327379035418,0.8465828021083381,1.4995976091552679,0.5645399785514617,0.57238670033324,0.9996811443482657
ZMPSTE24,2.26829822573022,0.5824440956928513,1.0165305969021112,0.5729725179624268,0.5666633018485794,0.9996811443482657
WIPI2,1.4011075006139848,-0.6919745030987996,1.203742989108984,-0.5748523641338109,0.5653911488324551,0.9996811443482657
ZMIZ1,5.701219198337773,0.17637660672407168,0.6163151693783321,0.2861792399203481,0.7747408432536782,0.9996811443482657
ZMAT3,1.286370852032022,0.4517817016099703,1.25779343740559,0.3591859268576293,0.7194560038750711,0.9996811443482657
ZMAT2,2.4994059752079036,-1.5959088753755097,0.9006081665483705,-1.7720346479778402,0.07638880592701931,0.9996811443482657
ZKSCAN1,1.879110514877503,0.3669552500693526,1.0939580656695191,0.3354381320318438,0.7372946072441804,0.9996811443482657
ZHX1,1.1821956221325012,-0.5783742142058425,1.7050382001690252,-0.3392148129868918,0.7344479109813873,0.9996811443482657
ZFYVE28,0.6913277098502794,0.6497050242042601,2.06571698597434,0.3145179270033512,0.753127703004112,0.9996811443482657
ZFR,2.6965626997746615,-0.4446631316612371,0.8046695949762038,-0.5526033721634368,0.5805350323849396,0.9996811443482657
ZFP91,2.7288331578474248,-0.6953652119308948,0.7987926863590843,-0.8705202536347518,0.38401615573676084,0.9996811443482657
USP36,3.078793740782051,-0.0009127165211189876,0.9128496082454365,-0.000999854206952332,0.9992022318981415,0.9996811443482657
USP7,5.853101142189856,-0.5460937316505207,0.6360814602942666,-0.8585279806738662,0.3906009868099546,0.9996811443482657
USP5,1.0306727440908647,-2.356489399769157,1.5164449498062642,-1.553956442711761,0.12019480681293439,0.9996811443482657
USP48,2.1653950634207257,0.25922924343417303,1.0272235653713488,0.2523591282102838,0.8007634888941845,0.9996811443482657
USP47,2.0455185946554204,-0.46572081246208624,1.0582828116110117,-0.44007216913324415,0.659884838229962,0.9996811443482657
USP46,0.7624410426858683,0.90135161209351,1.7002536176209246,0.5301277425627383,0.5960233653418414,0.9996811443482657
USP42,0.8535936831086092,-1.077567163669163,1.4429138882037984,-0.7467993568282618,0.455184683906232,0.9996811443482657
USP4,0.9842272616503234,-2.2969327543211167,1.477732023721345,-1.5543635229185828,0.12009772905695505,0.9996811443482657
USP39,0.8804900553215949,-0.8358013064052453,1.573632792479945,-0.5311285519718204,0.5953296998370795,0.9996811443482657
USP38,1.4673791827029374,-0.2054651600379241,1.2139135905244092,-0.16925847246603723,0.8655933388072969,0.9996811443482657
USP8,2.7452116027419846,-0.9007474048887164,0.911349492521604,-0.9883666060936153,0.3229731359414397,0.9996811443482657
USP34,2.148616840241048,0.10570495675682799,0.9243065386531479,0.11436136426218063,0.9089513398601605,0.9996811443482657
USP33,0.7660554309991043,0.08608663338377319,1.6142608840824935,0.053328823260623534,0.9574699152300555,0.9996811443482657
USP32,0.9702725475224226,1.141575346211869,1.639001672752011,0.6965065168573473,0.4861116774966545,0.9996811443482657
USP25,1.0460884629545724,2.455249562257784,1.863000983339127,1.3179003039800588,0.18753702394575866,0.9996811443482657
USP22,0.694405114225348,0.6501452289113109,1.8710449567412055,0.34747707507983516,0.7282329382908883,0.9996811443482657
USP16,2.4711423817721583,0.3190881108759916,0.8948857568405039,0.35656854345583566,0.7214148301565325,0.9996811443482657
USP15,1.9013639033349388,-0.1640425826583013,0.9504771749122272,-0.17258971281814314,0.8629739385333192,0.9996811443482657
USP14,3.8053695395267297,-0.8746814414914135,0.7187904561656012,-1.2168795982036476,0.2236500290407356,0.9996811443482657
USP12,3.91738665262216,0.01446680501447184,0.7140622520109285,0.020259865262070215,0.9838360720910864,0.9996811443482657
VAC14,5.28514993496837,-0.8700191254228192,0.59234433129623,-1.4687726031224981,0.14189447738346345,0.9996811443482657
VASP,7.69864224476799,-0.3662753480225542,0.5528009858723129,-0.6625808516686641,0.5075990371689838,0.9996811443482657
VASH1,3.3106102349014437,-0.3355954359804361,0.7337060002335971,-0.4573976986334981,0.6473852182081561,0.9996811443482657
VARS,2.007685428588278,0.010587971730305772,1.0379727698286336,0.010200625717815139,0.9918612193732428,0.9996811443482657
VAPA,4.6665112775382465,0.023499246405331287,0.6304154284055321,0.037275811070751196,0.9702650920548205,0.9996811443482657
VAMP8,11.763491080561039,-0.23641179363571754,0.4463458052731875,-0.5296606148029572,0.5963472597352263,0.9996811443482657
VAMP7,2.6980321350916885,0.44511054242536063,0.8602588679822453,0.517414651556428,0.6048667340316962,0.9996811443482657
VAMP5,1.2795924140140493,-1.4082914441689331,1.2880326223224632,-1.0933662857308926,0.27423300998856404,0.9996811443482657
VAMP3,0.7490257692039839,-1.5629306491242874,1.6993783081274627,-0.9197073080487144,0.3577257326164254,0.9996811443482657
VAMP2,2.4699183258061748,-0.5075826495445735,0.8611963899054412,-0.5893924492650344,0.5555980405446082,0.9996811443482657
USP11,1.221746192235333,-1.3455838559492879,1.383732832006249,-0.9724303888911492,0.33083647993155485,0.9996811443482657
UXT,1.4424114490635604,0.771170659105345,1.263423215287435,0.6103818971934118,0.5416088571230654,0.9996811443482657
UVRAG,5.18009438274678,-0.39129504867555986,0.5904756763144018,-0.6626776755952482,0.507537010526153,0.9996811443482657
UTRN,1.118373277020988,0.2860391495166858,1.3268107740387185,0.21558398161480313,0.8293120430214729,0.9996811443482657
UTP6,2.624456793076554,0.2329835681072302,0.946409673791627,0.2461762327236383,0.8055458130448108,0.9996811443482657
UTP4,1.40970098599806,-0.909305839421049,1.1471213444200021,-0.7926849620959713,0.42796139387186016,0.9996811443482657
UTP3,1.05998195641559,0.7751729333470251,1.4673762795261807,0.5282714080653739,0.5973109734167709,0.9996811443482657
UTP11,1.445911900842864,-0.8772469327733411,1.16682103829005,-0.7518264618016546,0.45215542642448137,0.9996811443482657
USPL1,0.687929450226415,-0.042048037841928176,1.6349056227842391,-0.025718938913623958,0.9794815177844546,0.9996811443482657
USP9X,3.3191485223899733,-1.0046279316762794,0.7418796654229383,-1.354165612698861,0.17568354712267364,0.9996811443482657
UGGT1,1.6484849709710379,-0.26235672511834607,1.129294111900426,-0.23231921813250278,0.816290086820943,0.9996811443482657
UPF3B,1.1705672327461496,0.34141978659613337,1.3128445353056994,0.26006109437522457,0.7948166478018445,0.9996811443482657
UPF2,6.403054512682839,0.7816707905335081,0.5549123831845836,1.4086382178887087,0.15894217201856897,0.9996811443482657
UPF1,1.2642791245951153,0.34250703939335536,1.4636881806054396,0.23400273632849916,0.8149828543524364,0.9996811443482657
UNC93B1,1.4214036196197866,-0.04384337366379309,1.277350877316798,-0.034323672878270095,0.9726190477621461,0.9996811443482657
UNC119,1.706066611762313,-1.0101610563454768,1.04403513153408,-0.9675546596417409,0.33326683052265416,0.9996811443482657
UHRF2,0.8360119389020261,0.32638587708291217,1.6038147057080065,0.20350597604654622,0.838739575204033,0.9996811443482657
UHRF1BP1L,1.7257531683140712,-0.829070542935554,1.0947092270461234,-0.7573431578471777,0.4488443010552099,0.9996811443482657
UHMK1,5.177243051447526,0.42861620028934144,0.6222635976148572,0.6888016620805585,0.49094808956386204,0.9996811443482657
UGP2,1.6771306210582169,-0.44513334335080657,1.1870893602325798,-0.37497879962768266,0.7076762336501023,0.9996811443482657
UPP1,1.1552321853387382,-0.11737232585425464,1.2987228406354707,-0.09037519182832254,0.9279890700585316,0.9996811443482657
UGCG,4.423833622371799,-0.19299059368533455,0.6437522721595645,-0.2997901553619661,0.7643372250354951,0.9996811443482657
UFM1,2.5057102887406626,-0.3632486831195762,0.8750935896945008,-0.4150969535114387,0.6780709295484184,0.9996811443482657
UFL1,1.0596056879207427,-0.9252031975100317,1.3562147763356383,-0.6821951903590386,0.49511553552837906,0.9996811443482657
UFD1,1.1190906871272874,-0.7716203021810008,1.24883399473427,-0.6178725959051011,0.5366593245976254,0.9996811443482657
UFC1,2.414637915324634,-0.37950240425867965,0.8862127831492844,-0.42822944046243994,0.6684840840957333,0.9996811443482657
UCP2,19.41394674064545,-0.25387711658741835,0.31352738947941905,-0.8097446191509966,0.4180869679494741,0.9996811443482657
UCK2,0.63423328366214,-0.3359527311324382,1.8180429777997036,-0.18478811295155784,0.8533952317838328,0.9996811443482657
UCHL5,1.0670929974426706,0.6781518525083131,1.4363777507175874,0.47212639723047867,0.6368365717241149,0.9996811443482657
UBXN6,0.8042022391101105,-2.6948061788779296,1.7319545959235496,-1.555933501502069,0.11972390598992118,0.9996811443482657
UQCRQ,7.7377337753762285,0.03358079160249235,0.5195510134788247,0.06463425290548684,0.9484652118437664,0.9996811443482657
USP10,2.3440244388576272,-0.30736152014278245,0.9076066917075247,-0.3386505663202287,0.7348729846363411,0.9996811443482657
USP1,3.1455381585323154,-0.42414903538388626,0.7837022459877042,-0.5412119686467517,0.5883614888688457,0.9996811443482657
USO1,2.450066466880227,-0.12215104133174623,1.0282728086005843,-0.11879244526361271,0.9054397941083084,0.9996811443482657
USMG5,4.456518611876548,-0.0367907426930452,0.6417201699450101,-0.05733144198381336,0.9542811744541244,0.9996811443482657
USF2,3.2465846105473277,-0.716502307219945,0.7747345682075448,-0.9248358555597588,0.35505129657857304,0.9996811443482657
USB1,1.158791401077076,-0.05638978904929946,1.2692600697441772,-0.044427293029603444,0.96456380643084,0.9996811443482657
UROD,0.8301001193445138,-1.241998176637039,1.656092672980834,-0.7499569298869861,0.45328064521916944,0.9996811443482657
URM1,1.867077311240688,-0.9994138627815349,1.1758745803876671,-0.8499323647697563,0.39536269046983363,0.9996811443482657
URI1,2.428132806664483,-0.561832341217157,0.9224265699958173,-0.6090808303794898,0.5424708631548476,0.9996811443482657
VAV1,1.5970204027326393,-0.27993971011104046,1.086514270828902,-0.2576493633143671,0.7966775290757053,0.9996811443482657
UQCRHL,4.117024369281802,0.027263691407112937,0.6627328539579177,0.0411382825587882,0.9671856553540538,0.9996811443482657
UQCRH,7.846534352520024,0.14152512612879375,0.5294557078309888,0.2673030511061578,0.7892358377698079,0.9996811443482657
UQCRFS1,1.6336869075017941,-0.8837833508937809,1.0521437522824109,-0.8399834613631394,0.40091765959427883,0.9996811443482657
UQCRC2,2.873540042274601,-0.35301712810921165,0.978347241369075,-0.36083009506441516,0.7182264636825169,0.9996811443482657
UQCRC1,1.0540862561987532,-1.3384794167605496,1.383799733418254,-0.9672493674024966,0.33341938851455843,0.9996811443482657
UQCRB,11.76555534444022,0.5027639154043793,0.43763439965142226,1.148821746656188,0.2506294902869187,0.9996811443482657
UQCR11,1.5093999021944773,1.862075604695745,1.4442408683353785,1.2893109768053856,0.19728999638117573,0.9996811443482657
UQCR10,4.977211986397798,0.38142454983258894,0.6248665222917412,0.6104096414602082,0.5415904829440136,0.9996811443482657
WASF2,5.526328744665051,0.31029939052689126,0.608917185240728,0.50959210554095,0.6103372557450486,0.9996811443482657
WDFY4,13.100433255292836,-0.25649208058530865,0.4056614265271219,-0.6322811680201986,0.527203166895618,0.9996811443482657
WDFY2,1.3577814668996457,-1.0970826574231658,1.322508852381721,-0.8295465511988198,0.4067952068463363,0.9996811443482657
WBP2,4.061604927834515,-0.01884461379688904,0.6775362980847248,-0.027813437966584857,0.9778109481620584,0.9996811443482657
WBP11,3.361472201633781,-0.7875693222040273,0.744572588320193,-1.0577468665356564,0.29017086237725287,0.9996811443482657
WASHC5,2.04019534789602,-0.5107766681055808,0.9804300854470591,-0.520972046540856,0.6023862445151292,0.9996811443482657
WASHC4,1.215968019936565,0.4450575516662677,1.415530745346601,0.3144103744332962,0.7532093777256165,0.9996811443482657
WASHC3,0.7905918089433208,-1.1828681896351427,1.6548638268965576,-0.7147827938528514,0.47474326870717976,0.9996811443482657
WASHC2C,0.4982409888417564,-2.753288825399898,2.2313311031767067,-1.2339221290287619,0.2172319226959678,0.9996811443482657
WASHC2A,0.7227758159068138,0.08367885278848505,1.947513872784623,0.04296701243459597,0.9657278298209592,0.9996811443482657
WDR1,7.038676386342866,-0.41854326204457776,0.506866403775383,-0.8257467035239813,0.4089477929717231,0.9996811443482657
WAS,10.94991299439042,-0.32130397457573995,0.4149642499994949,-0.7742931459183076,0.4387574559883368,0.9996811443482657
WARS,8.564745370070604,-0.5315334410796448,0.5272292954357488,-1.0081637072923624,0.3133758777566481,0.9996811443482657
WAPL,2.3963560562574973,-0.2650894290390489,0.9763852283641946,-0.2715008598431702,0.7860058384732111,0.9996811443482657
WAC,7.091652734990959,-0.04816470430225362,0.5171807439819857,-0.09312934571270752,0.9258008042322955,0.9996811443482657
VWA5A,0.901483721784869,2.2528068582303935,2.051114391124703,1.098333114904964,0.27205905689067067,0.9996811443482657
VTI1A,1.3155415086769047,-1.1813238789002014,1.2201463428865893,-0.9681821248633646,0.33295342050942744,0.9996811443482657
VSIR,3.3391851436491247,-1.5299631341060962,0.7792278388790101,-1.9634349002559852,0.04959566187978701,0.9996811443482657
VRK2,1.0015198944706936,-2.3005479700674676,1.4961085828711154,-1.5376878365690467,0.12412495909747268,0.9996811443482657
VRK1,1.1583238084516139,-2.440169776104709,1.4472663583431402,-1.6860543755734532,0.0917853265758746,0.9996811443482657
WDR48,0.6302194134922471,0.47913535833047827,1.7510963796170824,0.27362020954851857,0.784376501527255,0.9996811443482657
WIPF2,2.4519362942260594,-0.5688562136874964,0.8548375332308126,-0.6654553544666375,0.5057592900005282,0.9996811443482657
WIPF1,7.515483020761385,0.03703406260812024,0.5114482634565882,0.07241018350092354,0.9422754808085755,0.9996811443482657
WHAMM,2.1915405197786226,1.08763933501965,1.046118893228692,1.039689983671752,0.29848395561023566,0.9996811443482657
WFDC21P,7.817139007319895,0.7300329935594355,0.6346129148420011,1.1503594970820772,0.24999583490492017,0.9996811443482657
WFDC2,1.0815852299178006,0.0056691971519508624,1.7359903467829119,0.003265684721379274,0.9973943652117466,0.9996811443482657
WDR91,0.9194378719943502,1.2619904237123172,1.5136026290709361,0.833766009303868,0.40441285292126183,0.9996811443482657
WDR83OS,2.225358282606403,-1.0637033940737852,0.984506998393993,-1.0804426944744767,0.2799450923553226,0.9996811443482657
WDR82,3.1592584473905827,-0.44767844093314435,0.7863926347713496,-0.5692810704710004,0.5691654109392255,0.9996811443482657
WDR70,0.7432983236811372,-0.6537512902646315,1.875532469891621,-0.34856836698882054,0.7274133794409994,0.9996811443482657
VPS72,0.8752488669609944,1.1192786270391084,1.5428638721106582,0.7254552052657248,0.46817281613410333,0.9996811443482657
WDR47,0.9867715445791738,-0.7145069799749304,1.388411542100189,-0.5146218958206925,0.6068172614497105,0.9996811443482657
WDR45B,1.8508684244894356,0.8285732445719248,1.0506674851114381,0.7886160524745305,0.43033644587594055,0.9996811443482657
WDR45,1.2133207319250967,-2.0202172948608546,1.316705026939915,-1.534297548446318,0.12495646858718956,0.9996811443482657
WDR44,0.7392565721406107,-0.8121364501027605,1.5244269596893518,-0.5327486797191372,0.5942075635968882,0.9996811443482657
WDR43,2.0774421675547776,-0.11688375357952575,1.1498953165627863,-0.10164729945062237,0.9190366343215272,0.9996811443482657
WDR41,2.8026587495288577,-0.04079291807899524,0.9331824182116818,-0.043713766229296694,0.9651325658426417,0.9996811443482657
WDR33,1.6340993022317103,-0.49522850858415834,1.0346828883045345,-0.47862829682595415,0.6322030840929782,0.9996811443482657
WDR26,4.74873424585285,0.7654850828529914,0.6979381866319971,1.096780628305999,0.27273730034899846,0.9996811443482657
WDR11,1.1164677218332684,-0.7793477558542099,1.3540295772078546,-0.5755766114513565,0.5649013936139955,0.9996811443482657
VDR,8.337987360716395,-0.28298292067554526,0.4793935917243999,-0.590293499038323,0.5549938970421455,0.9996811443482657
VMA21,2.0858220443838213,-0.19922146262832457,0.9270531483137984,-0.21489756330657547,0.8298471847121464,0.9996811443482657
VKORC1L1,0.8183009932356755,-0.9139048343330257,1.8091162939023409,-0.505166438118632,0.6134419407904592,0.9996811443482657
VKORC1,1.7340963801956504,0.4815562439260675,1.0874896086239918,0.4428145704632378,0.6578998634572792,0.9996811443482657
VIM,38.60846724054961,0.23247068185766578,0.2365046596164633,0.9829433476476134,0.32563532188828337,0.9996811443482657
VHL,4.13172209542345,-0.23516459669563147,0.7160155237357299,-0.3284350532914242,0.742582742873314,0.9996811443482657
VEZT,2.115071980970545,0.1794384872138188,1.0856455730292613,0.16528275126949044,0.8687214345895211,0.9996811443482657
VEZF1,0.7999065669256443,-1.877422184632052,1.5789377131741322,-1.1890413212424178,0.23442340705755915,0.9996811443482657
VEGFB,6.268270110584398,-0.2669372534619889,0.5530769275017677,-0.4826403709656388,0.6293511089138399,0.9996811443482657
VEGFA,2.3517061333500955,1.1105541317640788,1.0737040482082196,1.0343205221376914,0.3009863459754367,0.9996811443482657
VMO1,2.8371336196373855,-0.6747611894658341,1.0460496071125593,-0.645056587066073,0.51889051573303,0.9996811443482657
VDAC3,3.985506598256886,-0.18016244608841395,0.7080064498053881,-0.254464413619305,0.7991367932324152,0.9996811443482657
VDAC2,3.591816673752376,0.19818046212493054,0.7337776377375061,0.270082449958533,0.7870968234690735,0.9996811443482657
VDAC1,5.042275240424492,-0.8165032603798242,0.629948631689249,-1.2961426048189304,0.19492635903250055,0.9996811443482657
VCPIP1,2.076763188467382,-0.14885962722258814,1.028081550102904,-0.14479359853086393,0.8848738365949316,0.9996811443482657
VCP,4.609593047069768,-0.6094831851245007,0.6920973966145155,-0.8806321019351714,0.37851697751461455,0.9996811443482657
VCL,2.352166196809301,0.7164089651932346,1.104614875470799,0.6485599470927759,0.5166228513439094,0.9996811443482657
VCAM1,1.2972547554583154,1.1504373899341747,1.4177308853064987,0.8114638693827018,0.41709933359006535,0.9996811443482657
VBP1,3.097633470417237,-0.030314628943947135,0.8112221317467047,-0.037369085183455705,0.9701907218959592,0.9996811443482657
VAV3,6.60792878350347,0.252550424870918,0.6756362232616698,0.37379645462423167,0.7085557574161767,0.9996811443482657
VPS28,1.9933798115051569,-0.7910424079275981,0.9717840139503943,-0.8140105173287792,0.4156389258856168,0.9996811443482657
VPS54,1.6802356914534136,0.3876827763055871,1.0726091339634938,0.3614390032956608,0.7177712954368216,0.9996811443482657
VPS53,1.1193185778466168,-0.018425663288906474,1.3797565909932237,-0.013354285392934907,0.9893451385579246,0.9996811443482657
VPS4B,1.896887589631835,1.1566646521740183,1.2367920508012504,0.9352135239102466,0.3496782702977359,0.9996811443482657
VPS4A,1.208988718155056,-0.054973660829931534,1.3757122125445655,-0.039960145972863265,0.9681248998036369,0.9996811443482657
VPS41,2.4960342157999538,-0.028998617948778782,0.8588535162324591,-0.03376433512898369,0.9730650761636914,0.9996811443482657
VPS39,0.6531986233729574,-1.307299370623267,1.8299397207710644,-0.714394772562466,0.4749831034920675,0.9996811443482657
VPS36,1.670709698933171,-0.3846288313511688,1.0779237242463366,-0.3568237925369848,0.7212237233584421,0.9996811443482657
VPS35,5.489987893820704,-0.5779869316180969,0.5734398633598814,-1.0079294596500032,0.31348832774182656,0.9996811443482657
VPS29,3.19248730407608,0.44748398090994784,0.8368420178887184,0.5347293411950228,0.5928370292027942,0.9996811443482657
TKT,3.7275293828537617,-0.5091037592046153,0.7964201318153933,-0.63924019354476,0.5226666882734812,0.9996811443482657
VPS26B,1.5018656956576253,-1.607017310881053,1.2845789150018854,-1.2510070748582187,0.21093189624848518,0.9996811443482657
VPS26A,1.9569653463099375,-1.1927388926491498,1.1462673577359945,-1.0405416193696222,0.2980883384168789,0.9996811443482657
VPS25,0.8453176465030396,0.20802302082416693,1.5692892254299682,0.13255875172861833,0.894542355800793,0.9996811443482657
VPS13C,6.630430730845938,0.011860287292025276,0.5243730711295076,0.022618032742371834,0.9819549594587319,0.9996811443482657
VPS13B,0.7292605302870568,0.08112246307640406,1.7606119249430434,0.04607628854895346,0.9632494449282063,0.9996811443482657
VPS13A,1.1972286452804402,0.3982651155495109,1.5338679634515837,0.259647587040879,0.7951356256800488,0.9996811443482657
VOPP1,4.336014418349489,-0.4524889200429853,0.7079116126502423,-0.6391884409820332,0.5227003507960237,0.9996811443482657
VMP1,5.322483144324729,-0.1874950017933297,0.6031754785842346,-0.3108465255142922,0.7559172982708422,0.9996811443482657
SLC34A2,1.6598873464047315,2.9936099601260513,1.7915202408956319,1.6709886340047493,0.09472392285170736,0.9996811443482657
SLC38A2,6.811968680326074,0.16635284358673216,0.5217025667123407,0.3188652964371109,0.74982866113147,0.9996811443482657
SLC38A1,4.013184907371144,0.12971239042513324,0.7312257360639418,0.177390351607907,0.8592017854386642,0.9996811443482657
SLC35E1,1.4471430257682132,0.0427465223190526,1.1656565992448007,0.03667162554284597,0.9707468329561538,0.9996811443482657
SLC35D2,1.011779081212341,1.3403975515782025,1.59827121570716,0.8386546278286939,0.4016631462176795,0.9996811443482657
SLC35C2,0.8704739211990631,-1.8657176788934282,1.6366570945130927,-1.1399563690819923,0.2543044788978772,0.9996811443482657
SLC35B1,1.7802671853382912,-0.704741085221768,1.00585733820079,-0.7006372160910627,0.4835294467504564,0.9996811443482657
SLC35A5,1.1742833648623487,0.7664999438291646,1.4568387645834138,0.5261391737117505,0.5987915124356675,0.9996811443482657
SLC35A4,0.8845048609842836,-2.10493870897602,1.5347995090128244,-1.371474708334971,0.17022702246975063,0.9996811443482657
SLC35A2,3.9589570258360176,0.23311432614834657,0.7827048504465881,0.29783171270158665,0.7658316090792018,0.9996811443482657
SLC39A1,0.876613631475905,0.4028216561605157,1.476038963550858,0.2729071969695576,0.7849245540707025,0.9996811443482657
SLC31A1,1.3149249626380806,-0.015545221753776556,1.2739832729497569,-0.012202061113238514,0.9902644054176324,0.9996811443482657
SLC30A9,1.9538524547641347,-1.2554490085572614,1.0496251292964194,-1.1960927511318342,0.23166036609384766,0.9996811443482657
SLC30A7,1.0415178981217001,1.421497412485606,1.602781956912683,0.8868938200575507,0.3751360691784018,0.9996811443482657
SLC30A5,1.1797404665618154,-1.2918356940859947,1.4316954342851635,-0.9023118067922038,0.36689125539597833,0.9996811443482657
SLC2A3,21.760150971426818,0.5511679699959708,0.32478177448882495,1.6970409465354264,0.08968891948754708,0.9996811443482657
SLC2A1,4.30926872371052,-0.5660659766453975,0.7473313419658463,-0.7574498015249402,0.44878042930969675,0.9996811443482657
SLC25A6,17.982968211264737,0.0648803388733462,0.3490988849930481,0.18585089114403275,0.8525616943292205,0.9996811443482657
SLC25A5,14.164687652879618,0.07850158663695277,0.36029839519241835,0.21787936800281552,0.8275231029263767,0.9996811443482657
SLC25A44,1.0080588712536869,0.3508294664330254,1.443156904931389,0.24309862997863332,0.8079289925062019,0.9996811443482657
SLC4A7,0.8897261309387499,0.3155834897841529,1.4669394520656265,0.21513054907601914,0.8296655367573863,0.9996811443482657
SLCO3A1,1.2164530935245579,-2.04373446279065,1.3288631196555358,-1.5379570947235115,0.12405910574846765,0.9996811443482657
SLC9A9,2.758767545975686,1.1144058888764095,1.00790865800103,1.1056615895001773,0.2688730211326793,0.9996811443482657
SLC9A7,0.9216142977453285,3.235000188626049,2.2638552489609634,1.4289783722306493,0.15301044977850786,0.9996811443482657
SLC8A1,2.18403981899056,-1.0947429133662532,0.9674335440832568,-1.1315949504352105,0.2578047640063259,0.9996811443482657
SLC7A6,0.9244441006762558,-0.7334853037233814,1.3968207603961569,-0.5251105399631627,0.5995063494847966,0.9996811443482657
SLC7A5,3.04329411266139,0.23928907873899286,0.8252765618743414,0.2899501691839246,0.7718543599041141,0.9996811443482657
SLC7A1,2.000429335436894,-0.11500995327755255,1.1748046144002866,-0.0978970901780657,0.9220140105909587,0.9996811443482657
SLC6A6,1.7752902292825947,-0.26563086543616227,1.0108864026788744,-0.2627702427614357,0.7927276725754501,0.9996811443482657
SLC50A1,0.9299283416559718,0.32135347513032075,1.6984985603350755,0.1891985560864561,0.8499371993031302,0.9996811443482657
SLC25A39,3.4282470681577593,-1.0639301077793024,0.7916787812288691,-1.3438911500543644,0.17898358824047889,0.9996811443482657
SLC46A3,4.137965775899686,-0.004510856982036403,0.7444013250533048,-0.006059711113106081,0.9951650796497373,0.9996811443482657
SLC44A2,0.9488468390309109,-0.15051554700533415,1.4510439581827252,-0.10372914352907579,0.9173842982122671,0.9996811443482657
SLC44A1,1.9425919225556552,-0.20264408940147594,1.0642706915046347,-0.19040653004827526,0.8489905810410777,0.9996811443482657
SLC43A3,1.5182129227382144,0.17081767936641615,1.2143792280339087,0.1406625503986688,0.8881365313273518,0.9996811443482657
SLC43A2,1.511109886163295,-0.7504048104204855,1.128200185026002,-0.6651344507652164,0.5059645014839427,0.9996811443482657
SLC41A3,0.683620920925997,-1.5845542393515402,1.8086668866130269,-0.8760895945404474,0.3809813290651872,0.9996811443482657
SLC41A2,1.0562850790025435,0.6518238240353876,1.592000310580875,0.4094369955226679,0.682218994629511,0.9996811443482657
SLC3A2,4.581909632766624,-0.09794446022282183,0.6309659741970741,-0.15522938514625853,0.8766404830649763,0.9996811443482657
SLC39A6,1.3503641492165275,0.04533821078554383,1.2213719906699956,0.03712072254143728,0.9703887492153019,0.9996811443482657
SKI,4.391837177211952,0.15054535204135835,0.6548476833402407,0.22989369264232268,0.8181743776203129,0.9996811443482657
SLC12A7,1.5142180989081504,0.8170815975750113,1.297784346495069,0.6295973593622906,0.5289580516998409,0.9996811443482657
SLBP,1.2021171383629543,-0.20540163637238215,1.2254805890056049,-0.1676090492294552,0.8668908516636086,0.9996811443482657
SLAMF8,6.836098196756161,-0.7074421428925605,0.5595362948369321,-1.2643364682870717,0.206109285452461,0.9996811443482657
SLAMF7,21.0793016904312,0.2443613421574385,0.3095470852999174,0.7894157424247072,0.42986905790561214,0.9996811443482657
SLAIN2,2.258837825457224,-0.2987678426665057,0.9322517578675515,-0.3204797847202909,0.748604652376041,0.9996811443482657
SLA,1.6328211196199771,-0.7358146109607392,1.1972228486501433,-0.614601209616374,0.5388181153912892,0.9996811443482657
SKP1,5.991311474235623,0.0440462873296155,0.5886014647000126,0.07483210622329013,0.9403482963541635,0.9996811443482657
SKIV2L2,1.0879871057030175,-0.4553285689576118,1.328757064420477,-0.3426725480147859,0.7318448171598988,0.9996811443482657
SKIL,8.140295287615722,0.7205667333884258,0.5306842060417325,1.3578070068506263,0.1745249310041822,0.9996811443482657
SLC12A9,1.3085277656538103,-1.2540849127342222,1.2444904371827505,-1.0077095614918437,0.3135939134566852,0.9996811443482657
SKAP2,3.5588887396398943,-0.7262602155657455,0.731555538195018,-0.9927615575950149,0.3208261681261265,0.9996811443482657
SKA2,1.3003231094520737,1.7980715928085558,1.385006941949488,1.2982401303185183,0.19420483214339257,0.9996811443482657
SIVA1,1.441339354588047,-1.4276365826484894,1.287960616983164,-1.108447388703929,0.26766864861533146,0.9996811443482657
SIRT2,1.469915157340862,-0.44595733508533403,1.1815452123144545,-0.3774356922083212,0.7058498463579219,0.9996811443482657
SIRT1,3.482371566173073,0.5817776731328403,0.7968392402765225,0.7301067062547639,0.4653249624296556,0.9996811443482657
SIPA1L3,0.7711359039163848,1.0008384546993854,1.7717724842257736,0.5648797820317941,0.5721555363203459,0.9996811443482657
SIPA1L1,0.8786012197417763,1.1514632658078654,1.56580095936292,0.7353829098919209,0.46210632708305055,0.9996811443482657
SIPA1,1.3698076531491703,-1.605258268217588,1.2721042905095294,-1.2618920321183862,0.2069876395043646,0.9996811443482657
SINHCAF,1.8774855324736524,-0.7668477928822485,1.0148715065325447,-0.7556107230779341,0.44988262488753494,0.9996811443482657
SLC25A11,1.47144465938424,-1.1300173823657953,1.181465896517836,-0.9564536612494053,0.33884308500748583,0.9996811443482657
SLC25A37,1.3793697719044822,-1.600527400527828,1.1992612905931301,-1.3345943983035091,0.182009132410197,0.9996811443482657
SLC25A36,2.0555123140736757,0.429407834252732,1.129112818362868,0.38030551710088845,0.7037186406049117,0.9996811443482657
SLC25A33,3.6100616763577404,-0.15433328395575832,0.7041867883385401,-0.21916526482965212,0.8265213123502124,0.9996811443482657
SLC25A3,14.489262808860357,0.0888485517954824,0.3550555759232559,0.2502384353898634,0.8024029634050945,0.9996811443482657
SLC25A28,1.1244612069235764,-1.8734028933755724,1.4142702492715356,-1.3246427932288949,0.18528965541722298,0.9996811443482657
SLC25A26,0.9714274467904525,-0.8012646727676496,1.4618111387136719,-0.5481314593571414,0.5836016406717617,0.9996811443482657
SLC25A24,2.1662960978021233,-0.742610833986551,0.9279665051924944,-0.8002560758725945,0.4235624463302482,0.9996811443482657
SLC25A17,1.1284054451096108,-1.2570211361328252,1.2991659328821086,-0.9675601124670903,0.3332641060935946,0.9996811443482657
SLC25A12,0.9221157945127619,1.1985678928384944,1.6018757124175036,0.7482277704489639,0.4543227831800034,0.9996811443482657
SLCO5A1,0.667822384056226,-1.6777772132542046,1.7602768704484124,-0.9531325676209152,0.34052290694112186,0.9996811443482657
SLC25A1,1.2438441342167648,-0.38859581054601733,1.2418646154564015,-0.3129131836993385,0.754346621070413,0.9996811443482657
SLC24A4,4.782917946682655,-0.41811445076211484,0.6218557237378008,-0.6723656867688631,0.5013509216506533,0.9996811443482657
SLC20A1,1.984339730820734,0.6327448375982334,1.117178562975469,0.5663775322657416,0.5711371647691392,0.9996811443482657
SLC1A5,5.020339060074408,-0.852686973228491,0.6815936653191385,-1.2510195100320403,0.21092735945458152,0.9996811443482657
SLC1A4,2.050740719024727,-0.29650586944778823,0.9538901516936255,-0.3108385896650092,0.7559233315307393,0.9996811443482657
SLC16A3,2.2314516553391517,0.3804422377880873,1.1532275542619843,0.3298934684504255,0.7414804589164836,0.9996811443482657
SLC16A1,0.9664015073837351,-0.7306225224569105,1.4360343078530724,-0.5087779020747908,0.6109079104095827,0.9996811443482657
SLC15A4,0.9322883359247411,2.267045307837191,1.932650124236286,1.1730241699764699,0.24078611330212574,0.9996811443482657
SNHG5,10.52960608755784,0.26986990687853313,0.6245238189053336,0.43212107962761387,0.665653414743215,0.9996811443482657
SNRNP70,2.6990986744125856,-0.5820538770838934,0.8935065510907456,-0.6514265355674816,0.5147711858877402,0.9996811443482657
SNRNP27,1.9081608786043263,1.1923061571072615,1.2038590752557439,0.9904034297818223,0.32197696970801204,0.9996811443482657
SNRNP25,1.5635993831696995,-1.1412563451833415,1.2632690634252493,-0.9034150983551514,0.3663056297525976,0.9996811443482657
SNRNP200,2.4325860174421305,-0.018223735447425,1.044934293119199,-0.017440077876117864,0.9860855364890155,0.9996811443482657
SNRK,0.6875209179884479,0.5771699229666576,1.8693385342559112,0.30875623242656774,0.7575069648968533,0.9996811443482657
SNORD3A,3.8680402122817776,0.48951004819321264,0.9226442955246779,0.5305512108703215,0.5957298125953834,0.9996811443482657
SNHG8,5.5510025689334705,0.2174441763005131,0.61395686385195,0.3541684914739348,0.723212615319602,0.9996811443482657
SNHG7,2.454810530053758,0.26184952018789803,1.04861086136334,0.24971086018263938,0.8028109590101156,0.9996811443482657
SNHG6,3.1923853449226107,0.3518722129627793,0.7756978534876272,0.45362019680823035,0.6501022142504279,0.9996811443482657
SNRPA,1.7576557692089625,-1.7125523246333674,1.0656805016087458,-1.6070035268995793,0.10805359442975457,0.9996811443482657
SNHG3,0.5965715491391268,-1.323289187880384,1.841156220866485,-0.7187272719626245,0.472308976359084,0.9996811443482657
SNHG25,1.0427323034391487,-0.5143731937600775,1.3983220044594928,-0.36785031782354255,0.71298484728774,0.9996811443482657
SNHG12,1.6883654467039757,-0.8300236769645589,1.0556790175747355,-0.7862462577606345,0.4317232306827702,0.9996811443482657
SNHG1,2.144805306151779,-0.6623530624806,0.9423247972817175,-0.702892531737741,0.4821227256858187,0.9996811443482657
SND1,4.694241693770466,-0.3976375990714572,0.6494085025278646,-0.6123073497245988,0.5403344278523944,0.9996811443482657
SNAP29,0.8507086822821361,-0.4035605708591926,1.4461161243435714,-0.27906512075050605,0.7801948497931637,0.9996811443482657
SNAP23,2.5695084707279245,-1.7213199885296564,0.9626004514851165,-1.7881977780853668,0.07374410465532343,0.9996811443482657
SMU1,3.2517725901035104,-0.1276573363213245,0.7408808816546744,-0.172304805647321,0.8631979064978775,0.9996811443482657
SMS,3.385525680797917,0.39441715043672143,0.7851254952541705,0.5023619189809088,0.6154129610814443,0.9996811443482657
SNRPF,5.630442530878,0.1652211549432004,0.5945101550359287,0.27791140915534973,0.7810803655378533,0.9996811443482657
SNX13,2.0904959664850793,0.5829723038600639,1.0202996741745094,0.5713736058298043,0.5677464167416901,0.9996811443482657
SNX10,7.864308500275203,0.05443826720241038,0.5777511968452447,0.09422441268778904,0.9249308925222278,0.9996811443482657
SNX1,4.131031545820403,0.07351177945065505,0.6990918221798376,0.10515325329001568,0.9162542034708839,0.9996811443482657
SNW1,2.1717334964459614,-0.1638592208282862,0.9244505129456474,-0.17725039743465446,0.859311710890347,0.9996811443482657
SNU13,5.741518828546337,0.1388572841163841,0.6244802105499527,0.22235658035360076,0.8240363095834067,0.9996811443482657
SNRPN,1.0286403583375505,1.4835176376908275,1.6281331913687302,0.9111770741825317,0.36220208149499633,0.9996811443482657
SNRPGP2,1.0217515498491339,-2.254905781060168,1.460229228751925,-1.5442135636385408,0.12253660403075203,0.9996811443482657
SNRPGP10,1.2083694604675839,-0.6305684111223724,1.3028175967319713,-0.48400360319365504,0.6283833119534112,0.9996811443482657
SNRPG,4.929455883739559,-0.36749524232078995,0.6000695824502944,-0.6124210476061427,0.5402592197883591,0.9996811443482657
SMNDC1,1.2141875657360626,-1.4360564465254246,1.240021428339681,-1.1580900246604797,0.24682730037892942,0.9996811443482657
SNRPEP4,4.317155645065025,-0.6237034502433885,0.6627542463638562,-0.9410780144605387,0.346664881327683,0.9996811443482657
SNRPE,1.0088224035535744,-1.0806148682452779,1.4215014770762384,-0.7601925750143431,0.44713948258347136,0.9996811443482657
SNRPD3,4.4099908175808595,-0.6007587094290113,0.722114518391698,-0.8319438179515185,0.4054406572096485,0.9996811443482657
SNRPD2,6.905449051965731,-0.572852326226245,0.5573762948285009,-1.027765858615329,0.30405997978961774,0.9996811443482657
SNRPD1,3.946778772765451,-0.641829628295688,0.7487680734127177,-0.8571808161776608,0.3913449628516632,0.9996811443482657
SNRPC,2.2785081741800477,-1.317138048206762,0.8933586127044878,-1.4743665415832907,0.14038292792272838,0.9996811443482657
SNRPB2,2.9092233435683266,-2.2229081283747454,0.9048393699498133,-2.4566881174699975,0.014022436476288445,0.9996811443482657
SNRPB,4.381699013615068,-1.0287701129607092,0.7072308008312151,-1.4546455156528617,0.14576742340413698,0.9996811443482657
SNRPA1,0.5991945144331458,-1.3282160372205454,1.7294126138741217,-0.7680156988361262,0.44247785823225183,0.9996811443482657
SMAD7,0.6367188026319561,-1.2731820258273778,1.7013848269927618,-0.7483210180484313,0.45426654984796433,0.9996811443482657
SMARCE1,1.317509920627026,0.38295310744179784,1.1973344193881916,0.3198380512918667,0.7490911007420986,0.9996811443482657
SMARCD2,1.7210867777943002,-1.4425105941587066,1.3208687759337219,-1.0920922808088913,0.2747925419867342,0.9996811443482657
SMARCD1,2.0335349645359955,-0.36197750928411787,1.0023007026301443,-0.36114661830950545,0.717989845208437,0.9996811443482657
SMARCC1,5.133896501750379,0.15045277499813908,0.5941792210982618,0.25321110139133945,0.8001050883271384,0.9996811443482657
SMARCAL1,0.8651859462598916,-1.0433240130507995,1.6330857713956366,-0.6388666359876333,0.522909694266395,0.9996811443482657
SMARCA5,6.61004164731067,-0.06503869930547512,0.560004808082886,-0.11613953731598815,0.9075419545668896,0.9996811443482657
SMARCA4,2.7757776169210597,-0.8019565553195349,0.8250431598386139,-0.9720177008393174,0.3310417426753167,0.9996811443482657
SMARCA2,5.930987484482904,-0.16778221439549532,0.5607175970693314,-0.29922765982810673,0.7647663460811065,0.9996811443482657
SMAP2,2.8834041042114302,-1.0838355052259527,0.7966268125510837,-1.3605310393145371,0.17366193740198,0.9996811443482657
SMC1A,2.3138897061550994,-0.22210968028655426,0.899107274489151,-0.2470335705077585,0.8048822435301389,0.9996811443482657
SMAD3,1.0364529054807603,0.6974004181074337,1.3327186364315473,0.5232915628573898,0.6007713714546757,0.9996811443482657
SMAD2,2.2353551373871356,0.4929101901796677,0.9163287212512654,0.5379185206664578,0.5906333015134058,0.9996811443482657
SLU7,2.329130743103896,-0.2377082403695015,0.880151775863972,-0.27007641964496754,0.7871014626424888,0.9996811443482657
SLTM,4.417451968831481,-0.16929883932633857,0.6855552983563372,-0.24695139798677568,0.8049458380280018,0.9996811443482657
SLMAP,0.948925306045574,-1.594906157381192,1.690496232314699,-0.9434544288793705,0.34544851425167067,0.9996811443482657
SLK,2.4359534686962077,-0.7434922118320435,0.895108460581841,-0.8306168968046136,0.40619008631131714,0.9996811443482657
SLIRP,2.7730092500075214,-0.8426861675561901,0.8638796815864292,-0.9754670534774942,0.32932863669538925,0.9996811443482657
SLFN13,0.8205574706428607,-1.2337021167051652,1.5505364859914403,-0.7956614551487412,0.42622883618577556,0.9996811443482657
SLFN11,1.6060731251825089,-0.26274079026171576,1.0701079973527592,-0.24552735883825352,0.8060481270610611,0.9996811443482657
SMG1,3.062903968269924,1.303843988234879,0.8744304525644274,1.491077974710416,0.13594102420880086,0.9996811443482657
SMIM4,0.8427037315903306,-0.282442191554244,1.5356996439644506,-0.1839175991635394,0.8540780981801034,0.9996811443482657
SMIM26,1.788363675511217,-0.6387532571908215,0.9893935485741832,-0.6456007906169694,0.5185379251955653,0.9996811443482657
SMIM20,2.1373571800988733,-1.0553486810278578,0.9744940943459252,-1.0829708329183891,0.2788213694783579,0.9996811443482657
SMIM19,0.9882031879416334,1.4679771544921985,1.634679519272621,0.8980213780040509,0.3691741523570117,0.9996811443482657
SMIM15,0.9292776365343776,-1.4213519140736808,1.4365080692830792,-0.9894493072935104,0.3224433603622232,0.9996811443482657
SMIM14,7.652147153379289,0.25863816225914166,0.5564327409392419,0.4648147803498553,0.6420641022890001,0.9996811443482657
SMIM12,1.7107003297860472,0.29286478927607323,1.2094979681426674,0.24213747934260949,0.8086736378056167,0.9996811443482657
SMIM10L1,1.0430626650909136,0.7627404333942392,1.5842249926293086,0.4814596644687022,0.6301898405195852,0.9996811443482657
SMG7,1.4929796921581677,-1.8336188339780137,1.2981796722445604,-1.4124538175888053,0.1578163797108535,0.9996811443482657
SIN3B,1.4865898190740623,1.8452474673761228,1.4797977309158519,1.2469592491090609,0.21241244003717663,0.9996811443482657
SMDT1,5.966958322864589,-0.46715051440237104,0.5952787691704242,-0.7847592398656991,0.4325947423989064,0.9996811443482657
SMCO4,4.4570890357217845,-0.37300347076977963,0.7139070534707688,-0.522481839836665,0.6013348873919597,0.9996811443482657
SMCHD1,3.6234829726109625,-0.7840826492238626,0.7216676873604175,-1.0864871227527657,0.27726353504968804,0.9996811443482657
SMC6,0.8163863876666456,-1.9062831863367664,1.692545341437951,-1.1262819019768344,0.2600462157443679,0.9996811443482657
SMC5,2.613320335200128,-0.532262642135936,0.8391540887468757,-0.6342847508861854,0.525895006457459,0.9996811443482657
SMC4,2.8005113559918144,-0.5551886271318568,0.8206058958586514,-0.6765593934112892,0.4986855503520107,0.9996811443482657
SMC3,1.659642201668439,-3.078678478866723,1.3392245180396356,-2.29885163943482,0.021513365329131652,0.9996811443482657
SMC2,1.4470328706482747,-1.285156729920877,1.2492990682222613,-1.028702223999607,0.30361962453600544,0.9996811443482657
SEC23IP,0.7035355835475905,-0.6797591392154909,1.9471673677165857,-0.34910154642363095,0.7270130756478863,0.9996811443482657
SECISBP2,1.6431149629537147,0.6052406235068077,1.159111035165698,0.5221593144614374,0.6015594110466114,0.9996811443482657
SEC63,2.823083959299195,-0.29938357903306984,0.7962273136974087,-0.37600264884513235,0.7069149267864168,0.9996811443482657
SEC62,6.817048641464388,0.2588708887878761,0.5154406098144012,0.5022322336633309,0.6155041714291527,0.9996811443482657
SEC61G,4.277585898646443,-0.02658220268213399,0.6750110926369497,-0.03938039385144009,0.9685871112227559,0.9996811443482657
SEC61B,6.08598041467053,-0.47245902275985996,0.5409856055424627,-0.8733301180649916,0.38248316885849254,0.9996811443482657
SEC61A1,0.9268470747889541,-0.7968759567536514,1.4416974382241263,-0.5527345305789252,0.5804452047170883,0.9996811443482657
SEC31A,5.368872574454884,-0.1975290992111127,0.6594772581193136,-0.2995237466935902,0.7645404559774677,0.9996811443482657
SEC24D,2.345196584473437,-0.559491133259818,0.9423535397050741,-0.5937168055153912,0.5527015409033231,0.9996811443482657
SEC24B,1.217869768389643,-0.44228968393275403,1.2439075329809939,-0.3555647604069232,0.7221665382466452,0.9996811443482657
SEL1L,4.53421340342306,0.868259709156427,0.7340668865925907,1.1828073504128973,0.2368855068065523,0.9996811443482657
SEC23B,1.7370553845863452,0.3160651818458575,1.0418464544302695,0.3033702140097955,0.7616077425094023,0.9996811443482657
SEC16A,1.7916880169454446,0.11088762609798933,1.0411877877957543,0.10650108212731142,0.9151847968797315,0.9996811443482657
SEC14L1,7.681855862521584,0.4897578142171457,0.5062640690207134,0.9673959583276444,0.33334612974470756,0.9996811443482657
SEC13,2.9179252322705467,-0.1767692809434525,0.8414640460009661,-0.2100734806003221,0.8336103230627804,0.9996811443482657
SEC11C,3.1336472218345435,0.05721184541826512,0.8120102832084477,0.07045704543569002,0.9438298883207278,0.9996811443482657
SEC11A,8.089503658739888,0.07341056371734128,0.494286859571851,0.14851813738469435,0.8819338731237224,0.9996811443482657
SDHD,1.885996528757917,-1.330767925090661,1.0560202960515819,-1.2601726785615293,0.20760707655304544,0.9996811443482657
SDHC,1.770945814418261,1.0328399264075232,1.134095896464785,0.9107165713473633,0.3624447304092471,0.9996811443482657
SDHB,2.6222344604824936,-0.31221682717104526,0.8138723614508271,-0.38361890876166443,0.7012609232214064,0.9996811443482657
SEM1,4.936924065843703,-0.38597607552447527,0.5938321301399815,-0.6499750618638483,0.5157083303996446,0.9996811443482657
SEPT3,2.4194018191988977,-0.1861089523097792,0.9818358504425857,-0.1895520032456405,0.8496602010667643,0.9996811443482657
SEPT2,7.967771715639108,-0.5587776207145628,0.46910582892179076,-1.1911547166209315,0.23359285285262632,0.9996811443482657
SEPT11,4.773242919671096,-0.011987803177898217,0.6301948472729357,-0.01902237574580855,0.9848232553742922,0.9996811443482657
SEPHS2,3.0663536047850473,-0.5193776471049159,0.8695756342036509,-0.5972771391881937,0.5503223647986766,0.9996811443482657
SENP6,3.8321955376654726,0.12215434297845426,0.7337412617079014,0.1664814960714084,0.8677780439586275,0.9996811443482657
SENP2,0.7969666088747787,-1.1026909768873152,1.551183216113324,-0.7108708793602343,0.4771642529719151,0.9996811443482657
SEMA7A,6.108480306388882,-0.5885494975832039,0.5604292883133847,-1.0501761950280064,0.29363711206476706,0.9996811443482657
SEMA4D,1.380464711785283,-0.861786002734546,1.3217095083326627,-0.6520237596093937,0.5143858450916533,0.9996811443482657
SEMA4A,6.16637781441435,-0.30474092068324177,0.5556444212576263,-0.5484459287713206,0.5833857471745432,0.9996811443482657
SDHA,1.2836822691701086,-1.1188228595660754,1.2626640145852759,-0.8860812113454858,0.37557376679042087,0.9996811443482657
SELPLG,5.188865855242602,-0.1897165205704417,0.663349116591874,-0.28599799988452373,0.7748796534650519,0.9996811443482657
SELL,7.088121428359132,-0.019202789318704398,0.5975991961049357,-0.03213322481667542,0.9743658075117234,0.9996811443482657
SELENOW,2.514473224246922,-1.2849592574338353,0.9561886322263587,-1.3438344842502232,0.17900191561722534,0.9996811443482657
SELENOT,4.802207867298955,-0.24556843676901824,0.621787338791876,-0.39493959019196856,0.6928874712817072,0.9996811443482657
SELENOS,2.838691028113166,-0.7317072014070052,0.8309399992864261,-0.8805776614862233,0.37854645372743156,0.9996811443482657
SELENOK,6.105640941297679,-0.12535305869247282,0.5404834934308312,-0.2319276355634253,0.8165942196051728,0.9996811443482657
SELENOF,5.9477422536296185,-0.16577061807037732,0.5738163591195179,-0.28889141174842253,0.7726644760897459,0.9996811443482657
SELENBP1,0.735117177269671,3.1097663274018945,2.348936690826921,1.323903849578479,0.18553497957194032,0.9996811443482657
SEL1L3,3.4186324607403202,-0.1304042605459321,0.7460939550340432,-0.17478262578870774,0.8612504407964539,0.9996811443482657
SCAF4,1.3523562863074248,0.45513808471474304,1.2525029888779649,0.3633828332198004,0.7163189237179245,0.9996811443482657
SCFD1,1.6403787001900985,-1.2215987356968387,1.0575661943243726,-1.1551038055610867,0.24804792002057152,0.9996811443482657
SCARF1,2.5174831934105826,-0.8415559979168377,0.8575842562510032,-0.9813099899895151,0.32643989781109484,0.9996811443482657
SCARB2,1.0521607826048993,1.3084080577599482,1.673916348995736,0.7816448286349111,0.4344233337213609,0.9996811443482657
SCARB1,2.7620171239852684,-0.5388200601779657,0.9783040946043998,-0.5507695032144889,0.5817916925033755,0.9996811443482657
SCAPER,0.8948190049503234,2.2074453081722214,1.9331129011497128,1.1419122529570571,0.25349049496715903,0.9996811443482657
SCAMP3,0.8657190677061098,-2.831720134464166,1.741243940732055,-1.6262627356357962,0.10389377542516204,0.9996811443482657
SCAMP2,3.1413001409512438,-0.9647169117875465,0.7663454088759226,-1.2588539066249458,0.20808310520909257,0.9996811443482657
SCAMP1,1.1928848694804413,0.9350459046716194,1.3120899812971978,0.7126385522334271,0.4760694492300749,0.9996811443482657
SCAF8,0.9128518375249732,-0.748389002066993,1.399107107575832,-0.5349047246023159,0.5927157411287426,0.9996811443482657
SCGB1A1,3.566312616754873,3.413576889680622,1.4606505953146118,2.3370249535587027,0.019437886617738785,0.9996811443482657
SCAF11,5.455264450937791,0.16326812876597235,0.6887554694181155,0.23704803230659924,0.8126195275774373,0.9996811443482657
SBNO2,2.1070424922107853,-0.9339879039856565,0.95168746678596,-0.9814019166816618,0.32639458135078714,0.9996811443482657
SBNO1,5.345353860501667,0.32914944657981554,0.6316961241310365,0.5210566188491258,0.6023273299958649,0.9996811443482657
SBDS,1.1986401963739215,0.9029886800533223,1.323773691490762,0.6821322147869743,0.49515535204811445,0.9996811443482657
SATB1,3.3412161009722743,-0.27732185247114627,0.7393668039205649,-0.3750802051168919,0.7076008181891005,0.9996811443482657
SAT2,0.6567987929483863,1.8062773611521012,2.1636448229102943,0.8348308105035918,0.4038129756367973,0.9996811443482657
SAT1,28.731169615799462,0.2357907910555131,0.2817408969408124,0.8369065109672296,0.4026451202619712,0.9996811443482657
SART3,0.6609037465777409,-0.7901128209904327,1.9668114580550682,-0.40172270593326515,0.6878881121631691,0.9996811443482657
SART1,1.7740872263990324,0.657080012372804,1.1091881434186714,0.592397255841189,0.5535846034929042,0.9996811443482657
SCP2,4.042833360963332,0.48724931622278256,0.7121752884313912,0.6841704902398094,0.4938675141633537,0.9996811443482657
SDF4,3.380299615549258,-0.5460241780667316,0.8327562040855752,-0.6556831103603781,0.5120280381807404,0.9996811443482657
SDF2L1,1.3265829952812722,-1.6689259974891677,1.4412199359629587,-1.1579953592399248,0.24686593025604253,0.9996811443482657
SDF2,1.1501852181702472,-0.7587538335173961,1.2883661069093635,-0.5889271919280428,0.5559101158929536,0.9996811443482657
SDE2,1.31944962062787,0.11443408737581416,1.2447243677153363,0.09193528329959134,0.9267494581382847,0.9996811443482657
SDCBP,10.619837489943706,0.4679964252180796,0.43430627440079006,1.0775723327132947,0.2812246547848658,0.9996811443482657
SDC4,1.734832836641779,-0.0517008421210104,1.0670556012747665,-0.04845187266647172,0.9613561194077316,0.9996811443482657
SDAD1,1.2814233796399677,-0.3564421435454214,1.3086740740158176,-0.2723689195214493,0.7853383682417343,0.9996811443482657
SCYL2,2.2011832019691076,0.4877042758644743,0.9118788479927027,0.5348345089241253,0.592764298087483,0.9996811443482657
SCRN1,1.7935450124959726,-0.058098642019880624,1.0614776637965524,-0.05473373957967341,0.9563505893432888,0.9996811443482657
SEPT6,11.89552815847533,-0.21085572089155927,0.38648565863214396,-0.5455719149782248,0.5853602341646734,0.9996811443482657
SCOC,1.1317211598763575,-0.42946346526968204,1.3472976514987265,-0.31875915822457584,0.7499091509070887,0.9996811443482657
SCO2,4.840672763252802,-0.8538289731590583,0.6986933350104819,-1.2220368083892612,0.22169370777595943,0.9996811443482657
SCNM1,2.1585531826427715,-0.9350787288148398,0.9217872985467064,-1.014419194416205,0.31038276918472496,0.9996811443482657
SCML1,1.1870101970253784,-0.42316639617168605,1.5096197543163903,-0.2803132344828853,0.7792371979935178,0.9996811443482657
SCLT1,1.364995809437805,0.4712831100883693,1.2994973747300884,0.36266568848302366,0.7168546337374888,0.9996811443482657
SCIMP,1.6211422745655168,-0.22990536832590816,1.1486380794430233,-0.20015475060463753,0.8413595548085127,0.9996811443482657
SCGB3A2,3.252984673667662,2.4443819794913413,2.345126434603977,1.0423241763952593,0.29726140716513383,0.9996811443482657
SCGB3A1,1.2165521722563484,3.7381611128960213,3.888909685492475,0.9612362886289647,0.3364333741021138,0.9996811443482657
SFXN1,1.1718765282577013,-0.18546250260457797,1.3601953226177537,-0.13634990469431074,0.8915446739860495,0.9996811443482657
SH3BGRL,7.78893438982784,0.2624316437015011,0.4968575932152017,0.5281828179444473,0.5973724537325593,0.9996811443482657
SH2D2A,0.7565482694681851,0.0395980987648212,1.615480386876024,0.0245116555338657,0.9804444867374265,0.9996811443482657
SH2B3,10.242250220298395,0.6043964897442512,0.5065436555603873,1.1931774943970224,0.2327998667550507,0.9996811443482657
SGSM2,0.8631196756288518,0.1983847876273613,1.5383876090401787,0.12895630884022546,0.8973922205748177,0.9996811443482657
SGPL1,1.3021928986920634,-0.30262334868618285,1.3105485213958867,-0.23091350205321184,0.8173820010596241,0.9996811443482657
SGK3,1.612328798000121,-0.031022440741262366,1.2220349213110109,-0.025385887260882197,0.9797471678158604,0.9996811443482657
SGK1,15.179841584277494,0.23276464568306965,0.36518176325118634,0.6373939476352356,0.5238682697199215,0.9996811443482657
SGF29,0.9073357565159668,-0.38260473924134053,1.5355836309628064,-0.24915916758076437,0.8032376630820024,0.9996811443482657
SFXN3,1.6263009991469548,0.02210609557057956,1.3238607892042134,0.016698202523142757,0.9866773811407326,0.9996811443482657
SH3BGRL3,3.8348126878694764,-0.26146647491866826,0.7456898240877331,-0.35063704300718174,0.7258606624976116,0.9996811443482657
SFTPC,1.2816567370256546,1.9089057988795362,1.8060864712158022,1.0569293493431235,0.2905438326230799,0.9996811443482657
SFTPB,11.37326528039275,1.3552484159990625,1.079535353109828,1.2553997533244143,0.20933367885750187,0.9996811443482657
SFTPA2,6.417424746802278,0.16437300605169203,0.7712195876662292,0.21313385795749507,0.8312225564775961,0.9996811443482657
SFTPA1,2.999671146410232,0.6498985648149698,2.327190458443495,0.27926316149029085,0.7800428749345932,0.9996811443482657
SFT2D2,6.0411384140013915,0.04412493034542125,0.5772305683921921,0.07644246989262204,0.9390670823421703,0.9996811443482657
SFT2D1,3.387896067805606,1.5156002680031253,0.8958475276620188,1.6918060509231252,0.09068295951016726,0.9996811443482657
SFSWAP,1.8588101096659226,-0.33186655724927583,1.0984458845505833,-0.3021237203551955,0.762557750635037,0.9996811443482657
SFPQ,15.789375503302153,0.35749905395089276,0.4100905711668088,0.8717563364934722,0.3833413193030958,0.9996811443482657
SF3B6,1.8563987242362492,-0.7926429391954855,0.9729648231088704,-0.8146676224766167,0.41526259129025567,0.9996811443482657
SHMT2,1.823307554546108,-0.8591406648891375,1.0405494528231578,-0.8256605801465441,0.40899665967669807,0.9996811443482657
SIN3A,1.0072742858713783,-1.6092579987179472,1.3735135784192947,-1.1716360318548569,0.24134321532718406,0.9996811443482657
SIKE1,1.2319769784170762,-1.6307808415745948,1.346767070292703,-1.2108855922800108,0.22593925519336333,0.9996811443482657
SIK3,0.7794825079986085,-2.6570705666986885,1.9405192093130899,-1.3692575440359824,0.17091878413564388,0.9996811443482657
SIK2,1.1208757459101233,0.10290712991644307,1.5948222102905845,0.0645257692377465,0.9485515889780997,0.9996811443482657
SIGLEC10,5.912149765893643,-0.3577806589234286,0.5736401789836272,-0.6237022301285494,0.5328231582193227,0.9996811443482657
SIAH2,2.3090996061625657,0.09679807313978382,0.9064552195623796,0.10678748497528227,0.914957576241175,0.9996811443482657
SIAH1,0.7916854875444672,-0.570849113578746,1.5603661881762498,-0.36584304242451726,0.714482199772307,0.9996811443482657
SHTN1,16.9347302623878,0.1982298016761033,0.41862770797090115,0.47352288895765654,0.6358401750214797,0.9996811443482657
SHOC2,3.839970348611422,-0.44121789006676887,0.7521861376993221,-0.586580725106557,0.557485331026842,0.9996811443482657
SF3B5,2.4901414425822708,-0.28205511274324924,0.9327120505045742,-0.3024032042801038,0.7623447123649653,0.9996811443482657
SHKBP1,2.556661572861022,-1.6798796748318954,0.9199400559729254,-1.8260751490544247,0.06783894292318784,0.9996811443482657
SHISA5,3.1092928277665735,0.6449302065810409,0.809181924592141,0.797015092627175,0.4254422659874133,0.9996811443482657
SH3TC1,1.4155809020997914,-1.8018288892536365,1.180192347701456,-1.5267247688589751,0.12682946561456085,0.9996811443482657
SH3KBP1,3.620305509685293,-0.5210444066398094,0.7946202954766215,-0.6557149491472297,0.5120075484607318,0.9996811443482657
SH3GLB2,1.4334736162918835,-0.2775575440376476,1.3696839452775622,-0.20264349669470752,0.8394136898215276,0.9996811443482657
SH3GLB1,4.066249329779069,-0.45238069749619364,0.6791113701334702,-0.6661362442028975,0.5053240197986542,0.9996811443482657
SH3GL1,3.361986425541245,0.11365286301071933,0.8134983054449497,0.1397087888813191,0.8888900819940402,0.9996811443482657
SH3BP4,4.718149584788456,0.6076236348312899,0.6596506241597675,0.9211294776007417,0.3569828318604886,0.9996811443482657
SH3BP1,2.661102700784946,-0.985365459752724,0.8759708647557317,-1.124883828216704,0.2606382656660995,0.9996811443482657
SERPINB6,6.643196709984929,-0.7878864906123504,0.5759767743494524,-1.3679136480845837,0.1713391071708763,0.9996811443482657
SERTAD3,1.5403355000325698,-2.1581009184819373,1.3195632344640782,-1.6354660861390395,0.10195137848927,0.9996811443482657
SERTAD2,3.9575655307937745,-0.17186838383030623,0.7135776451865314,-0.24085449563849395,0.8096678911918782,0.9996811443482657
SERTAD1,1.5764588974814004,-1.0764490786676322,1.1119085846600099,-0.9681093333736421,0.3329897690705742,0.9996811443482657
SERPINH1,3.128758104923928,1.491770857050241,1.081514524131762,1.3793350193311846,0.1677914840576965,0.9996811443482657
SERPING1,1.3764298138536164,-1.1231169296817718,1.129943855098496,-0.9939581728898123,0.32024323119630005,0.9996811443482657
SERPINF2,1.0796097490083136,-1.0134691586391409,1.387302255889515,-0.7305323366531409,0.46506485448870616,0.9996811443482657
SERPINF1,6.768656883259886,-0.3341886895746786,0.5965137322348346,-0.5602363726357865,0.5753182205858737,0.9996811443482657
SERPINB9,24.543829524953363,0.09494277742807583,0.30113956618714266,0.31527832303867304,0.7525503420693765,0.9996811443482657
SERPINB8,1.1273855547221805,-0.8292327136075427,1.3924192974871645,-0.5955337699671508,0.5514867327485751,0.9996811443482657
SESN3,1.9467685530173036,0.48053059665917247,1.1616911837778885,0.41364745069034486,0.6791323170644377,0.9996811443482657
SERPINB1,17.46842837048886,0.09869309414059572,0.33589835123199613,0.2938183345604784,0.7688967242001319,0.9996811443482657
SERPINA1,5.328720004063362,-0.3416371921398951,0.6484608441000385,-0.5268432091902692,0.5983024740935687,0.9996811443482657
SERP1,9.744300817461045,0.1895954228575808,0.4457869827071917,0.42530497796548183,0.670614365173799,0.9996811443482657
SERINC3,3.967078881548571,-0.496064196974268,0.6701081504546949,-0.7402748297236332,0.4591332505019182,0.9996811443482657
SERINC1,4.747518396645459,-0.3286899181588239,0.6500683283644416,-0.5056236457262898,0.6131208788266665,0.9996811443482657
SERF2,12.687196583776021,-0.3031805568173954,0.40652605946852444,-0.7457838181733326,0.4557980165923845,0.9996811443482657
SERBP1,7.667563810842289,-0.5496743293074156,0.47993946434351203,-1.1452992932333472,0.25208519865684353,0.9996811443482657
SEPT9,8.43812310168956,-0.07268266110774564,0.4649388453207877,-0.15632735754225427,0.8757749932304458,0.9996811443482657
SEPT7,4.704218960392003,-1.056333117673096,0.6198294050804449,-1.7042320177372015,0.0883377498065554,0.9996811443482657
SETP14,1.0662152321803902,-0.2868163585769301,1.4139976231450773,-0.2028407642857137,0.8392594948890799,0.9996811443482657
SF3B4,3.415064427622642,-0.9151476468604463,0.7348835009480381,-1.2452962213464556,0.21302288413295656,0.9996811443482657
SF3B3,1.9207377752837234,-0.7049997087496254,1.0310533165822642,-0.6837664914231193,0.49412262909207294,0.9996811443482657
SF3B2,3.1043596232691715,-0.8807061242315484,0.8188071552232972,-1.075596516973976,0.28210774581391207,0.9996811443482657
SF3B1,6.92686598859405,-0.2405697175790776,0.5128337238435999,-0.4690988645911373,0.6389989706152389,0.9996811443482657
SF3A3,1.9795007521324521,-1.9141446316936934,1.0518391810230063,-1.8198073110682367,0.0687883539697072,0.9996811443482657
SF3A2,2.2548115541930382,-0.26536382972471284,0.8873839385011653,-0.29904060487383316,0.7649090640558428,0.9996811443482657
SF3A1,3.4107906407120216,-0.3386306256990348,0.8740642780087405,-0.38742073577299146,0.6984447551764195,0.9996811443482657
SF1,11.12481411581695,0.05949539064579972,0.42242407033131074,0.1408428042444101,0.8879941271833807,0.9996811443482657
SETX,5.049839422078378,0.4697530209062518,0.6894594190196615,0.6813352721675644,0.49565936948535383,0.9996811443482657
SNX14,1.901913744389058,0.5390201561230514,1.0259598727844725,0.5253813237940208,0.5993181339380866,0.9996811443482657
SETDB2,1.375211546044219,-0.6323741642100986,1.2356484966144976,-0.5117751253230304,0.6088084012446489,0.9996811443482657
SETD7,1.7439434433151944,1.0797817990765188,1.1440596469312092,0.9438159994305302,0.34526368320937584,0.9996811443482657
SETD5,1.4638786674971436,-1.2171224690314553,1.281515473332547,-0.949752456649127,0.34223804866690377,0.9996811443482657
SETD3,1.344205477974441,-0.7221714124600362,1.1725487710070392,-0.6158988268264542,0.537961295908771,0.9996811443482657
SETD2,2.4802245068077147,-0.948475157534409,0.846496172292279,-1.1204718799448021,0.26251272910668466,0.9996811443482657
SETD1B,1.4016993860192375,-0.23435685618851923,1.1795806944572196,-0.19867810425327265,0.8425145528428548,0.9996811443482657
SET,12.664025401470848,-0.09705115054740805,0.4031769880329693,-0.24071599676584668,0.8097752398543856,0.9996811443482657
SESTD1,1.0990634126779064,0.8847196193537786,1.4456826613805407,0.6119735976558812,0.5405552260326534,0.9996811443482657
TAF1,0.7233557796889101,-2.4398384529294375,1.8021264328734432,-1.353866414932486,0.17577900010058878,0.9996811443482657
TAGLN2,23.701204599889664,-0.013447450872928595,0.28678129063320207,-0.04689096294684057,0.9626001306966051,0.9996811443482657
TAGAP,0.8584941535715871,-0.4304423873835466,1.54386162553019,-0.2788089167225236,0.7803914711486756,0.9996811443482657
TAF9,0.8339727441247451,0.9566394403072945,1.7182493156324032,0.5567524058376839,0.5776966059453765,0.9996811443482657
TAF7,3.066259233780214,0.026760417303949444,0.835834761714861,0.0320163966966937,0.974458974927528,0.9996811443482657
TAF1D,3.6845220930067946,-0.045843002891149495,0.7304950638512865,-0.06275607483157773,0.9499607440904754,0.9996811443482657
TAF15,4.780094381873571,-0.8519941908667941,0.6145636274196132,-1.3863400840106461,0.16564308255509996,0.9996811443482657
TAF13,2.328343701013738,0.8942007288901215,0.9635380767780461,0.9280388086791751,0.35338743898880276,0.9996811443482657
TAF12,0.9495771062531622,0.517160870682119,1.5032868929058014,0.34402007569058557,0.7308311883247218,0.9996811443482657
TAF10,2.2307721714599706,-0.023892676918871324,0.9404483410579649,-0.025405623972916007,0.9797314252753981,0.9996811443482657
TALDO1,4.449611083094041,-0.22289982258994118,0.734044316438708,-0.3036598984532197,0.7613870125273331,0.9996811443482657
TADA3,1.3977641982145133,-0.9703389307447934,1.1684891145789595,-0.8304218829581776,0.4063002974514546,0.9996811443482657
TACSTD2,12.184574956875444,0.7485825948012846,0.47236421267737383,1.5847572163824544,0.1130215064645977,0.9996811443482657
TACC3,1.0572095674169044,-1.0360076459598966,1.2786642664468921,-0.8102264786351766,0.41781002185172966,0.9996811443482657
TACC1,6.339681401009418,-0.0029261172704970377,0.5798532544425838,-0.005046306540626266,0.9959736470108169,0.9996811443482657
TAB2,3.6590639947454404,-0.8474792195089496,0.734820252838058,-1.1533149994652092,0.24878111576363449,0.9996811443482657
SZRD1,1.170679844573937,-1.8150697250263137,1.360962450990233,-1.3336662769098981,0.18231325148945643,0.9996811443482657
SYTL1,1.0552468136474487,1.594161810914874,1.6444680096690683,0.9694088310271735,0.3323412479239365,0.9996811443482657
SYS1,0.8133218404075289,0.2793103835954511,1.5523348501035044,0.17992921023246214,0.8572081429771055,0.9996811443482657
SYPL1,0.9775942329210533,0.5349151579311672,1.3620506421200986,0.3927278042309392,0.6945205324990489,0.9996811443482657
TAPT1,1.0000493717368555,0.5167378395472956,1.4277242007360569,0.3619311343751781,0.7174034930885229,0.9996811443482657
TBC1D15,1.5012783664877027,-0.3546163623900651,1.2913280869474284,-0.27461368336558295,0.7836130525717072,0.9996811443482657
TBC1D10B,0.8781300610528258,-2.172713989811099,1.6317645940797203,-1.3315119090670444,0.18302062905841066,0.9996811443482657
TBC1D1,1.9622407429101532,-0.6914488025903577,0.952945376443596,-0.7255912245157778,0.46808940238946983,0.9996811443482657
TAX1BP3,1.1847234261246036,-0.004328805637849346,1.356937047846364,-0.003190130039355713,0.9974546488119553,0.9996811443482657
TAX1BP1,6.320093144606005,0.4377901032796869,0.5612437739644286,0.7800355631338084,0.4353699426434886,0.9996811443482657
TATDN2,1.053015215321572,1.4725894018497654,1.5460135490607083,0.952507436137573,0.34083969648970847,0.9996811443482657
TARS,2.0001055336560807,-1.6731705370615688,1.042036043654363,-1.6056743403940732,0.10834548201990171,0.9996811443482657
TARDBP,2.858483212907931,-0.6837247527517492,0.7992119866733459,-0.855498621332867,0.39227516733256296,0.9996811443482657
TARBP1,1.4001938244671408,-0.9505820394194215,1.2604399983760493,-0.7541668311416263,0.4507490516265247,0.9996811443482657
SYNRG,2.2948753830932613,-0.26888470660148095,0.9880502614667469,-0.2721366686370037,0.7855169356271265,0.9996811443482657
TAPBPL,1.3039951523687046,-0.9496654276391653,1.3067008541054026,-0.7267657510557978,0.46736946703477333,0.9996811443482657
TAPBP,12.006250665779586,-0.13369092107746713,0.3936848502891551,-0.33958868617695936,0.734166299458069,0.9996811443482657
TAP2,12.439306582174172,-0.2271390091806537,0.4010524279252014,-0.5663573971007513,0.5711508496328483,0.9996811443482657
TAP1,0.6565402600529301,-2.333237198771198,2.301804550346356,-1.0136556548296478,0.3107470910313115,0.9996811443482657
TAOK3,7.254615846953844,-0.19793403678290705,0.5097097506907402,-0.3883269576747826,0.6977740901756766,0.9996811443482657
TAOK2,0.9168854741769854,-0.8360303946461647,1.3790061372160878,-0.6062557461375243,0.5443449401100457,0.9996811443482657
TAOK1,3.037884669606799,-0.1957000548360291,0.7770088839743416,-0.2518633427137128,0.801146694611854,0.9996811443482657
TANK,1.2925846324225159,-2.11106020670061,1.2776553177039423,-1.652292427737372,0.09847495221209832,0.9996811443482657
TANC2,2.28164545186979,2.6661021014665303,1.3099213956760212,2.035314569459807,0.041819231118670426,0.9996811443482657
SUB1,16.865203146402855,0.2883499416310488,0.3519213856070141,0.8193589631777745,0.4125816408125218,0.9996811443482657
SUMF1,2.0744810044974757,0.6311821275322903,0.986194284695428,0.6400180343036787,0.5221608749102158,0.9996811443482657
SULF2,4.809101410345626,-0.16791751223075904,0.6173575129310498,-0.2719939560361568,0.7856266666037415,0.9996811443482657
SUGT1,2.6939517118611063,0.05824937995315212,0.865563869647989,0.06729645494195732,0.9463456990395022,0.9996811443482657
SUGP2,2.1729500985358596,-1.027972747745599,0.9748159533719741,-1.0545300825142951,0.29164029531212865,0.9996811443482657
SUDS3,0.8404721332644542,-0.4793089135078818,1.4487359094539038,-0.3308462987492011,0.7407605870010754,0.9996811443482657
SUCO,1.1845075127857378,0.3301703998468841,1.2453549160472466,0.26512152928648175,0.7909158426311451,0.9996811443482657
SUCLG2,2.0745596868626444,-0.20518171673484234,0.9130168586377704,-0.22472938456029753,0.8221898036709853,0.9996811443482657
SUCLG1,1.9992848220387027,-1.9935046445667315,1.0845352075511252,-1.8381188832661823,0.06604488922753174,0.9996811443482657
SUB1P3,3.448537947702125,0.9778583497048093,0.8115849188129485,1.204874963836265,0.22825157499701365,0.9996811443482657
SUMO1,3.159831159170637,0.11238920123374585,0.7909730589417299,0.1420897968182573,0.8870090773647183,0.9996811443482657
STYXL1,0.7395186076730647,-1.5936445198541513,1.6134694869856256,-0.9877128341803895,0.3232933071683364,0.9996811443482657
STYX,1.851623778474318,-2.2391951419605074,1.0563403600771275,-2.1197667215867955,0.0340257230455502,0.9996811443482657
STXBP3,2.3123052468873286,0.35186874030982385,0.9829220250436351,0.3579823539860176,0.7203565191318235,0.9996811443482657
STXBP2,2.6845492626199654,-1.1885142802858313,0.8577462693351549,-1.3856245404681935,0.16586158072422408,0.9996811443482657
STX7,2.257469494878825,-0.22810031970849712,0.9117697412794377,-0.2501731625666982,0.8024534386462354,0.9996811443482657
STX5,0.8363688646285835,1.143602696950543,1.7332053246167258,0.6598195151537714,0.50936965834925,0.9996811443482657
STX4,0.8508190527525803,1.1879001851322906,1.6624378098212265,0.7145531568847281,0.4748851985897944,0.9996811443482657
STX3,3.0755414465518696,-0.31857159420143727,0.8126888148518601,-0.39199702072866316,0.6950604151195742,0.9996811443482657
STX18,1.8861927390411544,0.32632342887329785,1.0511738714904988,0.31043715766126456,0.7562285411633363,0.9996811443482657
SUSD6,7.070370186761623,0.4115098350580129,0.5692830338709536,0.7228563132469796,0.46976816580121894,0.9996811443482657
SYNGR2,10.712950516184456,-0.10858496673510278,0.43360801828249346,-0.2504219529085373,0.8022610543811918,0.9996811443482657
SYNE3,1.1561134785586642,-0.0011985052539400882,1.3792584196105102,-0.0008689490213723219,0.9993066790789735,0.9996811443482657
SYNCRIP,8.31320617835127,-0.0012434738813212065,0.47663259964458987,-0.002608872918571718,0.997918422938453,0.9996811443482657
SYMPK,1.5658671077306452,-1.6676043405415495,1.1551107822523494,-1.4436748112504754,0.14883047005512004,0.9996811443482657
SYK,5.745478139885019,-0.5693314951307235,0.6309230106740746,-0.9023787141991427,0.3668557244213665,0.9996811443482657
SYF2,2.728708568639173,-0.2567951826899067,0.8137337642066012,-0.3155764133005894,0.7523240429265844,0.9996811443482657
SYAP1,7.877579623316366,0.013634824707967874,0.5067739133326551,0.02690514319946406,0.9785353913237614,0.9996811443482657
SWAP70,0.8905929647497157,1.2188920342568286,1.7258882844032049,0.7062404011151333,0.48003864967630827,0.9996811443482657
SUZ12,2.9836490547273247,-0.27630673942296463,0.7891357110634418,-0.35013843062635297,0.7262348106533005,0.9996811443482657
TBC1D22A,2.4173052028201916,-0.21780868521364108,0.8845730012191051,-0.2462303110240313,0.8055039529230701,0.9996811443482657
SUSD3,1.2802856752657434,-0.5133899743660345,1.2320951131034314,-0.4166804728840254,0.6769121391848407,0.9996811443482657
SURF4,2.4128465930993075,0.09386095263811305,0.8832751974361173,0.10626467595893467,0.9153723573618571,0.9996811443482657
SUPT6H,2.6568701817913425,-0.17206708893426687,0.8485346715306304,-0.2027814474850903,0.8393058594343455,0.9996811443482657
SUPT5H,4.666803891820335,-0.5176379590810836,0.6408790542432365,-0.8076999172524391,0.4192633512609937,0.9996811443482657
SUPT4H1,4.852766763842672,-0.6370729534375766,0.7342179352908871,-0.8676891734947568,0.38556451429919536,0.9996811443482657
SUPT16H,2.7278640684545294,-1.3570588400962391,0.8512572292377593,-1.594181868283679,0.11089530639274056,0.9996811443482657
SUMO3,7.740818248451783,-0.3948356697376035,0.4935831129927802,-0.7999375573114044,0.4237469763092473,0.9996811443482657
SUMO2,4.316708809093524,-0.6063029398962884,0.6594954565662118,-0.9193436192163017,0.357915869405077,0.9996811443482657
TGIF1,4.075714101632429,0.40011196691363093,0.6894459348587073,0.5803384234844006,0.5616864209751782,0.9996811443482657
THOC2,3.9146583774616897,-0.3047549230039049,0.6679501012033849,-0.45625402624366046,0.6482073193477376,0.9996811443482657
THEMIS2,4.356047862758501,0.2334013238928501,0.7672541558123043,0.3042034013432542,0.7609729336683685,0.9996811443482657
THEM4,1.1266493136265576,-0.6868510239739636,1.2497960909146857,-0.5495704691085082,0.5826140183295504,0.9996811443482657
THBD,9.331631038069713,0.09745188291916249,0.5031221766205973,0.1936942703931944,0.8464152784481664,0.9996811443482657
THAP9-AS1,2.9905588571750052,-0.5593926629486075,0.8190437156298865,-0.682982669024456,0.4946177939174159,0.9996811443482657
THAP12,0.8790007015984334,1.2044264173887835,1.727620054699707,0.6971593170109012,0.4857030959087161,0.9996811443482657
TGOLN2,6.825633948533458,-0.4219808699784708,0.5387974744323193,-0.7831901410136949,0.4335154635327487,0.9996811443482657
TGM2,1.3865212576802397,-0.714971644251418,1.3870658809895489,-0.5154561539220825,0.6062343012849157,0.9996811443482657
TGIF2,0.7950180738431298,-0.9971261444634952,1.893184360795256,-0.5266925742216885,0.5984070931714904,0.9996811443482657
THOC7,3.367575570325048,0.41630918272057743,0.7490270859516894,0.555799904340747,0.5783476509162315,0.9996811443482657
TGFBR2,0.8521322107560811,2.1670868730302373,1.9045953177811623,1.1378201200005444,0.25519560174320477,0.9996811443482657
TGFBR1,1.9821526523954367,1.8897167592419652,1.1897239145327214,1.5883657848335129,0.1122036497181653,0.9996811443482657
TGFBI,7.317622036942188,0.23936606694762028,0.5212181863119414,0.4592435053760062,0.6460593120895093,0.9996811443482657
TGFB1,1.1280728421005028,0.9258695480466148,1.3313241447761728,0.6954501288657058,0.4867732545923509,0.9996811443482657
TFRC,5.746736459847925,-0.05334025590554464,0.5859831604530581,-0.09102694327308682,0.9274711822890609,0.9996811443482657
TFG,0.8958809396888872,0.32188336852037996,1.5626292452315544,0.20598831712808655,0.8368000371975133,0.9996811443482657
TFE3,1.3387893477635302,0.514614988839028,1.3554553056259797,0.379662086018666,0.7041962674223128,0.9996811443482657
TFDP1,3.30676707613339,-0.599069634923436,0.7723856517019559,-0.7756094816150234,0.43797960029937466,0.9996811443482657
TFCP2,0.5745288050532409,-0.3633995242159139,2.0482575021693323,-0.17741886644185775,0.8591793891134819,0.9996811443482657
TIMMDC1,2.9420600396067798,1.4856354923661377,1.0659445335490336,1.393726826873209,0.1634001119471573,0.9996811443482657
TKFC,1.490912782462793,-0.17458247461702792,1.2310432631363384,-0.1418166849573124,0.8872248045851719,0.9996811443482657
TK1,0.8573395142389563,-3.5170594768743926,2.065536599656928,-1.7027340389216794,0.08861785175357668,0.9996811443482657
TJP2,2.254764281156149,0.5111083688626877,1.0091609260375152,0.5064686470467719,0.6125276943363426,0.9996811443482657
TJAP1,0.9613726409778645,-2.337684869134809,1.5642843989662563,-1.4944116751913192,0.135068051860117,0.9996811443482657
TIPRL,1.4692680182827562,-1.316505265917345,1.1081404082823607,-1.1880310979345603,0.23482115805957904,0.9996811443482657
TIPARP,8.980592932367674,0.24665289342573754,0.5247127130467352,0.4700722648657621,0.6383033887615859,0.9996811443482657
TINF2,1.4782927293860713,-0.4121722666716917,1.2361023670636164,-0.3334450913242844,0.7387983307521453,0.9996811443482657
TIMP2,2.638177512635833,-0.33423506311613804,0.903632756476462,-0.36987931294060417,0.71147241592874,0.9996811443482657
TIMP1,8.597663434802223,0.37535944492934076,0.4954668034743408,0.7575874756839887,0.4486979802099642,0.9996811443482657
TFAM,1.1598169689094173,-1.8010446520976484,1.384388180655537,-1.3009679490652803,0.1932694257259332,0.9996811443482657
TIMM17B,1.270220001428331,1.0975506704611424,1.3295209121195615,0.825523435138297,0.4090744834057993,0.9996811443482657
TIMM17A,2.8792285831054216,0.20905874542894867,0.8293161559508893,0.25208570209179526,0.8009748212463395,0.9996811443482657
TIMM13,1.0168699103754795,-1.6810496843648555,1.551773576559315,-1.083308615224767,0.27867146257737974,0.9996811443482657
TIMM10,1.700091590115973,-0.6585821376188721,1.0924524535453237,-0.6028474149896252,0.5466102007055196,0.9996811443482657
TICAM1,1.7385062219160192,-0.8935741073300884,1.2461213356079752,-0.7170843494900269,0.47332205197475963,0.9996811443482657
TIAL1,4.55470551130519,-0.270700752789971,0.6496098546155685,-0.4167128174959238,0.676888477949938,0.9996811443482657
TIA1,0.7805056191231008,0.1867912548779197,1.584228382815098,0.11790677209431166,0.9061415273255216,0.9996811443482657
THUMPD1,2.4763833547822536,-0.13866874183724692,0.9682687759514179,-0.14321306777758214,0.8861219096124672,0.9996811443482657
THRAP3,3.6232754705890717,-0.40888522102883235,0.7425849461301213,-0.5506241719007113,0.581891335244655,0.9996811443482657
TBL1XR1,3.845905677959205,-0.4048683748786448,0.6847211461218059,-0.5912894280712374,0.5543265118713536,0.9996811443482657
TCERG1,4.54927892492887,-1.0155267878531595,0.6843883132576303,-1.483845893012606,0.13784980881412512,0.9996811443482657
TCEAL8,1.5203073154110411,1.825219751289212,1.4207051383742293,1.284728056504311,0.1988873304281844,0.9996811443482657
TCEAL4,1.232902791537582,0.5146067943298829,1.2950327876229766,0.39736970310569514,0.6910948536589887,0.9996811443482657
TCEAL3,0.84408652157769,-1.1139007900994407,1.5151483185259476,-0.7351760725201666,0.4622322693398109,0.9996811443482657
TCEA3,2.5617544721932433,-0.2596271973496707,0.9021020741975587,-0.2878024613573971,0.7734979531598388,0.9996811443482657
TCEA1P2,1.423370180123884,-0.24604300314455638,1.2130413832987397,-0.20283149984171858,0.8392667363375095,0.9996811443482657
TCEA1,1.8697443657342754,0.883054211266352,1.0343542253776519,0.8537251452169986,0.39325729831558764,0.9996811443482657
TBXAS1,1.431610090494385,-0.2572716008773281,1.213122725632341,-0.2120738449963709,0.8320494242701385,0.9996811443482657
TBRG1,0.9259733873691283,-1.288886597825135,1.5011972772105329,-0.858572432412144,0.3905764528448983,0.9996811443482657
TCF12,3.075228955351307,-0.22891607894708796,0.8556013294780997,-0.2675499336667959,0.7890457733737919,0.9996811443482657
TBL1X,1.9167080011236601,-0.12598354859891833,0.9685048522806751,-0.1300804516386749,0.8965027760331143,0.9996811443482657
TBCB,3.3639638540701666,-0.9645354564725219,0.7871901060903741,-1.2252890998121713,0.22046631385885362,0.9996811443482657
TBCAP1,0.7720727934250385,-0.694466778565965,1.7246887040640224,-0.40266210182135315,0.6871968174411351,0.9996811443482657
TBCA,5.7422552377237235,-0.07059768248406287,0.5808545432056713,-0.12154106963585434,0.9032624869373926,0.9996811443482657
TBC1D9B,1.3683461807966424,0.13586378331909013,1.150404382471249,0.1181008916423227,0.9059877169694033,0.9996811443482657
TBC1D9,2.4824586505885784,-0.16382724505294152,0.9752344334336329,-0.1679875519531585,0.8665930720159467,0.9996811443482657
TBC1D5,3.582820003612893,0.15396724627350244,0.7933920744365589,0.19406199183782488,0.846127341943859,0.9996811443482657
TBC1D4,2.0780953928107118,0.31785672366738676,0.997109162715103,0.31877825974627594,0.7498946650919478,0.9996811443482657
TBC1D23,1.0267894666363149,-1.0020976326475168,1.3283513784236782,-0.7543919846243404,0.4506138831129247,0.9996811443482657
TDG,1.1830143523279342,-0.17690183630767123,1.2266544915118835,-0.14421488490180728,0.8853307873623797,0.9996811443482657
TEX261,1.7890381057735876,-0.6061765041446696,1.013529309942723,-0.5980848291194718,0.5497833324490724,0.9996811443482657
TET2,5.090950061923222,0.033591706712735155,0.6605589807725433,0.05085345546804716,0.9594422946422742,0.9996811443482657
TES,6.671644764330817,-0.05432270695346374,0.5671594802545881,-0.09578030315049872,0.9236950612359341,0.9996811443482657
TERF2IP,7.0312033397209905,0.4646386455525411,0.5251423164298308,0.884786144661465,0.3762719836205798,0.9996811443482657
TERF2,1.1472452601193814,-0.23779883663499218,1.3087764986041233,-0.18169552776094064,0.8558216758837458,0.9996811443482657
TERF1,0.9951489012738775,-0.0988421045223017,1.3781161866933607,-0.07172262068807315,0.9428226538146667,0.9996811443482657
TEP1,1.6592104003113546,-0.6624568851639379,1.1209195711952094,-0.590994128559622,0.5545243550082569,0.9996811443482657
TECRP1,3.801177940567707,-1.2198518814352477,0.7608580445921075,-1.6032581768774024,0.10887766601247553,0.9996811443482657
TDP2,0.86871778971601,-1.026752540885485,1.6318340933891826,-0.6292015499890715,0.5292171142454112,0.9996811443482657
STX16,2.046075504668905,-0.1621079713167339,0.9778992418582161,-0.16577165047054782,0.8683366570507255,0.9996811443482657
TCTN3,2.358058944706336,-0.32512979623478633,0.9258501245760552,-0.3511689285386904,0.7254616189773976,0.9996811443482657
TCP1,3.96811572185532,-0.5417550010959492,0.7340833755242032,-0.7380020024415975,0.46051323229524355,0.9996811443482657
TCOF1,0.7930223706887441,-1.895977360792441,1.5839555893484158,-1.196988964553217,0.23131085607493518,0.9996811443482657
TCIRG1,0.8781300610528258,-2.172713989811099,1.6317645940797203,-1.3315119090670444,0.18302062905841066,0.9996811443482657
TCF4,1.6047597518285022,-0.17689280971496693,1.0833666012993532,-0.16328065633812938,0.8702974635130741,0.9996811443482657
TCF3,1.1015360187744632,-0.2874349747142296,1.2785048776093144,-0.22482117960449735,0.8221183888807018,0.9996811443482657
TCF25,4.672319093093854,-0.7241450543683059,0.7006388324173719,-1.0335496990222937,0.3013467251239501,0.9996811443482657
TCF20,1.262767133147988,-0.9226878387741754,1.1646401512757154,-0.7922514415834694,0.4282140791697039,0.9996811443482657
SPINT1,2.5739024945147095,0.563550607099551,0.922782143880524,0.6107081837644616,0.5413927872009336,0.9996811443482657
SPSB1,1.2950231571324389,1.059065904026811,1.2948834596168481,0.8178851124874088,0.4134227919615293,0.9996811443482657
SPPL3,3.5061562153350216,-0.6074739522952828,0.7807908889662631,-0.7780238740997025,0.4365549388987955,0.9996811443482657
SPPL2A,2.525452017867319,-0.4416852795920264,0.8332096725937472,-0.5301009987283013,0.5960419066660647,0.9996811443482657
SPP1,1.0311439027798153,0.5210130466980581,1.4928761034019784,0.3489995221376839,0.7270896683187622,0.9996811443482657
SPOPL,3.3183027416614284,-0.19958719054652443,0.754702434619195,-0.2644581246743048,0.7914269281248578,0.9996811443482657
SPOP,0.8265318532248659,-0.4648029318289853,1.5248303494434154,-0.3048227181460842,0.7605011778722345,0.9996811443482657
SPOCK2,1.7365683219072245,-1.0109212432152639,1.2552796365465224,-0.8053354916172081,0.42062610613592977,0.9996811443482657
SPN,4.9922803228536266,-0.46140435139368297,0.6031099551771223,-0.7650418425910032,0.4442466290053806,0.9996811443482657
SPINT2,7.644886502914314,0.46054342629174005,0.5335513097455062,0.8631661433113348,0.38804612563457097,0.9996811443482657
SPTAN1,3.2119551864834794,0.27179826549902475,0.7911801038837954,0.3435352635446772,0.7311958166630067,0.9996811443482657
SPIN1,1.0467109828667682,-0.5754421048677282,1.3995465052055394,-0.41116326090444416,0.6809528256591668,0.9996811443482657
SPIDR,2.2897680749933755,0.7295732352522785,0.9320142853882388,0.7827919021094921,0.43374932367684826,0.9996811443482657
SPIB,2.619165060559586,-0.8644552080212036,0.9765352638811838,-0.8852268218000399,0.3760343089274364,0.9996811443482657
SPI1,14.361499150323285,0.12492903863392446,0.3606596009322092,0.34639044215380954,0.7290493070986767,0.9996811443482657
SPG21,5.934723174717898,0.024079875917886448,0.5564563212377963,0.043273613757001686,0.9654834246848377,0.9996811443482657
SPG11,0.8262148604680193,0.25756894773725697,1.5752160090755007,0.16351341419417456,0.8701142122894071,0.9996811443482657
SPEN,5.2022217080496524,0.5396035693643519,0.6446041798610872,0.8371083933719403,0.40253164290915666,0.9996811443482657
SPECC1,2.3948971216907737,-0.5773721117748127,0.8558025591614159,-0.6746557434235395,0.499894508388233,0.9996811443482657
SPCS3,5.253555547556827,-0.9460408476420561,0.6080572325515763,-1.5558417809984877,0.1197457201961657,0.9996811443482657
SREK1,2.0104917217289344,-0.7670138088536224,1.0057752364299037,-0.7626095583504441,0.4456962824538697,0.9996811443482657
SRP72,6.585372669908518,-0.4811777939966535,0.5414237668638654,-0.8887267671750361,0.3741499418760573,0.9996811443482657
SRP54,1.4613579577850542,-0.4794380212302723,1.1216384194106126,-0.4274443643631632,0.6690556998879014,0.9996811443482657
SRP19,3.0086828366356073,-0.4041775588185928,0.7777859619432007,-0.5196513933072356,0.6033065707575753,0.9996811443482657
SRP14,10.284750613519881,-0.021438210613031857,0.4413045327271284,-0.048579176108956346,0.9612546654257559,0.9996811443482657
SRM,2.415562700167456,-0.8629069472646167,0.9951002369825225,-0.8671558052093725,0.38585664751285886,0.9996811443482657
SRI,4.938130745485986,0.1946114657735265,0.6236956224793205,0.3120295521714666,0.7550180643822333,0.9996811443482657
SRGN,26.00085662989609,0.19063789043953908,0.2808613037453181,0.6787616802220906,0.4972888774405789,0.9996811443482657
SRGAP2,1.885472457693009,-0.6523695066951902,1.0712651180217951,-0.6089711087577087,0.5425435891420165,0.9996811443482657
SRF,3.309418912969884,0.31201294752214465,0.8254385752572063,0.37799656676442767,0.7054331444272139,0.9996811443482657
SPCS2P4,0.77546770233592,-1.2090675893654286,1.5411329331428718,-0.7845316671675727,0.43272820804902,0.9996811443482657
SREBF2,1.9708459903241862,0.07276530957732653,0.9670066736566624,0.07524799110451848,0.9400174011803186,0.9996811443482657
SREBF1,1.5041551224497405,0.4255761013084544,1.1616436178347915,0.36635685400802476,0.7140988105647206,0.9996811443482657
SRC,2.320406285885281,0.3911752544920227,0.9788208098839657,0.39963929101425066,0.6894222126384872,0.9996811443482657
SRA1,1.1885067081961647,0.9581129736781613,1.3286078640386996,0.7211405258175211,0.4708230593366117,0.9996811443482657
SQSTM1,0.9685424459639795,-0.20494442675034202,1.4472589804480867,-0.14160867510173547,0.8873891142528462,0.9996811443482657
SPTY2D1,1.2493285905469864,-0.028943734468742183,1.1974742001460386,-0.0241706539190676,0.9807164860691399,0.9996811443482657
SPTSSA,0.9224835882641435,-2.0540707051352154,1.5262822618402734,-1.345800024340567,0.1783670175922183,0.9996811443482657
SPTLC2,1.1135983312590567,-1.856059140982063,1.3711273824307215,-1.3536737467029936,0.17584048746053182,0.9996811443482657
SPTBN1,1.0316770242260336,-1.043723475531973,1.4178679093499311,-0.7361217985464549,0.4616565778746715,0.9996811443482657
SNX6,2.2198667396653518,0.2328325920858985,0.9003833315420954,0.2585927392582044,0.7959494859789529,0.9996811443482657
SOGA1,2.4310847420958126,-0.2919966254401167,0.8608024067933029,-0.339214462152673,0.7344481752561058,0.9996811443482657
SOD2,12.69941952482893,0.07755955335825676,0.3978124182413192,0.19496513884895353,0.8454202390477971,0.9996811443482657
SOD1,11.54133958772066,0.01818377048556269,0.3970519794998231,0.04579695209798291,0.9634720881371607,0.9996811443482657
SOCS4,2.3259131392683146,1.2505842387951778,0.967087456637356,1.2931449272887519,0.19596093897559785,0.9996811443482657
SOCS3,11.630442054904943,0.07293548807268757,0.4298253836694061,0.16968632110565354,0.8652568322348817,0.9996811443482657
SOCS1,0.8026858095331898,0.1410099616627602,1.5770677017026253,0.08941275096213294,0.9287538902578067,0.9996811443482657
SOAT1,1.102986623102167,0.7641743845569533,1.3296828467681319,0.574704251028222,0.5654913319617489,0.9996811443482657
SNX9,6.553939513085114,0.5918940435647804,0.5470831244611184,1.0819087942948362,0.2792930567708969,0.9996811443482657
SNX8,2.986514879238048,0.1220287769039408,0.9930292745937583,0.12288537712431687,0.9021978652220648,0.9996811443482657
SON,9.424342478482686,-0.01522200033276175,0.4991053274705262,-0.03049857313667055,0.9756694313251705,0.9996811443482657
SNX5,3.8637691684230537,-0.463283211563318,0.7056434926118582,-0.6565400466580206,0.5114767095748958,0.9996811443482657
SNX4,2.074050290557202,-0.20271270233252475,0.956183319665839,-0.21200192281472505,0.8321055342302626,0.9996811443482657
SNX30,1.4800142042770337,0.08308897326027562,1.2292964681639675,0.0675906710969196,0.9461114818032326,0.9996811443482657
SNX3,23.066607345109656,0.301459398343178,0.3274152061224676,0.9207250998306382,0.3571939683145854,0.9996811443482657
SNX27,1.2156110942100076,-0.03268380955101375,1.181493920952925,-0.027663121215767975,0.9779308374456436,0.9996811443482657
SNX22,2.4018916883981176,0.027236956118101726,0.9290321132776962,0.029317561501730732,0.976611320869324,0.9996811443482657
SNX20,2.528364900064426,-0.40739163719074006,0.8962554990298305,-0.4545485496398396,0.6494340565816115,0.9996811443482657
SNX2,2.0175368740803084,-0.9836463579465389,1.06224917780316,-0.9260034072050968,0.35444420957378053,0.9996811443482657
SNX17,2.2644385880254188,-0.3946185638686001,1.0761771089202807,-0.3666855209961839,0.7138536079672888,0.9996811443482657
SP3,2.265984353655039,-0.21267223531942747,0.9794273807582187,-0.21713936070971218,0.828099740245319,0.9996811443482657
SPCS2,2.199756107431674,-0.49674497504829374,0.9407260387297377,-0.5280442494384958,0.5974686241236805,0.9996811443482657
SPCS1,7.238403100401195,0.08401645949112459,0.5412014907309447,0.1552406283612639,0.8766316197173448,0.9996811443482657
SPATS2L,2.954320354697477,-0.42627654110681246,0.7997004495919607,-0.5330452687932286,0.5940022442320867,0.9996811443482657
SPATS2,1.7542613720770475,-1.3334273931562073,1.035325770795464,-1.2879302638547334,0.19777023947631378,0.9996811443482657
SPATA20,0.8573184418922891,-0.23557974441212837,1.5911597741023111,-0.14805536706396188,0.8822990730773188,0.9996811443482657
SPART,1.9144151821309006,1.1696164927356874,1.084417537548918,1.0785665596845126,0.2807809953140803,0.9996811443482657
SPARC,0.8559476738702866,-2.0198656836318083,1.9384443839362906,-1.042003423141901,0.29741009188668155,0.9996811443482657
SPAG9,3.0693065861455255,0.06214809209880315,0.8097437683770223,0.07675031846600958,0.9388221742130938,0.9996811443482657
SPAG7,1.604414507053948,-0.1929504710550824,1.1796792386268025,-0.16356180963198524,0.8700761112363451,0.9996811443482657
SRP9,2.1420496367609942,-0.20960991101001156,0.9172929794781363,-0.22850922845747954,0.8192503826235353,0.9996811443482657
SP140,1.7629448535037733,0.6783188296714133,1.0726141243378513,0.6323978160274131,0.5271269606863911,0.9996811443482657
SP110,6.460226511880508,-0.21983706692958177,0.5249396495101922,-0.4187854111128891,0.6753729677977535,0.9996811443482657
SP100,3.5220173786557765,0.5028883300406856,0.8227431816851288,0.6112336646906974,0.5410448994759831,0.9996811443482657
SP1,2.473697532725833,-0.49476956781787096,0.924776941186296,-0.5350150352831946,0.5926394605500757,0.9996811443482657
SOX4,2.97180000735944,0.742042740374893,1.1086641273237583,0.669312483453519,0.503296165227378,0.9996811443482657
SOS2,1.8432690595035797,-0.6641361667673472,1.033469235523896,-0.6426279021558654,0.5204655735914903,0.9996811443482657
SOS1,1.3486405779050548,-0.5745768034815016,1.231337844969517,-0.46662807110888876,0.6407659997532751,0.9996811443482657
SORBS3,1.3978338301983715,-1.8252725444680287,1.2272688846394433,-1.4872637669814888,0.13694516015301225,0.9996811443482657
STAT3,2.9752153984506187,-1.0256402615878901,0.825672239138421,-1.2421881383079239,0.21416715508644246,0.9996811443482657
STK10,1.817071136431649,-0.9117462704932541,1.0591976704870008,-0.8607895352281589,0.38935396964154056,0.9996811443482657
STIP1,5.470906376218611,-0.039441867589105166,0.5800739348535976,-0.0679945524514211,0.9457899707641284,0.9996811443482657
STIM2,3.5988157420160043,0.5020072593438742,0.7704544750620713,0.6515729035170187,0.5146767325097468,0.9996811443482657
STIM1,1.576843704578592,-0.3155845380620107,1.0438800844204683,-0.30231876512637373,0.762409074710493,0.9996811443482657
STIL,0.6597387509992519,0.6273696077587373,1.867517962347411,0.3359376565086172,0.7369178797660438,0.9996811443482657
STAU1,3.1244326003835434,-0.41645469194461465,0.8389195796909324,-0.4964178951432286,0.6195996019923437,0.9996811443482657
STAT6,2.6256381233462243,-0.9008002648797009,0.9338472150943926,-0.9646120375147755,0.3347391678680016,0.9996811443482657
STAT5B,2.7210370515351197,-0.5822337871371184,0.8621875523442438,-0.6752982985593501,0.4994862646979801,0.9996811443482657
STAT5A,1.7362601641811826,-0.5978463212180295,1.011664874576553,-0.5909529294157482,0.5545519601283933,0.9996811443482657
STK17A,2.0134513905046116,-0.27703528873570843,0.9943689557430235,-0.2786041208705063,0.7805486498877252,0.9996811443482657
STAT2,3.392414852264225,0.011300472085687395,0.7599210832821011,0.01487058634678305,0.9881354260228801,0.9996811443482657
STAT1,4.808059683582316,-1.0230812495138466,0.6487516212727762,-1.576999911779301,0.11479554537609954,0.9996811443482657
STARD8,1.9291597329569616,1.798927659091791,1.22300285436825,1.4709104338280867,0.14131534057800085,0.9996811443482657
STARD7,6.07646889004111,-0.2885741329304828,0.5778422372144181,-0.49939951485997464,0.6174979609012721,0.9996811443482657
STARD3NL,2.4635285573773418,-0.5642354460772939,0.8824605155213695,-0.6393888861349633,0.5225699771788752,0.9996811443482657
STARD3,1.5380415301965087,-0.04764504802334189,1.2542155685221903,-0.037987925855107046,0.9696973088524488,0.9996811443482657
STAG2,3.736331535372674,-0.022602068493040157,0.6962528264346086,-0.03246244415090058,0.974103265460115,0.9996811443482657
ST8SIA4,8.295858837466225,0.050190392545714606,0.5551866264345454,0.09040274054877992,0.9279671789696231,0.9996811443482657
ST7,1.8305254631477557,0.41483216186768634,1.0174359566265074,0.4077231192449079,0.6834769621605792,0.9996811443482657
STMN1,5.655482862297498,-1.0000900116013085,0.606619233629086,-1.6486289193606543,0.09922368033746043,0.9996811443482657
STX12,3.9573152987789397,-1.0894359378236027,0.7191671362842887,-1.514857788764343,0.12980842206537815,0.9996811443482657
STX11,6.2821352297374125,0.7253898116534867,0.5764694678057544,1.258331710809552,0.2082718174590178,0.9996811443482657
STT3B,5.62110197786114,-0.22835918753355625,0.5773697665153799,-0.3955163584539255,0.6924618514134274,0.9996811443482657
STT3A,3.159905931775115,-0.8409281976260068,0.7735944052068576,-1.0870401750141203,0.2770190550419537,0.9996811443482657
STRN4,1.3430460298813853,0.584127206515846,1.3125163824994326,0.4450437452090992,0.6562881411224558,0.9996811443482657
STRBP,0.7727201478336498,0.21994667165215834,1.5872618053625662,0.13856987606522642,0.8897900490279784,0.9996811443482657
STRAP,2.9963177501319738,-0.45675780585175246,0.799770460573895,-0.5711111229639497,0.5679243192213265,0.9996811443482657
STOM,4.960175767422278,0.32305818393042957,0.6372590058807743,0.5069495777214186,0.6121901979814044,0.9996811443482657
STMP1,3.839788549649021,0.28268037906704846,0.8124228020704484,0.34794737216464305,0.727879707608609,0.9996811443482657
ST6GAL1,2.509665161949551,-0.24452165241407162,0.8361477557047475,-0.2924383289266577,0.7699515061331764,0.9996811443482657
STK40,1.963824347763083,-0.29988037423937147,0.9904034648347394,-0.3027860714213173,0.7620528988579577,0.9996811443482657
STK4,7.594912464304147,0.09286331911212238,0.4868554493490081,0.19074104898341648,0.8487284766290663,0.9996811443482657
STK39,2.781730971741291,-0.8827930446640259,0.9106139102207003,-0.9694482313037239,0.332321597760726,0.9996811443482657
STK38L,3.1994963859496917,0.3229651702257125,0.7684179534465925,0.42029883447818167,0.6742671612386857,0.9996811443482657
STK38,1.7924406988719723,-0.057145999390626034,1.1341222746327813,-0.05038786440300663,0.9598133069063124,0.9996811443482657
STK32C,0.9709809072474118,0.038053010755376065,1.5634201851551786,0.024339592846947335,0.9805817319515223,0.9996811443482657
STK3,0.8137801419805275,2.062143182135981,2.001267351831484,1.0304186395929489,0.30281352699697883,0.9996811443482657
STK25,0.7226383695826107,-0.7390653975417497,1.7413003013246067,-0.424433049818887,0.6712500219780473,0.9996811443482657
STK17B,12.00489696698854,-0.2337095453558911,0.3977663122540082,-0.587554898833784,0.5568310912169994,0.9996811443482657
SRSF2,13.7069495075001,0.1114783650395492,0.3885563466572024,0.2869039870243046,0.7741858375719658,0.9996811443482657
SS18L2,2.2073841505642973,-0.8085811381893213,1.0131015588468104,-0.7981244635628734,0.4247982662861087,0.9996811443482657
SS18,2.3356861988236366,1.6097114032081958,1.0857952611329578,1.4825183539008682,0.1382024236501566,0.9996811443482657
SRSF9,0.7917912457633947,-3.42338387734898,1.9788608295690846,-1.729977078829972,0.08363437052488974,0.9996811443482657
SRSF8,1.2680209632740351,-0.34238867111953675,1.2426885031524904,-0.27552252253960235,0.7829148246833009,0.9996811443482657
SRSF7,18.36366653690199,0.19152373348727306,0.33299230198412283,0.5751596428688762,0.5651833338949424,0.9996811443482657
SRSF6,5.758507574610209,0.2099947945618848,0.6048885888896277,0.3471627642164067,0.7284690430468027,0.9996811443482657
SRSF5,11.252643679068413,0.2024575023364326,0.40462960218348476,0.5003526712922638,0.6168267726827532,0.9996811443482657
SRSF4,1.8813393262645601,-0.4877238149097971,1.021552322965067,-0.47743400308089295,0.6330531058899711,0.9996811443482657
SRSF3,10.588046773065127,-0.14900137993907214,0.4164996034333788,-0.3577467510431992,0.720532843106622,0.9996811443482657
SSB,3.5539091630979183,-0.22095042247144628,0.833967507979176,-0.2649388859367449,0.7910565417192961,0.9996811443482657
SRSF11,7.658865828518941,-0.13590625013859858,0.4910485300186485,-0.276767451342207,0.7819586752790892,0.9996811443482657
SRSF10,3.169497054722932,-0.77273583645368,0.803407940683453,-0.9618225030192252,0.3361387722375594,0.9996811443482657
SRSF1,3.2452288964137272,-0.7025883285653908,0.7597194677564718,-0.9247996903912505,0.35507011170513103,0.9996811443482657
SRRT,4.569963794601767,-0.015788884951406023,0.6259506260505108,-0.025223850403389397,0.9798764131357279,0.9996811443482657
SRRM2,9.42095664190121,-0.2707571444371042,0.4492599447370711,-0.6026736805916774,0.5467257937969798,0.9996811443482657
SRRM1,8.745360229785813,-0.08383631710803306,0.4678773534613452,-0.1791843877200169,0.8577929221271281,0.9996811443482657
SRPRB,1.1644554038399413,-0.7828851860866328,1.3506173373514836,-0.5796498863414896,0.56215074437354,0.9996811443482657
SRPRA,2.892329744252138,-0.7845558827014742,0.8981551687591554,-0.8735193093475997,0.382380086129258,0.9996811443482657
SRPK1,0.9168854741769854,-0.8360303946461647,1.3790061372160878,-0.6062557461375243,0.5443449401100457,0.9996811443482657
SSR3,7.016237670706504,-0.09960147588061231,0.5162630724127405,-0.19292775564040965,0.8470155475123398,0.9996811443482657
ST3GAL5,5.061356738762339,-0.08315144774796812,0.6500745573029236,-0.12791063242492196,0.898219696709629,0.9996811443482657
ST3GAL2,1.300856230898292,0.12436727786218443,1.2803343644878409,0.09713656159805864,0.9226179461786544,0.9996811443482657
ST3GAL1,3.392642742983554,0.3401501100337498,0.7887275977141732,0.43126436937105467,0.666276154738946,0.9996811443482657
ST14,0.9648602433103991,-1.4803550260255627,1.5028976409307544,-0.9850005653803336,0.3246237932490422,0.9996811443482657
ST13P6,0.9099118794741076,-0.11012342314827397,1.5102595706625905,-0.07291688481070836,0.9418722575744056,0.9996811443482657
ST13,7.393506296145114,0.34243105624587605,0.5058193768905395,0.6769828754899182,0.49841681951977035,0.9996811443482657
SSU72,5.677700744319955,-0.11270327522148069,0.5745421665210524,-0.19616188643545107,0.8444834586777697,0.9996811443482657
SSRP1,3.9866599128833715,-0.6100357498618894,0.6916730518678404,-0.8819712553705943,0.3777923518223807,0.9996811443482657
SSR4,6.50345732086644,-0.6255294278793867,0.6104763291200475,-1.0246579564862688,0.3055246076223923,0.9996811443482657
MSL1,3.1572675968999877,0.4071051118026968,0.7840086870784347,0.5192609705891801,0.6035787664662686,0.9996811443482657
SSR2,7.015832318002525,-0.13169455402032815,0.5300080693686807,-0.2484765074939258,0.8037657445303406,0.9996811443482657
SSR1,10.437958009638768,0.18221024256251578,0.4464466680919285,0.4081343989893919,0.68317500675836,0.9996811443482657
SSNA1,1.553923491658886,0.017441316387973152,1.2126018642835885,0.014383382461874716,0.9885241168945956,0.9996811443482657
SSH2,1.4633184701971664,0.35732912376135223,1.094224922162447,0.32655911643392793,0.7440013699239123,0.9996811443482657
SSH1,0.8038146788766096,0.23705613382801216,1.5535146239938655,0.152593435663048,0.8787189019554645,0.9996811443482657
SSFA2,1.8655380920157867,0.8308519533739637,1.0757514309821292,0.7723456641051554,0.439909726429764,0.9996811443482657
SSBP4,0.8793611859781751,-0.9058905188823425,1.4808850944190235,-0.6117223559723509,0.5407214681112386,0.9996811443482657
SSBP1,4.783302969130352,-0.2642020992915118,0.6271562446615907,-0.4212699810301234,0.6735579479994338,0.9996811443482657
CHRAC1,2.218886184670959,-1.050536038838845,0.963899276052753,-1.0898815518784044,0.2757653240114998,0.9996811443482657
CIITA,3.132828947660769,0.33351219119425746,0.8306669806501109,0.40149927583884265,0.6880525712028182,0.9996811443482657
CIDECP,1.5361961051616304,-0.6103201974131762,1.1822692803893748,-0.5162277389227014,0.6056953587161236,0.9996811443482657
CIC,3.1369534524217366,0.15730508720798103,0.8302832353776733,0.1894595488687992,0.8497326562151118,0.9996811443482657
CIB1,2.5243468736646753,-1.1189526957346083,0.9152960971806465,-1.2225035146345296,0.22151727560312873,0.9996811443482657
CIAO1,1.117734972993687,-0.7289137533708979,1.2677652669315143,-0.5749595547251054,0.565318650852923,0.9996811443482657
CHTOP,1.0534027755550728,-1.0718075704565888,1.3284007824185913,-0.8068405142800138,0.4197583741322507,0.9996811443482657
CHTF8,0.8140512278942917,0.32497989747207773,1.6816744561231425,0.19324780506048236,0.8467649012530943,0.9996811443482657
CHST2,1.3689192909698786,-1.0914399874903074,1.1965780847177376,-0.9121343616683141,0.3616979917506742,0.9996811443482657
CHST11,1.109846496621618,-1.9207391043319448,1.4031335536546476,-1.3688925757132133,0.17103285683460223,0.9996811443482657
CIRBP,8.469613983411932,0.09133098868623434,0.4740587764416154,0.1926575210183511,0.8472271934336743,0.9996811443482657
CHPT1,0.8352967701530702,-2.7072399136960157,1.7601606426260084,-1.5380641108172075,0.12403294004376693,0.9996811443482657
CHP1,3.640447632325205,0.31218377136126424,0.7441610548075226,0.419511031038853,0.6748426945829025,0.9996811443482657
CHORDC1,7.9029224408145184,0.14907727187959055,0.5654006591924788,0.26366660430234895,0.7920368310310409,0.9996811443482657
CHN2,1.6166269076281907,0.7969743927153226,1.1870191857157892,0.6714081813553299,0.5019605344345901,0.9996811443482657
CHMP5,2.369474733619841,0.34061543133761013,0.9724874345932703,0.3502517556744246,0.7261497682013717,0.9996811443482657
CHMP4B,3.8473762260136906,-0.49851412380973814,0.6887163902536421,-0.7238307826914708,0.4691696284999256,0.9996811443482657
CHMP3,1.829020325309489,-0.6278483222866019,1.0380615792392842,-0.6048276276121344,0.5452935345638341,0.9996811443482657
CHMP2B,3.557640660491893,0.06595632126310227,0.7730597496678345,0.08531852976622072,0.9320081606209807,0.9996811443482657
CHMP2A,2.395943742605536,0.056745892144689704,0.8994595405248367,0.06308887680659693,0.9496957316772472,0.9996811443482657
CLCN3,2.3563054144355777,0.2357519084813709,1.0524135285874963,0.224010716393761,0.8227489646438777,0.9996811443482657
CLEC9A,12.275081213528551,0.7132289857878208,0.4231277712550215,1.6856113785023903,0.09187067615996107,0.9996811443482657
CLEC7A,11.281190880308303,0.2907345564529232,0.42730631390264495,0.680389095582525,0.4962581236996607,0.9996811443482657
CLEC2D,0.8775500972707293,-0.1931186258003931,1.6175949646302776,-0.11938626789959925,0.9049693401122175,0.9996811443482657
CLEC2B,5.970187489530669,0.8788040314403865,0.5977488182100532,1.4701894920879102,0.14151043982841857,0.9996811443482657
CLEC1A,0.768128555239004,-1.6008405703743458,1.6951479581256605,-0.9443662794747479,0.34498250689492316,0.9996811443482657
CLEC12A,0.9517408902386941,-1.11570040878266,1.4322319976984084,-0.7789941926835782,0.4359831356686673,0.9996811443482657
CLDND1,4.102468422938878,0.6142450515508903,0.7035120812110834,0.8731123003509456,0.3826018700744692,0.9996811443482657
CLDN4,2.8393757733926117,1.3508021985460115,1.01909427919687,1.3254928676574993,0.1850077334836845,0.9996811443482657
CLCN4,1.9389668738989179,-0.945237987630069,0.9424661154010767,-1.002941084229657,0.31588928833712226,0.9996811443482657
CHMP1B,4.7211390014762475,-0.4963750489776969,0.6424646960364507,-0.7726106228715401,0.4397528557734882,0.9996811443482657
CLASRP,2.5572761517475473,-0.6213721774296262,0.8825434665761042,-0.7040697721555719,0.48138932359810693,0.9996811443482657
CLASP2,2.4286921495496196,-0.7591028233353712,1.0248165472458857,-0.7407206932551982,0.45886280973490456,0.9996811443482657
CKS2,9.779348678559012,-0.4362923804799869,0.44428667436594815,-0.9820064513585286,0.3260966699506581,0.9996811443482657
CKB,1.3315370613467878,2.908794697893025,1.829202861947546,1.5901979809915896,0.11179018548134072,0.9996811443482657
CKAP5,1.9453837739388162,-1.9539735300940635,1.0889367273211463,-1.7943866535762483,0.07275147567928517,0.9996811443482657
CKAP2,0.7054841185792393,-0.7940749446955983,1.61141618930551,-0.49278079118581375,0.6221674847373917,0.9996811443482657
CIZ1,1.9115328786834296,-0.043447689006241054,1.0002084066615877,-0.04343863610510647,0.9653518795955417,0.9996811443482657
CITED2,1.2120787389749232,-0.17088542817475297,1.2717026884879263,-0.13437529834739778,0.893105813529858,0.9996811443482657
CISD2,1.2567459893080597,-0.27250228067847165,1.477853990354352,-0.1843905300909547,0.8537070983422381,0.9996811443482657
CERK,1.8515259197933993,-0.4686569907788359,1.1323953976986874,-0.4138633835242221,0.6789741614771436,0.9996811443482657
CGGBP1,1.9268496041899315,-0.047599064335113704,1.0462624848501905,-0.04549438121345734,0.9637132534054828,0.9996811443482657
CGAS,0.7407858588334832,-1.5331633978303234,1.8656613380407998,-0.8217801197726246,0.41120205028062895,0.9996811443482657
CFLAR,9.14616554038746,0.4899822316623744,0.4897061463769689,1.0005637774560276,0.3170377494930947,0.9996811443482657
CFL1,35.796665260749265,0.12880409575323137,0.235021998487584,0.5480512317234677,0.5836567255149843,0.9996811443482657
CFDP1,1.0836914335185512,0.17711982125930498,1.4116730723716375,0.12546801715339115,0.9001530435362296,0.9996811443482657
CFAP97,2.0792369454072395,-1.3551232455816127,0.9727904898150729,-1.3930268231129819,0.16361167961400813,0.9996811443482657
CFAP20,0.978958997435964,-0.009562425217547884,1.3867639650517065,-0.006895495887212026,0.9944982338920858,0.9996811443482657
CERS6,1.003388811644378,-0.11375507037579527,1.3769271725413719,-0.0826151685029495,0.9341575397864442,0.9996811443482657
CERKL,2.2296908939531175,-0.04308875481511079,0.9209679022600312,-0.04678638062127041,0.9626834838366977,0.9996811443482657
CHAF1A,2.0619254326995797,-0.28674952088933364,1.0939373136825379,-0.2621260992771554,0.793224225768097,0.9996811443482657
CEP68,0.7770158200181161,-0.592812414908441,1.5654382386337027,-0.37868783339918993,0.7049196891983297,0.9996811443482657
CEP63,0.8277991043852844,-0.4070106696934246,1.450881643717805,-0.28052644504515334,0.7790736394100218,0.9996811443482657
CEP57,2.71208658466718,-0.13649703610732472,0.8269006132340904,-0.16507066740883317,0.8688883602787104,0.9996811443482657
CEP55,1.0595469239617081,-3.152318652184882,1.6436830551001458,-1.917838504451102,0.05513149176895524,0.9996811443482657
CEP350,3.960756927460083,-0.07241495946801194,0.6972194568647048,-0.10386250520553679,0.9172784626416267,0.9996811443482657
CEP170,1.868685128374714,0.13628973893932347,0.9657702227715637,0.14112025378893928,0.8877749435595266,0.9996811443482657
CEP164,0.9544540034993791,-1.6122312244495576,1.6340488682041996,-0.9866481081568758,0.3238151773145821,0.9996811443482657
CEP135,0.8611161833728105,0.319755995456782,1.67086493289988,0.1913715400692667,0.8482345157140591,0.9996811443482657
CEP128,0.7728366221533864,-1.6158522776868203,1.8564368093370134,-0.8704052136651435,0.38407899848784854,0.9996811443482657
CHD4,4.051643030794086,-0.2233952208165085,0.6546189705376352,-0.3412599250416393,0.7329079141758249,0.9996811443482657
CHMP1A,1.281824012339926,-1.196618978565272,1.2239581269932693,-0.9776633302847071,0.328240863771059,0.9996811443482657
CHM,1.0060787115432532,1.345368803933622,1.6412984966606352,0.8196978225904015,0.4123883916098129,0.9996811443482657
CHID1,0.8287082789758442,0.6357870300508194,1.6263769267141925,0.39092231303066677,0.6958546603483746,0.9996811443482657
CHIC2,2.234081968110653,0.23227209596631676,0.9281991543415157,0.2502395039684081,0.8024021370839789,0.9996811443482657
CHFR,1.065999318841524,0.13521317143170067,1.2779694348846566,0.10580313405062333,0.9157385501370082,0.9996811443482657
CHD9,2.7527705256697157,-0.6238084272024494,0.8226667474929148,-0.7582759715322297,0.44828578886208836,0.9996811443482657
CHD8,1.295956056863775,0.33963262934283667,1.293102883144588,0.26264934814537927,0.7928208606402029,0.9996811443482657
CHD7,1.593133343864095,1.1323847271586127,1.2622886119859624,0.8970886027221845,0.36967163987973606,0.9996811443482657
CHD6,1.887946388495711,0.941371255304459,1.095223528679976,0.8595243168662123,0.39005131003832383,0.9996811443482657
CLIC1,8.216098286146128,-0.5653272486314056,0.5770203982832351,-0.9797352923976009,0.3272168003004087,0.9996811443482657
CHD3,0.8788361794204713,1.1972087853722897,1.612868707532536,0.7422853328240536,0.45791447644578365,0.9996811443482657
CHD2,4.616117694419721,-0.35139746815776723,0.6426612721992283,-0.5467848824237727,0.5845265303063533,0.9996811443482657
CHD1L,2.0350751826801825,-0.48001069433631266,0.9668373256987537,-0.49647513762400397,0.6195592243845378,0.9996811443482657
CHD1,4.0442705932988865,-0.40074334681650803,0.7045650418298871,-0.5687811955241246,0.5695046375614082,0.9996811443482657
CHCHD7,1.8730404365845195,-1.5285831574290152,1.05064200030518,-1.4549039130217598,0.14569586438831936,0.9996811443482657
CHCHD3,1.1137240298229474,1.5307782165811437,1.5848577211695174,0.9658773757000302,0.334105544528259,0.9996811443482657
CHCHD2,11.929435780510499,-0.2503912623063688,0.4072545435788536,-0.61482742489744,0.5386686957223268,0.9996811443482657
CHCHD10,1.2063659682115424,-0.5665790739333442,1.4478561721635332,-0.3913227603862781,0.695558677196447,0.9996811443482657
CHAMP1,1.4907327800084904,-0.2793720874190246,1.2042049280616882,-0.23199713014686577,0.8165402428125976,0.9996811443482657
COA4,1.5420120136576592,-1.1099860553287413,1.1125797247651583,-0.9976687788041757,0.31843999743748597,0.9996811443482657
COMMD6,8.34340425764707,0.4304895778781246,0.48991243497108905,0.8787071875477682,0.37956006052731717,0.9996811443482657
COMMD5,2.7687723417820895,0.2073938125714894,0.877451560930922,0.23635927247249677,0.8131538967624172,0.9996811443482657
COMMD2,1.6421547085916242,-0.4025307333688323,1.1020862891799597,-0.36524429831020533,0.7149290537483206,0.9996811443482657
COMMD10,1.7672301060158913,0.18332522349408695,1.0234372579446804,0.17912697829884572,0.857837998971658,0.9996811443482657
COLGALT1,1.719390345763077,-0.12375045962631857,1.0806468434769727,-0.11451517243890005,0.9088294196509338,0.9996811443482657
COL4A3BP,2.595851506660097,0.2884682764273454,0.8674277389681186,0.33255597379270313,0.7394694812320659,0.9996811443482657
COL1A2,1.9455272194570385,-0.7052661621368846,1.375312618581391,-0.5128042545442165,0.608088253379682,0.9996811443482657
COL1A1,2.3862860446324925,0.16753889208555278,1.1703404648086537,0.14315397708900438,0.8861685763309827,0.9996811443482657
COA6,0.6473277576525361,-0.12215376104867486,1.7905896953016596,-0.06821985034829305,0.9456106254884257,0.9996811443482657
COMMD8,0.72413246553321,-0.8544667418339809,1.7848761905123596,-0.4787260575136592,0.6321335257924741,0.9996811443482657
COA3,1.0041146330676525,-0.4500082808574013,1.413252938394638,-0.31842019827574597,0.7501662189753479,0.9996811443482657
COA1,0.8501038840036244,-1.8731677379891116,1.5594856494172702,-1.2011445816696387,0.22969512207872922,0.9996811443482657
CNTRL,3.3500047430412545,-1.2850087918617314,0.815842725756018,-1.5750692520681002,0.1152404604500399,0.9996811443482657
CNTLN,1.4243156963000185,-0.8801835194094925,1.1992925288220175,-0.733918954930901,0.4629981339031437,0.9996811443482657
CNPY3,1.8006177524800713,-0.5644680222304519,1.1254146432424552,-0.5015644905811351,0.6159739028764035,0.9996811443482657
CNPPD1,4.373572824427994,-0.5051107391631381,0.6506763571567364,-0.7762856812107373,0.43758032561676785,0.9996811443482657
CNP,1.4242919711592426,0.2273942618170781,1.1357657490030935,0.2002122902690727,0.8413145555301818,0.9996811443482657
CNOT9,2.8118557465911427,-0.8037356545659134,0.7938937234246357,-1.01239703860968,0.311348253733992,0.9996811443482657
CNOT8,1.8329990047371085,-0.6603883153216783,1.022350318350158,-0.6459511025412458,0.5183110229411195,0.9996811443482657
COPS4,1.257054786098437,-1.9870429226517206,1.320250168510287,-1.5050503079229398,0.13231114323731868,0.9996811443482657
CORO7,0.615674335174147,-1.371430507057415,1.8627703418350492,-0.7362316632690178,0.46158972593144065,0.9996811443482657
CORO1C,2.929655365459862,-0.2305343189704079,0.790198021109887,-0.29174246557414396,0.7704835380796393,0.9996811443482657
CORO1B,0.8042022391101105,-2.6948061788779296,1.7319545959235496,-1.555933501502069,0.11972390598992118,0.9996811443482657
CORO1A,4.354652578633081,-1.2703899461254642,0.7281717649319528,-1.7446295054356873,0.08104938140986645,0.9996811443482657
COQ10B,1.533964506835754,-0.7219461958070884,1.0977247058101058,-0.6576750910186557,0.5107469315212934,0.9996811443482657
COPZ1,4.885277969750716,-0.2169765683009041,0.6554038874477257,-0.33105779879618114,0.7406008275525805,0.9996811443482657
COPS9,2.933242677919339,-0.18237026978829804,0.8104163079307868,-0.22503282325838056,0.821953739779478,0.9996811443482657
COPS8,1.4871412447697254,3.0682677080221405,1.681368966258745,1.8248628169041432,0.0680217335654801,0.9996811443482657
COPS6,1.6598301670872408,0.09593350982200279,1.2564965093584384,0.07635000106047729,0.9391406468068696,0.9996811443482657
CNOT7,3.360557653420631,0.43592816994126116,0.7882315944529916,0.5530457964499403,0.5802320512698755,0.9996811443482657
COPS3,2.517724886823073,0.9667581495296335,0.9562552078525636,1.0109834086035003,0.3120243708047242,0.9996811443482657
COPS2,0.6731223363758609,-0.8873741800224881,1.6310191502529992,-0.5440611656122132,0.5863993828912166,0.9996811443482657
COPG1,2.923876528776111,0.12741004095467232,0.7980972466450929,0.15964225097913476,0.8731628943181171,0.9996811443482657
COPE,3.9770719795539557,-0.30427472474492745,0.8923763046060786,-0.34097131801280106,0.7331251741581508,0.9996811443482657
COPB2,2.9042476268277477,-0.8240122203508448,0.8154480655305427,-1.010502391485508,0.31225465424526566,0.9996811443482657
COPB1,2.9224106848432196,0.4293261243747195,0.8196877877691044,0.5237678672061115,0.6004400052914662,0.9996811443482657
COPA,4.978511158665461,0.41955021030149814,0.6170476692910553,0.6799316020163111,0.496547770547354,0.9996811443482657
COMT,4.677620221577438,-0.29305101282112334,0.7204270734699496,-0.4067740144878759,0.6841739737914828,0.9996811443482657
COMMD9,1.1171421520956386,-0.7231029143361265,1.3924275558492298,-0.5193109769327368,0.6035438998591696,0.9996811443482657
CLNS1A,4.595265159527936,-0.11946837473221247,0.6725925302702012,-0.17762370135781666,0.8590185095375943,0.9996811443482657
CMAS,0.7929436883235755,0.0021526402331095715,1.6046754663936227,0.001341480117439232,0.9989296540466981,0.9996811443482657
CLU,1.3330444405423985,0.5720116949154886,1.2603129300497922,0.4538648150605657,0.6499261293343925,0.9996811443482657
CLTC,7.0944240930214075,-0.19449262142944163,0.5117461193054739,-0.38005685650025256,0.7039032105863525,0.9996811443482657
CLTB,1.0409917822083572,-1.5859612442349316,1.3925007244696888,-1.138930283026545,0.25473223364504904,0.9996811443482657
CLTA,4.345942385927299,-0.04960443434435486,0.6409289766745047,-0.0773945884015577,0.9383096457016835,0.9996811443482657
CLSTN1,1.424288405095754,0.019733003506346422,1.1643226602441181,0.01694805416069897,0.9864780565853326,0.9996811443482657
CLPX,1.411743531488324,-0.6095935461765173,1.2362581622092301,-0.4930956695057572,0.6219449905731658,0.9996811443482657
CLPTM1L,2.824553609966728,0.27776047304410123,0.8082941559718029,0.3436378588066778,0.7311186494598803,0.9996811443482657
CLPTM1,1.980921823898548,1.754742582917035,1.1152264251792563,1.5734406424551732,0.11561682244124809,0.9996811443482657
CMC1,1.000641257142108,1.348776554027691,1.5077741482201032,0.8945481361514882,0.3710286869566347,0.9996811443482657
CLNK,5.852578359338031,-0.4610572288720545,0.6116218867801448,-0.7538272237105003,0.45095297477970786,0.9996811443482657
CLN8,0.7320397728946024,3.1062645085536715,2.3495274697234385,1.3220805240976,0.1861413383707855,0.9996811443482657
CLK3,0.9208993443468783,-1.3841253265863342,1.5869693018395619,-0.8721815380939646,0.3831093495143413,0.9996811443482657
CLK2,0.8951047656235536,-0.7752899246089984,1.5003005518151546,-0.5167564083549829,0.6053262135567337,0.9996811443482657
CLK1,9.179657724580606,0.5835959342751544,0.5008761129584717,1.165150262063987,0.24395817461434322,0.9996811443482657
CLIP1,4.942561886757943,0.7583799823621882,0.7111730564329005,1.066378957276683,0.28625237004647575,0.9996811443482657
CLINT1,2.659120660004508,-0.9215668090351905,0.8163249538606971,-1.128921521603335,0.25893094104483527,0.9996811443482657
CLIC4,4.9138092687539965,1.5017072975362145,0.7408353371028711,2.0270459875858893,0.04265770982381263,0.9996811443482657
CLIC2,7.816145820660912,0.22137404420449758,0.5094897076541222,0.4345015039141517,0.6639243029518935,0.9996811443482657
CNIH1,2.384978890136083,0.9836514433449751,0.9330074883862892,1.054280330639445,0.291754591292431,0.9996811443482657
CNOT6L,4.516885258111307,0.03538946652491626,0.6824134253556872,0.05185927651770711,0.9586408232177288,0.9996811443482657
CNOT6,1.2357966273948597,0.19802599905633808,1.2594738018176692,0.15722915297686024,0.8750642532828317,0.9996811443482657
CNOT4,1.3059531446464774,0.8659744688365351,1.5861655865840207,0.5459546444337535,0.5850971146857571,0.9996811443482657
CNOT2,2.3120207332241076,-0.6314201623816711,0.9801720528846941,-0.6441931909029346,0.5194501657645556,0.9996811443482657
CNOT11,1.8874236232953505,-0.15805175571904084,0.971877514242676,-0.16262518002816517,0.8708135601172231,0.9996811443482657
CNOT10,1.5948684222647271,-1.8791549778269947,1.213278023092955,-1.5488247063410492,0.12142386467415037,0.9996811443482657
CNN3,0.9276316601712629,2.0717102319961063,1.929378859396672,1.0737705670953304,0.28292552464563936,0.9996811443482657
CNN2,4.4221779980507,-0.5485385685446899,0.6491307045248919,-0.8450356218262286,0.3980909505836978,0.9996811443482657
CNIH4,0.7791958118325829,0.888099811641124,1.6936213026368252,0.524379216450825,0.6000148091853796,0.9996811443482657
CEP120,1.0142516873088978,-0.13869427877685833,1.4435005132653613,-0.09608190471863165,0.9234555227514439,0.9996811443482657
CNDP2,7.472026906110669,-0.14156924090250073,0.49913080135324217,-0.28363154611712715,0.7766927591798274,0.9996811443482657
CNBP,8.551238163434167,0.01708901498632954,0.4743565420371751,0.03602567577742036,0.9712618859294022,0.9996811443482657
CMTM7,3.886562568428629,0.12668714676078385,0.6731528989722448,0.1881996600686219,0.8507201389530333,0.9996811443482657
CMTM6,9.048959414685537,0.016705147377993043,0.4780552163960137,0.03494397049765638,0.9721244186196624,0.9996811443482657
CMTM3,2.1052760044818744,1.4182737554835119,1.124415670727393,1.2613429289597324,0.2071853207074873,0.9996811443482657
CMPK1,5.0447061913832645,0.0997652691773216,0.6163933328057295,0.16185325808636694,0.8714214120218217,0.9996811443482657
CMIP,11.995180711807006,-0.07937207912828727,0.3956345826960158,-0.200619669259986,0.840995976909265,0.9996811443482657
CMC2,1.1072822952866335,0.06286939458800148,1.341101502319626,0.046878923391898315,0.9626097263192757,0.9996811443482657
CCDC88B,2.8824645426444215,1.790472165638034,1.0298290052380088,1.7386111252753356,0.082103188283257,0.9996811443482657
CCL4L2,3.9157692290018438,1.11985146588125,0.9039471211955377,1.2388462108272027,0.2154024567453764,0.9996811443482657
CCL4,3.5053675810362686,1.6800861492474446,0.9090936736251714,1.8480891441558545,0.0645894479705981,0.9996811443482657
CCL3L3,2.22178163897229,1.1810183029135934,1.2645956732915655,0.9339098083734291,0.35035041890413887,0.9996811443482657
CCL2,0.9077759768592093,3.405196625861911,2.403472474654865,1.416782035896164,0.15654666343527945,0.9996811443482657
CCL18,3.527840353420618,-0.0009552514199949377,1.1198133472771026,-0.0008530452171495296,0.9993193684741174,0.9996811443482657
CCDC92,1.674743335585183,-0.4432364619706154,1.048423014791427,-0.4227649104582016,0.6724667914273603,0.9996811443482657
CCDC91,2.0902019464188886,-0.9789269280606945,1.0056120203069927,-0.9734638292826375,0.3303228287974749,0.9996811443482657
CCDC90B,1.3930599937920798,-0.25336116611199044,1.1902877012332378,-0.21285708140098153,0.8314384392704507,0.9996811443482657
CCDC88C,3.9492198622043464,0.4782615591282428,0.7158708017428843,0.668083623418989,0.5040802148297343,0.9996811443482657
CCL5,2.5962629658972176,0.8621620586785758,1.0760079389612127,0.801259941920981,0.42298117607078045,0.9996811443482657
CCDC88A,15.086714196553787,-0.1130005419708178,0.3643387765245754,-0.3101523890724151,0.7564450744105818,0.9996811443482657
CCDC69,2.0974023301546403,-0.7952110380634705,0.9662095475804516,-0.8230213001463402,0.4104958807882917,0.9996811443482657
CCDC6,5.074270490156143,-0.07194282360910248,0.6032212899281398,-0.1192643973452476,0.9050658889364297,0.9996811443482657
CCDC59,3.612814121629644,0.7964345548160174,0.8153551129542809,0.9767947022865798,0.32867079932547805,0.9996811443482657
CCDC57,1.020277461051807,0.26141225162852305,1.5021724341259624,0.1740227990407942,0.861847544565033,0.9996811443482657
CCDC47,2.567009646289681,-0.7232677411021302,0.8585492496871425,-0.8424301126181064,0.39954724351659265,0.9996811443482657
CCDC28A,1.5337013204599987,0.6017608625040277,1.2083727464909697,0.4979927462378635,0.6184891548903424,0.9996811443482657
CCDC186,1.5189764550381015,-0.8375398825322378,1.235032720242994,-0.6781519783277085,0.49767533688971766,0.9996811443482657
CCDC174,0.8700863609655624,1.139947193635054,1.6330014277989822,0.698068706021596,0.4851342276179945,0.9996811443482657
CCNH,2.400323563562649,-1.1772127522613924,0.947475662194179,-1.242472814061719,0.21406216489092544,0.9996811443482657
CCSER1,0.6599032731772138,0.6346735656378204,1.8567477981342155,0.3418200179235882,0.7324863439004774,0.9996811443482657
CCSAP,0.8921736426034923,0.06117034882864887,1.5750453709194012,0.038837197936045426,0.9690201875304923,0.9996811443482657
CCNYL1,2.118101337487389,-0.4775090089521251,0.9219816839955932,-0.5179159382892985,0.604516921208915,0.9996811443482657
CCNY,5.641330664752765,0.6653577487245794,0.6054772967401305,1.0988979311145823,0.27181258917797535,0.9996811443482657
CCNT2,0.9416625999564833,1.1614039961570612,1.7365060775258714,0.6688165455843376,0.5036125109373655,0.9996811443482657
CCNT1,1.8541400500566136,-0.5282205237558554,0.9886101787586359,-0.534306175583913,0.5931297202607589,0.9996811443482657
CCNL2,2.1460085497064947,-0.4488491719205558,1.0105229852157138,-0.4441751236610823,0.6569159761111509,0.9996811443482657
CCNL1,9.818018781144062,0.021512025118429867,0.46555852230560735,0.046206919404879226,0.9631453274796898,0.9996811443482657
CCNI,18.85883412541564,0.3402416912320115,0.3292155576286754,1.0334921401733164,0.30137364685447354,0.9996811443482657
CCDC14,1.1399506505745096,-0.6220684323994762,1.3662469026562338,-0.455311870197152,0.6488848877330791,0.9996811443482657
CCNG2,1.3811742476742213,-0.5617341004851633,1.3912751508702161,-0.40375485764538327,0.6863929952173338,0.9996811443482657
CCNG1,1.5340352481752517,2.119765956030851,1.3634576897325164,1.5546987427579857,0.1200178341837056,0.9996811443482657
CCNDBP1,1.4500406430394848,-0.46912208023300317,1.0858672982148196,-0.4320252401046114,0.6657230687479555,0.9996811443482657
CCND3,3.656048218160948,-0.06145556691571978,0.8475827230225421,-0.07250686599245998,0.9421985415812644,0.9996811443482657
CCND2,1.7908690713995057,0.21522619446833413,1.1023351266071733,0.19524570094284208,0.8452006032629986,0.9996811443482657
CCND1,8.44388393485566,-0.9839731163820674,0.5093126538807597,-1.931962830462946,0.05336409377678976,0.9996811443482657
CCNC,0.7922812354416688,2.007327546941932,2.000445913101757,1.0034400499384184,0.31564858857320965,0.9996811443482657
CCNB1IP1,0.9762114429336939,1.4109689553235076,1.594255965686828,0.8850328841113304,0.3761388958095716,0.9996811443482657
CCNB1,1.0528551312734038,-2.4966305988998596,1.5348724791616108,-1.6266045764685202,0.10382110673180724,0.9996811443482657
CAPZA2,3.1865051881497264,0.07753086813501173,0.7884372062105653,0.09833486741150292,0.9216663921485704,0.9996811443482657
CASP4,0.5114638587750453,-0.8282503046943446,2.111405674882126,-0.39227435757488127,0.6948555081100773,0.9996811443482657
CASP3,1.7207281644001495,-1.1793058210776466,1.1172068583953414,-1.055584122327622,0.29115825805411266,0.9996811443482657
CASP2,1.215680726193866,-0.9804030195707294,1.3231899902664592,-0.7409389632499407,0.45873044952965947,0.9996811443482657
CASD1,0.8389002904414821,0.8712583814815378,1.9096330897054385,0.45624386494891,0.648214625472225,0.9996811443482657
CASC3,1.5607912470648815,0.1127177316149927,1.170194411236308,0.09632393603376266,0.9232633012687012,0.9996811443482657
CARD8-AS1,1.1309578429269758,0.31809499613514197,1.3525584479181045,0.23518022206342554,0.8140688560420919,0.9996811443482657
CARD8,3.6588982510059567,0.500064211054463,0.7798784047410552,0.641207921663763,0.5213876035423471,0.9996811443482657
CARD19,1.0240842529136387,0.3054281720753757,1.4384280580917697,0.21233468740908681,0.8318459357153194,0.9996811443482657
CAPZB,14.632381709185058,-0.390653698541411,0.37083915890491864,-1.0534316270563344,0.2921432153438248,0.9996811443482657
CASP8,1.9816410516483614,-0.942128927357495,1.0355965999298384,-0.9097450951667128,0.3629569560876763,0.9996811443482657
CAPZA1,11.850849537888296,0.27182669166243784,0.4536310635272609,0.599224157069002,0.549023415719291,0.9996811443482657
CAPRIN1,3.685549593363115,0.48782637158429204,0.7796979742722842,0.6256606887296267,0.53153752313815,0.9996811443482657
CAPNS1,14.801641729270195,-0.09806454055824555,0.3723472198879629,-0.26336853162957036,0.7922665427701734,0.9996811443482657
CAPN2,3.9212714877848254,-0.026549095550090593,0.6766205213016544,-0.03923779240247775,0.9687008028447738,0.9996811443482657
CAPN15,0.9007226461928308,-1.4608033579489688,1.4522516970957033,-1.00588855283858,0.31446918336910923,0.9996811443482657
CAPN1,3.1901028821757094,-0.18027579953087305,0.9514063940717825,-0.18948348534776766,0.8497138974234452,0.9996811443482657
CAPG,3.3023937043452927,-0.0005477591893722068,0.8464945913161405,-0.0006470911863955845,0.9994836959689751,0.9996811443482657
CAP1,3.9645433805837693,-0.6970040852902823,0.8323807724964554,-0.8373620683234252,0.4023890803436436,0.9996811443482657
CANX,13.756953051738448,0.02036070031233664,0.37534529189514515,0.05424525297635682,0.9567397670744908,0.9996811443482657
CBX4,3.139728082777766,-0.4960339295818537,0.8403743114433024,-0.5902535606186478,0.5550206684912317,0.9996811443482657
CCDC130,0.9274944291975654,-0.05953023568294269,1.5129900445147726,-0.03934608552036738,0.9686144641110469,0.9996811443482657
CCDC126,1.5120922588012013,-0.8655964782108214,1.1672798862063256,-0.7415500673313415,0.45835998629235053,0.9996811443482657
CCDC124,0.8012622810592447,-1.9080940966551068,1.5587887597550245,-1.2240876672442635,0.22091915790145567,0.9996811443482657
CCDC12,1.186487431825018,-2.0136046164491876,1.3709522780901586,-1.4687634636373286,0.1418969571711249,0.9996811443482657
CCDC117,2.0396512949984875,0.19104465746730773,1.067121682193924,0.17902799713949574,0.8579157182855158,0.9996811443482657
CCDC115,0.8802280197891409,-0.21313467343826958,1.4156597048706652,-0.15055501876967078,0.8803267466433444,0.9996811443482657
CCAR1,2.4715408100304828,-2.52864844939603,1.0212489917696568,-2.47603519785542,0.013285048036585449,0.9996811443482657
CBX6,7.588208581910922,-0.04838921769746807,0.5625267501338624,-0.08602118510089175,0.9314495763705294,0.9996811443482657
CBX5,1.8702015579516345,-1.1342173785031815,0.9640603990793734,-1.1765003308779192,0.23939500028039185,0.9996811443482657
CCSER2,1.9636994621263717,-0.05461911495804138,1.0299113542219522,-0.05303283115982681,0.9577057490280152,0.9996811443482657
CBX3,8.141033691681285,-0.09708240845981278,0.5330738862284196,-0.1821181096427099,0.8554900369507654,0.9996811443482657
CBL,6.497514689557322,-0.023694399046292138,0.5547987688288792,-0.04270809593955747,0.9659342258332816,0.9996811443482657
CBFB,4.1811043294474395,0.0735007919963729,0.7327115320472014,0.10031340955015564,0.9200955119103869,0.9996811443482657
CBFA2T3,6.303217066127227,-0.2798866701147589,0.5536126568247214,-0.505564073841927,0.6131627074048953,0.9996811443482657
CAT,5.338095941224907,0.3566523678185417,0.6453496676172841,0.5526498047722704,0.5805032309134129,0.9996811443482657
CAST,6.214980043127559,-0.5945060244032786,0.5741166412562695,-1.03551435663386,0.3004287652622769,0.9996811443482657
CASS4,1.2522775989791624,-0.8438015454962119,1.3512403984048547,-0.6244644154306839,0.5323226328224505,0.9996811443482657
CASP9,3.18899728962059,0.4865390668395544,0.8865441395774852,0.5488041092589391,0.583139889956593,0.9996811443482657
CDC42SE2,5.4572747333762015,-0.5718985043998837,0.5943705009183154,-0.9621919383890822,0.3359531979055831,0.9996811443482657
CDK19,1.1581442620189701,-1.1872339671480752,1.3423013859507416,-0.8844764518418244,0.3764390687235746,0.9996811443482657
CDK16,1.574312575194154,0.3503900569712473,1.2313418964914729,0.2845595183349418,0.77598162916622,0.9996811443482657
CDK13,2.2450929427736943,-0.8330641300893434,0.9618653567915477,-0.8660922489901904,0.3864395754251446,0.9996811443482657
CDK12,1.7640223242759852,-0.6612236963008857,1.1507921948916933,-0.5745813181876132,0.5655744897342496,0.9996811443482657
CDK1,1.1711471965282458,-1.2478838391445233,1.3429327409544645,-0.9292228874080567,0.3527735885456399,0.9996811443482657
CDIPT,1.720327747050697,-0.810220569792054,1.046360332146704,-0.774322711689397,0.43873997612462956,0.9996811443482657
CDCA4,0.77546770233592,-1.2090675893654286,1.5411329331428718,-0.7845316671675727,0.43272820804902,0.9996811443482657
CDC73,1.4694604218313518,-0.9068718516766664,1.1077490449875886,-0.8186618221700449,0.412979384312846,0.9996811443482657
CDC5L,2.164290787902568,0.778377251616956,1.0146654196206384,0.7671270120824405,0.4430060030680625,0.9996811443482657
CDK2AP2,7.18440220034403,-0.6327687724799359,0.5772129493947555,-1.0962484004273192,0.27297008373577036,0.9996811443482657
CDC42SE1,2.0656537575467486,0.2634229604103192,1.0021092292548899,0.26286851045787213,0.7926519279882636,0.9996811443482657
CDC42EP3,3.1757485020871465,0.7177572181566098,0.9138991204843488,0.7853790446545263,0.4322313633745054,0.9996811443482657
CDC42,17.45723921101503,0.03949128601136184,0.34629911861179474,0.1140380783227809,0.9092076081871349,0.9996811443482657
CDC40,1.0608703185948816,0.042330492089993274,1.6492514468677055,0.025666487769580724,0.9795233539318542,0.9996811443482657
CDC37,7.159070699223651,0.7215766713544852,0.5458070252662437,1.3220362471562204,0.18615608115107174,0.9996811443482657
CDC27,1.0005824931830738,-1.0605453056798333,1.333669984352452,-0.7952081985220419,0.4264924035092159,0.9996811443482657
CDC16,1.4213520131083768,0.7263791071316782,1.1767295932450244,0.6172863428449769,0.537045873342039,0.9996811443482657
CDC123,1.060515077861808,-0.7538425302874767,1.5423272460563766,-0.4887695086856564,0.6250048872634478,0.9996811443482657
CD99,3.9520874790379357,-0.7563764492430676,0.7477334166927043,-1.0115589759096126,0.3117489692836959,0.9996811443482657
CEBPB,3.27141289448576,0.8208622393663316,0.8568088146600383,0.9580459786609812,0.33803957410383845,0.9996811443482657
CENPW,1.0248289542242024,-2.254944763131296,1.4597155973358524,-1.5447836326794258,0.12239860754985149,0.9996811443482657
CENPF,1.3809897183429867,-2.245097613221453,1.2666992526344674,-1.772399887780879,0.07632820041966061,0.9996811443482657
CENPE,0.9923425828125731,-1.0490101592535719,1.3342563374583822,-0.7862133608087826,0.43174249992187086,0.9996811443482657
CENPC,0.9950114549496745,-0.7284461569218564,1.36583959957714,-0.533332140280148,0.5938036829293643,0.9996811443482657
CENPB,0.892744771354784,-2.1157784152639265,1.5108424204031505,-1.4003964852266697,0.16139462196038556,0.9996811443482657
CELF2,5.196176862646267,-0.20581975450473947,0.5891220793954122,-0.3493668998384213,0.7268138797102258,0.9996811443482657
CELF1,2.0787200537380506,-0.3666626680047903,1.0333044673864946,-0.35484475251730885,0.722705899507258,0.9996811443482657
CEBPZOS,1.20230954191155,0.3165121065642656,1.2883760744956807,0.245667482367802,0.8059396461754949,0.9996811443482657
CEBPD,5.464809812238238,-0.1462855787444132,0.6663142290559032,-0.21954443168906115,0.8262259724971828,0.9996811443482657
CD93,3.9984683047240255,-0.8605520233577898,0.6911515456449018,-1.245098891524323,0.21309540154678697,0.9996811443482657
CEACAM6,1.0147739407302918,2.404852590356127,1.91267560421544,1.257323816467337,0.20863640327349786,0.9996811443482657
CDV3,8.72805233203961,-0.1812805888817852,0.4849786725550732,-0.3737908471865829,0.7085599296086422,0.9996811443482657
CDKN3,0.7926580795743605,-2.6185823196612157,1.8090831346267384,-1.4474637840242197,0.14776707257925062,0.9996811443482657
CDKN2D,2.141893359447468,-1.0195032494053866,0.9480278722310022,-1.075393750825259,0.28219847844794776,0.9996811443482657
CDKN2C,0.8116362764011298,-1.07926853298256,1.546407042698693,-0.6979200838991835,0.4852271735132687,0.9996811443482657
CDKN1B,2.779263616960586,0.42983145055823413,0.8595463240306641,0.5000678131489513,0.6170273289446202,0.9996811443482657
CDKN1A,21.491775541413528,0.42353636891817154,0.3174280059423973,1.3342753663488325,0.18211362766818306,0.9996811443482657
CDK9,0.7175037449578124,0.05357685010480416,1.9559401208668548,0.02739186620961555,0.9781471856405807,0.9996811443482657
CDK6,2.7501170450525514,1.889112104058363,1.1117691381279673,1.6991945893005367,0.08928252552863637,0.9996811443482657
CD1C,1.939011221421104,1.3558565732641517,1.5769332786427244,0.8598059230705977,0.3898960337176326,0.9996811443482657
CD4,8.818748116955012,0.28013027717634054,0.4831379027646067,0.5798143254200963,0.5620398360275848,0.9996811443482657
CD3E,0.8141208598781501,-1.0487403212645983,1.689598347959879,-0.6207039220480473,0.5347944483956959,0.9996811443482657
CD38,2.2740917752792793,-0.05015899446887938,1.0221278224195387,-0.049073113331505915,0.9608610300375237,0.9996811443482657
CD37,5.04332207668976,-0.6255819422321567,0.6590400721813876,-0.9492320249382009,0.34250261700077156,0.9996811443482657
CD33,1.5807753263198276,0.23210359675132441,1.1415069877297042,0.20333085933441863,0.8388764370232358,0.9996811443482657
CD2AP,1.6486864249009436,-0.15397971550819545,1.106875059375349,-0.1391121014101555,0.8893615656672482,0.9996811443482657
CD24,1.085404878895584,2.579360441787736,1.8484819609931111,1.3953938941345985,0.16289709156628296,0.9996811443482657
CD226,6.54417319913397,-0.2740917597783132,0.5888843680634649,-0.46544241050184215,0.6416146690175073,0.9996811443482657
CD2,0.9813460675584923,0.6017442600221132,1.5034866160618117,0.40023253522422725,0.6889852531866789,0.9996811443482657
CD40,7.779330141340106,0.8261937027991877,0.5439836165063525,1.5187841650549774,0.12881683301180644,0.9996811443482657
CD164,6.440516857388627,0.44341383452142924,0.6463923458408631,0.6859824955764473,0.49272414669591225,0.9996811443482657
CD151,1.8894040794342446,-0.21127149578868115,1.0941271778087875,-0.1930959216384656,0.8468838466131181,0.9996811443482657
CCT8,5.810191265345443,-0.27611372090708863,0.6178543716932849,-0.4468912636328434,0.654953572150905,0.9996811443482657
CCT7,1.985209317768009,-1.2835621702876994,1.1070695833929596,-1.159423210195897,0.24628372047104952,0.9996811443482657
CCT6A,6.3959216056461585,-0.47265289439235103,0.5306954798348014,-0.8906292070538867,0.37312812492757674,0.9996811443482657
CCT5,2.48976293273008,0.5471838573712715,0.95582955913486,0.5724701147205976,0.5670035267436419,0.9996811443482657
CCT4,2.742147055482868,-0.23536143343468968,0.9292681154537394,-0.2532761315282709,0.8000548391942873,0.9996811443482657
CCT3,2.7682670382800145,-0.3198701544647346,0.8911912061004372,-0.3589242715537806,0.7196517417450653,0.9996811443482657
CCT2,8.579744701477644,-0.2604506999299648,0.5104787089170196,-0.5102087420697933,0.6099052282765991,0.9996811443482657
CD59,8.047144924510807,0.6726508292605325,0.509178225539462,1.3210518351366562,0.1864840812400419,0.9996811443482657
CD9,0.9474088764686535,2.083512544724607,1.7880812723963522,1.1652225079972587,0.24392893702960983,0.9996811443482657
CD86,8.098711426582028,0.29241207156762256,0.4905745889116827,0.5960603711992613,0.5511348967506464,0.9996811443482657
CD84,4.187451757096678,0.055621543109992996,0.6554199698574625,0.0848639737389895,0.932369533220073,0.9996811443482657
CD83,19.57878578810056,0.397749475193052,0.3305608487276309,1.2032564555785668,0.22887709402833833,0.9996811443482657
CD81,10.97094690790333,-0.14651087762205361,0.4209919566450084,-0.34801348412838085,0.727830056874155,0.9996811443482657
CD80,1.4112701567626775,3.800578779078198,2.2252489482926743,1.7079341985507723,0.08764855271358321,0.9996811443482657
CD74,60.586339873594625,0.24408018600678022,0.19402046497295533,1.2580125815119696,0.20838720615767703,0.9996811443482657
CD69,3.385906387422558,-0.2973981587288004,0.7421312291642859,-0.40073527031560247,0.688615040253795,0.9996811443482657
CD63,10.761427835683637,0.3561053034881749,0.43155488858622987,0.8251680444514783,0.4092761929093627,0.9996811443482657
COTL1,22.490169083847782,0.004644005406803137,0.30259583561873993,0.015347221805968342,0.9877551693572434,0.9996811443482657
CD58,1.5943092708938988,0.3218131786828754,1.1461305450983565,0.28078230709335006,0.7788773748332514,0.9996811443482657
CD55,13.224516770294407,0.3460710715885188,0.4000153685209676,0.8651444389951702,0.38695951631627723,0.9996811443482657
CD53,9.64687147645892,0.23317942265795616,0.44478997829263806,0.5242461252230414,0.6001073631221395,0.9996811443482657
CD52,8.150674996774168,0.7081895717387887,0.5383010658862372,1.3156012808052941,0.1883079034600943,0.9996811443482657
CD48,5.731995995224769,-0.46485932641444183,0.6382370285942841,-0.7283490389742721,0.4663999503913482,0.9996811443482657
CD47,7.373513805573191,0.1656780812215476,0.5031201267368086,0.3293012392410548,0.7419280075295829,0.9996811443482657
CD46,3.8685378922301563,-0.8028587824918273,0.7564512300045678,-1.061349034341552,0.28853130942176863,0.9996811443482657
CD44,7.760378846504252,-0.25070138951292337,0.518331858731215,-0.48366965157533665,0.6286203346327446,0.9996811443482657
DGKA,0.9348945816108591,-1.4270631092147557,1.4037668388578508,-1.016595541162562,0.3093458762142912,0.9996811443482657
DHX9,5.414626992416181,-0.47442605932486187,0.6321960667907548,-0.7504413333876184,0.45298894474193496,0.9996811443482657
DHX36,4.113377357370495,-0.3979323492555771,0.6920704043988596,-0.5749882479098724,0.5652992450763403,0.9996811443482657
DHX29,0.8213693472294339,-0.44147413311341654,1.4524582381141926,-0.3039496224597872,0.7611662718192131,0.9996811443482657
DHX15,4.675476538349449,0.07410514492343967,0.8013784644433468,0.09247209428682933,0.9263229617371267,0.9996811443482657
DHTKD1,4.269580651526177,-0.20230570526411595,0.7470810399476505,-0.2707948595219227,0.7865488137237227,0.9996811443482657
DHRS7,2.4267719046415213,0.06013902539206666,0.988138270597564,0.06086094141025259,0.9514699559927096,0.9996811443482657
DGUOK,1.1308203966027728,-0.2268263579363545,1.2123476394923265,-0.18709679513323307,0.8515847409046724,0.9996811443482657
DGLUCY,0.7123321885810703,0.7954445214472761,1.6835881989655632,0.47246976543077224,0.6365915175643506,0.9996811443482657
DGKZ,1.513323383726551,-0.08798406342025716,1.122305580507329,-0.07839581745685048,0.9375132004792669,0.9996811443482657
DIAPH1,6.872419482071409,-0.4979967566653408,0.6239218703380326,-0.7981716627364461,0.4247708793842334,0.9996811443482657
DGAT2,2.2576578613813605,0.14947650438147275,1.219035452888239,0.12261866874119266,0.9024090704866109,0.9996811443482657
DESI2,3.264599544243631,0.3448874858887436,0.8415281490993475,0.40983475865645413,0.6819271666396588,0.9996811443482657
DESI1,1.6143644267139134,-0.4989076521858012,1.116726604240282,-0.4467589921216322,0.6550490829205703,0.9996811443482657
DERL1,2.2183421317734258,-0.48924353712760255,1.0038206591787153,-0.48738141883619074,0.6259880588206684,0.9996811443482657
DERA,0.9606891603341841,-2.108038811063634,1.523508775949067,-1.3836735595765997,0.16645843312227593,0.9996811443482657
DENR,3.2628543061060493,0.3607684911499663,0.8969989716044507,0.4021949885903037,0.6875405300833188,0.9996811443482657
DENND5A,1.428236209345277,0.755877395187523,1.2357137842599677,0.6116929379728457,0.5407409351407393,0.9996811443482657
DENND4B,1.935089514560432,-0.06645823251360028,1.117340910547453,-0.059478921684733066,0.9525706538079269,0.9996811443482657
DENND4A,1.7720401320837424,0.34522558690764626,1.0531220087318587,0.32781157742905565,0.7430541330864953,0.9996811443482657
DNAJA4,4.617849027899421,-0.04554860325909693,0.8584164474364679,-0.05306119587424147,0.9576831490806569,0.9996811443482657
DNAJC13,1.495200043330284,-1.292366886565364,1.212444980540899,-1.0659179651919628,0.2864607271082116,0.9996811443482657
DNAJC10,2.181464982632721,0.16463394646686677,0.960845053848691,0.17134286720571754,0.8639541756643784,0.9996811443482657
DNAJC1,1.3087474604066704,-1.5940846579078118,1.219578250682557,-1.3070786208393401,0.19118601132424984,0.9996811443482657
DNAJB9,6.916327319150188,0.3327610988947628,0.5689312625777176,0.5848880537643275,0.558622991728794,0.9996811443482657
DNAJB6,7.020739382138965,0.6090691336765439,0.5779993123793842,1.0537540800338638,0.29199552216337965,0.9996811443482657
DNAJB14,0.9352520191163828,-0.7211232832525126,1.5927170596445708,-0.4527629555330046,0.6507194411694769,0.9996811443482657
DNAJB12,0.8684983103136554,-0.8853717471836743,1.4822937629213224,-0.5972984366059619,0.5503081480872967,0.9996811443482657
DNAJB11,1.58907484739502,-3.0940393650310942,1.344856697109664,-2.300646137005329,0.021411640938337993,0.9996811443482657
DNAJB1,21.24608386485594,0.19872763816878844,0.4558170125681405,0.4359811781686856,0.6628503856143733,0.9996811443482657
DENND1C,1.1390141847796853,-0.07237409047248625,1.3549678466418205,-0.05341388037499166,0.9574021460607822,0.9996811443482657
DNAJA2,2.3016125930690983,-0.31114277743200636,0.904242442084067,-0.34409220685869946,0.7307769435009277,0.9996811443482657
DNAJA1,21.959288879694327,0.21184235580580396,0.3021457653996308,0.7011263438546369,0.4832241712228287,0.9996811443482657
DLST,1.0853731907903086,-0.7902469892545035,1.2936002603706902,-0.6108896337327984,0.5412726480151476,0.9996811443482657
DLGAP4,1.9487444822792659,-0.7761961822360617,1.0583682747621348,-0.733389502260458,0.46332090008117877,0.9996811443482657
DLG1,1.5865579444175721,-0.6519963650568776,1.1055718401521804,-0.5897367691339997,0.5553671401311734,0.9996811443482657
DKC1,1.5562624328452337,-1.4097753953605328,1.1420715391734775,-1.2344020028559628,0.21705314307863532,0.9996811443482657
DIS3,2.0085861918618626,-0.11008985914388031,1.0619071513714409,-0.10367183138535278,0.9174297814694974,0.9996811443482657
DIMT1,2.7788400527987536,-0.8269312413682907,0.9226365429988664,-0.8962697691124365,0.3701087008743643,0.9996811443482657
DICER1,1.3348377441896693,0.0055012203665039,1.3335004995231041,0.004125398054572372,0.9967084179216159,0.9996811443482657
DDA1,0.8759662770672936,-0.4351808421244627,1.5402326997515556,-0.28254226922637,0.7775277400839959,0.9996811443482657
DDX23,0.836039014755785,-0.42228293118596893,1.394097692840671,-0.302907703925331,0.7619602001286718,0.9996811443482657
DDX21,11.879211802932138,-0.11123821812550448,0.42849707370908063,-0.2596008816644274,0.7951716561713741,0.9996811443482657
DDX19A,0.6974825186004167,0.6538878652153449,1.8413950989568673,0.35510459737063826,0.7225112326117109,0.9996811443482657
DDX18,3.377223503572505,0.03655826110451857,0.8619190814253169,0.04241495738099197,0.9661679048138059,0.9996811443482657
DDX17,12.43254762187904,-0.024705280337637144,0.39514596637144783,-0.06252190947183683,0.9501472148338435,0.9996811443482657
DDOST,1.540017356432422,-1.0680323044861106,1.1172043109857757,-0.9559865585764902,0.33907902542078583,0.9996811443482657
DDI2,1.2318796804130896,-1.3914019271489093,1.3385503664460132,-1.039484177829798,0.29857961283322487,0.9996811443482657
DDB1,3.1880793357565325,-0.29503383090438734,0.7467704761225916,-0.39507966682918766,0.6927840943308416,0.9996811443482657
DDAH2,3.1435659651681997,-0.9991997857451104,0.7833742361678925,-1.2755075921733048,0.20212963863393252,0.9996811443482657
DDX24,4.992100535749829,-0.5945107224024592,0.5874266549558609,-1.0120594926819086,0.3115096087813293,0.9996811443482657
DCXR,1.7863014192961413,-1.8381682329893885,1.172810911287858,-1.5673184955031711,0.11704026430388166,0.9996811443482657
DCUN1D1,1.5026890378456959,-0.4193957454422225,1.1119273641593637,-0.3771790846781552,0.7060405224260762,0.9996811443482657
DCTPP1,1.4303450361064165,-0.44598696014110106,1.225527128276841,-0.36391439230576916,0.7159219369935391,0.9996811443482657
DCTN5,0.7945704883709402,-1.2442241233545723,1.5378062905130647,-0.8090902807657632,0.4184632183811283,0.9996811443482657
DCTN4,1.2358001934583482,0.44095498891224977,1.401911457384067,0.31453840154431806,0.7531121550840041,0.9996811443482657
DCTN3,1.4514641715134298,0.7976584166853996,1.2129578548497797,0.6576142884900043,0.510786010776001,0.9996811443482657
DCTN2,1.152773742222681,-0.15223439715755813,1.4003995342276667,-0.10870783189849946,0.9134342297169528,0.9996811443482657
DCTD,2.4952731402079156,-1.2190330912617584,0.9566213706300193,-1.274310953830059,0.2025532359939327,0.9996811443482657
DCP2,3.4690904440597157,-0.4648092624452171,0.7179059000202085,-0.6474515147906335,0.5173397646057751,0.9996811443482657
DDX50,0.9359694292226821,-2.0743499512581565,1.5253840658212294,-1.3598869935365276,0.17386568749024245,0.9996811443482657
DENND1B,6.190902797593864,0.44064518585632334,0.5561142330087385,0.7923645173983512,0.42814816251069043,0.9996811443482657
DEK,10.390863381397528,-0.2604306348727334,0.43156433558820084,-0.6034572678898021,0.5462045347526144,0.9996811443482657
DEGS1,1.7028856905256604,-2.030236303812587,1.1350367924453768,-1.7886964698638095,0.07366371179751996,0.9996811443482657
DEF8,1.2327888550036497,-0.919476792975133,1.3877849079288753,-0.6625499295473363,0.5076188471128534,0.9996811443482657
DEF6,2.036478944672008,0.22652090933577887,1.0151662523772071,0.22313676090525722,0.8234290684582332,0.9996811443482657
DEDD2,8.291182414763492,0.036186644395807537,0.5444261705005548,0.06646749615753576,0.9470056347726099,0.9996811443482657
DEDD,0.6999211952343546,0.032107157202539316,1.7706271541928895,0.01813321179815229,0.9855325831195141,0.9996811443482657
DECR1,3.3819071920121306,-0.48100242521390646,0.7223357897911731,-0.6658986471554512,0.5054758852876002,0.9996811443482657
DDX6,2.6310753066395565,-0.22885619566205048,0.9192846092367699,-0.248950317847763,0.8033992122473508,0.9996811443482657
DNAJC15,4.273287439523157,-0.2852487713349539,0.7023172674289934,-0.4061537207808913,0.6846296558302699,0.9996811443482657
DDX5,19.919364019850807,0.5291649268083599,0.3200902314681283,1.653174245216069,0.09829540646085232,0.9996811443482657
DDX46,3.841692279524043,0.11053646416507558,0.7160061122112457,0.1543792186685463,0.8773107383206546,0.9996811443482657
DDX42,2.143840958986321,-0.7403540083450136,0.9177382540396729,-0.8067158637946553,0.41983020230862667,0.9996811443482657
DDX3Y,4.676640183901146,-1.671686181505602,2.2542421208311136,-0.7415734831932207,0.4583457944777066,0.9996811443482657
DDX3X,16.784948691570705,0.5356791217450928,0.3828047470748249,1.3993533931813713,0.16170703572247802,0.9996811443482657
DDX39B,0.9974264064428364,0.5247551163405391,1.4284310711411115,0.3673646750916269,0.7133470174769128,0.9996811443482657
DDX39A,1.0743179115771933,-1.297062179807307,1.3667998100042125,-0.948977436427438,0.34263208805163214,0.9996811443482657
DDX27,2.3921847579307767,-0.2333856934141267,0.9309292919152931,-0.25070184754199665,0.802044632158438,0.9996811443482657
DUSP4,22.524720622316856,0.41034624495847427,0.3178631809697609,1.2909524270994808,0.19672017424322163,0.9996811443482657
DYNC1LI2,1.1163114445197417,-2.416716664816014,1.4368081549067913,-1.6820037223221296,0.09256811811531068,0.9996811443482657
DYNC1LI1,2.792355537014133,-1.2576982848049325,0.9095844562080473,-1.3827174334620136,0.16675152426111817,0.9996811443482657
DYNC1I2,2.641478258905205,0.04267467649168288,0.8821533686186733,0.048375575052788555,0.9614169247934009,0.9996811443482657
DYNC1H1,2.3768090354632703,0.061837113709168036,0.8804691931147303,0.070232001520024,0.9440090036745712,0.9996811443482657
DYM,2.069181052177841,0.2952632498673943,0.9758533124014441,0.3025692961381573,0.7622181163948457,0.9996811443482657
DVL3,1.6244399638598148,0.5621274751806589,1.1868821900541309,0.47361690982575244,0.635773114790801,0.9996811443482657
DUT,3.047731453949347,-0.9504613376517778,0.7883232036178494,-1.2056746944525145,0.22794294600148457,0.9996811443482657
DUSP8,0.6420278053329012,-0.9491625371216298,1.9503063183240759,-0.4866735692766754,0.6264896785523367,0.9996811443482657
DUSP5,10.077804106683404,0.3432889241196516,0.464061533857876,0.7397487166535713,0.45945248185402576,0.9996811443482657
DYNLL1,9.107267080386912,0.2740632256250052,0.46773895732716125,0.5859320061581078,0.5579212079609985,0.9996811443482657
DUSP3,2.548725590450094,-0.5159428792047225,0.8787928155072976,-0.5871041161242151,0.5571337833096828,0.9996811443482657
DUSP23,1.5438771240967017,-1.1713402028432145,1.1758467561781256,-0.9961673974000158,0.3191688173799383,0.9996811443482657
DUSP2,16.182710480283408,-0.21604483202203345,0.3580120210842609,-0.6034569212724442,0.5462047652754372,0.9996811443482657
DUSP16,1.8094244538240103,0.5362370081182214,1.1294066432880248,0.47479533727292644,0.6349328567505197,0.9996811443482657
DUSP10,2.753049789898485,0.483514631650214,0.8454958462426537,0.5718710905546511,0.5674093107358636,0.9996811443482657
DUSP1,20.832034489933775,0.17456861080770936,0.3301000851243136,0.528835400760251,0.5969196377845452,0.9996811443482657
DTD2,0.7429722805429806,0.7877884884704783,1.6973326121456083,0.4641332422610028,0.6425522864520176,0.9996811443482657
DSTN,4.863745557463068,-0.21540331316575156,0.6411179600158986,-0.3359807813844584,0.7368853591461899,0.9996811443482657
DST,4.349744573206797,0.2662235573834699,0.6908005691759177,0.3853841025363631,0.6999528590604899,0.9996811443482657
EBLN3P,2.172600330256927,0.15218845500669845,0.9492784702121767,0.16032013764378567,0.8726288965015548,0.9996811443482657
EDF1,4.328100664502928,0.14066907274058424,0.7875450308907208,0.1786171802537897,0.8582383035421932,0.9996811443482657
EDEM3,0.7240618980565559,1.954531290478552,1.8787780785951527,1.0403204682588394,0.29819103783962264,0.9996811443482657
EDEM1,12.108308771799457,0.17573098944728352,0.4114612198777074,0.4270900414369876,0.6693137461114436,0.9996811443482657
ECHS1,2.3893767544759883,-0.5114396103580433,0.9702052342504544,-0.5271457958615974,0.5980923465293462,0.9996811443482657
ECHDC1,2.723251403513217,-0.8656026667762285,0.8576374166498554,-1.0092874330943808,0.31283680526074753,0.9996811443482657
ECH1,2.880796749169672,-1.8131405306980577,0.8963513980733661,-2.0228010293677845,0.04309366551986246,0.9996811443482657
ECE1,1.2804231215899462,-0.018603820977338818,1.2066841762762275,-0.015417307480362727,0.9876992556950929,0.9996811443482657
EBPL,1.1830017358831357,-0.05485408467162529,1.4446962288544116,-0.03796928625966059,0.9697121703760677,0.9996811443482657
EBNA1BP2,1.0072742858713783,-1.6092579987179472,1.3735135784192947,-1.1716360318548569,0.24134321532718406,0.9996811443482657
DSE,7.543773214764984,-0.05606917831874265,0.5212589794667892,-0.10756491595808561,0.9143408284799159,0.9996811443482657
EAPP,0.8598391516043786,-1.3653306717500568,1.6666869417473011,-0.819188437583058,0.41267891068929086,0.9996811443482657
E2F4,2.6234420756175725,0.5599956469465731,0.8595390868047733,0.6515069012489999,0.5147193236233397,0.9996811443482657
E2F3,0.6648824260053603,-0.8776965222729862,1.7424066264313258,-0.5037265750478821,0.6144535309045933,0.9996811443482657
DYSF,4.4234687590013895,-0.7925520940251596,0.6906872080649619,-1.1474833828841042,0.25118189701232274,0.9996811443482657
DYRK2,1.1438045001227248,-1.2104455798892473,1.3685918170378009,-0.884446015839224,0.3764554919900016,0.9996811443482657
DYRK1A,1.7884882647194682,-1.331445148201486,1.005942039833999,-1.3235803808549462,0.18564244449364553,0.9996811443482657
DYNLT1,1.1851978470382782,-0.1911887421217478,1.3889442904610427,-0.13765040357254724,0.8905167183603556,0.9996811443482657
DYNLRB1,3.576815390281787,-0.4801691638750038,0.8628637593703427,-0.5564831743836333,0.577880593551399,0.9996811443482657
DYNLL2,2.4929103928028367,-0.25410557234882725,0.9095541403530085,-0.27937377345146924,0.7799579958699001,0.9996811443482657
DNM1L,2.1659364189392565,0.7646221674565054,0.9790175081604713,0.7810096970514808,0.43479679140091654,0.9996811443482657
DOCK5,2.2998002430819984,-0.18312824776830308,0.9179705687992704,-0.19949250443599692,0.8418775061132395,0.9996811443482657
DOCK2,5.407453413685256,0.1265603587300159,0.580696846789551,0.2179456620605387,0.8274714490119028,0.9996811443482657
DOCK11,3.064670671349341,-0.5660713603338587,0.75716417713544,-0.7476203674551298,0.454689175955713,0.9996811443482657
DOCK10,5.170118923684342,-0.8068420157392638,0.5974807822993997,-1.350406640083283,0.17688558209517236,0.9996811443482657
DNTTIP2,5.165222545333465,0.156975026856314,0.7223978415614302,0.21729719806058614,0.8279767405554629,0.9996811443482657
DNTTIP1,1.3460883954381955,-2.302094377054448,1.3309755263935854,-1.729629381910732,0.08369651303068,0.9996811443482657
DNPH1,1.2836529965438996,-0.5210515559225312,1.4993124363647499,-0.34752700190087044,0.7281954365195353,0.9996811443482657
DNMT1,2.883551546494152,-0.5042149699229456,0.8755814305950892,-0.5758630234771605,0.5647077705277821,0.9996811443482657
DNM2,3.0412913405476387,0.3011476819388213,0.8010891484782418,0.3759228077310558,0.7069742839756394,0.9996811443482657
DOCK7,0.7432431511062391,0.18582429954733426,1.8589951148010455,0.0999595416189255,0.9203764456257784,0.9996811443482657
DNASE1L3,5.467600594665894,0.3040633201232467,0.7410631243381828,0.41030690927280306,0.681580824325827,0.9996811443482657
DNAJC8,4.887409634929962,-0.9643983117277926,0.6349289124048452,-1.5189075389165303,0.12878577112517747,0.9996811443482657
DNAJC7,0.7420041266428807,-2.478072545262383,1.7991291332546278,-1.3773733632891292,0.1683968438432757,0.9996811443482657
DNAJC5,1.223579918666744,0.9016677369726567,1.3423993219465027,0.671683695180375,0.5017850834908466,0.9996811443482657
DNAJC4,1.0955971233631918,-0.7542605313519299,1.344298152105141,-0.5610812825791472,0.5747421273518358,0.9996811443482657
DNAJC3,2.1972189819504484,0.28541945173026506,1.0148786586226008,0.28123505140766086,0.7785301219658186,0.9996811443482657
DNAJC21,2.4456989406188043,-0.3391064656369152,0.8743527343258656,-0.387837142064146,0.6981365573133929,0.9996811443482657
DNAJC2,1.0794145923234086,2.5652510925719905,1.7400676793409013,1.4742248954038673,0.14042104898593785,0.9996811443482657
DNAJC19,1.0116377723961891,-0.533051843019787,1.4014502249358145,-0.38035731382768195,0.7036801963367463,0.9996811443482657
DPP3,0.6731223363758609,-0.8873741800224881,1.6310191502529992,-0.5440611656122132,0.5863993828912166,0.9996811443482657
DRG1,0.6798141290641655,-1.6083221049717027,1.668170309426097,-0.9641234446409828,0.33498403987421355,0.9996811443482657
DRAP1,2.6713276792869785,-0.5892097492259766,0.9164240669640143,-0.6429444298401574,0.5202601585910556,0.9996811443482657
DRAM2,0.7676035486813003,0.8756061156502117,1.6011350224945173,0.5468658816081889,0.584470877153362,0.9996811443482657
DR1,2.484090359057041,0.30080550177355,0.8986645281165695,0.3347250195843173,0.7378325262035739,0.9996811443482657
DPYSL2,10.412077961474402,-0.19193158950504194,0.43219139199982143,-0.44408933879257184,0.6569779941046678,0.9996811443482657
DPY30,2.1982982011426344,0.8007752478079022,0.9472471298910722,0.845370994050926,0.3979037341468935,0.9996811443482657
DPP9,0.9467617374105476,-0.12496517780242526,1.3835750044875976,-0.09032049393571236,0.928032534904088,0.9996811443482657
DPP7,1.1237516963552858,-0.06655705198203787,1.4449638778824307,-0.046061395029179594,0.9632613156341774,0.9996811443482657
DPP4,2.939470684716823,-0.47756862702503633,0.7740059910005844,-0.6170089541654151,0.5372288196541422,0.9996811443482657
DCP1A,1.9315151149742142,0.219653983779553,0.9923211026980675,0.22135373638868072,0.8248170119303699,0.9996811443482657
DPM2,0.8133218404075289,0.2793103835954511,1.5523348501035044,0.17992921023246214,0.8572081429771055,0.9996811443482657
DPM1,1.2262894658639405,0.17213554062243672,1.30291530632576,0.13211567919012437,0.8948927944209881,0.9996811443482657
DPH5,0.7644990684524728,2.033035806376945,1.997038386514525,1.0180254020681332,0.3086658843715069,0.9996811443482657
DPH3,1.1869585905139686,0.4099689774927285,1.314238057409585,0.3119442289632013,0.7550829085668761,0.9996811443482657
DPH1,1.3760766948617007,0.12333323103481394,1.2233077686702878,0.10081946194854531,0.919693777158024,0.9996811443482657
DPAGT1,0.7247114938225105,-2.472846759423991,1.8063482612310078,-1.368975635816081,0.1710068909685507,0.9996811443482657
DOT1L,0.8038146788766096,0.23705613382801216,1.5535146239938655,0.152593435663048,0.8787189019554645,0.9996811443482657
DOCK8,5.2772967127650645,-0.49894541109030666,0.5964549656667815,-0.8365181611532596,0.4028634641733052,0.9996811443482657
CS,7.855130405307181,0.021835075570399372,0.5136564016279793,0.04250910823109655,0.9660928509965824,0.9996811443482657
CSNK1D,5.198446762015125,-0.042182541935062406,0.6620756903620109,-0.06371256723230204,0.9491990978750303,0.9996811443482657
CSNK1A1,3.235918799580886,-0.376724148844425,0.7845351626380557,-0.48018771724349874,0.63109391987412,0.9996811443482657
CSK,4.486850913386936,-0.9603580847187743,0.7247802433379571,-1.3250334753826476,0.18516004865833158,0.9996811443482657
CSGALNACT2,1.7896768335147182,-0.4089843834915708,1.1081416670570994,-0.36907229070964714,0.7120738420209525,0.9996811443482657
CSF3R,1.3727686642824573,0.702476396487731,1.3801617405480824,0.5089812127445058,0.6107653929314183,0.9996811443482657
CSF2RB,3.702003107290613,-0.3416551503760793,0.7636079357729993,-0.447422210234395,0.6545702424263653,0.9996811443482657
CSF2RA,4.968399837920366,-0.19572361357238638,0.6205006893454043,-0.31542851915098524,0.7524363160557581,0.9996811443482657
CSE1L,1.6905509228362643,-0.6351294610520657,1.075103812732173,-0.5907610535191055,0.5546805337210061,0.9996811443482657
CSDE1,11.541081358922847,0.29556394561002136,0.40670909281139994,0.7267207712690135,0.46739702644289105,0.9996811443482657
CSNK1E,1.7361779157525254,0.2932010927814966,1.12334324813924,0.2610075711650638,0.7940866686376447,0.9996811443482657
CRYBG3,1.6759316079519722,0.15261110686625,1.1368186434702634,0.13424402189639317,0.8932096164929905,0.9996811443482657
CRYBG1,6.8109282266803906,0.7539806125037058,0.6191651279595896,1.2177375282558147,0.22332373101113745,0.9996811443482657
CRTAP,4.545231150617005,-0.15274890427837462,0.6520998681953365,-0.23424158127972308,0.8147974356258839,0.9996811443482657
CRTAM,0.6717666222422605,-0.8176363741342639,1.761049261822346,-0.4642893256081708,0.6424404706682021,0.9996811443482657
CRNKL1,1.1032843611558607,-0.17917229137455984,3.4653368321938363,-0.05170414884637042,0.9587644313622937,0.9996811443482657
CRLS1,1.0891250254277474,-0.7335463762462046,1.3034669382215223,-0.5627656173980682,0.573594495793356,0.9996811443482657
CRLF3,1.4425181427752836,-1.307880525290679,1.2560079813989447,-1.0412995336494268,0.2977365530916747,0.9996811443482657
CRKL,1.644836653195183,0.6498465367899668,1.1370878986769213,0.5715007059226532,0.5676602819560661,0.9996811443482657
CRK,2.36786896133425,1.5068200623635828,1.0553764504346934,1.4277560028395049,0.1533621005930295,0.9996811443482657
CSTB,15.028110360850127,0.2108768148478273,0.3728187933212592,0.565628178153868,0.5716465683880241,0.9996811443482657
CTNNAL1,1.3913238060358086,-0.8924041565217012,1.366505478915259,-0.6530556739736583,0.5137203870798626,0.9996811443482657
CTNNA1,5.774030754596672,0.5510533699050684,0.5873519117404553,0.9381996702320654,0.34814180782589166,0.9996811443482657
CTDSPL2,1.4718333289733803,0.3489645808183033,1.213379840819357,0.2875971473060394,0.7736551287865753,0.9996811443482657
CTDSP2,2.6560891067152146,-0.3470895619413594,0.9490979434127194,-0.36570468237799775,0.7145854517832138,0.9996811443482657
CTDP1,1.271117413988933,0.07421826405532876,1.2424209933972654,0.05973680777269142,0.952365255704538,0.9996811443482657
CTCF,0.5950234314569307,-2.15396359279164,1.9100938816335744,-1.1276742015159487,0.2594575368238853,0.9996811443482657
CTBP1,2.671245190187168,-0.8687642042279552,0.9338290460980815,-0.9303246754403349,0.35220300555929984,0.9996811443482657
CTAGE5,2.124738172951301,-0.7261912298027267,0.9221788093728577,-0.7874733429372385,0.43100482723828026,0.9996811443482657
CSTF2T,1.008894080385868,2.4077651904634245,1.915004778340953,1.2573155000424439,0.20863941349826065,0.9996811443482657
CRIPT,0.9190654659914522,0.35314534876900017,1.5971844866120206,0.22110492039532584,0.8250107391485635,0.9996811443482657
CST7,7.222729813752104,-0.6542404550776706,0.5547812501683923,-1.17927643531408,0.23828811843576236,0.9996811443482657
CST3,39.99343260666579,0.2187063775152703,0.22641383148169827,0.9659585551112808,0.3340649200195045,0.9996811443482657
CSRP1,6.330509409890689,-0.5024582722943627,0.6099480595904826,-0.8237722284610787,0.4100689902122516,0.9996811443482657
CSRNP1,8.910318663358918,-0.09511351554770288,0.4775397490753975,-0.19917402840676549,0.8421266147213421,0.9996811443482657
CSPP1,0.9819380087210521,-0.0351725742160154,1.6437230168992985,-0.021398115043959515,0.9829280771995038,0.9996811443482657
CSNK2B,5.349616742894401,-0.3803655987194461,0.5990776445152078,-0.6349186991066069,0.5254814408182018,0.9996811443482657
CSNK2A2,1.908840281405552,0.7087852261947074,1.0093802953756956,0.7021983978109009,0.48255544465795086,0.9996811443482657
CSNK2A1,2.7714972585603945,-1.4483192048834928,0.8756336265378908,-1.6540241957243067,0.09812259664995604,0.9996811443482657
CSNK1G2,3.220598137363822,-0.4989068819322964,0.9078846592247313,-0.5495267233156327,0.5826440304784448,0.9996811443482657
COX6B1,7.846960765984873,-0.3262966934947163,0.5244123392994472,-0.622213988958784,0.5338011687782988,0.9996811443482657
CPNE1,4.738966992105579,0.8919665400537717,0.7180614060702963,1.2421869947518813,0.2141675769119309,0.9996811443482657
CPM,1.4298401639873541,1.8984313807381132,1.641037600698123,1.1568481916139464,0.24733438866942326,0.9996811443482657
CPEB4,1.4807356922257875,-0.48142371502925085,1.085864490132923,-0.4433552431301246,0.6575088036281271,0.9996811443482657
COX8A,7.0354619916652545,-0.30824180652014727,0.5273268758716917,-0.5845365002696129,0.5588594156121823,0.9996811443482657
COX7C,15.383251068128942,-0.017608489198557436,0.3514725012792125,-0.050099194487392106,0.9600433416397834,0.9996811443482657
COX7B,3.547099735162163,0.18967872453013515,0.7479737809342553,0.25359007142364975,0.7998122678120884,0.9996811443482657
COX7A2L,4.764719705335214,-0.4993875271446396,0.6140328164494959,-0.8132912667961846,0.41605108294793003,0.9996811443482657
COX7A2,4.41685045809834,-0.5650421802252216,0.6571700906615335,-0.859811163433241,0.3898931445628848,0.9996811443482657
COX6C,13.115538226380881,-0.07703032424014643,0.37110119442348466,-0.20757228863090843,0.8355629435411522,0.9996811443482657
CPNE2,0.9430099027731087,-0.19234458529037443,1.3831423002438945,-0.13906348266296073,0.8893999843988039,0.9996811443482657
COX6A1P2,0.633971248129686,0.5840558427967991,1.678061131306792,0.348053972468789,0.7277996502966354,0.9996811443482657
COX6A1,5.382376296640305,-0.7509710323004614,0.6355270123443247,-1.1816508467992384,0.23734426921850882,0.9996811443482657
COX5B,3.8978882944911737,0.41713611365806486,0.6989822308882933,0.5967764203790308,0.5506566628074849,0.9996811443482657
COX5A,8.819243298825981,0.037978898083006966,0.45656773168933323,0.08318349162014216,0.9337056390212033,0.9996811443482657
COX4I1,11.74381425734855,-0.15928710659238365,0.4066768458135488,-0.3916798023593721,0.6952948154277072,0.9996811443482657
COX17P1,1.154165879019811,-0.595221771278045,1.433159236035638,-0.41532144950238015,0.6779066011008008,0.9996811443482657
COX17,6.317329007331097,0.18595276547359313,0.5943973266639921,0.3128425333223457,0.7544002992089576,0.9996811443482657
COX15,1.60045143787859,-1.2245442387201566,1.0928091836884888,-1.1205471705380725,0.26248066321012287,0.9996811443482657
COX14,1.3534841097216956,-0.3360312771839687,1.213037084942272,-0.27701649137953627,0.7817674432048026,0.9996811443482657
CPT1A,4.336243036198289,-0.3454302919635149,0.6833523284971474,-0.5054936927239237,0.6132121273425142,0.9996811443482657
CREM,12.698242958734792,0.2787484094433935,0.3854617384681834,0.723154548493279,0.46958493935274037,0.9996811443482657
CRELD2,1.5521192312396526,-1.281671939681563,1.1686111311875675,-1.0967480160651053,0.272751560234186,0.9996811443482657
CREG1,4.330887158853637,-0.8312063911315699,0.7076935975315498,-1.1745286293825963,0.24018335151115644,0.9996811443482657
CREBRF,1.153684067656542,-0.5564124313630684,1.3602921832007002,-0.4090389096068004,0.6825111070243238,0.9996811443482657
CREBL2,1.5658119351557471,-1.526854687327622,1.1752912336770984,-1.2991287976773191,0.19389973171606112,0.9996811443482657
CREBBP,4.07935191865798,-0.34886420136644825,0.6794444558372724,-0.5134550710794255,0.6076330312980102,0.9996811443482657
CREB1,1.551311161387721,-0.3159149872616613,1.0588645029405481,-0.298352609218971,0.7654340551611458,0.9996811443482657
CRAT,0.87406123365854,-1.5670518453557858,1.6183391367749238,-0.9683086874353513,0.33289022736063256,0.9996811443482657
CPVL,32.44551252094681,0.22779312597773327,0.24562902116291888,0.9273868572176756,0.3537257119707047,0.9996811443482657
CTNNB1,7.193337013056817,0.9264006343426673,0.5670053386075761,1.6338481690801652,0.10229073516738764,0.9996811443482657
CPSF7,1.3357387228137598,-0.6204210982821868,1.3586426103720708,-0.4566477553006243,0.6479242482954004,0.9996811443482657
CPSF6,1.447280231421263,-0.888870746919436,1.1073038822145553,-0.8027342459431611,0.4221283545796588,0.9996811443482657
CPSF4,1.0808489888221777,0.22955030339054644,1.419724169520106,0.16168655033050458,0.8715526964543078,0.9996811443482657
CPSF3,1.5405895945393535,0.8784969301127489,1.193936527409473,0.735798687740005,0.4618532199547831,0.9996811443482657
CPSF2,1.1096196518314372,-1.8054946085936752,1.313608446034273,-1.3744541716707024,0.16930072838295473,0.9996811443482657
CPQ,1.4939124399654886,0.6012219043829289,1.2614765419711695,0.476601731684575,0.6336457500712211,0.9996811443482657
CPPED1,4.050514992029309,0.21901234791659785,0.7510813303763165,0.2915960483358912,0.7705954971667646,0.9996811443482657
CPNE3,20.97764497347132,0.1337112289610634,0.31323988055216734,0.42686527885709297,0.6694774563994514,0.9996811443482657
CYTH1,2.510097267404279,0.7322297275692268,0.9216212954128761,0.7945017451459778,0.4269033934066282,0.9996811443482657
DAP,2.779337288681056,-0.25878067670990024,0.9221396327840816,-0.2806306848872784,0.7789936782593869,0.9996811443482657
DANCR,1.5768075783435227,0.39124316874338555,1.175839684310867,0.33273512874562006,0.7393342301112205,0.9996811443482657
DAD1,4.715603235063076,-0.23338587877928826,0.6556870006616469,-0.3559409879161567,0.721884759373201,0.9996811443482657
DAAM1,1.6654963919432042,1.372995321497169,1.2207589346466567,1.1247063466257377,0.26071349141244915,0.9996811443482657
CYYR1,2.485548032344111,0.40012523665667005,0.8864600978728753,0.4513742215998208,0.6517198593285569,0.9996811443482657
CYTOR,0.9743334753786993,-0.5326628040420276,1.4331598976711812,-0.3716701848185817,0.7101384263187842,0.9996811443482657
CYTIP,6.38636038089598,0.4107554521624056,0.5549406373634828,0.7401790831428394,0.4591913377171133,0.9996811443482657
CYTH4,4.2241843101347385,-0.031721316560912295,0.7361121977845302,-0.043093045674808324,0.9656273628990226,0.9996811443482657
CYTH2,1.4067337367429298,0.5087467324984946,1.21147242084146,0.41994082881815104,0.6745286802816517,0.9996811443482657
DAP3,2.005473812095026,-0.19487691538077695,1.0358933775697157,-0.1881244919607199,0.8507790620532533,0.9996811443482657
CYSTM1,2.1014208683333564,0.050008855140368284,1.0586441800988389,0.04723858694023073,0.9623230739039844,0.9996811443482657
CYP2S1,7.093489129177392,0.25157969047218787,0.5613151115646609,0.44819689562768367,0.654011102961304,0.9996811443482657
CYLD,6.5437394913862335,-0.2581863130674884,0.581166855083167,-0.4442550548250743,0.6568581921679058,0.9996811443482657
CYFIP2,2.9814835046703543,-0.0446224670533332,0.859694204063366,-0.051905045820274234,0.9586043537144505,0.9996811443482657
CYFIP1,1.1605004495530977,-2.0252535937585234,1.356350884956596,-1.4931634698814185,0.13539440175986847,0.9996811443482657
CYCS,9.074181692796953,-0.4740877170019759,0.47447251066918394,-0.9991890074586928,0.3177031399147957,0.9996811443482657
CYC1,2.340227642954315,0.027359775522035827,1.0702796481127956,0.02556320263613236,0.9796057365142807,0.9996811443482657
CYBA,1.4309801977840586,-0.4255634471933786,1.1373665388735268,-0.3741656120944671,0.708281106461041,0.9996811443482657
CYB5R4,1.3307902044925566,-2.1476903847645548,1.250886962073054,-1.7169340235230033,0.08599122746581496,0.9996811443482657
DBN1,3.4049191774149272,-1.3885421896970893,0.7715817829026196,-1.799604682828982,0.0719230811443347,0.9996811443482657
DCK,1.2200803389537458,-0.9540178601166174,1.2268485251765264,-0.7776166662297185,0.43679503283567034,0.9996811443482657
DCAF8,1.4809518209151593,-1.099252304573146,1.1418387476984089,-0.962703627625964,0.335696275719646,0.9996811443482657
DCAF7,5.557659827595301,-0.49685889687263807,0.5640767570103238,-0.8808356144756812,0.37840680028918305,0.9996811443482657
DCAF6,0.7756601058845156,-0.5245837648346671,1.5637434845162705,-0.33546663505168317,0.7372731093596265,0.9996811443482657
DCAF5,1.7108298765722412,0.1002586070944156,1.111667987811006,0.09018754537659718,0.9281381813425139,0.9996811443482657
DCAF13,1.0766867408767673,-0.07536899028454558,1.471433516661413,-0.05122147173563976,0.9591490423298555,0.9996811443482657
DCAF11,1.8320511837771398,-0.06711512827462737,1.0263453259127238,-0.06539234561714617,0.9478616183498539,0.9996811443482657
DCAF10,0.9294820174634367,0.534981262637732,1.5078108525644651,0.3548066136596927,0.7227344733486303,0.9996811443482657
DBNL,6.099896761206018,-0.18573976486912688,0.5774152728357665,-0.32167449253105673,0.7476993036028596,0.9996811443482657
CYB5R3,12.20959232881164,-0.1842243883296064,0.3931850056138538,-0.46854377888085785,0.6393957714409131,0.9996811443482657
DBI,8.71978777894588,0.09542811795374226,0.4951841295692317,0.1927123917253904,0.8471842181764051,0.9996811443482657
DBF4,1.265390098442007,-0.9272540634825959,1.1915653016197911,-0.7781814913728222,0.43646202655331934,0.9996811443482657
DAZAP2,10.86412739618874,0.06276610224309678,0.4222412065670539,0.1486498742114816,0.8818299162394118,0.9996811443482657
DAZAP1,2.5283560650336216,-0.4704064604937507,0.9131914290047687,-0.5151236044850068,0.6064666490754202,0.9996811443482657
DAXX,2.8555913837932456,0.7053977440307171,0.9020295394877421,0.7820118002247564,0.4342076387323699,0.9996811443482657
DARS,2.1979448033737228,0.1503682591960334,0.9612478295590555,0.15643027174897287,0.8756938774780288,0.9996811443482657
DAPP1,5.638789294553422,-0.29225461978857054,0.6362337608260442,-0.45935100867506035,0.6459821233798968,0.9996811443482657
DAPK2,0.7124027560577245,-1.6781197053127246,1.803719331875188,-0.9303663134597071,0.352181453940007,0.9996811443482657
DAPK1,1.6147297637574463,0.6484215517624656,1.1874863780545706,0.5460454652328379,0.5850346851219987,0.9996811443482657
CTSL,3.519160516038104,-1.110087714554989,0.8852776951690353,-1.253942938597395,0.20986274647363257,0.9996811443482657
CUL4B,0.7226383695826107,-0.7390653975417497,1.7413003013246067,-0.424433049818887,0.6712500219780473,0.9996811443482657
CUL4A,1.2618453421126297,-1.4292282818996742,1.313988741749701,-1.0877020757396452,0.2767266510875368,0.9996811443482657
CUL3,1.0465547055532418,-2.2822687763922134,1.4591409999058174,-1.5641180506472825,0.11778984764583211,0.9996811443482657
CUL2,1.162978027497243,2.6208956681307596,2.045191338922457,1.2814916718313611,0.20002102330035199,0.9996811443482657
CUL1,1.713930550066427,-1.8725970390752715,1.1273277035766212,-1.6610937823440055,0.09669461302897943,0.9996811443482657
CTTNBP2NL,2.379431361692954,0.7861870707528898,0.9407472474565172,0.835704885534867,0.40332094613934055,0.9996811443482657
CTSZ,11.559666518748903,0.2939778052993521,0.42297835383117577,0.6950185574193427,0.48704367189222864,0.9996811443482657
CTSS,13.899312504472448,-0.02557614160121505,0.39847139443613955,-0.0641856403203216,0.948822411181303,0.9996811443482657
CTSO,1.6718499234417348,-0.6577221517401183,1.1524974308855034,-0.5706929439615043,0.5682078026454933,0.9996811443482657
CUL5,1.5915043217236327,-0.04728642677911768,1.199578149914937,-0.03941921314794772,0.9685561619367153,0.9996811443482657
CTSH,9.156287217637296,0.6896009762543457,0.511209338756529,1.3489600521221667,0.1773497976878986,0.9996811443482657
CTSE,0.8892441042249752,1.0309255071286942,1.7086953900453925,0.603340720139303,0.5462820492156348,0.9996811443482657
CTSD,2.5496349803911595,-0.457525063988776,0.919513749098848,-0.49757283611818176,0.6187851537127166,0.9996811443482657
CTSC,4.416773062333474,0.6147823765618131,0.7333472859127533,0.8383236542515192,0.4018489544571118,0.9996811443482657
CTSB,13.280082407298996,0.049397461575124584,0.37742581260511493,0.13087992375022614,0.8958702965825864,0.9996811443482657
CTR9,1.0809988362406737,1.570334852004607,1.520292153374239,1.0329165012917416,0.30164297582911825,0.9996811443482657
CTPS1,0.7513857634727532,0.07037135091926157,1.723372991765607,0.04083349991876434,0.9674286325484559,0.9996811443482657
CTNND1,0.9903479255873363,-1.0109544682458516,1.5437969151610444,-0.6548493900445396,0.5125647276699616,0.9996811443482657
CTNNBL1,2.6760705300788206,-1.6391497683998588,0.8704133992259804,-1.8831853575065378,0.05967525269024018,0.9996811443482657
CXCL17,1.7992661388190214,2.193710037033929,1.405357058126153,1.5609627634125485,0.11853253695163544,0.9996811443482657
CYB5B,3.839909628551091,-0.45922401991002204,0.702791141153078,-0.6534288681507391,0.5134798330362538,0.9996811443482657
CYB5A,1.1482138377333106,1.4755866204893695,1.6570787572979861,0.8904746464165918,0.37321107623464245,0.9996811443482657
CXXC1,1.2732621516346359,-1.817059835197643,1.3409817652070055,-1.3550220311289214,0.1754105379105768,0.9996811443482657
CXCR4,21.38186884713108,0.28853349553499974,0.3296737085498206,0.8752092995350167,0.3814600341639033,0.9996811443482657
CXCR3,1.980277437976752,-1.2650704407887787,1.030549393439462,-1.2275689538437375,0.21960882226468903,0.9996811443482657
CXCL9,3.051732441957962,-1.8014789065936032,3.1634905747577435,-0.5694592299303937,0.5690445311648982,0.9996811443482657
CXCL8,7.85091035083436,1.0535132224895316,0.561300917998153,1.8769134143710742,0.06052996202385688,0.9996811443482657
CXCL3,1.081680120111904,1.4275153165609316,1.524221520840649,0.9365537076091266,0.34898817373126345,0.9996811443482657
CXCL2,4.22483815061881,0.8907883165931688,0.8545845563172659,1.0423641639768437,0.29724287446200215,0.9996811443482657
CAND1,2.0304613415749206,-0.47067179370442236,1.0458500330023954,-0.4500375568696323,0.6526833602764274,0.9996811443482657
CXCL16,14.271802191681257,0.08157162143473573,0.3978584352361894,0.20502674873868282,0.8375512264553105,0.9996811443482657
CXCL14,1.557009092000424,2.6418446307401626,1.9443954120559044,1.3586972147536653,0.17424255506201358,0.9996811443482657
CWC27,1.2364265201051858,0.3539470300167865,1.310391011229957,0.27010795020988837,0.7870772059843174,0.9996811443482657
CWC25,2.5694015616656953,-0.26351836348481056,0.8764815274658557,-0.3006547830468409,0.7636777521578559,0.9996811443482657
CWC22,1.7812610458011116,-0.040534354531307604,1.1379524504765446,-0.03562042905600571,0.9715850186263382,0.9996811443482657
CWC15,2.264309665342647,-0.06650590441377609,0.9051551707218407,-0.07347458929140196,0.9414284642164421,0.9996811443482657
CUX1,5.572991308939224,-0.47011792745284275,0.5892857529886332,-0.7977758244936068,0.42500059296855686,0.9996811443482657
CUTA,3.779892490659866,-0.14415763193569292,0.7799520405300072,-0.18482884131918198,0.8533632854827022,0.9996811443482657
ALCAM,3.198541738314292,0.2782848978443062,0.841599658620011,0.33066184734510934,0.7408999240142713,0.9996811443482657
ALG5,1.4012449469381878,-0.2370919475728068,1.121809228801967,-0.21134783124044051,0.8326158618275082,0.9996811443482657
ALG3,1.1109753659650379,-1.8512237534743856,1.358807333963989,-1.3623886972069041,0.17307524887577574,0.9996811443482657
ALG2,0.880811790305879,0.261060081247327,1.4658501744253507,0.1780946551032536,0.8586486395426267,0.9996811443482657
ALG13,1.6316596901049765,0.12733403194732001,1.1263533627264384,0.11304980848913761,0.909991066821998,0.9996811443482657
ALDOA,11.548488780566526,-0.65531273708825,0.44579195036767155,-1.4699967923327777,0.14156262273757406,0.9996811443482657
ALDH9A1,1.4495852684656396,-0.040033943872951644,1.1854345364610614,-0.03377153494487096,0.9730593348160408,0.9996811443482657
ALDH3A2,2.1468806524847768,-0.20406487686191557,0.9702484621084558,-0.21032228839452147,0.8334161406950968,0.9996811443482657
ALDH2,10.296146889407616,0.13366311331543904,0.4225198919599294,0.3163475042451144,0.7517387578911968,0.9996811443482657
ALDH16A1,0.8478933134395216,-1.0633201096971936,1.6373268204962572,-0.6494244743238935,0.5160640489069421,0.9996811443482657
ALG8,1.4928648835579303,-0.02445607687454454,1.0959299191689533,-0.02231536565138184,0.9821963919172578,0.9996811443482657
ALAS1,1.0688933700493073,-0.7769956527764506,1.3837485127327709,-0.5615150770727539,0.5744464550586007,0.9996811443482657
ALAD,0.813768164600064,0.03539440262551858,1.733939422679956,0.020412710018907935,0.9837141448345297,0.9996811443482657
AL596087.1,1.215497157676075,-1.6113373598297014,1.3168590911338922,-1.223621700057708,0.22109496963470232,0.9996811443482657
AL591846.1,4.623932890043967,-0.3094450329462825,0.7165164477003864,-0.4318742911477141,0.6658327808951787,0.9996811443482657
AL590867.2,17.67071031738148,-0.31773621900325666,0.8673847987378835,-0.3663151803739114,0.7141299033641234,0.9996811443482657
AL450998.1,1.2991157096675003,-0.7079823912510345,1.2053241324586799,-0.5873792552438628,0.5569490230472495,0.9996811443482657
AL450405.1,8.184938155288869,0.047401111025539344,0.6117372533144506,0.077486062469983,0.9382368784749263,0.9996811443482657
AL445433.1,1.700108013295413,0.6900257709152476,1.1040918234190724,0.6249713622354574,0.5319898538587058,0.9996811443482657
AL445189.2,1.3558673731095818,-1.5967374358771529,1.309071937545123,-1.219747662509276,0.2225605473101515,0.9996811443482657
AMZ2,1.9971549229308962,0.26883494989655776,0.9652700557672096,0.2785074998342139,0.7806228086670995,0.9996811443482657
ANKLE2,1.2385441818971297,-0.9701311018832924,1.2400241183601275,-0.7823485749343685,0.43400974703225736,0.9996811443482657
ANKIB1,2.094212313951784,0.4077987744083763,0.9419429288022095,0.43293363317344513,0.6650629850989108,0.9996811443482657
ANGEL2,1.1492842395461569,-0.08297637363681831,1.3061464883059257,-0.06352761683296244,0.9493463686008663,0.9996811443482657
ANAPC7,0.7850994530750901,-2.666473000471351,1.7347907617579885,-1.5370574130618622,0.12427925052541433,0.9996811443482657
ANAPC5,3.247089914049403,-0.2193328359111257,0.791166173975472,-0.2772272666929331,0.7816056040325227,0.9996811443482657
ANAPC4,0.9045882020136966,1.147074925026984,1.625183437354052,0.7058125862361283,0.48030469389082886,0.9996811443482657
ANAPC16,1.162507748543781,-0.23402342162996626,1.2952630877011242,-0.18067636131383838,0.8566216143405435,0.9996811443482657
ANAPC11,1.8072152940386075,-2.3031145192157294,1.125789413068505,-2.045777382946115,0.04077827822662564,0.9996811443482657
AMZ2P1,1.525391993456145,0.9371588945404821,1.1832800385901074,0.7920009329804281,0.4283601322269526,0.9996811443482657
AL390728.4,0.77846642434582,0.8434343441688281,1.5947460995755796,0.5288831522417876,0.596886509989035,0.9996811443482657
AMPD2,1.0942875314231792,-0.7540561526550944,1.3683950141494343,-0.5510515201078834,0.5815983575056201,0.9996811443482657
AMMECR1L,0.7592261919865968,-0.007959950359175214,1.5352880349965174,-0.005184662537406715,0.9958632563415504,0.9996811443482657
AMFR,1.3610427362209658,-0.2504669157379331,1.1667940197216002,-0.21466249526861228,0.8300304653301697,0.9996811443482657
AMD1,5.119071685530386,-0.5037864418033383,0.6703949176307643,-0.7514771197606401,0.4523655655765808,0.9996811443482657
ALYREF,8.843965067116734,-0.07408488765354518,0.4933261517619354,-0.1501742556905768,0.8806271365205013,0.9996811443482657
ALOX5AP,1.3953464935850417,0.7532213850730519,1.482541452937069,0.5080609271200086,0.6114106158486379,0.9996811443482657
ALOX15,1.3824788643848263,0.561254719012127,1.3561150124696535,0.4138695566757369,0.6789696402863562,0.9996811443482657
ALKBH7,1.229229423914806,-0.4255661027115552,1.3065446689872682,-0.3257187548294242,0.7446371531076534,0.9996811443482657
ALKBH5,1.297794436775485,-1.2102857513907548,1.302904196406789,-0.9289138485611901,0.3529337354614325,0.9996811443482657
AK3,1.533964506835754,-0.7219461958070884,1.0977247058101058,-0.6576750910186557,0.5107469315212934,0.9996811443482657
AKR1A1,4.793660756643303,-0.7044147033233599,0.7291744609659624,-0.9660441239126746,0.33402210238236607,0.9996811443482657
AKNA,3.69818273817054,-0.8116672049358308,0.7240052484932309,-1.1210791725958316,0.262254163214658,0.9996811443482657
AKIRIN2,4.421840074502201,1.1344047752431055,0.793008829791777,1.4305071174818695,0.152571524508207,0.9996811443482657
AKIRIN1,3.302162310730086,0.06474702472504093,0.7515548999167718,0.08615075855697447,0.931346574082882,0.9996811443482657
AKAP9,3.4421775261016725,0.23128122835982895,0.808859900998658,0.2859348424545188,0.7749280268975901,0.9996811443482657
AKAP8,1.0727460687542214,-0.4157443137085834,1.4212536053350155,-0.2925194435025442,0.7698894959032674,0.9996811443482657
AKAP17A,1.632522957852454,0.4151466855028651,1.1162232959055813,0.37192082177971436,0.709951801885518,0.9996811443482657
AKAP13,5.842364028515718,0.8941300153065138,0.5906493891894893,1.5138084143851767,0.13007443788296827,0.9996811443482657
AKAP11,2.017900949844186,-0.43896223043784627,1.093689844134834,-0.4013589710025043,0.6881558522033464,0.9996811443482657
AKR1B1,1.5097639526377076,0.27744867572468573,1.1738509955683434,0.2363576610422803,0.8131551470806471,0.9996811443482657
AK2,4.462424234541,-0.6376213762549431,0.6324085762064268,-1.0082427725439556,0.31333792867737587,0.9996811443482657
AIP,2.110236586256096,-1.8736085044753805,1.0333637536705094,-1.8131161440686503,0.06981390968974165,0.9996811443482657
AIMP1,1.8582884953088636,-2.047291391761047,1.1138977579323455,-1.8379527000407099,0.06606937547940332,0.9996811443482657
AIM2,2.187655316659436,0.8258285680926677,1.036497386398166,0.7967493009918978,0.4255966450007367,0.9996811443482657
AIG1,1.854857460162913,-1.185244613968251,1.0139121388400094,-1.1689815799268948,0.2424110528625657,0.9996811443482657
AIFM1,1.2857321242908915,0.11369440561672436,1.2237689034811043,0.09290512717990457,0.9259789324671215,0.9996811443482657
AIF1,15.826815935938134,0.09738483176597705,0.38217363161088613,0.2548182912449867,0.7988634471491769,0.9996811443482657
AIDA,0.7584968044998339,-0.055439673946370276,1.6120671145053855,-0.03439042546524514,0.9725658183290808,0.9996811443482657
AHSA2,0.8131294368589332,-0.42689832081156365,1.5276698919012088,-0.27944408872278165,0.7799040401894258,0.9996811443482657
AL122020.1,1.27491357082791,0.816697538192572,1.5832042376022055,0.5158510309633056,0.605958457762469,0.9996811443482657
AL365361.1,1.0663879884306644,3.5755196497917825,2.451193679316262,1.4586850806457452,0.1446518042724387,0.9996811443482657
AL365357.1,1.1347441188059997,-0.31529166364845507,1.7723299191645054,-0.17789671112536812,0.8588040937908773,0.9996811443482657
AL358472.1,2.2731633686156623,0.8949093614359526,1.1031034496276744,0.8112651281600175,0.41721343139993183,0.9996811443482657
AL356535.1,1.2143567001655409,1.7703913808135416,1.4957397601029716,1.183622598019098,0.23656249085771242,0.9996811443482657
AL355032.1,2.676925856800627,0.49952441522660307,0.8562488876394164,0.5833869362490346,0.5596328501256456,0.9996811443482657
AL161909.1,5.84277418688289,-0.3907968350775203,0.6126937072886368,-0.6378339297900083,0.5235817902017192,0.9996811443482657
AL161787.1,4.602293016633565,0.33410072802122626,0.6418449450359276,0.5205318365520893,0.6026929442508463,0.9996811443482657
AL138785.1,0.8780513786876571,-0.4607943062287048,1.5400112912600612,-0.2992148881270057,0.7647760902966743,0.9996811443482657
AL136968.2,1.4255592223196611,0.2610554291998468,1.2144456021338865,0.21495851995441356,0.8297996588259097,0.9996811443482657
ANKMY2,0.9647837577176805,-0.07793302126320345,1.4753518225883129,-0.0528233469942648,0.9578726592556301,0.9996811443482657
AL109618.1,1.0020330975107776,-0.056474603133397194,1.399862356750471,-0.040342968621924255,0.9678196976389292,0.9996811443482657
AL049873.1,9.222126482882146,0.5765903629209046,0.4611374158120314,1.2503656028552108,0.21116602379513638,0.9996811443482657
AL035398.1,2.150071993393778,0.6633725805888698,1.0006497507857677,0.6629418336115623,0.5073678077708967,0.9996811443482657
AL033519.2,3.760440151696418,0.48355819898381125,0.7446762567427684,0.6493535876904499,0.5161098559326601,0.9996811443482657
AL031727.1,9.187594169492243,-0.1656424543276864,0.553878896335545,-0.2990589737640747,0.7648950487256395,0.9996811443482657
AL009174.1,1.5903286100443348,0.078645553048134,1.0792738057261968,0.07286895376397726,0.9419103995504874,0.9996811443482657
AKT2,2.2917708471071268,0.5527810203771009,1.1246670360269488,0.4915063771495258,0.623068342802616,0.9996811443482657
AKT1,2.0138194806844543,-1.437543581743004,1.0242238811966353,-1.4035442915698013,0.16045459397056616,0.9996811443482657
AKR7A2,2.0094087034712897,-0.023971812781492914,1.0534800732932121,-0.022754880124648456,0.9818457991399872,0.9996811443482657
APLP2,7.681020653389402,0.2793656427135103,0.5052171990266926,0.5529614653889688,0.5802897971723427,0.9996811443482657
APOO,0.8013760022426717,0.8230031778504228,1.7532432521756836,0.4694175647498536,0.6387711957455553,0.9996811443482657
APOL3,3.268141146368934,-2.292021072728511,0.8416048096165899,-2.723393505525102,0.006461504376516003,0.9996811443482657
APOL2,1.5502213452785236,0.004610390955257417,1.2056645807191133,0.0038239416077957356,0.996948943465424,0.9996811443482657
APOL1,2.746282965368274,-0.7994270586053728,1.0464177649173567,-0.7639654881705008,0.4448878093547871,0.9996811443482657
APOC1,1.8846279651775477,0.4100827676390381,1.110640500786774,0.3692308783522093,0.711955641845341,0.9996811443482657
APOBR,3.4221374613446494,-0.8335179735196088,0.7688376720043946,-1.0841273832831184,0.2783083230461423,0.9996811443482657
APOBEC3G,1.6532418912605205,1.6052299123483935,1.3310896465764688,1.2059517677693663,0.2278360883031112,0.9996811443482657
APOBEC3C,3.2057079695677357,-0.7381596907534488,0.8229900647879514,-0.896924182120765,0.36975937534412673,0.9996811443482657
APMAP,4.6501886061770765,-0.597816558797383,0.6501148307401864,-0.9195553316584714,0.3578051782510403,0.9996811443482657
APP,5.692895228374152,0.18173888054360493,0.6665896667604508,0.27263981067518644,0.785130106341479,0.9996811443482657
APIP,1.2606820315276246,-0.9082327384869595,1.244990865126082,-0.7295095602127021,0.4656900219445478,0.9996811443482657
API5,3.690111764530477,-0.35754969901908723,0.8237323440793376,-0.43406053142020357,0.6642444854504215,0.9996811443482657
APH1A,4.843465964662756,-0.15661195670722694,0.6009990253276961,-0.26058604108689515,0.7944117554586274,0.9996811443482657
APEX1,3.563146404519287,-0.8176747903481985,0.7162819436463504,-1.1415543803682822,0.25363929572145283,0.9996811443482657
APEH,1.7474400326025488,-0.9995546824063443,1.0441217642305973,-0.9573162026202049,0.33840767968540364,0.9996811443482657
APC,1.1470193508219966,-0.6731723803716066,1.286363008687471,-0.523314473306001,0.6007554307050422,0.9996811443482657
APBB1IP,3.861523559040693,-1.2560178263015973,0.7203393716648093,-1.7436473358366584,0.08122060381315448,0.9996811443482657
APBA1,1.027732786039999,-1.688501360272389,1.4388432677988883,-1.173513055981019,0.2405901243335693,0.9996811443482657
APAF1,1.5350696510383979,0.3688812958423527,1.164991087482399,0.31663872780307933,0.75151774613168,0.9996811443482657
ARF4,7.5181311319411925,0.3724940877452257,0.536419505795347,0.694408170696422,0.4874262711199553,0.9996811443482657
ARHGAP15,1.6555982087705687,-0.4472960691455256,1.0798675738663366,-0.4142138165553352,0.6787175240541117,0.9996811443482657
ARHGAP1,1.8264213815847063,-1.1631064851112192,1.0326925838556622,-1.1262853082266202,0.26004477441885643,0.9996811443482657
ARGLU1,5.48423074928371,-0.00539613861158187,0.5810538705159916,-0.00928681295383155,0.9925903018333334,0.9996811443482657
ARFIP2,1.2101266378797861,-0.39495587821035133,1.3074038300691702,-0.3020917249335698,0.7625821404817563,0.9996811443482657
ARFIP1,1.1974796389252262,-1.7624559032793103,1.398736276248426,-1.2600344562496248,0.2076569326847686,0.9996811443482657
ARFGEF2,0.9239776842147427,-2.1376307259740392,1.5813552732895677,-1.3517713331598762,0.17644847736805092,0.9996811443482657
ARFGEF1,2.337700503347195,0.3014170426260298,0.8862319837948089,0.34011077024705694,0.7337731112700538,0.9996811443482657
ARFGAP3,3.875107295579891,-0.08605614209249111,0.7188168745713549,-0.11971914563609562,0.9047056334169239,0.9996811443482657
ARF6,19.284908024998252,0.5145460288831332,0.3657667280660278,1.4067600724750664,0.1594985458554381,0.9996811443482657
AP3S1,3.3931422583290427,-0.09424884597566853,0.7414407135305596,-0.12711582228453377,0.8988487286776032,0.9996811443482657
ARF3,7.906412874670766,0.004449646471572573,0.5067653329961338,0.008780487104879608,0.992994274922814,0.9996811443482657
ARF1,13.021675582739284,0.005492869591338788,0.38523517705779947,0.014258483955930781,0.9886237612655784,0.9996811443482657
AREG,6.7582191310945365,-0.192519966836344,0.5721356772535316,-0.33649355299867495,0.7364987124018214,0.9996811443482657
ARCN1,3.6486689270568884,-0.23301874440652556,0.7234575534922493,-0.3220904160606321,0.747384198606857,0.9996811443482657
ARAF,1.2954775962134883,1.06840320091175,1.2954639222418194,0.8247263258886148,0.40952698208770444,0.9996811443482657
AQR,1.5368377599019145,0.831592031489176,1.1741508037329016,0.7082497655712958,0.47879016664369933,0.9996811443482657
AQP3,2.6369211032488113,1.4949643015563534,1.273886568540217,1.17354585445506,0.24057697981349446,0.9996811443482657
APRT,3.9160610858551834,-1.522704610877739,0.7535829260566969,-2.020619839206888,0.04331913361669746,0.9996811443482657
APPL1,3.1112981376661293,-0.4475235631345448,0.7515800551266693,-0.5954436391464917,0.5515469625594087,0.9996811443482657
ANP32B,12.432072392334817,-0.3456682410071034,0.42003781991932837,-0.8229455173191113,0.4105389767594023,0.9996811443482657
ANXA5,14.843424645705875,0.2673414460071882,0.37522136454826266,0.7124899359849791,0.4761614412851778,0.9996811443482657
ANXA4,2.251961769429486,1.343214175060321,1.075352272129289,1.2490922369100896,0.21163133969183456,0.9996811443482657
ANXA2P2,1.2407117726173036,-0.33984082471736593,1.4113251601155978,-0.24079555464704566,0.8097135751449217,0.9996811443482657
ANXA2,18.217454701837784,0.2036056144647782,0.33291390942090443,0.6115863852578138,0.54081144813078,0.9996811443482657
ANXA11,6.886558787068932,0.18165896157076047,0.640279927046437,0.2837180331558098,0.7766264739221391,0.9996811443482657
ANXA1,13.263755923120584,0.5663112272996309,0.40319924222098485,1.4045443740919727,0.16015680763300222,0.9996811443482657
ANTXR2,1.60132490994791,-0.6561350559157143,1.1648544360312758,-0.5632764366260243,0.5732466608495754,0.9996811443482657
ANPEP,5.5434131263952295,-1.129748108137759,0.6061318393095759,-1.8638653092776258,0.06234062145837561,0.9996811443482657
ANP32E,3.621577929202209,-1.0631051459920446,0.7011382121913264,-1.516256178178383,0.12945458777304994,0.9996811443482657
ANXA6,5.528535964516172,-0.016560627028173385,0.6863759613241721,-0.02412763261146886,0.9807508020985665,0.9996811443482657
ANP32A,7.636259859523106,-0.24510039575455458,0.5447990486352108,-0.4498913798923869,0.652788763444764,0.9996811443482657
ANO6,1.0817626649690217,0.6882159455041676,1.472276548609779,0.4674501853296697,0.6401778243596973,0.9996811443482657
ANO10,1.066136765165727,0.784053885750737,1.3815552209357986,0.567515415865648,0.5703640559736425,0.9996811443482657
ANKRD44,1.718834530835586,-0.42706395928797886,1.1216705685317578,-0.3807392038885323,0.7033967754792676,0.9996811443482657
ANKRD40,0.9113586770671698,-1.349105192161582,1.435406989674239,-0.9398764265929602,0.3472809504219815,0.9996811443482657
ANKRD17,1.473804438302504,0.09023484685341306,1.1354165174902582,0.07947290308306378,0.9366564836345758,0.9996811443482657
ANKRD13A,1.3078019442305362,-0.9166446610481983,1.2034574367854094,-0.7616760119881555,0.44625339565137734,0.9996811443482657
ANKRD12,4.744225078931525,-0.2370250101137014,0.614463828050669,-0.3857428204775566,0.6996871464130936,0.9996811443482657
ANKRD11,3.1133463828247203,-0.7068957548483124,0.8290825073720999,-0.8526241339826641,0.3938677746272179,0.9996811443482657
AP1G1,1.456924839276385,-0.44446642047814,1.111301844099618,-0.3999511229446836,0.6891925170512916,0.9996811443482657
AP3M1,0.8265318532248659,-0.4648029318289853,1.5248303494434154,-0.3048227181460842,0.7605011778722345,0.9996811443482657
AP3D1,6.233099983912878,0.09167968992607975,0.5889215791944614,0.15567385058547362,0.8762901100526573,0.9996811443482657
AP3B1,3.124639678691605,-0.6046652921913007,0.8032914377915803,-0.7527346411828498,0.4516093889904821,0.9996811443482657
AP2S1,3.952667739248492,-1.0626017127100271,0.7219763809741697,-1.471795671869831,0.14107606274333895,0.9996811443482657
AP2M1,3.205583355038837,-1.06941729444006,0.7778654847605369,-1.374810060854257,0.16919033818704188,0.9996811443482657
AP2B1,3.6996849743303017,-0.08501136183122332,0.7504322941144355,-0.11328318690168164,0.9098060463383544,0.9996811443482657
AP2A2,0.8118631211913103,-1.2426576447705608,1.6959530747898035,-0.7327193560025685,0.46372961595294804,0.9996811443482657
AP1S2,12.23288728875226,0.05458745360458227,0.404154872695505,0.1350656822235299,0.8925599431174214,0.9996811443482657
AP1M1,0.9692955585915184,-1.6785824329807975,1.4379619258152745,-1.1673344077097867,0.24307534859343738,0.9996811443482657
AHSA1,3.5793876549332113,0.11288813447586937,0.7763349567097787,0.1454116338575115,0.8843858798005423,0.9996811443482657
AP1B1,2.9266472966401906,-0.8823165008997874,0.8392669013398237,-1.051294289684531,0.2931234489180239,0.9996811443482657
AP1AR,0.9433083609690924,-1.5915273999886557,1.6025050561002336,-0.993149690186755,0.3206370115297429,0.9996811443482657
AP002784.2,4.516703747908184,-0.2890365007305447,0.6414127710894112,-0.4506247985047585,0.652259990518092,0.9996811443482657
AP001324.1,14.030520935792918,0.04777880482491212,0.4438754795940774,0.1076401085921792,0.9142811797550088,0.9996811443482657
AP001000.1,1.1117176105677524,-0.20345859559657228,1.277488936575791,-0.1592644677940829,0.8734605139896002,0.9996811443482657
AP000919.1,2.3596814365998284,0.08859150994937015,0.9449596982304368,0.09375162783690097,0.9253064577587226,0.9996811443482657
AOAH,0.9006676889684381,-1.4306191658001621,1.4761610829946064,-0.9691484095339679,0.33247114722868265,0.9996811443482657
ANXA7,2.633551775228063,-0.31591454297283883,0.8257542891598306,-0.3825769325331247,0.7020334765260035,0.9996811443482657
AC078817.1,1.2373447450770558,0.7751897735514596,1.3562956116491491,0.5715492750204283,0.5676273686926347,0.9996811443482657
AC098934.3,0.7722566583712902,0.8584153880106694,1.9334783384526968,0.4439746600407392,0.6570609045617997,0.9996811443482657
AC093673.1,0.6635455428610835,0.6944224674221582,1.8690328041089619,0.3715410804430559,0.7102345642999613,0.9996811443482657
AC004687.1,0.7261350222964557,-0.1429622394514101,1.6204357025636837,-0.08822456776608303,0.9296981911955574,0.9996811443482657
AC092045.1,1.007470551911923,-0.041014072910442165,1.6601143283259405,-0.024705571303514234,0.9802898111805711,0.9996811443482657
AC090589.1,1.5282769942826182,0.4723477393614076,1.2165820639720522,0.3882580167417778,0.6978251028038822,0.9996811443482657
AC090498.1,0.770680953056369,0.8761930440721127,1.6952414388765547,0.5168544279172237,0.6052577821555848,0.9996811443482657
AC090152.1,1.1687333543907235,2.6193203923487856,1.9445486160770056,1.3470068943984985,0.17797801223424792,0.9996811443482657
AC084824.1,7.147444719276407,0.10241776072892635,0.5491221817916797,0.18651178940678914,0.8520434344582221,0.9996811443482657
AC079922.1,1.1598847832497619,-0.22644481189798124,1.27377881478799,-0.1777740446528553,0.8589004319991101,0.9996811443482657
AC099336.2,3.9118130131764666,-0.05052794168756423,0.7788794814533866,-0.06487260595603218,0.9482754319167737,0.9996811443482657
AC074033.1,7.937069556264657,0.7594893655875627,0.5083301956238439,1.494086662814681,0.1351529694815396,0.9996811443482657
AC073896.4,0.9328214573709592,-0.1069589483511391,1.407948230363417,-0.07596795538677659,0.9394445923990955,0.9996811443482657
AC073861.1,8.34530313067307,-0.4567755974809135,0.49139506197697036,-0.9295486113418061,0.35260484502972667,0.9996811443482657
AC073335.1,0.6837583672502,-0.7360808663886418,1.7989814974952794,-0.4091653346148844,0.6824183321655639,0.9996811443482657
AC064799.1,3.0555378972432647,-0.231146765182329,0.7829511238682851,-0.29522502508242715,0.7678219862547948,0.9996811443482657
AC034236.1,12.257513194318994,0.2963661718309564,0.4300370918511735,0.6891642080342277,0.4907199377775072,0.9996811443482657
AC027309.2,1.6003691894499328,-0.46828575011610896,1.1276719872282728,-0.4152676978942412,0.6779459452564356,0.9996811443482657
AC026462.1,2.7399155129142985,-0.7564540422080774,0.9058448613680767,-0.8350812313110904,0.403671973421589,0.9996811443482657
AC026403.1,3.4468609991907933,-0.13129713095093026,0.7952842232988061,-0.16509460027550302,0.868869523049326,0.9996811443482657
AC115837.1,1.4532426366228046,-1.2972927292408034,1.1422853286131085,-1.135699371028336,0.25608240392377424,0.9996811443482657
ACAA1,0.8779693456095055,0.2966127700864603,1.6487518060378883,0.17990140723439133,0.8572299704139066,0.9996811443482657
AC246787.1,4.8553096283236385,-0.18711024583669172,0.6306020230275841,-0.2967168499370752,0.7666826916877103,0.9996811443482657
AC243960.2,1.0413804517974974,0.6003968607140002,1.575857071187994,0.3809970280244883,0.7032054538197097,0.9996811443482657
AC138392.1,0.9578995614807805,-0.12460106247719488,1.5021888605687599,-0.08294633634150259,0.9338942098839226,0.9996811443482657
AC136632.1,9.372699554254504,-0.5485216229212496,0.4885751362852319,-1.1226965561362925,0.26156639113085545,0.9996811443482657
AC133065.6,1.0281214556291394,0.44992794863181673,1.8381142119869682,0.24477692718857375,0.8066291599789659,0.9996811443482657
AC131235.1,2.7926612380323257,0.1116904513819943,0.9277356197487716,0.12039038817140574,0.9041739051510037,0.9996811443482657
AC116533.1,18.129177319739348,0.23004366835046286,0.3194389489909537,0.7201490897623055,0.47143320554301527,0.9996811443482657
AC116347.1,1.1629154010462597,-1.0004137987445598,1.372056746434551,-0.7291344190714062,0.4659194422449545,0.9996811443482657
AC024293.1,17.024323749289902,-0.27211580815932707,0.3932187386584038,-0.6920214664431823,0.4889238482753272,0.9996811443482657
AC115223.1,4.891609868225649,0.48952910372645736,0.6402249794540594,0.7646204372467544,0.44449759576320325,0.9996811443482657
AC114728.1,3.1426651604069535,1.3134219789566322,0.8858028262085975,1.4827475597231101,0.13814149345942253,0.9996811443482657
AC114491.1,6.065717181882047,-0.3231978811943592,0.6463750433009381,-0.5000160271408953,0.6170637922959987,0.9996811443482657
AC113935.1,3.2460812961363805,0.7136503511518622,0.8128530282060975,0.8779574245135459,0.3799668240634627,0.9996811443482657
AC113367.1,1.3837580929257083,1.964288221629252,1.3922625639280668,1.410860474541022,0.15828575866045858,0.9996811443482657
AC110994.2,4.567299894312253,1.5242086584654402,0.7817416914686515,1.9497599719952539,0.05120473453606899,0.9996811443482657
AC107032.1,0.9287985368197562,1.0879936355006636,1.704658236892854,0.6382473694456148,0.5233126661920103,0.9996811443482657
AC106795.1,1.118278810540714,-1.3828238134028803,1.3908532933244058,-0.9942269397066792,0.32011239543658854,0.9996811443482657
AC099560.2,11.49546579376112,0.40740956577497217,0.42987741939202745,0.9477342781836939,0.3432647458139949,0.9996811443482657
ABHD12,2.028143928756899,-0.03661699719629091,1.0745200033737219,-0.0340775388837088,0.9728153194545491,0.9996811443482657
ABR,0.7581054375316914,0.1466419434177988,1.7374510855490817,0.08440061687921185,0.9327379168391825,0.9996811443482657
ABL2,1.3117191065628115,0.1203842328983315,1.2022548836296036,0.10013203900232195,0.9202394997016264,0.9996811443482657
ABL1,3.661530616176502,0.32877166116332723,0.7856700646077849,0.41846021119240895,0.6756106718086168,0.9996811443482657
ABI3,1.1989928916520078,-0.012257652128199115,1.3810205864353542,-0.008875792474490314,0.9929182352030443,0.9996811443482657
ABI1,1.753556363065041,-0.3787370744992199,1.145536024316873,-0.33061995996596905,0.7409315674748806,0.9996811443482657
ABHD6,0.9030826404616,-0.17899547660473342,1.3898798991733867,-0.1287848516344388,0.8975278923484372,0.9996811443482657
ABHD3,1.3424376655393848,-0.7091817280712425,1.2015553627525501,-0.5902197685228859,0.5550433204405117,0.9996811443482657
ABHD2,4.57649843791024,0.48467927298737584,0.6431143330725471,0.7536440226293342,0.4510630027166467,0.9996811443482657
ABHD14B,1.4420627682014384,-0.8617409372164009,1.165768609052769,-0.7392041015039836,0.4597830706714232,0.9996811443482657
ABRACL,5.3571288869127445,0.6260579162967228,0.6044710566849713,1.0357119821917327,0.30033653065155586,0.9996811443482657
ABCG1,0.9813460675584923,0.6017442600221132,1.5034866160618117,0.40023253522422725,0.6889852531866789,0.9996811443482657
ABCF2,1.1815976774628492,-1.856091203568509,1.346775506092504,-1.3781741613000662,0.16814952282906714,0.9996811443482657
ABCF1,1.8550159342488897,-0.39986903834158855,1.011121526504243,-0.3954707993647988,0.692495467718099,0.9996811443482657
ABCE1,2.7926277322835364,0.1466173301355525,0.8072900769736787,0.18161666335003507,0.8558835708737096,0.9996811443482657
ABCB7,0.9811389892504307,1.3508802123379076,1.570053727860683,0.860403811899217,0.3895664853008547,0.9996811443482657
ABCA1,2.291225525260756,-1.3469419960078708,1.0594563822273195,-1.2713520052389164,0.2036034488728703,0.9996811443482657
AATF,1.596381459641003,-0.13076822386273604,1.2265593528204028,-0.1066138573417112,0.9150953246778016,0.9996811443482657
AARS,1.721429540540358,-0.36120547051262425,1.0708300978237812,-0.33731352083462374,0.7358805682157974,0.9996811443482657
AAMP,2.2805873019270395,-0.9899234655778575,0.8901876547767318,-1.1120390855410598,0.26612134548898403,0.9996811443482657
AC007991.2,0.8300766095542433,0.2662645873479978,1.6755100778223442,0.1589155391378255,0.873735417813654,0.9996811443482657
AC021078.1,1.4288037720330804,-0.929058690218669,1.13671558627714,-0.8173185108347387,0.41374643099027975,0.9996811443482657
AC016739.1,7.531679581708516,-0.5776842914806966,0.6181616358690566,-0.9345198051130202,0.3500358246881923,0.9996811443482657
AC016712.1,1.963633692634462,1.3149812557908944,1.1051625448800098,1.18985325903681,0.23410407229655616,0.9996811443482657
AC012354.2,1.373462779948992,-0.18277631061728059,1.1801708797028596,-0.1548727508539268,0.8769216360890717,0.9996811443482657
AC011495.1,1.0567632432243692,-0.8191153794786414,1.4909967425539066,-0.5493743588437293,0.5827485669677297,0.9996811443482657
AC010343.1,4.622204328542175,0.26144566559515514,0.6502533869175249,0.40206736459231346,0.6876344499869912,0.9996811443482657
AAED1,0.9400699447222429,0.48827758725242765,1.413804975171315,0.34536417386228363,0.7298206072019893,0.9996811443482657
AC008429.2,2.0339391632994417,-0.7502538546212435,0.944883496195668,-0.7940173128665586,0.4271853525535686,0.9996811443482657
AC008038.1,1.7539717489118682,-0.7035533364563928,1.1334560973193843,-0.6207151191125017,0.5347870798516552,0.9996811443482657
ACAA2,0.7608529920339615,-1.2885929080342295,1.6829502427595093,-0.7656749886564337,0.44386971274760656,0.9996811443482657
AC007969.1,1.104475976825329,-0.8181785476950194,1.2928748444546498,-0.6328366208100653,0.5268403396255728,0.9996811443482657
AC007182.2,10.395633554495362,0.21382577662469113,0.44198019520070225,0.48379040270705637,0.6285346269094026,0.9996811443482657
AC005912.1,13.843920398807615,-0.08568765029634151,0.4445934847947825,-0.1927325820707733,0.8471684050211028,0.9996811443482657
AC005332.9,0.9814010247828848,0.5709552846318086,1.4120630775250382,0.4043412038168561,0.6859618299009476,0.9996811443482657
ZNF655,2.4883633377602346,-0.9245245815739124,0.896775366363476,-1.0309433290111016,0.30256739609766714,0.9996811443482657
AC004453.1,8.260452410934118,0.052338671307854,0.49553706223683275,0.10562009443168492,0.9158837808787001,0.9996811443482657
ABT1,1.0689392768923898,-0.4483299378903052,1.2608513067746898,-0.3555771687600117,0.7221572443010777,0.9996811443482657
ABRAXAS2,0.8866487265636813,0.3106242928834494,1.5641422750750056,0.19859081736573736,0.8425828372249411,0.9996811443482657
ADRM1,0.9964114102068586,-1.5935383911710908,1.4801769500330404,-1.0765864116013426,0.281665077512412,0.9996811443482657
AGER,1.1131444897546805,3.595126182202354,3.892177701413979,0.9236798671592744,0.35565301726228793,0.9996811443482657
AFTPH,2.3296213084200144,-0.7103312097075815,0.8749760685149292,-0.8118293005581347,0.4168895867007162,0.9996811443482657
AFF4,4.519992386821172,0.11749141817755451,0.639238505837658,0.18379903135464876,0.854171116059903,0.9996811443482657
AFF1,3.053240529425479,0.5238062999249153,0.843184459815987,0.6212238541958288,0.5344523464144859,0.9996811443482657
AF201337.1,0.8089231631404448,-0.5332323718231678,1.7035004495771033,-0.31302156213433563,0.7542642805374746,0.9996811443482657
AF111169.1,1.3801545726372964,-0.5593470058173495,1.1542996444671008,-0.4845769540850722,0.627976464623164,0.9996811443482657
AES,1.2842728932957068,-1.004066162106208,1.3196138504648673,-0.7608787690069335,0.44672948069707064,0.9996811443482657
AEBP2,1.6016588376631633,0.4871953662538935,1.0931703635525418,0.4456719487625197,0.6558342301550213,0.9996811443482657
ADSS,1.651241575854618,-1.231672675043352,1.0583782691084098,-1.163735793707223,0.24453109909654025,0.9996811443482657
AGFG1,4.057723019671004,0.5051733901864266,0.7387397642777485,0.6838313227667187,0.49408168500694594,0.9996811443482657
ADPRH,1.7068864513133857,3.2792035141886164,1.627486120720885,2.0148887738201497,0.043916304526603105,0.9996811443482657
ADPGK,2.05218709290396,-0.48374991350109636,0.9778335998497748,-0.4947159860076553,0.620800615634322,0.9996811443482657
ADNP2,0.7689683131962111,0.1284051962841325,1.624422755654143,0.07904666186015392,0.9369955083529383,0.9996811443482657
ADNP,2.022523989872954,0.9350769843620895,1.0738324311270957,0.8707848238301311,0.3838716531613803,0.9996811443482657
ADIPOR2,1.7606755189806362,-0.2923166510826857,1.025348756943286,-0.2850899746093458,0.7755752105918904,0.9996811443482657
ADIPOR1,4.132890738143382,-0.07833373954621793,0.7111364545472336,-0.11015289547502027,0.9122881188257322,0.9996811443482657
ADI1,1.8491699476097774,-0.20869798469605103,1.015774997711076,-0.20545690252893237,0.8372151665838486,0.9996811443482657
ADH5,1.3439434424419872,-0.28987395249889003,1.1224008111686021,-0.25826242249155545,0.7962043852186996,0.9996811443482657
ADGRG6,2.446832552189662,0.3873602049756535,0.9722889466275213,0.39840029686571055,0.6903351391211121,0.9996811443482657
AGPAT4,1.240615064779686,1.6124500325699027,1.6324333614986248,0.9877585637490424,0.3232709053339671,0.9996811443482657
AHR,3.9953249940217854,-0.29831662133307324,0.7740212177428576,-0.38541142606271406,0.6999326184495014,0.9996811443482657
AHNAK,17.58119351945009,-0.010511050376529798,0.3307075634906541,-0.03178351975257089,0.9746446893291794,0.9996811443482657
AHI1,0.9010524960656293,-0.19621841482244665,1.4834054132981151,-0.13227564970670178,0.8947662668386851,0.9996811443482657
AHCYL2,1.1432008111998524,2.6126531963192523,1.8356433740868507,1.4232901843578025,0.15465205125090298,0.9996811443482657
AHCYL1,2.133947172714697,0.09971858538994706,0.9153792910266175,0.10893690338800491,0.9132525361395664,0.9996811443482657
AHCY,1.0395999418396875,-0.4834729060844868,1.3329611656837868,-0.362705920120691,0.7168245768497581,0.9996811443482657
AHCTF1,1.5044180934749902,-0.41034374315584277,1.174123007464765,-0.3494895684242496,0.7267218008951308,0.9996811443482657
AGTPBP1,0.9119153717301489,-0.22005009439325113,1.4815313073586582,-0.14852881832484965,0.8819254444460937,0.9996811443482657
AGPS,2.0890833137051414,0.3700936915519925,0.9903423826950921,0.37370276988936807,0.7086254643310319,0.9996811443482657
ADGRE5,0.808922227647649,0.23791556037028566,1.7251347693609034,0.13791128936461255,0.8903105280462851,0.9996811443482657
AGPAT3,5.096105220441172,0.05398095895536416,0.6174785924371065,0.08742158775465954,0.930336410521581,0.9996811443482657
AGPAT1,0.9732036705424838,0.013407402266998318,1.4470522048298018,0.009265320368020349,0.9926074496979601,0.9996811443482657
AGO4,1.6148904792007661,-1.2391246654368595,1.2646870693994015,-0.9797875659670646,0.32719099104156024,0.9996811443482657
AGO3,0.8458082118191581,-1.0450689312216443,1.5380928777691765,-0.6794576233506746,0.49684794942942934,0.9996811443482657
AGO2,3.6710173721609674,0.693093284449618,0.7642734654311654,0.9068655602986412,0.36447789534987285,0.9996811443482657
AGO1,1.0668541752720264,-0.4315785822771553,1.3294914583719475,-0.3246192967690462,0.7454692208175893,0.9996811443482657
AGL,0.8664170711852411,0.26081788582184223,1.6969400836686999,0.15369893629830875,0.877847123527351,0.9996811443482657
AGGF1,2.0783347906192002,-1.6317486289883771,1.0685935965888749,-1.5270058085666853,0.12675956700097965,0.9996811443482657
AGFG2,1.815934262636068,-0.1932758469535058,1.0143034952571126,-0.19055031147705245,0.8488779224505105,0.9996811443482657
ACOT7,1.2630020928266832,-0.8287040513191206,1.2918248554086145,-0.6414987665313151,0.52119868203701,0.9996811443482657
ACSS2,2.424832419991183,-0.08864749630093492,0.9268911878691632,-0.09563959336448898,0.9238068183579837,0.9996811443482657
ACSL5,6.131208971659283,-0.07947781485241849,0.5463891257288768,-0.1454600963121219,0.88434761914039,0.9996811443482657
ACSL4,4.041273481251178,-0.18084212761935362,0.6851517238344075,-0.2639446436875066,0.791822574354877,0.9996811443482657
ACSL3,1.7208373840272926,0.4171182271598903,1.075235920018954,0.38793181979312724,0.698066489729541,0.9996811443482657
ACSL1,1.58339580958535,1.5454847748674674,1.3370200890360617,1.155917392371943,0.24771494784881287,0.9996811443482657
ACP5,4.318159364523262,0.5304013669172019,0.718818137862883,0.7378797765094482,0.46058750930682213,0.9996811443482657
ACP1,2.32619078505303,0.03158482944615062,0.8997725551805771,0.03510312607813627,0.971997508700199,0.9996811443482657
ACOX1,0.8158532662204274,0.002714501732482059,1.732743009301343,0.0015665922285709119,0.9987500407590268,0.9996811443482657
ACOT9,2.4577461546301027,-0.26403866760825856,0.8578750307174757,-0.3077822038804793,0.7582480639323165,0.9996811443482657
ACTB,48.12076922285061,0.12446181837405516,0.20934721729158476,0.5945233950767123,0.5521620994687472,0.9996811443482657
ACLY,2.076052631969942,0.43954488931318614,0.992994131769313,0.442646008924551,0.6580218004538235,0.9996811443482657
ACIN1,4.699437925050425,0.06264070107048662,0.6636675585514974,0.09438566080765573,0.9248028059703224,0.9996811443482657
ACER3,4.903538533451497,-0.6268941848834566,0.6179432899499452,-1.014484977956855,0.3103513938585091,0.9996811443482657
ACBD6,0.8863737781579679,0.2736400418938447,1.6637179046645554,0.16447502375651657,0.8693572071323822,0.9996811443482657
ACBD3,1.252405994922055,-0.03326264723058826,1.242313276683041,-0.02677476595871137,0.9786393798486269,0.9996811443482657
ACAP2,3.518077392866307,-0.011838714145366658,0.8044530791938155,-0.01471647564234679,0.98825837512013,0.9996811443482657
ACAP1,1.7705460361331433,0.3887515511727529,1.0902676975488534,0.3565652289311575,0.7214173118791016,0.9996811443482657
ACADVL,3.0940762876729186,-1.2030905228705364,0.8523693761025481,-1.4114661514139066,0.15810720943334267,0.9996811443482657
ACADM,1.2467056252529674,-0.021114679963228775,1.1802036525586956,-0.017890708876770457,0.9857260410715639,0.9996811443482657
ADA,1.1872993084115913,-1.3981616560790007,1.3219037586230553,-1.0576879345099817,0.29019773774769386,0.9996811443482657
ADD3,2.4055096427748417,-0.08958546845874366,0.863023927906695,-0.10380415369946625,0.9173247701046466,0.9996811443482657
ADD1,5.045537378430298,0.04817438531858645,0.6530096372304945,0.07377285505754673,0.9411911266783672,0.9996811443482657
ADAR,2.804318147853646,-0.5461727085809415,0.8370577419365629,-0.65249107823476,0.5140844264669738,0.9996811443482657
ADAP2,2.2734363532508954,-0.38111312254457524,0.9763642585378014,-0.3903390760281706,0.6962858319211711,0.9996811443482657
ADAM8,7.301549949781621,0.32537510438787065,0.5246248746286967,0.6202052554563962,0.5351226619287798,0.9996811443482657
ADAM28,3.125696719278716,-0.10214618081838031,0.7761168092930351,-0.13161186511528503,0.8952913001643759,0.9996811443482657
ADAM19,7.866480185680143,0.31111585274569475,0.5448467681036191,0.5710153220300036,0.5679892566700284,0.9996811443482657
ADAM10,1.9153946277696536,-0.03974671423630613,0.9917320172087561,-0.04007807910464948,0.9680308780980459,0.9996811443482657
ADA2,11.798017127030928,-0.3110593466933616,0.4853110770287094,-0.6409483760350279,0.5215562240325542,0.9996811443482657
ARHGAP17,3.255624420123938,-0.9092591748433221,0.8352751455787868,-1.0885744411959841,0.2763415928243321,0.9996811443482657
ACTR8,1.109917237961116,1.4846974261140649,1.5619508122256653,0.9505404488368491,0.3418377112716282,0.9996811443482657
ACTR3,20.133928126715016,0.07127604359239999,0.3298880780713244,0.2160612896625793,0.8289399733899794,0.9996811443482657
ACTR2,19.062800679693154,-0.18137319139736213,0.3290170682062725,-0.5512576973169453,0.5814570329607749,0.9996811443482657
ACTR1B,1.265942050877549,-1.29234890443654,1.3247042603869104,-0.975575411872745,0.3292749141895259,0.9996811443482657
ACTR1A,1.3069796479716145,-1.7935974039618419,1.2811717389133168,-1.399966413154853,0.1615233764504147,0.9996811443482657
ACTN4,3.5390269701300126,-0.3402973825713687,0.7611613066128644,-0.4470765652627269,0.6548197788249771,0.9996811443482657
ACTN1,10.931588444920635,-0.06239324213096299,0.41307785599547403,-0.15104475155319538,0.8799404142052052,0.9996811443482657
ACTG1,38.01373020883024,0.17220711010487127,0.23072741920852888,0.7463660396133172,0.4554463281777926,0.9996811443482657
BMS1,1.0202810271152956,0.5489228009884017,1.4953452572065888,0.36708766643887214,0.7135536268362571,0.9996811443482657
BRD2,15.608342965620064,-0.25818211866044355,0.3449862685306497,-0.7483837538232506,0.45422871899987904,0.9996811443482657
BRD1,1.1892666744325637,-0.5944157137983681,1.269435547224798,-0.4682519841971197,0.6396044011124873,0.9996811443482657
BRCA2,1.2747127559623395,-0.85563092180148,1.303552566015211,-0.6563839035789952,0.5115771445239194,0.9996811443482657
BPTF,4.056659679148339,-0.6242212904868715,0.6889553668351711,-0.9060402466335865,0.3649145504868616,0.9996811443482657
BPIFA1,2.101120250280633,-4.823662420337666,3.6759137422621726,-1.312234932196522,0.18944087884148397,0.9996811443482657
BORCS5,0.9998189608831863,0.3677353714485727,1.4453921190058625,0.2544191064923616,0.7991717916444641,0.9996811443482657
BOD1L1,6.011966816082634,-0.5522257427951773,0.6104390233313998,-0.9046370262855572,0.3656577129892048,0.9996811443482657
BNIP3L,2.8681046074012433,0.19527587182896275,0.8170326765943731,0.23900619574106718,0.8111007784495649,0.9996811443482657
BNIP2,2.0788128029170108,-0.3084491714621562,1.0212764925388138,-0.3020231775778718,0.7626343943606726,0.9996811443482657
BRD4,5.337366528417496,-0.21211467469947665,0.5856791932296098,-0.3621687045595952,0.7172259644985219,0.9996811443482657
BMPR2,1.2992999983275815,-0.45557781585319945,1.1951688731073324,-0.3811827986021237,0.7030676120620039,0.9996811443482657
BMI1,0.9287526299766738,0.5021333419937422,1.416501804417353,0.3544883179307235,0.7229729573307405,0.9996811443482657
BMF,1.8646596876891712,1.511737631541304,1.1808784458494794,1.2801805612209451,0.20048164079352626,0.9996811443482657
BLOC1S6,9.69071595686001,0.243874970885816,0.45868012916117945,0.5316885458539642,0.5949417263620438,0.9996811443482657
BLOC1S2,3.8623441187340553,0.06982595446501831,0.7346180109781872,0.09505069767080845,0.9242745582532613,0.9996811443482657
BLOC1S1,1.70085512241586,-1.4414828051384723,1.1359947837546542,-1.2689167465841071,0.20447075880210652,0.9996811443482657
BLMH,0.4548917417656074,-0.9090242027106138,2.1933965828283104,-0.4144367734623065,0.6785542623547165,0.9996811443482657
BLCAP,1.0155141962418788,-1.6212196144908224,1.4590408485786333,-1.1111543697149948,0.2665019084015854,0.9996811443482657
BIRC6,2.2948445747234745,-1.2722576340233425,0.8875687703287403,-1.433418656170293,0.1517382299898633,0.9996811443482657
BTAF1,2.180828319004272,-1.036630585677514,1.0614264148280321,-0.9766391444530466,0.3287478326608759,0.9996811443482657
BTG3,1.3669355094386493,0.1919424914203877,1.1920300674423006,0.1610215183852135,0.8720764525683405,0.9996811443482657
BTG2,18.567298277931716,0.1213432383369392,0.3305063127416111,0.36714348155826304,0.713511994943997,0.9996811443482657
BTG1,11.409939524559256,-0.11972237911977056,0.4022866410679504,-0.29760466020433474,0.7660049173363765,0.9996811443482657
BTF3P10,0.8284227336531198,3.2460787406593066,2.58920993800679,1.253694686170633,0.20995300011284046,0.9996811443482657
BTF3L4,1.2759900030812772,0.024897229304522046,1.1796249821722258,0.021106054619727477,0.9831610550836912,0.9996811443482657
BTF3,16.73088811496713,0.47859192782765203,0.3363652924453073,1.422833861211976,0.15478432281428164,0.9996811443482657
BTBD2,0.6636829891852865,1.8488997132567286,2.0349883057533753,0.9085554487116552,0.36358483226302607,0.9996811443482657
BTBD10,0.9803417874233235,-0.7464589555656523,1.3679961387646913,-0.545658671405103,0.5853005858959512,0.9996811443482657
BTBD1,1.9212666443333761,-1.1420003765952174,1.0543689817812734,-1.0831126449356443,0.2787584269978335,0.9996811443482657
BIRC5,0.9531786374504463,-2.0690835238282532,1.5859228276858808,-1.3046558683106808,0.19201005519603576,0.9996811443482657
BST2,2.552638652309819,-1.316159576064457,0.8405291338475829,-1.5658702632229313,0.11737899276078864,0.9996811443482657
BSG,2.092156911345568,-0.7097717273797347,0.9810138737622046,-0.7235083482130057,0.46936762706297774,0.9996811443482657
BSDC1,1.2459882151466681,1.0720972714491621,1.4057663668672555,0.7626425675827815,0.4456765907646145,0.9996811443482657
BRWD1,1.2335505696600229,0.4782213120376166,1.2922928974595558,0.3700564422954922,0.7113404358734048,0.9996811443482657
BROX,1.696618214190428,0.262978005462555,1.0549734651202323,0.2492745212625648,0.8031484384601094,0.9996811443482657
BRK1,7.197386950597501,-0.2840000593997783,0.5326510101176017,-0.533182241289799,0.5939074334005356,0.9996811443482657
BRI3BP,2.313500821215454,-1.0020966758777698,0.9018900499838174,-1.111107363803105,0.26652213859323237,0.9996811443482657
BRI3,6.20778875300411,-0.3295619681168217,0.6222661559234296,-0.5296157680755734,0.5963783595218501,0.9996811443482657
BRD8,0.6913277098502794,0.6497050242042601,2.06571698597434,0.3145179270033512,0.753127703004112,0.9996811443482657
BCAP31,3.074474309654299,-0.9859053206444588,0.7873190803400096,-1.2522309509108913,0.21048572100395746,0.9996811443482657
BCL2A1,7.239626619267565,-0.029793258773019988,0.5882242447211256,-0.0506494913128663,0.9596048250417724,0.9996811443482657
BCL2,1.73148603134643,0.3412992159950972,1.2631619784271184,0.27019433914570556,0.787010747501343,0.9996811443482657
BCL11A,2.5299124275802525,-0.9447200064317571,0.8674156323242418,-1.089120337732879,0.27610082242107703,0.9996811443482657
BCL10,2.998550245844803,-1.1490611371106503,0.9145785030790583,-1.2563832773700376,0.20897704166125664,0.9996811443482657
BCKDK,1.3253656629646704,-1.6310771418212338,1.250195893170037,-1.304657254700639,0.19200958290151715,0.9996811443482657
BCCIP,0.6205559746478015,-2.177529620532363,1.869142756550232,-1.164988395295875,0.24402369025843573,0.9996811443482657
BCAT2,0.7257157739576794,-0.7336225501215543,1.7400712149431592,-0.4216048997428641,0.673313429311496,0.9996811443482657
BCAT1,2.701291307992499,1.1798887534849336,1.0247584354036414,1.1513823284803586,0.24957498061298378,0.9996811443482657
BCAS2,3.33733156223807,-0.004858523018608564,0.7945230624912594,-0.006115018239211921,0.99512095176533,0.9996811443482657
BCL2L11,9.363343595966887,0.22101531675038236,0.5195372295628691,0.42540804426343304,0.6705392429064996,0.9996811443482657
BBX,3.545417952569758,-0.2641404091364831,0.778881885094172,-0.33912768314613817,0.7345135446961102,0.9996811443482657
BAZ2B,1.3489264020047753,0.6536497675928957,1.2314369890636268,0.5308024473829757,0.5955556839314355,0.9996811443482657
BAZ2A,1.0451989914196411,-2.244359366854469,1.5485296527435977,-1.4493486533357882,0.14724024027509694,0.9996811443482657
BAZ1B,4.507133511573805,-0.23600558833806526,0.6782474094256333,-0.3479638625349474,0.7278673230715369,0.9996811443482657
BAZ1A,9.0693687094147,0.2853090789870736,0.5376244863864831,0.5306846808721672,0.5956373034330472,0.9996811443482657
BAX,4.514992477339064,-0.27182217491807276,0.6475828499662712,-0.41974887835931785,0.6746689140925424,0.9996811443482657
BATF3,2.099624878099206,-0.5011563639486227,0.9132763964563547,-0.5487455559928871,0.5831800779632623,0.9996811443482657
BASP1,21.53042402353663,0.16407852965341735,0.2988222613866066,0.5490840237004225,0.5829477886557677,0.9996811443482657
BANP,1.2541465161528467,0.9816862206081532,1.3786898531720253,0.7120428269995136,0.47643825626064573,0.9996811443482657
BDP1,2.5318112075465153,0.37516393724602093,0.869421996062199,0.43150959941802697,0.6660978742630608,0.9996811443482657
BIRC3,7.8891954594255305,0.07457987153134256,0.5237349714991079,0.14240002212926428,0.8867640449076816,0.9996811443482657
BIRC2,2.762488921738554,0.05178140417212966,0.8320790016559483,0.062231355519220835,0.950378592779996,0.9996811443482657
BIN2,1.004753576159289,-0.5630738807647047,1.3375349553434233,-0.4209788151817914,0.6737705514711281,0.9996811443482657
BIN1,2.042041868016893,-0.11467354412197588,0.9905907141429727,-0.1157627892980884,0.9078405420249746,0.9996811443482657
BID,3.7462127051994996,-0.4779777743715315,0.7269644316740719,-0.6574981574694546,0.5108606553320552,0.9996811443482657
BICD2,5.491459606988137,0.052912039807183335,0.636076971513765,0.08318496373365138,0.9337044685013501,0.9996811443482657
BHLHE40,13.409385836430229,0.3616030130613329,0.3765406942857017,0.9603291717175335,0.33688957270998476,0.9996811443482657
BFAR,0.9989982492658085,-0.5428015476386692,1.4047048404038747,-0.3864167987650738,0.6991880108553927,0.9996811443482657
BEX4,1.908224886210029,0.8380122408526305,1.093941887256779,0.7660482248778956,0.4436476082090812,0.9996811443482657
BTK,2.151541644061311,1.5443240836546146,1.0683323188378688,1.4455465368065707,0.14830443132160126,0.9996811443482657
BCOR,1.0091011586939294,1.3869774084087974,1.5930337288170062,0.8706516273442452,0.3839443980692375,0.9996811443482657
BCLAF1,6.641496878083877,-0.43911979353122943,0.5152446874684817,-0.8522548688250008,0.3940726490182068,0.9996811443482657
BCL7B,1.9482455056461723,-0.6703116860096561,0.9574502552276637,-0.7001007962030034,0.4838643586452105,0.9996811443482657
BCL6,6.172876970552089,0.017339280614229267,0.5392188198434031,0.03215629717683972,0.9743474079402302,0.9996811443482657
BCL3,10.371511434581029,-0.27198564207577697,0.46214878709552276,-0.5885239768454905,0.556180645043866,0.9996811443482657
BCL2L14,1.4231278476470588,-2.653173896943409,1.3895509588834671,-1.9093750250622612,0.05621373021485168,0.9996811443482657
BCL2L13,1.2742218942177603,-0.44819520751751696,1.2308479138595667,-0.36413532693256345,0.7157569579515182,0.9996811443482657
BCL2L12,1.0981178330752814,-2.0303101351832247,1.626534708697865,-1.2482427361224928,0.21194217781937996,0.9996811443482657
C5orf24,1.0988472839885348,2.529823099786049,2.0199392736568953,1.2524253242554468,0.21041492330268274,0.9996811443482657
CAAP1,1.1695758097269326,0.8896872568096952,1.403412056226566,0.6339458556468782,0.5261161580856354,0.9996811443482657
C9orf78,2.8810563279942776,-0.3633138252246409,0.8379811070328155,-0.43355849216110487,0.6646090820787385,0.9996811443482657
C9orf72,2.6946032967181885,1.087363615812558,0.9002913348677865,1.2077908269240913,0.22712773078282922,0.9996811443482657
C9orf16,0.9641518835854099,-0.6370146222545977,1.4502684888079371,-0.439239097567512,0.6604882981572282,0.9996811443482657
C7orf50,1.9230660814472171,-1.5847340015645803,1.028666099455989,-1.5405718166494147,0.12342103157373756,0.9996811443482657
C6orf89,0.8458082118191581,-1.0450689312216443,1.5380928777691765,-0.6794576233506746,0.49684794942942934,0.9996811443482657
C6orf62,4.8987067460133495,0.2402428240968752,0.6600219409564293,0.3639921784247694,0.7158638500655816,0.9996811443482657
C6orf48,7.729410514631734,-0.07189860353092899,0.5259985582545131,-0.13668973498619297,0.8912760436649276,0.9996811443482657
C6orf106,2.2633157221890903,0.6396279962721687,0.994215549184998,0.6433494193452313,0.5199973960303443,0.9996811443482657
CAB39,3.54230042519512,0.4091647586895632,0.7785168856958636,0.5255695363933417,0.5991873275071724,0.9996811443482657
C5orf15,2.6154522233990622,-0.18642432216326704,0.8565423976718697,-0.21764751245236524,0.8277037621903574,0.9996811443482657
C5AR1,1.5677071314070568,3.1303882691829044,1.8234586465323888,1.7167311554533253,0.08602830485935059,0.9996811443482657
C4orf3,4.727571685631251,-0.12193532890958875,0.6108236444495022,-0.19962444155134426,0.8417743109210372,0.9996811443482657
C3orf58,4.927272452455705,0.44873665513520883,0.6989650868028171,0.642001529987435,0.5208721895923366,0.9996811443482657
C3orf38,1.38412618310555,-0.02516548099713777,1.3456029782940206,-0.01870201047640591,0.9850788244079562,0.9996811443482657
C3,1.1332867392568389,0.6443305737035138,1.6387869672072581,0.393175309907151,0.694190004160826,0.9996811443482657
C20orf27,5.257691487059511,-0.7435566819145554,0.7462212408919866,-0.9964292640956639,0.31904162012824944,0.9996811443482657
C1orf54,20.17288145302624,0.28610055147546726,0.32772562505505176,0.8729880412232267,0.3826695960282931,0.9996811443482657
C1orf52,0.8026541214279144,-3.439023275139258,1.9635692373887157,-1.7514143171812464,0.0798745685859621,0.9996811443482657
CALM3,1.294972508061919,-0.6614250111752717,1.4835119100934062,-0.44585082645789237,0.6557050046027,0.9996811443482657
CAMTA1,3.3788931004211227,0.17855739421611197,0.7399649334133788,0.24130521076511816,0.8093185725976533,0.9996811443482657
CAMSAP1,1.2099233663063664,3.6416058285838475,2.1942755879575735,1.6595936483864568,0.09699622697453311,0.9996811443482657
CAMLG,2.2596380210917943,-0.22809294963465424,0.9647070189773502,-0.23643753507302873,0.8130931729213312,0.9996811443482657
CAMKK2,1.6256513780603525,0.24512688424983453,1.0778978660220002,0.22741197656738976,0.8201034082866765,0.9996811443482657
CAMK2G,0.997606408897139,0.5813015952315432,1.599962804522645,0.36332194322790945,0.716364403368811,0.9996811443482657
CAMK2D,9.616328578792945,-0.25614979835285767,0.437393005560881,-0.5856284739267601,0.558125209431819,0.9996811443482657
CAMK1D,3.020409577624277,1.6266759111356086,0.9132042244949992,1.7812838218473621,0.07486609606459758,0.9996811443482657
CALU,0.9694789117588037,-0.7277948699835408,1.3689514544379902,-0.5316440313672993,0.5949725625460336,0.9996811443482657
CALR,6.398254326362127,-0.4864891548639319,0.5783269696910655,-0.8412008783263348,0.4002354085561922,0.9996811443482657
C1orf43,7.3064785911843515,0.2915657804366861,0.5043515174087561,0.5781003335425361,0.5631963818835956,0.9996811443482657
CALM2,13.636280260881522,-0.1835098183835217,0.37046343659496805,-0.49535203816660356,0.6203516439288591,0.9996811443482657
CALM1,20.50421077898655,0.4225376393097153,0.30764370085225823,1.3734642969746138,0.16960805314962357,0.9996811443482657
CALHM6,1.3165220636712975,1.1296271259206192,1.2998340685855272,0.869054868787886,0.38481712022020165,0.9996811443482657
CALCRL,3.329902592961347,0.42765208202536376,0.8915246826234879,0.47968619418019115,0.6314505461879362,0.9996811443482657
CALCOCO2,3.0788397776010545,-0.5245483137136207,0.7925963948543717,-0.6618101181371118,0.5080929207893354,0.9996811443482657
CADM1,13.45467822716184,0.07637783108294574,0.38189900031401125,0.19999484423930178,0.8414846133689787,0.9996811443482657
CACYBPP2,1.9455259624904566,-0.7598056213229823,1.0533757465771325,-0.7213054067287149,0.4707216311703626,0.9996811443482657
CACYBP,6.326820250602198,-0.5183838347965505,0.5595080528847051,-0.9264993276216011,0.3541865463723418,0.9996811443482657
CACUL1,1.5264539839520164,-0.6891494133402445,1.0778554664120708,-0.6393708941647455,0.5225816788408956,0.9996811443482657
BZW1P2,1.2767074131875764,-0.9332209336646681,1.1644123141599918,-0.8014523054386405,0.42286984484974166,0.9996811443482657
C14orf2,8.86271084123123,0.5250470600220527,0.519555301558335,1.010570113416697,0.31222222609234807,0.9996811443482657
C12orf65,1.0306279466034218,2.5106869823320794,1.7851852583177068,1.4064013640231707,0.15960497547749597,0.9996811443482657
C12orf57,0.8862092559800062,0.24244778202970338,1.8151788428926545,0.13356688404506772,0.8937450721964348,0.9996811443482657
C12orf45,1.1496963378476124,-0.15437920038410147,1.3083897244342755,-0.11799175543881034,0.906074190456144,0.9996811443482657
C11orf84,1.2003219536456788,-0.16649304307446947,1.3871730144765033,-0.12002327131291639,0.9044647133714765,0.9996811443482657
C11orf58,6.402716484495036,-0.141569173420225,0.5379613922335356,-0.26315861224250847,0.7924283294016372,0.9996811443482657
C10orf76,0.71372402894974,-0.810968489227874,1.5319990208493028,-0.5293531380837913,0.5965604999401111,0.9996811443482657
C10orf128,2.5976590293040545,-0.11563379832395317,0.9263562918225736,-0.12482648344347907,0.9006609206135903,0.9996811443482657
BZW2,5.084661094394255,-0.18419345196017314,0.6163219478836358,-0.29885914754888726,0.7650475188163949,0.9996811443482657
C15orf48,5.515720776591241,0.7472784439326079,0.654742269922274,1.1413322130879362,0.2537317018092151,0.9996811443482657
BZW1,1.887925360733937,0.46614255506944147,1.0130954244935055,0.4601171259878982,0.6454321520058584,0.9996811443482657
BX679664.3,1.119686435024489,0.7795246990078846,1.3968177301012041,0.558071881684524,0.5767953004169859,0.9996811443482657
BUD23,2.05059877114424,-0.4461710054049374,0.9831472063346243,-0.45381912548819114,0.6499590168288076,0.9996811443482657
BUB3,4.201774624830912,-0.36007742577002316,0.7577882757185362,-0.475168905758798,0.6346665880409665,0.9996811443482657
BTN3A2,0.9938120181296006,1.2636546471035852,1.5349944041961372,0.8232307841964738,0.4103767659554636,0.9996811443482657
BTN3A1,1.8458813086967898,-1.105258707097186,1.0882115259796867,-1.0156653193892173,0.3097887882328174,0.9996811443482657
BTN2A2,1.3235545742572246,-1.0959860897788472,1.2163790908209748,-0.9010234539950286,0.3675758495293131,0.9996811443482657
BTN2A1,1.0555368605264572,-0.4217367133300843,1.3305793217441972,-0.31695721287570316,0.7512760687331965,0.9996811443482657
BTLA,1.6954215305066638,-0.8631337030497449,1.0572728497885857,-0.8163774405276166,0.4142842952266218,0.9996811443482657
C19orf70,1.7369308130295587,-0.3927080499912543,1.2564005947337638,-0.3125659535957723,0.7546104479969267,0.9996811443482657
C1orf21,3.9934151864375003,-0.39276241031523107,0.7080453412889212,-0.5547136424910993,0.5790905432720268,0.9996811443482657
C1orf186,1.499038523297391,0.7793879287063994,1.2013431698697916,0.6487637739605027,0.5164910760059256,0.9996811443482657
C1orf162,16.892134543164453,0.23313648022295658,0.333174304718766,0.6997432782811633,0.48408764358381684,0.9996811443482657
C1QC,1.2785853807425709,0.4691012037022219,1.2906431776393346,0.3634631258503507,0.7162589534827406,0.9996811443482657
C1QBP,1.647034366643334,-0.8911657541611988,1.0935631852560859,-0.814919307979913,0.4151185003317732,0.9996811443482657
C1QB,2.8668289449238498,-0.1843139455462401,0.7981941597833139,-0.23091367343037922,0.8173818679178023,0.9996811443482657
C1QA,1.116535536173613,0.8749070439471206,1.442977030252012,0.6063208392127494,0.5443017231041608,0.9996811443482657
C1GALT1,0.7293392126522255,-1.8735979041739415,1.939439182367818,-0.9660513828984869,0.33401847023279907,0.9996811443482657
C1D,0.8616502403118242,-2.1485383552564588,1.6341059808543352,-1.3148096760120607,0.1885738747073783,0.9996811443482657
BANF1,6.53480036352569,-0.7180727033319673,0.5726613313746632,-1.2539221071697761,0.20987031878271012,0.9996811443482657
C19orf66,2.0660481787994134,0.23797803940007048,1.2267524345686343,0.19399027276742373,0.8461834984342256,0.9996811443482657
C19orf53,3.224314191092618,-0.8898557679240863,0.8078362686361915,-1.1015298550860584,0.2706661181768013,0.9996811443482657
C19orf38,1.5563725879651724,-0.19534328701968207,1.0953440155693013,-0.17833966702977153,0.858456228322017,0.9996811443482657
C19orf24,2.404446839351792,-0.7612155973631934,0.9170520373171119,-0.8300680510891978,0.4065003094079077,0.9996811443482657
C17orf62,2.0058965630708,-1.8146884252347448,1.0316388098870974,-1.759034661979559,0.07857162135998212,0.9996811443482657
C16orf72,5.237676917543188,0.43917947825274356,0.6502931796791646,0.6753561193267039,0.4994495372919152,0.9996811443482657
C16orf62,1.2085550104073195,0.002994716483910477,1.2767144946574198,0.0023456430521015177,0.9981284493397987,0.9996811443482657
C16orf54,1.1624399342034364,-1.8055939463851656,1.3488458630326106,-1.3386214065450355,0.1806939536906058,0.9996811443482657
ARRDC3,0.6824370943581846,-1.6146630827750683,1.7703286854831284,-0.912069660292728,0.36173204842641504,0.9996811443482657
ASXL1,0.6922251224108813,-0.9298169741705902,1.6254507914292662,-0.5720363723548948,0.5672973335661669,0.9996811443482657
ASPH,0.7738409022885553,0.05228327370796863,1.6110540108718903,0.03245283730721934,0.9741109265758165,0.9996811443482657
ASH1L,1.7254296156862732,0.3239946820237083,1.2486959402014537,0.25946643341487746,0.7952753776431274,0.9996811443482657
ASCC3,1.4525613527515744,-1.2151642087915824,1.20054378299346,-1.0121781695971699,0.3114528720859504,0.9996811443482657
ASCC2,1.2712420031971838,-0.8643890306605245,1.4170459054636992,-0.6099936687496874,0.541866001580205,0.9996811443482657
ASB2,1.9545613262680903,-1.6727208795972195,1.0395572939643543,-1.6090704084411684,0.1076009469040672,0.9996811443482657
ASAP1,12.030772057574964,-0.02091521331777198,0.39022379179654604,-0.053597996220273274,0.9572554530037086,0.9996811443482657
ASAH1,3.5256702833624995,0.2906158743043767,0.7742092912714122,0.3753712046352804,0.7073844172056254,0.9996811443482657
ARSB,1.3690911785356668,-1.163352303075839,1.218290990779705,-0.9549051186295768,0.339625681018642,0.9996811443482657
ASXL2,1.8483431025258297,-0.6149617328586001,1.0326228035638512,-0.5955337522435167,0.5514867445920542,0.9996811443482657
ARRDC2,1.4183495096844827,-0.33842443288507007,1.2834827750724367,-0.26367664565344107,0.79202909290952,0.9996811443482657
ARRDC1,0.9637326352466336,-1.0619149419878509,1.4408155946665506,-0.7370234927486407,0.4611080629763321,0.9996811443482657
ARRB2,4.0651709161037575,-0.3938469376703042,0.6640904947120336,-0.5930621516290279,0.5531395588034247,0.9996811443482657
ARPP19,3.4058328120741095,0.5305257059720346,0.8586206337589084,0.6178813845288984,0.5366535308415747,0.9996811443482657
ARPIN,1.5017672468103376,-0.8430465570331162,1.208383666705724,-0.6976646410087751,0.485386945931905,0.9996811443482657
ARPC5L,2.439933275130931,0.3388897424783562,1.10365004504517,0.3070626816895442,0.7587956620832155,0.9996811443482657
ARPC5,12.637574099157927,-0.20065544209283573,0.4016726505355016,-0.4995496751529537,0.6173922006708834,0.9996811443482657
ARPC4,10.154919988045677,-0.24233259126501147,0.43457711176064795,-0.5576285190980813,0.577098077893119,0.9996811443482657
ARPC3P1,1.3401486279606192,0.6552727731002876,1.2317631130035056,0.5319795390710184,0.5947401668106234,0.9996811443482657
ATF6B,1.012229954229902,1.1164710029501077,1.531941491918128,0.7287948063552909,0.46612718900536787,0.9996811443482657
ATL3,2.943065666402891,0.7636134941658685,0.8849904484425264,0.8628494188945584,0.38822026387678166,0.9996811443482657
ATIC,1.2241130401129623,-0.5303225058152679,1.3176944376412456,-0.40246243033747475,0.6873437323976641,0.9996811443482657
ATG5,0.8684007969591634,-0.34257213190929636,1.516539263029902,-0.22589071068616426,0.821286422908595,0.9996811443482657
ATG4B,0.6922251224108813,-0.9298169741705902,1.6254507914292662,-0.5720363723548948,0.5672973335661669,0.9996811443482657
ATG3,7.4982231634631,-0.25661314229961135,0.4919510293893224,-0.5216233465720258,0.601932604754774,0.9996811443482657
ATG16L2,0.886236331833765,-0.4427369945249239,1.539253220835089,-0.2876310333687178,0.7736291870917207,0.9996811443482657
ATG12,1.7291136359833676,-0.6535571349984176,1.0509561206005151,-0.6218690982312143,0.534027946069195,0.9996811443482657
ATF7IP2,1.1479050156222859,0.9185902677835038,1.3485222801231553,0.6811828631408392,0.4957557900553142,0.9996811443482657
ATF7IP,3.538473904957012,0.5286083830562229,0.7535554335131776,0.7014857295790158,0.4829999372969478,0.9996811443482657
ARPC3,12.359095482129653,-0.025284099795522468,0.38043885265608174,-0.06646035129955404,0.9470113229669316,0.9996811443482657
ATF6,2.903433423509246,-0.27308370301683493,0.8407261654017416,-0.3248188462010596,0.7453181801090687,0.9996811443482657
ATF5,3.29162117004985,0.4263306239522783,0.7937688923524079,0.5370966638523813,0.5912008451330644,0.9996811443482657
ATF4,14.343942304471996,0.05885542296370066,0.3782737322122744,0.15558950556649542,0.876356597541541,0.9996811443482657
ATF3,10.233472075079074,-0.18309779856722305,0.4590795440354375,-0.39883676139812774,0.6900134880292914,0.9996811443482657
ATF2,1.2649109987273859,0.9654276391392325,1.4586766201902865,0.6618517262676706,0.5080662519942953,0.9996811443482657
ATF1,0.6030013062949773,-1.302420927115878,1.725295844857144,-0.7548971563330459,0.45031069215910924,0.9996811443482657
ATAD2B,2.3584675580222587,0.1114003150358691,0.9297655232802349,0.11981549352663254,0.9046293083021462,0.9996811443482657
ATAD2,1.29514774634069,-0.02690171037815166,1.1952569953007566,-0.022507051189759,0.9820434873898005,0.9996811443482657
ATAD1,1.700004496433829,-0.2607215847023942,1.1434126230438748,-0.22802055832506743,0.8196302582472569,0.9996811443482657
ARHGEF1,3.184497681477721,1.4288493786061975,0.865861043258066,1.650206334759809,0.09890074163330671,0.9996811443482657
ARID4B,5.0589760806244986,-0.06785109742704575,0.5962517366092162,-0.11379605837779792,0.9093994632557001,0.9996811443482657
ARID4A,1.790527459496749,-1.5144072329996199,1.0344591347116388,-1.463960423551936,0.1432047621545845,0.9996811443482657
ARID3A,0.7188865349451719,-0.8337557161406077,1.6079805466078958,-0.5185110714799699,0.6041017374359634,0.9996811443482657
ARID2,0.9944744710115072,-0.17010019820852607,1.4705996506322754,-0.11566723692297391,0.9079162730707674,0.9996811443482657
ARID1B,3.360989535855671,-0.19265665452828756,0.735334879367774,-0.2619985260238571,0.7933225785720288,0.9996811443482657
ARID1A,5.028319806154301,-0.10031665952959379,0.6724098980373463,-0.14918974248059344,0.8814039137267449,0.9996811443482657
ARHGEF6,3.1148220815842382,-0.6847017004925762,0.7681864581413694,-0.8913222736953929,0.3727563026779046,0.9996811443482657
ARHGEF2,2.3236708805989363,0.08330142886313069,0.9926369068493474,0.08391933474197667,0.9331205668834915,0.9996811443482657
ARHGEF12,1.3975880024948524,0.6037019455855408,1.3947426389150932,0.43284110540646625,0.6651302085185161,0.9996811443482657
ARID5A,1.773495044565319,-0.23126914000352972,1.1219622568323195,-0.20612916218454713,0.8366900197529372,0.9996811443482657
ARHGDIB,19.806420849053808,0.07157313985652841,0.30919373789355936,0.23148314821682325,0.8169394757302804,0.9996811443482657
ARHGAP9,3.7000774253334354,0.46038011784555,0.7268440415378551,0.6333960128110546,0.5264750680989283,0.9996811443482657
ARHGAP5,4.713530110823177,0.08138471647956427,0.6507909573960448,0.1250550819040297,0.9004799435029509,0.9996811443482657
ARHGAP4,0.942109139499524,-0.01641111041059818,1.5601721952788723,-0.010518781491080723,0.9916073814166436,0.9996811443482657
ARHGAP31,3.3405875775529865,-0.18328516055408972,0.7674825163512279,-0.23881346695096797,0.8112502272198059,0.9996811443482657
ARHGAP30,4.90875615626452,-0.48248593504112375,0.6527813860053122,-0.7391233043480155,0.4598321269864213,0.9996811443482657
ARHGAP27,0.9402623482708387,1.2700578918183478,1.5931029267889973,0.7972227471694074,0.42532167733286996,0.9996811443482657
ARHGAP21,1.5170055863801313,0.8409370656993456,1.1348526990276482,0.7410098829741234,0.4586874479998738,0.9996811443482657
ARHGAP18,2.441629897874013,0.1760743132119591,1.000614612196044,0.1759661622625415,0.860320526201226,0.9996811443482657
ARL6IP1,10.773342935505658,0.45578216505292457,0.4399925630718802,1.0358860655980333,0.30025529912991245,0.9996811443482657
ARPC2,24.892758301793027,0.06698256066437273,0.2826656599922648,0.23696745004754285,0.8126820422210268,0.9996811443482657
ARPC1B,1.018223806865566,1.3245640760436006,1.6628136201069235,0.7965800015268263,0.42569499578245384,0.9996811443482657
ARNTL,0.8277629781502154,1.0060773497794673,1.6313561355281174,0.6167122726110145,0.5374245248634868,0.9996811443482657
ARMCX3,1.727082852523062,0.1669286426421154,1.1256654510365895,0.14829329841152727,0.8821113039794661,0.9996811443482657
ARMC8,1.3447635149950297,2.585792057768199,1.7462005480432954,1.4808104720077588,0.13865708520153916,0.9996811443482657
ARMC1,1.0554581781612886,1.3876704634920176,1.668540840618082,0.8316670648457002,0.4055968958046867,0.9996811443482657
ARL8B,5.771779268301321,0.4992621734251354,0.6463210746240315,0.7724677300915166,0.43983745243606565,0.9996811443482657
ARL6IP6,0.8304211341865078,0.36160185333398226,1.8983255763160432,0.19048463437748092,0.8489293827433577,0.9996811443482657
ARL6IP5,9.771849007533085,0.13112944959489997,0.4453143255896458,0.2944649252441407,0.7684026614966708,0.9996811443482657
ATM,2.2829902760397376,-1.0215670027546209,0.9377014333649015,-1.0894373906295218,0.27596105034715424,0.9996811443482657
ARL5B,6.470087159668598,0.7008449987114991,0.6612855584559046,1.059822023556609,0.2892255754377553,0.9996811443482657
ARL5A,1.5745781767900966,0.12026433709307471,1.0699599757641138,0.11240078116677937,0.9105056359721975,0.9996811443482657
ARL4C,20.383811109453603,0.33078823227501847,0.35212386915716165,0.9394087173550267,0.3475209390121212,0.9996811443482657
ARL4A,1.5819603037309413,-0.5587667767392734,1.066781645822592,-0.5237873926003012,0.6004264231876674,0.9996811443482657
ARL1,0.8779964214632644,-0.42445499770386685,1.4416852135301916,-0.2944158639627873,0.7684401461359882,0.9996811443482657
ARIH2,1.6915000303965346,0.7721470312065633,1.2157857364920486,0.6351012419626403,0.5253623871019636,0.9996811443482657
ARIH1,4.9304364387339525,0.2795511498107807,0.6413080177036563,0.4359077730101906,0.6629036452674528,0.9996811443482657
ARID5B,1.6094885500761977,-0.12312043061409879,1.1013964176610072,-0.11178575546447198,0.9109932822198802,0.9996811443482657
ATRX,5.532207076125238,0.09936426984558167,0.5687043470720768,0.1747204331339292,0.8612993114214947,0.9996811443482657
ATXN7L3B,0.739064168592015,-1.598549816968774,1.638457836414229,-0.975642937792776,0.329241438699134,0.9996811443482657
ATXN7L3,0.8501038840036244,-1.8731677379891116,1.5594856494172702,-1.2011445816696387,0.22969512207872922,0.9996811443482657
ATXN7,1.4490951268633503,0.19173736031576527,1.192868436064466,0.16073638510240812,0.872301030853515,0.9996811443482657
ATXN3,1.8504453947366652,0.9310864526584578,1.1086651945842272,0.8398265384416933,0.40100565135493726,0.9996811443482657
ATXN2L,0.8435366805235708,-2.7229365004963304,1.917738150061656,-1.4198687659255187,0.1556458905608553,0.9996811443482657
ATXN2,0.8999591138929435,0.028395768779792826,1.572021194817729,0.01806322260374182,0.9855884172722852,0.9996811443482657
ATXN1L,1.1312877485570816,0.3023397088578594,1.5054810904548324,0.20082597567965282,0.8408346510391066,0.9996811443482657
ATXN10,3.8146533584720785,0.6816478576629258,0.8075794147817879,0.8440629431436295,0.3986342337585861,0.9996811443482657
ATXN1,1.686018309551158,-0.4677458662136518,1.0114504874127621,-0.46245058164945024,0.6437582333850838,0.9996811443482657
AUP1,1.7655425605875474,-0.7143999871401426,1.0856732948950725,-0.6580248316867622,0.5105221750895608,0.9996811443482657
ATRAID,1.807340936845191,0.3908572781207031,1.111401197938575,0.3516797344160367,0.7250784604789273,0.9996811443482657
ATR,1.4649805420647597,0.33719386874670065,1.303268252189624,0.2587294428297325,0.7958440007707195,0.9996811443482657
ATPIF1,4.786276432930007,-0.4201800352646989,0.6558679235743141,-0.6406473318207485,0.5217518402852392,0.9996811443482657
ATPAF2,1.071957917308424,-2.5179002201564615,1.5124834255410111,-1.6647456611009246,0.09596350906595606,0.9996811443482657
ATP6V1H,1.2574201231419693,-0.8459748505371469,1.4019711760232745,-0.6034181479656203,0.5462305523210973,0.9996811443482657
ATP6V1G1,3.3325556809833428,-0.5435775803640032,0.7545592891850151,-0.7203908137571413,0.47128440440020525,0.9996811443482657
ATP6V1F,4.661729615796116,0.09760159782210542,0.7268342762501507,0.13428315231038224,0.8931786750863412,0.9996811443482657
ATP6V1E1,3.9208050713233122,-0.3700733513947134,0.6841229642809764,-0.5409456643275614,0.5885450348499615,0.9996811443482657
ATP6V1D,1.6241797459708747,-0.9109738307094317,1.0822720184982875,-0.841723536355914,0.3999427206988314,0.9996811443482657
B4GALT4,1.4667954121861992,-0.4773131355236147,1.1524446514960318,-0.41417445506297984,0.6787463483385998,0.9996811443482657
BAK1,1.2007490231350608,-0.5436704082668443,1.3327673419554271,-0.40792596813572485,0.6833280272247411,0.9996811443482657
BAHD1,1.063385403928815,-0.2697488395312081,1.445514442645363,-0.18661096117279494,0.8519656719488403,0.9996811443482657
BAG6,2.6511066589313925,-0.7255214333147655,0.8297912128545116,-0.8743421502608417,0.3819319513376027,0.9996811443482657
BAG5,0.8539106758654558,-1.8395215991487996,1.6676334555619432,-1.1030730961972306,0.26999542316985115,0.9996811443482657
BAG3,9.176214529719225,0.26691749756928124,1.3651169269349224,0.1955272052545618,0.8449802419622199,0.9996811443482657
BAG1,1.9918421134953093,-0.9660593871185726,0.9454082977481468,-1.02184356686906,0.3068549455728852,0.9996811443482657
BACH1,7.388279524221361,0.4223522442355001,0.531867699144139,0.794092675518993,0.427141481321169,0.9996811443482657
BABAM2,1.0195961771805768,0.3988522297167643,1.4456314717266274,0.27590173396016676,0.7826235420802453,0.9996811443482657
B4GALT5,2.6268266921414747,-0.29199008911785107,0.8715743591888337,-0.3350145469970039,0.7376141127722604,0.9996811443482657
ATP6V1B2,2.1687897316604534,-0.9008392471711562,0.8989640400892139,-1.0020859645083868,0.3163020760499339,0.9996811443482657
B4GALT1,8.384794013178489,0.18861667242661773,0.4712033399632283,0.4002872145204594,0.6889449838700639,0.9996811443482657
B3GNT7,1.3567749454071334,0.7482821149805757,1.2739872652077604,0.5873544700296095,0.5569656654863896,0.9996811443482657
B2M,44.33862821774807,0.26773830411854116,0.22752787709800615,1.1767274741600768,0.2393042982695005,0.9996811443482657
AZIN1,6.115418765028533,-0.15635157848078188,0.5595647437217048,-0.2794164218440147,0.7799252699500208,0.9996811443482657
AXL,3.63853441827063,0.29717626989790336,0.8072504241538013,0.36813392846391846,0.7127733733307682,0.9996811443482657
AVPI1,2.4606537931805414,0.9712726864801123,0.9454964295964191,1.027262140899565,0.30429704426721105,0.9996811443482657
AUTS2,1.4051891851242222,0.2529987942403969,1.153134568928174,0.21940092774736303,0.8263377473964679,0.9996811443482657
AURKAIP1,1.822908072689451,-0.8740801644354053,1.0119031033135397,-0.8637982842163201,0.3876987105769586,0.9996811443482657
AURKA,0.9966382549970392,-1.71304186747026,1.4120336327113803,-1.2131735588910053,0.22506347103772295,0.9996811443482657
ATP2A2,10.276234423558472,0.034956781952975885,0.4344028770335045,0.08047088037651222,0.9358627552019156,0.9996811443482657
ATP5E,28.241799623853943,0.29074912325109364,0.29065165005792964,1.0003353608800933,0.31714824004635256,0.9996811443482657
ATP5D,1.5469567252442205,-1.2673400931928505,1.1474385714859496,-1.104494937407958,0.2693784984380626,0.9996811443482657
ATP5C1,4.8216921097181835,-0.18523960570470718,0.6309745275968616,-0.29357699495447676,0.7690811568916124,0.9996811443482657
ATP5B,11.102849241169054,-0.39019235062456603,0.4051517007335398,-0.9630771632406099,0.33550880118069026,0.9996811443482657
ATP5A1,7.691456641112535,-0.49542790546038623,0.4999479379723826,-0.9909589935897565,0.3217056039737969,0.9996811443482657
ATP2C1,2.761002536502207,-0.8917320335990946,0.8448626844975102,-1.0554757003257402,0.291207817257769,0.9996811443482657
ATP2B4,4.915744374154789,-0.044359233271628745,0.6195360812764568,-0.07160072611143731,0.9429196622070568,0.9996811443482657
ATP2B1,9.794485652366777,-0.02625088627923314,0.4426175177128438,-0.059308285887283575,0.9527065615504515,0.9996811443482657
ATP2A3,2.4582429344907464,-0.23336969764244025,0.9459939241516054,-0.24669259673283092,0.805146136477829,0.9996811443482657
ATP5EP2,10.05944392752128,0.7633505736191865,0.5262913567399995,1.450433422178164,0.1469376925949149,0.9996811443482657
ATP1B3,14.925478044586658,0.7064041810572466,0.4123679098522464,1.71304353268021,0.08670453113012967,0.9996811443482657
ATP1B1,7.357786408436101,0.1408262734688582,0.5956552685886833,0.2364224424683175,0.8131048831645453,0.9996811443482657
ATP1A1,12.953525313563867,-0.02800132357292169,0.3939236803682607,-0.0710831183003382,0.9433316038250403,0.9996811443482657
ATP13A3,1.2583657027445945,1.8152760238290186,1.4181685986384176,1.2800142561130345,0.20054012215294326,0.9996811443482657
ATP13A1,0.9613726409778645,-2.337684869134809,1.5642843989662563,-1.4944116751913192,0.135068051860117,0.9996811443482657
ATP11C,1.2372072987528528,0.12611410748592888,1.3428249651793143,0.09391701134264227,0.9251750804686487,0.9996811443482657
ATP11B,1.8486847144285865,1.563634464351724,1.3604575700461028,1.1493445284726784,0.25041394375262604,0.9996811443482657
ATP11A,1.2173786912945581,0.3643984901671213,1.2897547894659394,0.2825331552503954,0.7775347274518369,0.9996811443482657
ATN1,1.723068982353169,0.5247759048568673,1.0701704886540846,0.49036663823243654,0.6238744798596881,0.9996811443482657
ATP5L,13.862120241756799,0.3084265865474654,0.37728766311266704,0.8174838901513775,0.4136519519503785,0.9996811443482657
ATP6V1A,5.165853588887092,-0.10017629445401281,0.7447262102639763,-0.13451425916445753,0.892995936377053,0.9996811443482657
ATP6V0E1,12.931915064844029,-0.29278624622925525,0.38539877863825134,-0.7596968710273848,0.4474357995161691,0.9996811443482657
ATP6V0D1,8.180440563068425,-0.3126293850808489,0.4768968570683238,-0.6555492669897367,0.5121141772086,0.9996811443482657
ATP6V0B,4.802247496429901,-0.7100752705341905,0.672484563957153,-1.0558982444977467,0.2910147062589872,0.9996811443482657
ATP6V0A2,3.6342449353100417,0.04937665201793783,0.7558920066798334,0.06532236295872337,0.9479173373012636,0.9996811443482657
ATP6AP2,4.711593146307177,-0.17379826140018093,0.6346128688593285,-0.273865012716447,0.7841883597848137,0.9996811443482657
ATP6AP1,3.6770998592333957,-1.5050990915081301,0.7419555039426267,-2.02855708126739,0.04250342376996213,0.9996811443482657
ATP5S,0.7828565630105601,3.147581951252119,2.63868247455425,1.1928612031213939,0.2329237357621925,0.9996811443482657
ATP5O,4.276791327390029,-0.2542696229055079,0.6917255167391664,-0.3675874559379412,0.7131808696604929,0.9996811443482657
EEA1,3.3670894431387226,-0.583917979089223,0.7696493558903748,-0.7586805272041228,0.4480436882540436,0.9996811443482657
ATP5J2,9.449137132493458,-0.4323144544721152,0.48972696785428665,-0.8827662817228109,0.37736256188086836,0.9996811443482657
ATP5J,4.779199321365545,-0.5994454912360127,0.7027537528833551,-0.8529950765492536,0.3936620345156534,0.9996811443482657
ATP5I,1.7608003488600406,0.1692267338390774,1.0728154697856116,0.15774076586805297,0.8746610760908379,0.9996811443482657
ATP5H,6.137461293763913,-0.1697436027618617,0.544263864956293,-0.3118774066977475,0.7551336935553397,0.9996811443482657
ATP5G3,10.142362282642942,-0.26191136373490037,0.436541229072292,-0.5999693643862615,0.5485266527682368,0.9996811443482657
ATP5G2,17.163163698375968,0.19725217048554547,0.33235587981647463,0.5934968582306027,0.5528486849496059,0.9996811443482657
ATP5G1,2.7989071302419246,-0.3168444938346965,0.8228491528136683,-0.38505781132698685,0.7001945842048729,0.9996811443482657
ATP5F1,7.723972218600945,-0.004896589766274661,0.4882293635874342,-0.010029281586620012,0.9919979252164177,0.9996811443482657
KDM2B,1.6407205274433605,0.2751176291000866,1.1244555796016196,0.24466740535678366,0.8067139678268243,0.9996811443482657
KDSR,3.320822405444369,-0.8523760977288674,0.7829678065424793,-1.0886476948431498,0.2763092756224006,0.9996811443482657
KDM7A,4.501570958875995,-0.07727070188397601,0.7977828520345094,-0.09685680970319169,0.922840108343217,0.9996811443482657
KDM6B,15.760436307080788,0.2623966488024079,0.3474809501706716,0.7551396664292732,0.45016518495633673,0.9996811443482657
KDM6A,0.8375871324379811,0.21641734166859608,1.4726901142934312,0.14695375460738325,0.8831685224055772,0.9996811443482657
KDM5C,2.6114393991583187,0.4673976067253333,0.8495287802897225,0.5501845465034539,0.5821928018224232,0.9996811443482657
KDM5B,1.1669067222393255,1.4097973261138235,1.4700993251702064,0.9589810035118537,0.3375683151703879,0.9996811443482657
KDM5A,4.4242060460261605,-0.6145277762837468,0.6600789551609819,-0.9309913177490622,0.35185805533650727,0.9996811443482657
KDM4B,1.1088561195315498,-0.6478372349193241,1.3667431587184886,-0.474000715340519,0.6354993971137446,0.9996811443482657
KDM3A,1.1706820413463872,-1.9385810682549587,1.4156576121626323,-1.3693855432271376,0.17087879083933344,0.9996811443482657
KHDC4,0.8786012197417763,1.1514632658078654,1.56580095936292,0.7353829098919209,0.46210632708305055,0.9996811443482657
KDM2A,6.050375896093913,0.039707757247959455,0.6119786029659264,0.06488422480053653,0.9482661809103405,0.9996811443482657
KDM1B,3.171925287045875,-0.035041560597704045,0.8581967661560187,-0.04083161575481112,0.9674301346410442,0.9996811443482657
KDM1A,1.3235184480221556,-0.2928506771381897,1.2128787880349017,-0.24145090179428763,0.8092056655261564,0.9996811443482657
KDELR2,3.6009879261460966,-0.4166849843639373,0.803665277549603,-0.5184807605903057,0.6041228801780462,0.9996811443482657
KDELR1,4.487269946375208,-0.7488511042973879,0.6492208298281795,-1.15346130298311,0.24872109203942916,0.9996811443482657
KCTD9,1.11160367403382,-2.0611511218016783,1.4912277840106558,-1.3821839586828337,0.1669152242620361,0.9996811443482657
KCTD20,3.1395524461058133,0.46554111485531846,0.8834568686013327,0.5269539820233123,0.5982255453844743,0.9996811443482657
KCTD12,5.076088926341072,-0.21652704183944813,0.6277380474156792,-0.3449321619596956,0.7301453710029235,0.9996811443482657
KCTD10,0.9501329211806531,1.184543851470104,1.6699294408246443,0.7093376657190694,0.47811495985039265,0.9996811443482657
KIAA1191,1.713134457594959,0.026501763547110174,1.047410102725076,0.025302184386192,0.979813931601945,0.9996811443482657
KIF20B,1.396082440942756,-0.22515953346619455,1.1218625166793155,-0.20070153884155165,0.8409319563787963,0.9996811443482657
KIF1C,1.6930210722249717,2.0401062030187807,1.4105927783569754,1.4462758028543485,0.14809985978421622,0.9996811443482657
KIF1B,1.0078004017847215,1.430122149503797,1.6942133018599028,0.8441216627999633,0.3986014236298381,0.9996811443482657
KIF16B,4.417816044595359,0.09895638278213911,0.663410985312096,0.14916301504351173,0.8814250031678816,0.9996811443482657
KIF11,1.1086153716962683,-3.205553091275809,1.5998715768877612,-2.0036315024182056,0.04510954870650268,0.9996811443482657
KIDINS220,2.3686349756626344,-0.3344968623970939,1.0141056978176308,-0.3298441800661762,0.7415177028981712,0.9996811443482657
KIAA2026,1.3236095314816172,-1.1187205787099312,1.2163865888277254,-0.9197080837499872,0.35772532714718586,0.9996811443482657
KIAA2013,1.512246951473184,0.46927598868391046,1.270874113104668,0.3692545027433896,0.7119380344629529,0.9996811443482657
KIAA1551,1.7712214018883092,0.043512568997515905,1.051494997762657,0.041381622442427955,0.9669916634130018,0.9996811443482657
KCNK6,4.663726487445267,-0.518471704118043,0.6255387818188219,-0.8288402241193268,0.4071948236988737,0.9996811443482657
KIAA1143,1.3203523653233995,0.34973519816503296,1.3949274220547523,0.2507192794660721,0.8020311538178493,0.9996811443482657
KIAA1109,1.5776917074002341,-0.585164808755833,1.1550183586882747,-0.5066281452187391,0.6124157563002643,0.9996811443482657
KIAA0930,5.705734950883086,-0.41174511839817274,0.5743253929252287,-0.7169195781175878,0.47342372089258256,0.9996811443482657
KIAA0368,3.805328604531236,0.6287044295154324,0.7463137614087678,0.8424130198653553,0.3995568077089081,0.9996811443482657
KIAA0141,1.7214175631598945,-1.068651054291605,1.0576827459821017,-1.0103701306948323,0.31231799275982175,0.9996811443482657
KIAA0100,0.9335027412421897,-0.24169214984258058,1.4788681015656162,-0.16343049768042947,0.8701794920047425,0.9996811443482657
KIAA0040,2.346877815005316,-0.2281531985139122,0.8730291249627886,-0.2613351513600841,0.7938340612897343,0.9996811443482657
KHSRP,3.744320278235545,-0.7654360445501684,0.7056148890203562,-1.0847787602850405,0.2780196548250806,0.9996811443482657
KHDRBS1,10.61894351685249,0.07184568648899055,0.414768624908093,0.1732187108051159,0.8624795168542332,0.9996811443482657
IWS1,2.0726472780660647,-0.7051820759293022,1.0127904281375972,-0.696276402637463,0.48625574816152284,0.9996811443482657
JMJD6,1.9970493977139387,-0.048239902935726144,1.070336902544907,-0.04506983064960913,0.9640516486307337,0.9996811443482657
JMJD1C,9.787873848183512,-0.21369826104081463,0.4710505844116543,-0.45366308441741,0.6500713408115149,0.9996811443482657
JCHAIN,3.026553106230824,-1.0697792134799613,1.0559936173785482,-1.0130546206667757,0.3110340720585698,0.9996811443482657
JAZF1,1.3010760067291072,0.8557451514876833,1.281550294808636,0.6677421517939451,0.5042981983398647,0.9996811443482657
JARID2,2.691976765360681,0.9962448624813854,0.9032791392302599,1.1029202593235437,0.2700617954153449,0.9996811443482657
JAML,2.2443676480902988,-1.7236409961201067,1.070691473945447,-1.6098390975026373,0.10743298739516359,0.9996811443482657
JAK3,0.7026687497366246,-1.5574184528582937,1.748953970940808,-0.8904856724276842,0.37320515829522827,0.9996811443482657
JAK2,2.8003315942086653,0.10779462514794355,0.8379080488165176,0.12864732031181153,0.8976367211939277,0.9996811443482657
JAK1,7.6352123183517815,-0.25985024316271416,0.5081222826485035,-0.5113931272769374,0.6090758064089177,0.9996811443482657
JMY,1.0692420509114293,1.5364005804168588,1.5776495358272007,0.9738541707308181,0.33012895167150225,0.9996811443482657
IVNS1ABP,6.300834203823075,-0.6263982137092732,0.599186825250117,-1.0454138631098864,0.2958317322065618,0.9996811443482657
IVD,0.9235223096408972,-1.3895196649400607,1.5867470597305,-0.8757033179415897,0.38119134114145015,0.9996811443482657
ITSN2,8.682962133031658,-0.02893124793441822,0.4801675563218706,-0.060252400549579706,0.9519546118840773,0.9996811443482657
ITPRIPL2,0.858263742717918,-0.7799677762908294,1.686287924685027,-0.46253535050161465,0.6436974578732939,0.9996811443482657
ITPRIPL1,1.6425442579162526,2.056753820368819,1.4435579350394099,1.4247809321990728,0.15422053581314965,0.9996811443482657
ITPR2,1.2132079047468036,0.7003436935176612,1.4427367274850846,0.48542723019082606,0.627373320464852,0.9996811443482657
ITPK1,1.4941192776023968,-1.2377019231852562,1.1594946224684475,-1.0674494725558221,0.28576891851545383,0.9996811443482657
ITPA,0.864056141423676,-0.40489302418565154,1.6163192078299937,-0.25050313219332765,0.8021982827646326,0.9996811443482657
ITM2C,1.840563549352443,-0.37306554104696316,1.199467360429696,-0.31102600483711085,0.7557808524015892,0.9996811443482657
KAT2B,3.291837298739222,0.0756018066489371,0.748416221622105,0.10101572422505621,0.9195379778992862,0.9996811443482657
KCNAB2,3.548633229656968,-0.5060919429626967,0.8332869868856561,-0.6073441094456247,0.543622571293612,0.9996811443482657
KCMF1,4.6305776631517315,0.026161498736182353,0.6332935991329534,0.04131022131283222,0.9670485845981558,0.9996811443482657
KBTBD8,2.022095580716514,-0.08754632260622511,1.0777487965919899,-0.0812307310229065,0.9352584604413174,0.9996811443482657
KBTBD2,1.4288518756486128,-0.8287725144233378,1.2290293587837682,-0.6743309331873736,0.5001009420553806,0.9996811443482657
KATNBL1,0.9927889070051081,-1.3451608198787768,1.4552799314571552,-0.9243313199075607,0.35531384085663553,0.9996811443482657
KATNA1,2.825216118605942,-0.5945576289436931,0.8269376757986745,-0.7189872300466373,0.4721487878705809,0.9996811443482657
KAT7,0.9061600448366687,-0.17577197789607157,1.3892831180784504,-0.12651991203865334,0.8993203881689711,0.9996811443482657
KAT6B,1.9153396705452612,-0.025639665751419224,0.9803136216451325,-0.02615455420112547,0.9791340639631785,0.9996811443482657
KAT6A,2.41675938385122,-0.02137743044887875,0.9332321367540861,-0.022906873442263238,0.9817245576212581,0.9996811443482657
KIF23,1.0786497099967285,-3.173563882013535,1.6193090601651954,-1.9598259282818935,0.05001613959870972,0.9996811443482657
KARS,4.672105825561916,-0.3106046017813437,0.6365201628091078,-0.4879729188947843,0.6255690232090645,0.9996811443482657
KANSL2,1.2422725067442983,0.018207549452663244,1.1806253188963423,0.015421954079117839,0.9876955486864106,0.9996811443482657
KANSL1,0.9588790071195338,-2.0808533719030566,1.4864638316272187,-1.3998681485745705,0.16155280567136654,0.9996811443482657
JUND,25.87319931288497,0.10606615411986134,0.2706748383579274,0.391858196954401,0.6951629917711245,0.9996811443482657
JUNB,20.869445862466034,0.12745505186478856,0.3273439586851469,0.38936124673490663,0.697008935263535,0.9996811443482657
JUN,9.553827429680725,0.07801893264389176,0.4709223776715775,0.16567259561893738,0.8684146135125645,0.9996811443482657
JTB,5.657173624552994,-0.27864392911328684,0.6904319993753913,-0.40357910607469794,0.6865222527249686,0.9996811443482657
JPT1,7.135671150912771,-0.833543019855051,0.5168460853330049,-1.6127490243405784,0.10679904496039638,0.9996811443482657
JOSD1,6.068743848430192,0.33322198415978793,0.5664856170911946,0.5882267335767941,0.5563801156236484,0.9996811443482657
LAPTM4A,7.693012517581139,0.6620758762325611,0.545281789904794,1.2141903296425127,0.22467505241170216,0.9996811443482657
LAT2,0.8750293875586399,1.1191176214370675,1.725986727943111,0.6483929472451622,0.5167308307684367,0.9996811443482657
LASP1,3.1443296332250883,-0.013103606962525995,1.02682143843257,-0.012761329742519291,0.9898182083772816,0.9996811443482657
LARS,0.731278697302564,-1.5789077270295713,1.61514440048739,-0.9775644373054917,0.32828979336672903,0.9996811443482657
LARP7,0.978119239478757,-1.3671537040942545,1.4582348411829473,-0.9375401447582983,0.348480783809742,0.9996811443482657
LARP4B,2.812711114800611,-0.9509946474893055,0.8311018989233869,-1.1442575798722494,0.2525168300321813,0.9996811443482657
LARP4,2.145127041136063,-0.20676812619271398,0.9091467434993631,-0.22743097049091376,0.8200886402154982,0.9996811443482657
LARP1B,1.4782501732559716,-0.05236969476662789,1.0795036242370213,-0.04851275492811993,0.9613075994485906,0.9996811443482657
LARP1,1.807113038456678,-3.2674589840229755,1.3207455643003303,-2.4739503749565297,0.013362825686930254,0.9996811443482657
LAPTM5,13.79725680894631,-0.058844894777414274,0.3875894995759711,-0.15182272698768026,0.8793267563814587,0.9996811443482657
LATS2,1.3451158034083022,-1.057086175535117,1.2855563276378248,-0.8222791586872623,0.4109180354781915,0.9996811443482657
LAP3,7.918600478172435,-0.7836164066348015,0.5027658679021991,-1.5586109890563116,0.11908848052112901,0.9996811443482657
LAMTOR5,3.2961449483041516,0.274681036205895,0.7588509352177547,0.36196968792965173,0.7173746822141798,0.9996811443482657
LAMTOR4,2.983146727381248,-0.5239802677180513,0.863864649641302,-0.606553663164271,0.5441471591163445,0.9996811443482657
LAMTOR3,2.014003472916075,-1.5612965171620226,1.0387075183953578,-1.5031146781087943,0.13280947438407228,0.9996811443482657
LAMTOR2,1.7709335963666442,-0.9962588442219873,0.9935964833479137,-1.0026795192200184,0.3160155147538085,0.9996811443482657
LAMTOR1,3.082668313181718,-1.1038673481628434,0.8211255598217996,-1.3443344138531073,0.1788402719307033,0.9996811443482657
LAMP2,4.170613859785819,0.2786705368991884,0.703086715859961,0.396353011105238,0.6918446252702168,0.9996811443482657
LAMP1,0.9143999552071693,-0.19837976608486924,1.4558284396075478,-0.13626589554628227,0.8916110837719249,0.9996811443482657
LAG3,0.7003087554678553,-3.2429593159742427,2.029303744683374,-1.5980650134168217,0.11002850896158727,0.9996811443482657
LDLRAD4,8.087085018617621,0.5137661454489577,0.49350484430675784,1.041055931620411,0.29784959051877935,0.9996811443482657
LGALS2,6.624550510905443,-0.32052705614223376,0.5555889853034314,-0.5769139860956385,0.5639975620447064,0.9996811443482657
LGALS1,14.21520749699156,-0.033430509070636286,0.4656665622474614,-0.07179065833992794,0.9427685072031731,0.9996811443482657
LFNG,3.3508197060923397,0.5014362537631248,0.907142105100752,0.5527648324817122,0.5804244525007822,0.9996811443482657
LETMD1,1.3283727962915455,0.3660323022358512,1.195998828610441,0.3060473751977852,0.7595685750292547,0.9996811443482657
LETM1,1.308555056858075,-2.1073973271360855,1.3897437199821894,-1.5163927685624607,0.12942006651726568,0.9996811443482657
LEPROTL1,2.3426009103836827,-1.1068095823030346,0.9294041441830835,-1.190880833951827,0.2337003696164407,0.9996811443482657
LEPROT,2.203429044353439,0.7842934987239487,1.0564393114244905,0.7423933303527076,0.4578490593812804,0.9996811443482657
LEMD3,1.386082617675208,0.7580178196698893,1.3395264099006354,0.5658849381895488,0.5714720010882515,0.9996811443482657
LEMD2,1.1739076081464679,-0.7187078964764969,1.247180519950983,-0.5762661338751056,0.5644353099572956,0.9996811443482657
LACTB,1.2617757101287712,-0.49400696757606255,1.196498885361242,-0.4128770813078644,0.6796966734233023,0.9996811443482657
LDLRAD3,1.7618856719015192,-0.846131549479686,1.2795017124289965,-0.6612977077407706,0.5084214112211684,0.9996811443482657
LDHB,8.192088673264003,0.02543630683365968,0.5026960523766018,0.05059977438335584,0.95964444261268,0.9996811443482657
LDHA,17.52061472282915,-0.06076265149302466,0.35293653698768895,-0.17216310901567033,0.8633092995274017,0.9996811443482657
LCP2,2.125660204657813,0.6008393300601108,0.9791411837736356,0.6136391156017567,0.5394538295399116,0.9996811443482657
LCP1,30.10104954673942,0.16207814785329427,0.26707998952749995,0.6068524569737781,0.5439488319388303,0.9996811443482657
LCORL,1.064564922342755,2.4832230052844473,1.8983488663109294,1.3080962352879355,0.19084067022290174,0.9996811443482657
LCOR,2.3045749481727764,0.01793313486235842,0.9428913212402497,0.019019302074781787,0.9848257073653536,0.9996811443482657
LBR,5.154871812510234,-0.5527799713591641,0.6181324495887517,-0.8942743124502408,0.3711751403729979,0.9996811443482657
LBH,1.2828741993181771,0.05551087969232971,1.1797844607154684,0.0470517128685232,0.9624720122283775,0.9996811443482657
KLF6,20.415662036493984,0.3157652460838229,0.3204628673501414,0.985341137008595,0.32445653260982243,0.9996811443482657
KLHL6,4.41130862594172,0.6426543864461746,0.7014716716618628,0.9161515887358023,0.3595873928894471,0.9996811443482657
KLHL5,3.4525188684870884,-0.37236543396012456,0.7940679664862619,-0.4689339573888564,0.6391168430943791,0.9996811443482657
KLHL24,1.270220001428331,1.0975506704611424,1.3295209121195615,0.825523435138297,0.4090744834057993,0.9996811443482657
KLHL21,1.3064085192203228,0.09439716952754448,1.416179759004737,0.06665620584344811,0.9468553994042634,0.9996811443482657
KLHL2,0.7623035963616653,-0.0041163535467033715,1.5345488611050297,-0.0026824519251470317,0.9978597155905828,0.9996811443482657
KLHL18,0.7372257886803049,1.5372047145097434,1.9464022969774972,0.7897672114838834,0.4296637310807113,0.9996811443482657
KLF9,1.026569475454994,-1.0620864913826888,1.5078441818894774,-0.704374168192757,0.4811997885493604,0.9996811443482657
KLF8,1.058449742723564,-0.38343701490178284,1.4547408031439442,-0.2635775487104711,0.7921054604403512,0.9996811443482657
KLF7,1.0840174766567081,-0.7515693497863604,1.3941289208490333,-0.5390960179842262,0.5898206030762227,0.9996811443482657
KMT2A,3.1365686453245463,-0.2498702253648651,0.7500113911650733,-0.33315524045136813,0.7390171028859767,0.9996811443482657
KLF4,11.39618052348012,-0.42913739717399807,0.4051314138825475,-1.0592548058946873,0.28948375128633264,0.9996811443482657
KLF3,4.692646637585684,0.22937607697973675,0.634046795965022,0.3617652173931821,0.7175274865891541,0.9996811443482657
KLF2,3.3308040983253155,-0.3661771422000604,0.8168419100908557,-0.44828397964953987,0.6539482610440384,0.9996811443482657
KLF16,0.9062306123133228,-2.1381908264556126,1.5869649625149191,-1.3473459571956439,0.1778688372644548,0.9996811443482657
KLF13,0.8251761390912653,-0.399776359566125,1.473780662831643,-0.2712590615743432,0.7861917905301681,0.9996811443482657
KLF10,3.6966355813017873,-0.4933758151047144,0.7182614168369301,-0.6869028511616788,0.4921439501271184,0.9996811443482657
KIFC1,3.4633734182092177,-0.23567146287249083,0.7606962895093767,-0.30981019116642583,0.756705301243512,0.9996811443482657
KIF5B,8.27340795104699,-0.04623916617010197,0.4842744461088091,-0.0954813258094414,0.9239325223323347,0.9996811443482657
KIF2A,4.761208914961518,0.28611968808150096,0.6486682940666247,0.4410878267037877,0.6591494160124357,0.9996811443482657
KPNA4,6.038758716676993,0.41692034931648114,0.5788993500538522,0.7201948823706523,0.47140501441015714,0.9996811443482657
LACC1,1.8571744745877534,0.14759474180027726,1.124146526350067,0.13129493205791862,0.8955420007199664,0.9996811443482657
L3MBTL2,0.8171982642532187,-1.0434013690521946,1.6885648789108707,-0.6179219893079807,0.536626763215607,0.9996811443482657
KYNU,1.2506037412454138,0.8729629786453608,1.3641767944658894,0.6399192408100949,0.5222251042727675,0.9996811443482657
KTN1,7.722041275243502,-0.19263871082806466,0.48543313362679813,-0.3968388177148321,0.6914863236660482,0.9996811443482657
KRT8,0.9798681720265238,1.0298541924019087,1.7160763912492323,0.6001214151382955,0.5484253214251527,0.9996811443482657
KRT10,0.9283757224174916,0.12020624585202883,1.6969940173435092,0.07083480826891826,0.9435292284009641,0.9996811443482657
KRCC1,1.262837700624642,-2.597460589679389,1.4766918518630836,-1.7589726566191017,0.07858215298409794,0.9996811443482657
KRAS,1.9197266415396945,-1.2590178305717974,0.9702574611655203,-1.2976121091193713,0.19442065899536498,0.9996811443482657
KPNB1,5.7482258135710875,-0.35058737645162547,0.5875579316288583,-0.5966856331591153,0.5507172863442937,0.9996811443482657
ITM2B,9.015739975646603,0.5223201040539409,0.49434285403055356,1.0565948304810695,0.29069654081490903,0.9996811443482657
KPNA3,2.508700814784093,-0.3076984077012216,0.8788432189669754,-0.3501175193260313,0.7262505034774294,0.9996811443482657
KPNA2,3.66062274745049,-0.7587776811050486,0.7412681636548134,-1.023621029890053,0.3060143082399328,0.9996811443482657
KPNA1,1.1849158296731992,0.6484255768040071,1.3599066008281335,0.47681625812327083,0.6334929674857117,0.9996811443482657
KMT5B,1.4553767215941888,-0.809702771412474,1.2045810884086723,-0.6721861892105101,0.5014651720795248,0.9996811443482657
KMT5A,2.8810946290372597,-0.063621699799383,0.8223807318044519,-0.07736282884423311,0.9383349104130182,0.9996811443482657
KMT2E,7.811497660879681,-0.3326462297634531,0.5182327957479583,-0.6418857171772568,0.5209473885989859,0.9996811443482657
KMT2D,0.6532664377133018,1.723612609333187,2.0205843003130486,0.8530268245012831,0.3936444288101344,0.9996811443482657
KMT2C,5.73596595424317,0.3210010903229322,0.6284594843549938,0.5107745181893228,0.6095089541396801,0.9996811443482657
IDH2,4.829949908191351,-0.3524123095194745,0.6684919461019024,-0.527175101471984,0.5980719973912607,0.9996811443482657
IFI16,6.782219407251303,-0.6109540760317416,0.5202566443900551,-1.1743320967058852,0.24026203190666628,0.9996811443482657
IFFO2,1.418988452776119,-0.46380930117292596,1.1700402482323444,-0.3964045697347871,0.6918065954660495,0.9996811443482657
IER5,15.052994496043794,0.06576738460188097,0.4513380252305633,0.145716471747055,0.8841452175928536,0.9996811443482657
IER2,6.6231280536812935,-0.019878850683652766,0.5782780102839635,-0.034375940862581396,0.9725773685405483,0.9996811443482657
IDS,6.470903087845724,-0.7787417397564308,0.5558593090415241,-1.4009691428919773,0.16122330068740787,0.9996811443482657
IDO2,0.9339512622071748,-0.6945668547542132,1.4651977005312964,-0.4740430963701048,0.6354691753865157,0.9996811443482657
IDO1,12.412500890161194,0.013096838554450348,0.44004048608545093,0.029762803579639462,0.9762562240589898,0.9996811443482657
IDI1,1.2570796205948525,0.5588414472220684,1.2436296230091342,0.449363248416256,0.6531696385592143,0.9996811443482657
IDH3G,2.5201050078613,-0.3635350995398721,0.8833490236029211,-0.4115418592496081,0.6806752540236489,0.9996811443482657
IFI27,0.9082858849436177,3.4301878841416853,2.4632921891103465,1.3925217232879494,0.16376446812015844,0.9996811443482657
IDH1,1.242911234485429,0.35653956657322144,1.3095730084498345,0.27225634941519133,0.7854249169845261,0.9996811443482657
ID2,18.715165587421517,0.32098225964503174,0.39914160418995975,0.8041814140033111,0.42129221108900994,0.9996811443482657
ICOS,0.9292070690577234,0.507592129650814,1.481180649112425,0.34269427564759297,0.7318284696180782,0.9996811443482657
ICE2,1.1306641192892464,-1.7234135182584143,1.419325014116378,-1.2142486753334305,0.22465277819841722,0.9996811443482657
ICE1,0.9142075516585737,-0.8091029013537553,1.4714455414002863,-0.5498694165628316,0.5824089423675434,0.9996811443482657
ICAM1,2.3379494218282986,1.2586218183596853,1.0927519983898124,1.1517909097528851,0.24940700419052875,0.9996811443482657
IBTK,2.4303398743327085,-0.39882755035068196,0.9773447189969013,-0.4080725486090711,0.6832204131405691,0.9996811443482657
IARS2,1.8589640349268735,0.5192079885542984,1.1886738780685295,0.43679599437143934,0.6622593042409823,0.9996811443482657
IARS,0.938646416248298,-1.357899583097671,1.463952661540284,-0.9275570302040844,0.3536373959054264,0.9996811443482657
IGBP1,2.1147423717689002,0.6466856315783989,1.1425845754763626,0.565984913028241,0.5714040365537065,0.9996811443482657
IGHG4,3.482065107709686,-3.6770452712783843,1.233889386944544,-2.9800444919813915,0.0028820651966680964,0.9996811443482657
IGHG3,4.770854989077325,-1.591085656334435,0.8288942627806535,-1.9195278912860287,0.05491755996698803,0.9996811443482657
IGHG2,1.6855802005893383,-3.8145760532637225,1.6857178395520813,-2.2628793287714797,0.02364312898628353,0.9996811443482657
IGHG1,5.0806501070612695,-1.7626852508937583,0.881437660541665,-1.9997843634347836,0.04552355377110878,0.9996811443482657
IGHD,1.6734186897567684,-1.5992720073840634,2.9806231385019273,-0.5365562612480637,0.59157416355686,0.9996811443482657
IGHA2,1.1038286224167173,-1.562630816646699,1.5335972077985565,-1.0189317042966057,0.30823539088102936,0.9996811443482657
IGHA1,4.226136773932444,-1.7544560972592085,0.8641136019517817,-2.0303535244629893,0.042320617192498154,0.9996811443482657
IGFBP7,2.5813216932678325,0.10683305499558074,0.9673240826257362,0.11044184355008468,0.9120589697242242,0.9996811443482657
IGF2R,2.059765430128042,0.38841449330928457,0.9454580395698781,0.41082150349685315,0.6812034242514433,0.9996811443482657
HUWE1,2.0172852582202028,-0.5940322092990171,0.9598288137990416,-0.6188939118714444,0.5359862494837142,0.9996811443482657
IFT57,1.7397054257341231,-0.09272828949714178,1.021730647423393,-0.09075610067191836,0.9276863926245693,0.9996811443482657
IFRD1,2.567337487807106,0.12591276181716501,0.9189750018649783,0.13701434920605698,0.8910194530533347,0.9996811443482657
IFNGR2,6.023875262429433,0.2826960776620654,0.6055626150894808,0.46683211713836215,0.6406199954992147,0.9996811443482657
IFNGR1,5.004236796041337,-0.6096160674282806,0.6552678782186296,-0.9303310717527383,0.35219969480745017,0.9996811443482657
IFNAR1,3.774129903292711,-0.7434882869134601,0.7483942312568177,-0.9934447058268757,0.320493284286709,0.9996811443482657
IFITM3,2.0161729150822723,-0.03710560520569079,1.1370084207853204,-0.03263441547782234,0.9739661248562725,0.9996811443482657
IFITM2,4.753704013765383,0.2193960947297566,0.6725792363862907,0.3262011118698112,0.7442722002138652,0.9996811443482657
IFIH1,1.3055454668233508,-0.6841487398765664,1.2043347901690407,-0.568071889528774,0.5699861544409104,0.9996811443482657
IFI6,6.355081577343984,1.8411092027009277,1.579442751494406,1.1656701079915328,0.2437478503036279,0.9996811443482657
HSH2D,1.658616849186603,-1.7553959011368292,1.1435244288322257,-1.535075121158059,0.12476537662913093,0.9996811443482657
HSPA1B,23.07441616338057,0.34324838830907034,0.48592557544324216,0.7063805768938437,0.47995149638033685,0.9996811443482657
HSPA1A,37.129502697480575,0.5006690956548878,0.3380628863788582,1.4809939683642208,0.13860818078218895,0.9996811443482657
HSPA13,0.9796097025575583,2.3671589640034307,1.8973377808332132,1.247621265921293,0.2121697868729655,0.9996811443482657
HSP90B2P,1.1757658649766505,-0.6215568498494695,1.426907566869999,-0.43559713626923213,0.663129048904451,0.9996811443482657
HSP90B1,14.19476646324768,-0.08319754005557173,0.3783844795291821,-0.21987566762540878,0.8259679870156694,0.9996811443482657
HSP90AB3P,4.205818220958121,-0.2604167806351524,0.7293687021988476,-0.35704408463108833,0.7210588030969276,0.9996811443482657
HSP90AB1,31.541219212688123,0.1784105074714728,0.25394020617341306,0.7025689636151519,0.48232440987718583,0.9996811443482657
HSP90AA2P,7.928082560351027,0.3342204577075337,0.5966390009241944,0.560171992092079,0.5753621289906881,0.9996811443482657
HSP90AA1,37.777171931010244,0.22974030471098592,0.25047325371511087,0.917224898480751,0.3590248022012309,0.9996811443482657
HSPA4,6.136509993744264,-0.40456973072256874,0.5758687836792162,-0.7025380471880753,0.4823436828857409,0.9996811443482657
HSDL2,5.124032718331668,0.8269346265879401,0.7187998082264364,1.1504380178235092,0.2499635091975072,0.9996811443482657
HSD17B4,1.2976542373149724,1.2045350295279762,1.2995220953260087,0.9269061556246926,0.3539752609018043,0.9996811443482657
HSD17B12,1.5347526582815512,0.8519629800070889,1.1352183967852907,0.7504837680746507,0.45296339626393334,0.9996811443482657
HSD17B11,2.861760905408692,0.5283102634467334,0.8328455463399512,0.6343436256199748,0.5258565916332094,0.9996811443482657
HSD17B10,2.353220796855577,-0.5961262457476827,0.9597011268926471,-0.6211582221205059,0.534495524540461,0.9996811443482657
HSBP1,2.406929605185298,0.5894974703301425,0.9422328367906219,0.6256388520039847,0.531551849238094,0.9996811443482657
HS3ST3B1,1.2245930338327173,3.6619402954867506,2.247589928502265,1.629274205694173,0.1032549841208796,0.9996811443482657
HPS5,4.8492060519510485,0.24428689860854308,0.6592786677435822,0.3705366342955226,0.7109826857011559,0.9996811443482657
ZUFSP,0.8047520801642296,-1.1282644210616888,1.5503128929758598,-0.7277656182655877,0.4667570745330384,0.9996811443482657
HSPD1P1,3.0820122875207323,-0.3347163284945346,0.9283978435330511,-0.36053113525205926,0.718449977346497,0.9996811443482657
HUS1,0.8214054734645029,-1.763981255214082,1.813494802942969,-0.9726971659094166,0.3307038342309424,0.9996811443482657
HTT,1.8616525543622962,-0.40063389363766827,0.9764990318264513,-0.41027577148573263,0.6816036631352209,0.9996811443482657
HTATSF1,1.7723254367353136,-1.7002039740093118,1.036257963328144,-1.640714990067508,0.10085659178516704,0.9996811443482657
HTATIP2,0.8480036839099656,0.38264184331321927,1.6578427397944753,0.2308070808698392,0.8174646800115748,0.9996811443482657
HSPH1,24.97468332009499,0.1706434487346984,0.31754308433961054,0.5373867583656654,0.5910004880691075,0.9996811443482657
HSPE1P3,1.0111283760907468,-0.5171148233056623,1.4414142373838712,-0.35875517938841234,0.719778245196961,0.9996811443482657
HSPE1P2,2.5312553926190247,0.14217052470696634,0.9112151124381507,0.15602301011729133,0.8760148838802498,0.9996811443482657
HSPE1,6.74681603121522,0.02153467031674223,0.5762426397208543,0.03737083796362958,0.970189324355903,0.9996811443482657
HSPD1P4,0.7806113773420285,-2.620724199687477,1.9121715117217042,-1.370548710522205,0.1705156808742646,0.9996811443482657
IGHM,3.60073053304294,-0.9762773421976371,2.368649859644111,-0.4121661706235984,0.6802176308823756,0.9996811443482657
HSPD1,21.23988287140724,0.13447335727560886,0.345943178138259,0.3887151583658791,0.6974868677876847,0.9996811443482657
HSPBP1,1.3301512614009203,-2.4469815733485736,1.43642517901835,-1.7035217769023208,0.08847046621220689,0.9996811443482657
HSPB11,2.0676684216663785,0.20247612182977665,1.0914653221603512,0.18550852484164415,0.8528301944568155,0.9996811443482657
HSPB1,12.946913556649342,-0.12381533725871068,0.5470512463192572,-0.22633224600397397,0.8209430203321417,0.9996811443482657
HSPA9,5.29188715502862,-0.5190018039494974,0.7094276474353489,-0.7315782036769221,0.4644260558851183,0.9996811443482657
HSPA8,25.29193400641239,0.0856710183513473,0.2789079801876493,0.30716589139438694,0.7587171060678184,0.9996811443482657
HSPA6,4.671435573752818,0.34765740844557524,1.8305196934985264,0.1899227906044132,0.849369633178573,0.9996811443482657
HSPA5,13.652215372009191,0.22619248517711435,0.38050153075674803,0.594458804744514,0.5522052875066505,0.9996811443482657
IRAK1,2.343385495765991,-0.21373440469218227,0.9571488837839366,-0.22330319589071362,0.8232995401022482,0.9996811443482657
IRF7,1.9167596076350697,-0.5984220980687182,1.0579242880661892,-0.5656568289613535,0.5716270878765612,0.9996811443482657
IRF5,2.4363448356643502,-0.8438430469860314,0.9657889391879302,-0.8737344286584653,0.3822628969550963,0.9996811443482657
IRF2BPL,1.2304731652849545,0.4785494348818329,1.2715836244017749,0.37634130048424436,0.7066631789514128,0.9996811443482657
IRF2BP2,9.985749255715316,0.6222730892717394,0.4708191477586923,1.3216817800083853,0.18627413828524775,0.9996811443482657
IRF2,1.8261584105594566,-0.4187388189787472,1.0371133708080909,-0.4037541417988635,0.6863935216721905,0.9996811443482657
IRF1,6.867312893172933,-1.3638351991444888,0.6420435931883218,-2.124209654319304,0.03365261630134773,0.9996811443482657
IREB2,1.706191200970564,-1.7434267849875515,1.08892859236238,-1.6010478531060224,0.10936632071549936,0.9996811443482657
IRAK4,0.9856417397429584,-0.1347550835965039,1.4008720155937702,-0.09619371512635075,0.923366722271365,0.9996811443482657
IRAK2,4.4126090010478825,0.12542609162171223,0.710939034658044,0.17642313265586998,0.8599615324558505,0.9996811443482657
IRF8,23.79790612110282,-0.2194561110146507,0.2885785703829093,-0.7604726529882613,0.4469721097521874,0.9996811443482657
IQSEC1,3.0878280660408395,0.06012377034208932,0.7974582602199143,0.07539425364470993,0.9399010311258637,0.9996811443482657
IQGAP2,1.3612351397695615,0.19484666940777093,1.1920816680192514,0.16345077240515393,0.870163529743728,0.9996811443482657
IQGAP1,14.832613817918059,-0.014935254415591742,0.36046120241292356,-0.04143373632339709,0.9669501181838891,0.9996811443482657
IQCE,1.3900374908840964,0.6721561492775145,1.242093087093885,0.5411479672994177,0.5884055983567087,0.9996811443482657
IQCB1,0.9590284308242003,-0.03788575265257064,1.6042339263186072,-0.023616102384463836,0.9811588278880418,0.9996811443482657
IPO9,1.2880367053136093,0.038930463928180836,1.2419538379257264,0.03134614406699794,0.9749934908277004,0.9996811443482657
IPO7,4.804153920302107,0.12632388503878156,0.6410066851408024,0.19707108828519232,0.8437719079448658,0.9996811443482657
IPO5,2.370015283621497,0.1765118770492504,0.9009331616769443,0.19592116769317441,0.8446718689176245,0.9996811443482657
IPMK,2.841915659420451,0.07873222802042186,0.8336880391713815,0.09443847616990564,0.924760852803184,0.9996811443482657
ITFG1,0.8561460809259741,1.1705106049990337,1.6163369352866845,0.7241748792874203,0.46895837876414326,0.9996811443482657
ITM2A,1.1043904408513001,0.8686235630071609,1.5970802276642773,0.5438822345684656,0.5865225148409365,0.9996811443482657
ITGB2-AS1,0.9274392566226672,0.8859194224991737,1.5637156779494443,0.5665476371388123,0.5710215592308852,0.9996811443482657
ITGB2,16.960552731644658,0.16750002332691863,0.3416670342342644,0.49024344330530883,0.623961642604804,0.9996811443482657
ITGB1BP1,1.7658595533443942,-1.066207705231931,1.1216492380156526,-0.9505714167097327,0.3418219842451333,0.9996811443482657
ITGB1,4.644595427444445,-0.13400622761420886,0.7204652691215341,-0.18599956633246614,0.8524451014112638,0.9996811443482657
ITGAX,5.195890585474318,-0.4239147702636762,0.7122885823417296,-0.5951446938402526,0.5517467555347215,0.9996811443482657
ITGAL,5.969337842944325,-0.5054907654828149,0.5582201060179964,-0.9055402340999134,0.3651792549131948,0.9996811443482657
ITGA5,1.8250844984404293,-0.4781119835566985,1.0261028986560277,-0.4659493547702882,0.6412517522981094,0.9996811443482657
ITGA4,3.723591571888648,-0.34722613178780254,0.7574191634749973,-0.4584332540448913,0.6466412052054488,0.9996811443482657
IP6K2,1.615300892508738,-0.8544861468669378,1.1214163257585967,-0.7619704896742158,0.44607761717515937,0.9996811443482657
ITCH,1.5403852136102945,-0.45296313714309694,1.1553688782543476,-0.39205066508930125,0.695020778887545,0.9996811443482657
ISY1,1.5079537994230576,0.3141961725893729,1.163077621882855,0.27014204957424476,0.7870509733654047,0.9996811443482657
IST1,2.1964434469494494,-0.8602718718867202,0.9182177439445655,-0.9368931035802945,0.34881354699510325,0.9996811443482657
ISOC2,1.1093026590745905,-1.2338136518970504,1.385592777181909,-0.8904590672061997,0.37321943809049263,0.9996811443482657
ISOC1,1.8680497513465661,0.43693393920007423,1.050564476522957,0.4159039725445412,0.6774802724988965,0.9996811443482657
ISG20L2,3.755102590464891,-0.5522119063670154,0.7378187054802782,-0.7484384744726102,0.4541957228729231,0.9996811443482657
ISG15,1.7404314625079031,-0.592976696395383,1.1721621987166146,-0.505882801070215,0.6129389267842442,0.9996811443482657
ISCU,3.398580758659337,0.261956756381277,0.8428735721627268,0.3107900935950844,0.7559602011775162,0.9996811443482657
IRS2,1.4717237082625036,1.3497609428784327,1.3257154704040548,1.018137732425382,0.3086125058868042,0.9996811443482657
IL16,0.87519010300196,-1.467446106271237,1.4868292494512312,-0.9869634370004838,0.32366056328601334,0.9996811443482657
IL6ST,2.5674665785716413,-0.5379993746726173,0.919600402576534,-0.5850360364841642,0.5585234861352881,0.9996811443482657
IL6R,4.493195453627315,0.3609543102571906,0.6931228712260671,0.5207652571306692,0.6025303084946533,0.9996811443482657
IL4R,1.1215146890017595,-0.15214994387369285,1.4439555773253647,-0.10537023871296637,0.9160820306398723,0.9996811443482657
IL2RG,9.668451967041452,-0.05107917036792925,0.4439047172763602,-0.11506787015315512,0.908391326609428,0.9996811443482657
IL1RN,0.9488875775174966,3.5032062734981677,2.3346565769655743,1.500523163904215,0.13347893784150203,0.9996811443482657
IL1B,4.2746230141123345,0.26538636352565853,0.8329316061336551,0.3186172328812718,0.7500167840620175,0.9996811443482657
IL18R1,1.616882679718154,2.952456464492816,1.668526873465699,1.7694988983667164,0.07681065445616829,0.9996811443482657
IL18BP,1.5519315699184943,-0.6796959032956091,1.1584941992688902,-0.5867063501263589,0.5574009422207764,0.9996811443482657
IL17RA,1.240311994332186,-0.9220395269151852,1.2366695760751334,-0.7455827690380304,0.4559194949586928,0.9996811443482657
IL7R,2.379384278685923,-0.09610969465742855,0.9999491205691632,-0.09611458491280403,0.9234295678512847,0.9996811443482657
IL10RB,1.0250801217318324,0.6229493577780719,1.535396224778802,0.40572547185194335,0.6849443243603259,0.9996811443482657
IL10RA,1.9746690315026143,-1.5762643399977547,1.1224554851413342,-1.404300091062657,0.1602295071874129,0.9996811443482657
IKZF1,3.3350131886066046,-0.3216339325124714,0.7283043900615012,-0.4416202029007559,0.658764062035978,0.9996811443482657
IKBIP,1.0307405584312093,-0.570758698882917,1.4259733056878097,-0.4002590347282938,0.6889657371539012,0.9996811443482657
IK,2.7785803693188758,-0.5618851176689734,0.8466164134033348,-0.6636832321856804,0.5068930734876282,0.9996811443482657
IGSF8,1.264315250830184,-0.49908207191057885,1.1689582270065084,-0.42694602799335113,0.6694186393544297,0.9996811443482657
IGLC3,1.4726284859520526,-1.110750277132204,1.2523210036925754,-0.8869533241533617,0.3751040307175315,0.9996811443482657
IGLC2,3.760202665826981,-1.8221151570715342,0.9909737555680661,-1.8387118193932637,0.06595758404183921,0.9996811443482657
IGKC,19.444612903322252,-0.2288254585051049,0.824957632151094,-0.27737843688825303,0.7814895371574675,0.9996811443482657
IMPDH1,1.102735455594537,-1.8415681473994412,1.3589513043840862,-1.3551391734629448,0.17537321987810883,0.9996811443482657
INTS6,1.0335949805080462,0.6346739496274156,1.630571976943891,0.3892339366808921,0.6971031011353214,0.9996811443482657
INSR,0.8929688630086552,2.2640944855574263,1.922483887913174,1.1776923072239973,0.2389192948582778,0.9996811443482657
INSIG1,13.65885550687289,0.8518716580263712,0.4274713471975499,1.9928158076819373,0.046281620143956384,0.9996811443482657
INPP5F,1.3180939064942696,0.1575218200349401,1.2681302492201154,0.12421580522333103,0.9011444083982691,0.9996811443482657
INPP5D,10.747034886937769,0.005745054880586108,0.4394361891012584,0.013073695392125035,0.9895689974419504,0.9996811443482657
INIP,2.8518551340874208,-1.0939761198963198,0.821648891171471,-1.331439902920792,0.18304430705216923,0.9996811443482657
ING1,1.3348366982605206,-0.7703828688715477,1.2055185534789061,-0.6390468787463814,0.5227924358273377,0.9996811443482657
INAFM2,0.8169785695003586,-0.3987788418436968,1.6430814791831374,-0.2427018056596626,0.8082364085570293,0.9996811443482657
IMPDH2,1.7368168588441615,0.10476430984433942,1.069011210483168,0.09800113302552589,0.9219313936759475,0.9996811443482657
LGALS3,5.892829504508309,0.29395488444527634,0.5990945831427108,0.49066523503393633,0.6236632388144611,0.9996811443482657
IMPAD1,2.7547414577541764,-0.1147423007250089,0.8582590253435843,-0.1336919243920266,0.8936461912367936,0.9996811443482657
IMPA2,3.1372427791584556,-0.4583560509957666,0.7674408153145715,-0.5972526374009545,0.5503387207534503,0.9996811443482657
IMP4,1.4209843712810102,-0.3589388781320743,1.4369539355188037,-0.24979149940702974,0.8027485938986866,0.9996811443482657
IMP3,0.8979750916905607,-0.19259155302158606,1.4120586338539005,-0.136390620335609,0.8915124882765801,0.9996811443482657
IMMT,1.6468075218531533,-0.8226952196220517,1.2357974783629273,-0.6657200989857043,0.5055900241740803,0.9996811443482657
ILKAP,0.8480036839099656,0.38264184331321927,1.6578427397944753,0.2308070808698392,0.8174646800115748,0.9996811443482657
ILF3,5.531936732301858,-0.15796666254342126,0.6127618771083813,-0.2577945339694838,0.7965654832072375,0.9996811443482657
ILF2,4.217871857877268,0.044901011189584325,0.6668261087013745,0.06733541264157729,0.9463146856397181,0.9996811443482657
MFAP1,1.0475228594533414,0.0768362043070397,1.3804577088723415,0.05565994801087033,0.9556127068690347,0.9996811443482657
MFSD6,0.8576354346491357,-0.8813062711887786,1.6105784137837469,-0.5471986111612643,0.5842422902379261,0.9996811443482657
MFSD14B,2.727817074194636,0.34313361884752086,0.8663703905040233,0.3960588018802189,0.6920616497697205,0.9996811443482657
MFSD10,1.8911754579327893,-0.12507687233807413,0.9877780299176643,-0.12662447285702422,0.8992376263126293,0.9996811443482657
MFSD1,7.974283386256923,0.22025448780009485,0.5012479081891935,0.43941228322684767,0.660362827828062,0.9996811443482657
MFNG,1.2676546907377069,-0.9619827624196345,1.3198376543393364,-0.7288644624260009,0.46608457503314593,0.9996811443482657
MFN2,0.9599256280342966,-0.7424146622112614,1.481184880658646,-0.5012302460724066,0.6162090900711881,0.9996811443482657
MFN1,1.202709023768207,0.350746132858276,1.289998749778133,0.27189649053427445,0.785701609769269,0.9996811443482657
MFHAS1,0.8653233925840946,-0.34660552069108724,1.5171445534476296,-0.2284591273148263,0.819289327606337,0.9996811443482657
MFF,1.6975556154780482,-0.44481267387001955,1.0365494630863568,-0.42912826614716154,0.6678298828908762,0.9996811443482657
MGA,1.754053383596838,1.2942773607656308,1.378496195047241,0.938905283464548,0.3477793763128083,0.9996811443482657
METTL9,2.8183152280817887,-0.8024756458969641,0.8868080311456229,-0.9049034489012081,0.36551653973574205,0.9996811443482657
METTL7A,1.7478865721455894,-1.363776991503152,1.0070637911084157,-1.3542111269854344,0.17566903010136636,0.9996811443482657
METTL5,0.8160693949097988,-1.1373067179106853,1.4531496042982166,-0.7826494357818963,0.43383300271437697,0.9996811443482657
METTL26,2.3925091160754497,-0.5194752414277664,0.932416776195793,-0.5571277294550572,0.5774401630121498,0.9996811443482657
METRNL,11.771878190127875,-0.020760410523154773,0.44559834891521233,-0.04658996285263397,0.9628400318279845,0.9996811443482657
METAP2,3.542200905098036,-0.3752285467356781,0.7260449250839338,-0.5168117478299296,0.6052875784160736,0.9996811443482657
METAP1,0.8378852942055042,-1.7946149823653998,1.809233921040907,-0.9919198183797613,0.3212366406002174,0.9996811443482657
MESD,4.9084597605684355,0.0888693763923187,0.613831238874339,0.14477819107950562,0.8848860017827639,0.9996811443482657
MEPCE,1.6184922334177392,0.19732369210164913,1.1153098140785764,0.1769227613805855,0.8595690596524193,0.9996811443482657
MICAL1,3.839347765531615,-0.17656001433846055,0.6927877340092853,-0.254854417408167,0.798835543563255,0.9996811443482657
MIR4435-2HG,1.3631158604608657,-1.178942686243992,1.2007850257052848,-0.9818099501628414,0.32619348527645997,0.9996811443482657
MIR22HG,2.6735968365654528,0.7847188092321772,0.9221090700446348,0.8510043277138493,0.39476694875778784,0.9996811443482657
MIR1244-2,6.888670100965315,0.5102689292701503,0.6555581173706299,0.778373291016183,0.43634897972972875,0.9996811443482657
MIF4GD,1.8747721227845067,-0.8324183451080609,1.0138999343098842,-0.821006409941875,0.41164261708915595,0.9996811443482657
MIER1,1.6681337913255354,-0.8480078746982943,1.006735555406532,-0.8423342854478387,0.3996008650656465,0.9996811443482657
MIDN,8.3048023467613,-0.3128701339843561,0.4911106027436525,-0.6370665431299322,0.5240815002492113,0.9996811443482657
MID1IP1,0.7787962742186185,3.1514145167694587,2.461375150014624,1.2803470924579436,0.20042309239037848,0.9996811443482657
MICU1,1.3467858871383604,-0.3781463498943534,1.3283591646601494,-0.28467176645790626,0.7758956231354105,0.9996811443482657
MICAL2,1.0883448369464497,1.4564870724439232,1.6498102589259322,0.8828209574791543,0.37733301533754393,0.9996811443482657
MEGF9,1.4093141459068494,1.0394219661345847,1.3909991307582525,0.7472484656176469,0.4549135937534411,0.9996811443482657
MIB1,1.4181251850286418,-0.6953161826630825,1.1314569840285804,-0.6145316989315777,0.5388640327468643,0.9996811443482657
MIA3,2.5776623967719208,0.492186695011686,0.975406512777387,0.5045964821479675,0.613842281158857,0.9996811443482657
MGST3,3.3763136267499987,-0.1922644131361504,0.7953806584023021,-0.2417262867849414,0.8089922595795314,0.9996811443482657
MGST2,2.367964326814258,-0.47268549710223945,0.8978839711295226,-0.52644385277043,0.5985798534921869,0.9996811443482657
MGST1,1.4224289721016223,-0.9956270363834164,1.2687310615735523,-0.7847423827935475,0.432604627829445,0.9996811443482657
MGP,1.0234688019608082,2.475498476845636,1.8424408029035142,1.343597293842213,0.17907864507365,0.9996811443482657
MGEA5,2.804607499911012,-0.3174782275795442,0.8441299097061203,-0.37610114738153594,0.7068417013523027,0.9996811443482657
MGAT4A,0.7704885495077733,0.014207418233093592,1.6108420585540346,0.008819870425935378,0.9929628527957303,0.9996811443482657
MGAT1,5.896932988494685,-0.07098152958061048,0.5870228349982728,-0.12091783376845866,0.9037561165124833,0.9996811443482657
MCMBP,2.1926125062330133,0.20033547663850515,0.9596852656614381,0.20875122689356823,0.8346424477132244,0.9996811443482657
MDH2,2.7070954291379214,-1.152082919249172,0.824222374726247,-1.397781660115474,0.1621786433468767,0.9996811443482657
MDH1,5.74902863977635,-0.15965930870689077,0.6034492142089568,-0.2645778715880561,0.7913346687202529,0.9996811443482657
MDFIC,2.8002123887074166,-0.4493988831325556,0.841093625567862,-0.5343030424575447,0.59313188759789,0.9996811443482657
MCUR1,2.0635702582193938,-1.0666449052507647,1.0926942165044224,-0.9761604748517927,0.3289849466386574,0.9996811443482657
MCUB,0.9142436778936428,-2.0427242017721023,1.527028888906928,-1.3377115630302956,0.18099048017178387,0.9996811443482657
MCTS1,1.2797697190893498,0.5971302016770335,1.2603354170465406,0.47378673454749315,0.635651995153539,0.9996811443482657
MCTP1,0.6184897040167616,-0.5330374821459591,1.8244714340493098,-0.2921599495602477,0.7701643319483058,0.9996811443482657
MCRIP1,1.1538312945887585,1.5650170847149176,1.5045204787767474,1.0402098919832299,0.29824239674696906,0.9996811443482657
MCOLN2,4.546754173867388,0.2441488594389927,0.6839737683838436,0.3569564663508809,0.7211243964065356,0.9996811443482657
MDM2,1.2070536793036941,0.3967217762914061,1.4335313767629074,0.2767443968943696,0.7819763789221694,0.9996811443482657
MCM8,0.6599311545478475,1.7893978515147024,2.2075666721102007,0.8105747718161675,0.41760990956190036,0.9996811443482657
MCM7,1.0758660292593896,-0.8498671476620169,1.475100485041103,-0.5761418671341131,0.5645192945627868,0.9996811443482657
MCM6,1.3800080759317832,-0.7299664498809771,1.204941661458169,-0.6058106157584451,0.5446405195874872,0.9996811443482657
MCM5,2.436175355908445,-1.3012579535641138,0.9794634512126291,-1.3285416132200598,0.18399924588765526,0.9996811443482657
MCM4,2.014136473441301,-1.8201573338658001,1.0389852400814208,-1.7518606267430346,0.07979777627296876,0.9996811443482657
MCM3,1.0492595739494914,-0.9976349342402732,1.7228540893606492,-0.5790594458353088,0.5625490627403416,0.9996811443482657
MCL1,19.177372551140387,0.28099730027531794,0.31753951921616946,0.8849207209513507,0.3761993914481896,0.9996811443482657
MCFD2,1.232537239143544,-0.25344154256101287,1.3040889253989072,-0.1943437580251575,0.8459067247886458,0.9996811443482657
MCCC2,2.4351662112555443,0.5676804857799818,0.8825878680489891,0.643199964933658,0.5200943560659027,0.9996811443482657
MED14,0.9560953263821947,0.44356342977545465,1.4093215530783725,0.3147354333768484,0.7529625385242262,0.9996811443482657
MEF2D,4.192056466742675,-0.17750056676102588,0.6885959420089807,-0.2577717293005931,0.7965830840690377,0.9996811443482657
MEF2C,5.973721332981711,1.0097371961021628,0.7599888902000937,1.3286209958099704,0.18397304158607442,0.9996811443482657
MEF2A,5.430487054050479,0.20773765438633426,0.6966616274812113,0.29819017754345434,0.7655580181680022,0.9996811443482657
MED8,1.0859653726240217,0.5368050064300449,1.4081845890762397,0.38120357983905057,0.7030521929923534,0.9996811443482657
MED4,1.0733174381766664,-0.478646499030232,1.4356488674149959,-0.33340081261797283,0.7388317498358814,0.9996811443482657
MED29,3.115708922548477,0.3145724185332857,0.8957471097648404,0.3511844080812832,0.7254500066709011,0.9996811443482657
MED28,2.4981997100996174,0.26305800661384066,0.9687390429100794,0.271546820105049,0.7859704946657048,0.9996811443482657
MED25,0.8103140680163186,-1.0995883370059536,1.6785056196273078,-0.6550995862915872,0.5124036384369269,0.9996811443482657
MED24,0.8322871801183461,-0.49614085129375696,1.4500176909354028,-0.34216192974424864,0.7322290336391062,0.9996811443482657
MIS18BP1,3.567539379020812,-0.8765254582759984,0.730098029854085,-1.2005585858808274,0.22992247396881227,0.9996811443482657
MED13L,3.223719976264885,-0.22561758761572048,0.797759150268268,-0.2828141645756748,0.7773192956703604,0.9996811443482657
MED13,7.1656495540384295,0.5056293918987821,0.6358874000273447,0.7951555446405115,0.4265230277384905,0.9996811443482657
MED1,1.151005929787625,-0.027514270049435022,1.3084346882983235,-0.02102838628133479,0.9832230117011829,0.9996811443482657
MECP2,1.6756653419710472,-0.3817021421599084,1.0684425819094086,-0.35725096380731136,0.7209039361406273,0.9996811443482657
MEAF6,1.630041940438922,0.5661060131244826,1.1124933127485934,0.5088623964182102,0.6108486794562654,0.9996811443482657
ME2,3.1114520629270803,0.06185557521765049,0.8213511653549107,0.07530953607513581,0.9399684343401281,0.9996811443482657
MDN1,1.477019048330622,-0.8404774860830286,1.1839801605139635,-0.7098746365126414,0.47778188011683387,0.9996811443482657
MDM4,1.3005663139952044,0.09440194617408701,1.3278322736575006,0.07109478210983516,0.9433223209373631,0.9996811443482657
MRPL21,1.6188691586283857,-1.3089755373811485,1.2151411144882298,-1.077221008962764,0.2813815416622687,0.9996811443482657
MRPL45,0.8628107977605197,1.249218744149315,1.7117768810760734,0.7297789553998529,0.4655253100797859,0.9996811443482657
MRPL42,0.9704561160402136,1.4467251562832504,1.6642367302955376,0.8693025036326044,0.3846816938481099,0.9996811443482657
MRPL41,1.2847278441557224,-0.8597036887389826,1.2922543047134512,-0.6652743857019816,0.5058750105104759,0.9996811443482657
MRPL37,2.12320532019494,-0.6368115942046334,0.9504601570008182,-0.6700034604439344,0.5028555842491824,0.9996811443482657
MRPL36,0.7593971440595891,0.7213919440373469,2.226174560577658,0.3240500348949082,0.7459001538546293,0.9996811443482657
MRPL34,1.7728941087787566,-0.3286100160517853,0.9866707565038826,-0.3330493114199156,0.7390970607214471,0.9996811443482657
MRPL33,2.2459911682614746,0.5381787678560626,0.9450272299947661,0.5694849320469245,0.5690270934956483,0.9996811443482657
MRPL3,4.26734176889043,0.13516181004286143,0.6921759111664038,0.1952708955373739,0.8451808804652137,0.9996811443482657
MRPL28,1.9692850155260382,-1.265041173524764,1.0447812200154418,-1.2108192119935566,0.22596470039028727,0.9996811443482657
MRPL51,3.4677198913882186,-1.0558623241757328,0.7504658368818374,-1.406942557922168,0.15944442261020775,0.9996811443482657
MRPL19,1.017157500546639,1.0317641930205357,1.649966660463253,0.6253242672981357,0.5317582559246037,0.9996811443482657
MRPL18,7.624969386707811,-0.3159714652915921,0.530416954942515,-0.5957039313078447,0.5513730314537426,0.9996811443482657
MRPL16,0.830964971733535,-0.5431311813448712,1.6850073791613895,-0.3223316337137834,0.7472014706771004,0.9996811443482657
MRPL14,0.6650657791726458,0.5999316563854159,1.7450615991236165,0.34378824030435734,0.7310055446737957,0.9996811443482657
MRPL13,0.9350191708191102,-2.8964878160974874,1.8572480451579838,-1.5595589526390388,0.11886414297624306,0.9996811443482657
MRPL11,0.8860529786664796,-1.4820751270377919,1.4606683230848052,-1.01465548585854,0.3102700802076669,0.9996811443482657
MRPL1,0.6880540394346661,-1.6247197800566524,1.7684268513852892,-0.9187373392255018,0.35823297437489654,0.9996811443482657
MRFAP1,3.282717912792309,-0.8568223167399198,0.7296846231771659,-1.1742364982410833,0.24030031060657087,0.9996811443482657
MRE11,1.552648044531998,-1.0409813131798558,1.109770995675885,-0.9380145248307429,0.34823694574828845,0.9996811443482657
MRPS33,0.935898861746028,-0.10425457953444156,1.4793075034974106,-0.07047525905733638,0.9438153919885484,0.9996811443482657
MSI2,1.0750579594074579,0.6092419556370016,1.5461711537916645,0.3940326749357352,0.6935569155893931,0.9996811443482657
MS4A7,1.5207733250077404,0.3544799481693659,1.2860460563169347,0.2756355003214655,0.7828280401923697,0.9996811443482657
MS4A6A,2.468474871515791,-0.8023807892448733,1.228046518461934,-0.6533798005061034,0.5135114577812641,0.9996811443482657
MRRF,1.046029698995538,-0.4511394886922922,1.2632312908010581,-0.3571313440203094,0.720993480501761,0.9996811443482657
MRPS6,4.142806728340729,0.06406347412464626,0.7813419341275477,0.0819915984621765,0.9346533944176137,0.9996811443482657
MRPS5,0.8471639259527586,-1.1095485787082093,1.5142497522556888,-0.732738160964121,0.4637181442466949,0.9996811443482657
MRPS36,1.511908905633916,-1.491846240051599,1.110054203247378,-1.3439399947203643,0.17896779156830844,0.9996811443482657
MRPS35,0.7223763340501568,0.01599267163689433,1.6247946584245696,0.009842887871382537,0.9921466385427203,0.9996811443482657
MRPS34,2.079824385013515,-1.5665742064698085,1.0096882778069944,-1.5515424323558056,0.12077174681219942,0.9996811443482657
MRC1,0.7005328471217265,1.8597208755059262,2.1437880346933373,0.8674928889469028,0.38567200635328824,0.9996811443482657
MRPS27,1.6156178852655847,-1.2893601795521472,1.2532203252670198,-1.0288375902915774,0.30355599935851596,0.9996811443482657
MRPS23,1.6876533055649925,-0.17258703678293272,1.1948240773858527,-0.14444556320001076,0.8851486398020152,0.9996811443482657
MRPS21,2.31332127478281,-0.41091825986353214,0.9375287589951965,-0.43829936513514195,0.6611692860904463,0.9996811443482657
MRPS18B,1.2212986067631433,-1.4993951264093925,1.2328380324444015,-1.2162142040966053,0.22390333421447484,0.9996811443482657
MRPS15,1.4842125784575133,-0.458288148739921,1.1416247630161505,-0.40143501051004943,0.6880998773850459,0.9996811443482657
MRPL57,1.9378497108281485,0.7318090719730314,1.0854445113369269,0.6742021948885,0.5001827744019408,0.9996811443482657
MRPL55,1.539915164276983,0.8378476682503445,1.1432846686077933,0.7328425642850723,0.4636544573222232,0.9996811443482657
MRPL54,1.4964757058076776,-0.6389739234966583,1.1762810562392634,-0.5432153481579889,0.586981540321753,0.9996811443482657
MRPL52,3.1937073895289916,-0.783689407116682,0.866160271219541,-0.90478567668921,0.36557894122602774,0.9996811443482657
MLLT6,2.3301074356063394,0.5893507122656202,0.9572567086903014,0.6156663170028419,0.5381147723432989,0.9996811443482657
MOB1B,1.3537210508223354,0.02564726281908901,1.2567055329651717,0.020408331264822874,0.9837176378471579,0.9996811443482657
MOB1A,10.829559816085355,-0.10381375294852438,0.4559379245253568,-0.22769273483138563,0.8198851208665056,0.9996811443482657
MNT,1.4804139825621512,0.9033718757283535,1.3546798490300076,0.666852671038988,0.5048662450108086,0.9996811443482657
MNDA,5.984415932013411,-1.23483669311015,0.6054823597617192,-2.0394263733729687,0.04140749248340718,0.9996811443482657
MMP24OS,1.4920403905265582,-0.4416176953789203,1.2504372774083328,-0.35317060948008605,0.7239605402124268,0.9996811443482657
MMP2,0.9120038347033309,-0.3948468244643291,1.7951132799735279,-0.21995649459523345,0.825905037201999,0.9996811443482657
MMGT1,1.974621157507233,0.4973621937202917,1.0446307322884583,0.47611292521590587,0.6339939292152525,0.9996811443482657
MMADHC,4.266698707674779,-0.11642735527350381,0.6683203674426497,-0.17420889882350435,0.8617012922262619,0.9996811443482657
MLXIP,0.8952971691721491,-0.16050615933796247,1.4854501062884917,-0.10805220495691985,0.9139542810145952,0.9996811443482657
MOB3A,5.515638978127841,-0.5117221282879071,0.5921577540781745,-0.8641652072673043,0.38749714221822096,0.9996811443482657
MLLT10,1.1803794096534517,-1.237256901373209,1.3417457970803288,-0.9221246707576873,0.35646354977381656,0.9996811443482657
MLLT1,1.0906035111260852,0.8435616691272234,1.463518859006693,0.5763927563596676,0.5643497394289044,0.9996811443482657
MLH1,2.088487350457434,-0.15983708470671634,0.9938986754851079,-0.16081828927752834,0.8722365199704774,0.9996811443482657
MLF2,6.616489620227706,-0.24067849109871484,0.5428748773412729,-0.4433406317813721,0.6575193705494207,0.9996811443482657
MLEC,2.8347422883708475,-0.879452254413867,0.8556423160557842,-1.0278269761923866,0.3040312243943467,0.9996811443482657
MKRN1,3.3691548417034576,0.4995877906470049,0.8456591940040868,0.5907672904039764,0.5546763542347564,0.9996811443482657
MKNK2,13.117707859258939,0.3601928627914829,0.386474871407913,0.9319955563457833,0.3513388219078145,0.9996811443482657
MKNK1,0.7461046421424418,0.7543577484323463,1.6683889781274537,0.45214740586395696,0.6511627942299961,0.9996811443482657
MKI67,2.5187287524242445,-1.581769989488637,0.8859735164732343,-1.7853468078652472,0.0742050808576778,0.9996811443482657
MPDU1,1.014385326898459,-1.6890067314080182,1.4027107393453848,-1.2041019463472857,0.22855017775232578,0.9996811443482657
MR1,0.7888829758178046,1.036900148477573,1.6454515535787613,0.6301614570312785,0.5285889537655566,0.9996811443482657
MPZL3,0.9779817931545541,-2.1057066340907786,1.5076606985195076,-1.3966714368548176,0.16251239731267064,0.9996811443482657
MPV17,1.445911900842864,-0.8772469327733411,1.16682103829005,-0.7518264618016546,0.45215542642448137,0.9996811443482657
MPST,1.4302273005070252,0.2761937437248179,1.1727875538429073,0.23550193964781244,0.8138191735635749,0.9996811443482657
MPRIP,0.7253162921010223,-0.7919740221363031,1.604744684920699,-0.4935202649856041,0.6216450245626561,0.9996811443482657
MPHOSPH9,1.1224889467511516,-0.44206359546320073,1.4572309010235247,-0.30335864766023396,0.7616165560887596,0.9996811443482657
MPHOSPH6,1.4591987783818556,-0.2629705508560833,1.2338042030673988,-0.21313799239968872,0.8312193317528174,0.9996811443482657
MPHOSPH10,1.042415310682302,0.07358059722874237,1.3254637773254674,0.05551309548210662,0.9557296973524666,0.9996811443482657
MPEG1,11.738973238806906,-0.42713211241410837,0.4224254886953672,-1.011141902760833,0.31194851740466345,0.9996811443482657
MBTPS1,2.122045872101884,0.2259419370610106,0.9708177535538456,0.2327336271240521,0.8159682554355836,0.9996811443482657
MPC2,2.61531225694052,-0.1509410112948165,0.8893023473652701,-0.16972968950549652,0.8652227239843727,0.9996811443482657
MPC1,1.5584151334554361,0.18821441346350123,1.2486633279751798,0.15073271493342236,0.8801865652843947,0.9996811443482657
MOSPD2,1.4741387897315867,0.752587129096282,1.3635261906361686,0.551941821333959,0.5809882139923249,0.9996811443482657
MORF4L2,4.40218053063659,0.43217458097074146,0.7082097364552731,0.610235299974636,0.5417059491414336,0.9996811443482657
MORF4L1P1,2.9581506563495785,-0.7727966511554729,0.8151868527102871,-0.9479994047820107,0.3431297572162295,0.9996811443482657
MORF4L1,6.861708741760204,0.1585469939715828,0.520881202943812,0.30438225275847675,0.7608366870025176,0.9996811443482657
MORC3,1.1499043516484695,-1.170755319737419,1.468096566360572,-0.7974647898262814,0.4251811440875072,0.9996811443482657
MOCS2,1.0421404180338962,-1.0976517298299384,1.392577862495393,-0.7882156965090845,0.4305705492797186,0.9996811443482657
LRRK1,2.657637520825871,0.18016138764688644,0.8393129399610139,0.21465341360667564,0.8300375464129932,0.9996811443482657
LSM7,1.1523616439212254,-0.0798098844794943,1.3061077257644345,-0.06110513160986276,0.9512754823564313,0.9996811443482657
LSM6,2.2288240601421516,-0.3398513610327362,0.8956606985926724,-0.3794420828855565,0.7043596052373202,0.9996811443482657
LSM5,2.2959382533246204,-1.028826306363911,0.8787446879793879,-1.170790925325108,0.2416828263262879,0.9996811443482657
LSM4,2.3375042930639576,-0.9172695834962012,0.8774153150775693,-1.0454223532844404,0.2958278099438998,0.9996811443482657
LSM3,3.3311340292760696,0.5385188584933038,0.7911678520890939,0.6806632209225065,0.49608461353794797,0.9996811443482657
LSM2,2.074791210453772,-1.3889622281685743,1.0176814456369516,-1.3648300596649314,0.17230646864787347,0.9996811443482657
LSM14B,0.8882058946271876,0.4037791989491788,1.5481630980767898,0.26081179654183384,0.7942376468942465,0.9996811443482657
LSM14A,4.68517245628752,-0.15989137527423358,0.6660160830608742,-0.24007134263095478,0.8102749498996941,0.9996811443482657
LRRK2,6.444557369614037,0.054594061493165695,0.645050551470408,0.08463532256304135,0.9325513164598154,0.9996811443482657
LSM8,1.8053933373063376,0.05842227316002941,0.9964466165281396,0.05863061020126368,0.9532463291980208,0.9996811443482657
LRRFIP2,1.117734972993687,-0.7289137533708979,1.2677652669315143,-0.5749595547251054,0.565318650852923,0.9996811443482657
LRRFIP1,9.763753883553965,-0.09773546563705462,0.4428901161161555,-0.22067655628472377,0.8253442868342051,0.9996811443482657
LRRCC1,1.9167080011236601,-0.12598354859891833,0.9685048522806751,-0.1300804516386749,0.8965027760331143,0.9996811443482657
LRRC8C,2.447192101076608,-0.10496668320807008,0.8877180520283973,-0.1182432676323589,0.9058749077913151,0.9996811443482657
LRRC75A-AS1,1.2105731774228268,-0.9792013597274332,1.2087392264833392,-0.8101014166440889,0.41788189015904553,0.9996811443482657
LRRC58,1.7125422757612458,-0.7969655864959541,1.029844294201747,-0.7738699830479695,0.4390076820238258,0.9996811443482657
LRRC47,1.2211730820620965,-0.03921239450351111,1.3409000605207428,-0.029243338603685987,0.9766705167926215,0.9996811443482657
LRPPRC,1.5387168148737198,-1.2628111791197678,1.1676181688644642,-1.0815275171230687,0.27946252715047226,0.9996811443482657
LRPAP1,0.9818989554868296,-0.6144917907879781,1.4462077850822028,-0.4248986882289879,0.6709105309639058,0.9996811443482657
LY6E,2.554070295672279,-0.5562212742238366,0.9194577119224147,-0.6049449224379027,0.5452155932943515,0.9996811443482657
LYRM2,0.9679857513010004,-1.3141526313666134,1.4573868121250753,-0.901718487112144,0.3672064298554718,0.9996811443482657
LYRM1,0.6529365878405033,-0.4561400375524146,1.8082491853060825,-0.252255077043048,0.8008439088201379,0.9996811443482657
LYPLA2,1.3087111188210958,-0.36674620680305964,1.3421240339271836,-0.27325805777423195,0.7846548538202295,0.9996811443482657
LYPLA1,2.4773189899984343,-0.9877031443463161,0.8547641018652642,-1.1555271708193555,0.24787461260045496,0.9996811443482657
LYN,8.901037679559089,-0.1827264877339601,0.4568868834867435,-0.3999381342258688,0.6892020839777688,0.9996811443482657
LYAR,1.3725888771786603,-0.0999506304861945,1.1620667575367745,-0.08601109173629509,0.9314575999729178,0.9996811443482657
LY96,1.3544764682337083,-1.1985740518661254,1.2013287565146864,-0.997706951878391,0.31842148119141656,0.9996811443482657
LY86,6.6861048603481965,-0.0458140545290496,0.5365435974198667,-0.08538738464005616,0.9319534221322354,0.9996811443482657
LY75,3.0223845241247025,0.6236944056294599,0.8629485511142495,0.7227480767238535,0.46983467272119483,0.9996811443482657
LRP10,2.9756086168647853,-0.32120823435898327,0.849650024917318,-0.3780476960384259,0.7053951623084095,0.9996811443482657
LUC7L3,3.6395881459917216,0.05934128023990321,0.7429543904305644,0.07987203656675769,0.9363390303424562,0.9996811443482657
LUC7L2,1.7949261367638334,-1.1437428615843703,1.0764682246558313,-1.062495701580089,0.2880107083470276,0.9996811443482657
LUC7L,2.06766485560289,0.03064325563197266,1.0192240625781208,0.030065278830310127,0.9760149916849017,0.9996811443482657
LTBR,2.3324685983698745,-0.5099234364013597,0.9581606687784715,-0.5321899061578523,0.5945944732367198,0.9996811443482657
LTBP3,0.9989286172819501,0.6536142603367278,1.3629426882985813,0.4795610746866121,0.6315395303554502,0.9996811443482657
LTB,7.58939423217865,1.0559526617842834,0.7392375604970325,1.4284348066328028,0.15316674673973585,0.9996811443482657
LTA4H,2.5806998124199714,0.5093818103463217,0.9089835044212405,0.5603861982849188,0.5752160435905916,0.9996811443482657
LST1,4.7053649714279295,0.3110327787392753,0.8181145594109891,0.3801824269735609,0.7038100028881473,0.9996811443482657
LSP1,11.673870518073322,-0.3718280966512109,0.42642427501286484,-0.8719674709888249,0.38322612360479147,0.9996811443482657
LINC01184,1.0533136735175557,0.42614890132662425,1.534625285186602,0.27768922188376877,0.781250935019339,0.9996811443482657
LMF2,1.969991133893684,0.42730431752013465,1.0764743358016426,0.39694798408911836,0.6914058186455266,0.9996811443482657
LMBRD1,0.8983664586587031,-0.407052593632265,1.5370935820680784,-0.2648196559929664,0.7911483940385682,0.9996811443482657
LMBR1L,1.4675682355385502,-0.4003961748035418,1.1741611497313678,-0.34100615140872875,0.7330989508518606,0.9996811443482657
LMAN2,3.5847007800615045,-0.7407664242080666,0.7112949953806189,-1.0414334826181044,0.297674409640449,0.9996811443482657
LMAN1,1.6106093045311032,-0.21838361394551592,1.1315811813350503,-0.1929897894624448,0.8469669646007232,0.9996811443482657
LIX1L,1.521891559328306,1.1137215571134311,1.3142400959031357,0.8474262507933075,0.396757577775141,0.9996811443482657
LITAF,15.575426493064626,0.04965732584152437,0.37681547684277866,0.13178154532713962,0.8951570839293052,0.9996811443482657
LIPA,3.4247945299641307,0.6564005509051006,0.7869825288092605,0.8340725834133368,0.40424008357114793,0.9996811443482657
LINC01578,3.9894293080745946,0.3662485381323499,0.7214829407911821,0.5076329839908893,0.6117107545445187,0.9996811443482657
LMNA,12.472026870019196,-0.05699905521424106,0.4712850949429552,-0.12094389537428567,0.9037354738547082,0.9996811443482657
LINC-PINT,1.1262815198751763,2.641372877941017,1.7696536604707203,1.492593119739838,0.13554372544275903,0.9996811443482657
LIN7C,1.5433147519888115,-0.9892740696357154,1.3100532272493235,-0.7551403630468223,0.45016476702089436,0.9996811443482657
LIMS1,5.650569868449933,0.08815993006204415,0.6086743563528293,0.14483923816061114,0.8848378012895739,0.9996811443482657
LIMK1,1.060961402054343,-0.9770769797162493,1.3244357282712826,-0.7377307625124077,0.4606780745563772,0.9996811443482657
LIMD2,8.324728156184714,-0.2686682028128215,0.4978375059925821,-0.5396704739574698,0.5894243056704602,0.9996811443482657
LIMA1,3.187590455433898,-0.07089721670672348,0.7630965595712549,-0.09290726817921578,0.9259772315534602,0.9996811443482657
LGMN,3.807349338949824,0.09144376159061209,0.8219323978080602,0.11125460175858194,0.911414454389873,0.9996811443482657
LGALS9,13.579706618471798,-0.10403904992340315,0.37604145304365827,-0.2766690987956699,0.7820342015520685,0.9996811443482657
LGALS3BP,1.0382721090767206,0.1154890577385732,1.5918672989806655,0.07254942532742857,0.9421646733413183,0.9996811443482657
LPCAT1,1.8673045797446979,-1.5256513791990851,1.0948604068629595,-1.3934665731227291,0.16347874639627435,0.9996811443482657
LRMP,1.8405576312363787,-0.6015275356299323,1.0061339405502534,-0.5978602961161986,0.5499331541246597,0.9996811443482657
LRIF1,1.7775098502280078,-0.8625715320503392,1.1697506415038557,-0.7373977850026219,0.4608804820713034,0.9996811443482657
LRCH1,0.6908332820422117,0.6214328371570226,1.95724864285324,0.31750326634591997,0.7508617614098049,0.9996811443482657
LRBA,1.968853853233289,-0.17225826219904095,0.9767078456696211,-0.17636621120918958,0.8600062480943946,0.9996811443482657
LPXN,1.6873860010652222,0.25005288453084795,1.1194103155711184,0.22337911403225907,0.8232404582572337,0.9996811443482657
LPP,4.489686879290314,-0.3958230105768016,0.6609025404608994,-0.5989128295690361,0.5492310155898086,0.9996811443482657
LPIN1,1.0573470137411074,-0.46282562035116936,1.3092173614961948,-0.3535132010640653,0.7237037338332594,0.9996811443482657
LPGAT1,3.5214043844107947,-0.42410941684272274,0.8490515755892163,-0.4995096046413947,0.6174204221796076,0.9996811443482657
LPCAT2,6.862219673825667,0.8299672137215074,0.651255462736263,1.2744111354312229,0.20251774797437583,0.9996811443482657
LYRM4,1.289380442066746,-0.9853255224980437,1.2371485108870397,-0.7964488610923209,0.42577118803581326,0.9996811443482657
LPAR6,1.088439727140553,3.634686483483101,2.370280708488951,1.5334413643353686,0.1251671435257336,0.9996811443482657
LONRF1,1.7977333907179336,-0.9739141259329478,1.0461387263195538,-0.9309607812333827,0.35187385160353246,0.9996811443482657
LONP2,1.61101563999662,-0.3069499920637192,1.0697281834751353,-0.2869420445356098,0.7741566966129803,0.9996811443482657
LNPK,1.6026737704726504,-0.5578620532896272,1.1836633680595119,-0.47130127394597143,0.6374256060527668,0.9996811443482657
LNPEP,3.256751471823844,0.15039752358819555,0.7894492140264496,0.19050943482623653,0.8489099506531246,0.9996811443482657
LMO4,3.6593705754991213,0.44446875705103134,0.7573945160470446,0.5868391540128656,0.5573117377625847,0.9996811443482657
LMO2,2.0293322011236876,0.4798265090174038,1.047353425480113,0.4581323718853056,0.6468573429191042,0.9996811443482657
LMNB1,4.840132332176065,-0.7730776579115187,0.6652156985314667,-1.1621458417445178,0.24517622925618332,0.9996811443482657
MAPKAPK3,1.8648778247339162,0.02078305187409277,1.1301761287806964,0.01838921504784817,0.9853283561344449,0.9996811443482657
MARCKSL1,8.830436042014762,-0.10140530219736323,0.4666332344795802,-0.2173126445021796,0.827964703659549,0.9996811443482657
MARCKS,2.168869523381262,0.518158079348427,1.0213258337143087,0.5073386594599438,0.611917217441444,0.9996811443482657
MARCH8,1.8890903563124262,-0.1151375692545242,1.012521395982954,-0.11371371480278583,0.9094647402060458,0.9996811443482657
MARCH7,1.2315703465230985,-1.8432075951992861,1.5176353015050603,-1.2145260415142896,0.2245469116941753,0.9996811443482657
MARCH6,4.271158772061286,0.19473377704265588,0.7073515790976407,0.2752998406974298,0.7830858868471943,0.9996811443482657
MARCH5,1.2286187075202302,-2.2520184186606924,1.4653449231623035,-1.536852097457505,0.12432953226688676,0.9996811443482657
MARCH1,4.2306176510055415,-0.5091365348608745,0.6479904420134864,-0.7857161184026816,0.4320338180818821,0.9996811443482657
MAPRE2,4.327759115767783,-0.2676853021556217,0.6761359878787598,-0.39590453245275453,0.692175457279314,0.9996811443482657
MAPRE1,6.045803517920861,-0.3000365954658808,0.5781028143016618,-0.5190021360271698,0.603759251699015,0.9996811443482657
MARF1,1.3854275790790933,-1.080333111136236,1.3236971138681695,-0.8161482712455542,0.4144153384312459,0.9996811443482657
MAPKAPK2,5.802275339798431,-0.2663913607839919,0.5607433263390277,-0.47506826790646567,0.634738315113993,0.9996811443482657
MAPKAP1,2.9238729627126228,0.033208136937875846,0.7972309743896665,0.04165434861998293,0.9667742468731839,0.9996811443482657
MAPK9,4.149554232316326,-0.5332456679038018,0.6872353977866056,-0.775928698698056,0.4377910865043322,0.9996811443482657
MAPK8,0.9430309305348825,0.6475112523127142,1.7955065872538682,0.36062872556933817,0.7183770124843953,0.9996811443482657
MAPK6,1.8528795225455772,0.6320691929303077,1.1216416967391623,0.5635214835253181,0.5730798352305426,0.9996811443482657
MAPK3,0.6974554427466578,1.8704933225852067,2.020824727861124,0.9256088847274595,0.35464927442010863,0.9996811443482657
MAPK1IP1L,6.955460837686694,0.05926202191975531,0.5185366242355343,0.11428705157928593,0.9090102465857357,0.9996811443482657
MAPK14,1.886763867792446,-0.8088112476957113,1.0624525832216258,-0.7612680890126791,0.446496956590264,0.9996811443482657
MAPK1,4.114331949248587,-0.09844347309808096,0.7304041663518482,-0.13477945175172926,0.8927862527067658,0.9996811443482657
MBD1,0.7353123339545762,-1.6923637295051281,1.751607859186274,-0.9661772871305405,0.33395547609016285,0.9996811443482657
MBP,7.245537974314853,0.15836480796024371,0.6001174750130924,0.2638896791945423,0.791864928653043,0.9996811443482657
MBOAT7,2.735240172624037,-0.2552631782120019,0.9496736040522016,-0.26879043191556434,0.7880909567015675,0.9996811443482657
MBOAT2,1.6354312354672271,1.4425606673274933,1.3175068810517874,1.0949169891058734,0.27355300536124083,0.9996811443482657
MBNL3,1.1160591895953011,-0.4809468735302364,1.5562146856396795,-0.30904918066143555,0.757284115961121,0.9996811443482657
MBNL2,0.9769679062742156,0.6378260037861658,1.6258672676066555,0.39229893884577205,0.6948373476075097,0.9996811443482657
MBNL1,9.656848022938167,-0.10840116348295148,0.43361284478629303,-0.2499952775531297,0.8025910006755844,0.9996811443482657
MBD6,1.1676152973148202,-0.22439752245204853,1.2957813871538226,-0.17317544817103492,0.8625135215743283,0.9996811443482657
MBD4,2.2726643843133854,-1.261676987712461,0.8840958041914203,-1.427081750338551,0.15355633214489342,0.9996811443482657
MBD2,7.455706688075529,-0.13430386762315116,0.5107036226533301,-0.2629780985797271,0.7925674599424946,0.9996811443482657
MAP7D1,5.409630072438205,-0.31891997691963986,0.6342944753363504,-0.5027948205768695,0.6151085355266732,0.9996811443482657
MAX,2.475065863304232,-0.5463855717932444,0.919552407502802,-0.5941864404194707,0.5523874209376578,0.9996811443482657
MAU2,1.0434157840828293,-0.8113984529015211,1.4393235991349829,-0.5637359474889193,0.5729338490878746,0.9996811443482657
MATR3,7.580703555058642,-0.3704861092525117,0.49008481870791504,-0.7559632437284641,0.4496712335984818,0.9996811443482657
MAT2B,1.887698571701064,-0.15707591792257153,1.0906055403260948,-0.14402633410023324,0.8854796748264391,0.9996811443482657
MAT2A,3.202880130407289,1.1622300052968852,0.8307358871102192,1.3990367135092654,0.1618019739095662,0.9996811443482657
MASTL,0.9706087165950192,-1.319231661608339,1.4572980955822352,-0.9052586190893673,0.3653283934294327,0.9996811443482657
MARK4,0.6554113907095103,-2.3861193281020507,2.0038043909174066,-1.1907945400846276,0.23373425283895877,0.9996811443482657
MARK3,3.7448734700026467,-0.2107220359117416,0.7263294014302712,-0.2901191050462677,0.7717251203448122,0.9996811443482657
MARK2,1.817588353887697,-1.4574239297222815,1.1003595117132563,-1.3244979610828072,0.18533771976850155,0.9996811443482657
MAGEF1,1.5825795614184135,-0.15722001734920732,1.0833821355123605,-0.14511963248762058,0.8846164178875935,0.9996811443482657
MANBA,0.7416715236337725,0.8344500412049978,1.6762109306382553,0.49781923381639204,0.618611458022068,0.9996811443482657
MAN2A1,3.378023699207076,0.11108119219899736,0.8124918542855764,0.1367166841280778,0.8912547413399761,0.9996811443482657
MAN1A2,2.5676537384735685,0.9718459711523677,1.0053465754986903,0.9666775566130466,0.3337052500715114,0.9996811443482657
MAN1A1,2.966043930706392,-0.17057079569738448,0.8509233109649174,-0.2004537817914086,0.8411257011296462,0.9996811443482657
MAML2,1.7025850086237975,-0.5586276037231493,1.270969825482344,-0.4395286123422682,0.6602785545452077,0.9996811443482657
MALT1,2.817199364396517,0.9934200924918245,0.902547202397184,1.100684916925431,0.2710338130178591,0.9996811443482657
MALAT1,30.876666053248535,0.2613478089321639,0.2574141248599957,1.0152815393262034,0.30997164170627267,0.9996811443482657
MAGT1,2.4688872736560112,0.6736643118616534,0.9568861050262086,0.704017237080898,0.48142203916625137,0.9996811443482657
MAGOH,2.8568944201656397,-0.4544833541515383,0.852758629935143,-0.5329566165587843,0.5940636120084288,0.9996811443482657
MANF,2.727381618026925,-0.8585996421530934,0.9578917603818837,-0.89634307096534,0.3700695621670208,0.9996811443482657
MAGED2,1.4095861773978222,1.151712074389306,1.3667928873176378,0.8426383288031056,0.3994307479076046,0.9996811443482657
MAFG,1.329865716078196,-0.7524812844730198,1.2736977824990627,-0.5907847959008073,0.5546646234634326,0.9996811443482657
MAFF,5.904594943438462,0.07867325993957089,0.6294767374987267,0.12498199735257101,0.900537802608444,0.9996811443482657
MAF1,1.6965253054182692,-0.20837301826017243,1.0914320633782189,-0.1909170760617136,0.8485905614822742,0.9996811443482657
MAF,1.1619149276457326,-0.2153486776126099,1.2280037595975712,-0.17536483575846848,0.8607929693898598,0.9996811443482657
MAD2L2,1.3047759310163716,-1.3187441496428696,1.356212005071056,-0.9723731575239792,0.33086494074482786,0.9996811443482657
MACF1,3.972651901203914,-0.520785082211117,0.7022146308261333,-0.7416323433740333,0.4583101217658939,0.9996811443482657
M6PR,5.0619043577233604,-0.31222378463480527,0.5990867583175371,-0.5211662255925137,0.6022509799227197,0.9996811443482657
LYZ,12.166667680782174,0.1081257525311284,0.5101560770021499,0.21194641680348486,0.8321488377296247,0.9996811443482657
MAP3K13,4.919504387107233,0.9213001864794743,0.64434998723569,1.4298133075658486,0.1527706086539628,0.9996811443482657
MAP4K5,1.4117987293838696,1.0347754435225136,1.2316124183634214,0.840179449390039,0.4008077790525755,0.9996811443482657
MAP4K4,3.479518461133197,-0.0752031707352124,0.7434955756720377,-0.10114810793223224,0.9194328892315853,0.9996811443482657
MAP4K1,3.419954181984811,-0.9830655290399365,0.7558093554359732,-1.3006792281274095,0.19336827520247668,0.9996811443482657
MAP4,4.158364461617911,-0.3540347868093207,0.7123199835327628,-0.49701650240595424,0.6191774141341713,0.9996811443482657
MAP3K8,5.916286062301847,0.3474141730868974,0.5782267979304424,0.6008268283835048,0.5479553331052388,0.9996811443482657
MAP3K5,1.3643125441446302,0.18950496615148815,1.2687024391561508,0.1493691194268793,0.8812623774709982,0.9996811443482657
MAP3K4,0.7596256738432537,0.04744789580310966,1.720074534580985,0.027584790571106327,0.9779933124163007,0.9996811443482657
MAP3K20,1.699247153357819,-0.24778941220744752,1.2452339077165955,-0.19899025449911076,0.84227036793507,0.9996811443482657
MAP3K2,4.316712375157013,-0.5277241630129121,0.6596131181084416,-0.8000510428389529,0.423681224412054,0.9996811443482657
HPS1,2.3107173558286203,-0.19411949709241266,0.9582460020887099,-0.20257793580070893,0.8394649370985912,0.9996811443482657
MAP3K1,4.43016142037418,-0.26955949334477525,0.6829459085303148,-0.3947010882968193,0.6930634995067302,0.9996811443482657
MAP2K6,1.2216284566359419,-0.5298632528072228,1.2126146046188084,-0.4369593197945922,0.66214085052825,0.9996811443482657
MAP2K4,0.71372402894974,-0.810968489227874,1.5319990208493028,-0.5293531380837913,0.5965604999401111,0.9996811443482657
MAP2K3,3.5500399896414887,0.24998968315408646,0.7693883516959523,0.3249200258920447,0.745241600056961,0.9996811443482657
MAP2K2,1.1693915210668515,0.4507110544701498,1.5219825667201183,0.29613417678064136,0.7671276145827132,0.9996811443482657
MAP2K1,2.604523514816143,-0.7793344200553183,0.8283404616220228,-0.9408382859014964,0.3467877375572207,0.9996811443482657
MAP1LC3B2,1.2372436403384275,-1.2155689369584182,1.3426647672574543,-0.9053406081708364,0.3652849694835383,0.9996811443482657
MAP1LC3B,5.562595552227043,0.2357372372821576,0.5844888602538006,0.40332203624855095,0.6867113327254415,0.9996811443482657
FAM98B,2.4422367291465448,-0.828549162208994,0.8685934206509446,-0.9538975802833731,0.34013548842994723,0.9996811443482657
FBL,5.8468737845411205,-0.2692186603855496,0.6569503532230101,-0.40980061745116364,0.681952213247421,0.9996811443482657
FAUP1,4.682028245654292,-0.04388803537603729,0.7739296296492123,-0.05670804385138966,0.9547777662623466,0.9996811443482657
FAU,16.030967008489178,0.08874524814171943,0.3870199568961935,0.22930406187173105,0.8186325966680074,0.9996811443482657
FASN,0.7306162444206573,-0.004690829154582403,1.6215793900175504,-0.0028927533141202754,0.9976919200114631,0.9996811443482657
FARSB,1.4790010891110603,-0.9470784118515949,1.2201388143269252,-0.7762054618138177,0.43762768170525435,0.9996811443482657
FARS2,0.7519296010197805,-0.8976507064379422,1.6253830868771584,-0.5522702393579071,0.5807632173745318,0.9996811443482657
FARP2,2.421213953835492,-0.024200852310711157,0.8984911890760491,-0.02693499124415206,0.9785115846575254,0.9996811443482657
FAR2,1.208808931051259,-0.6700446167093315,1.2623997984591153,-0.5307705352354996,0.5955778005264769,0.9996811443482657
FAR1,4.34726049383956,-0.8709937285322461,0.6847930038052956,-1.2719080418349196,0.20340579422420324,0.9996811443482657
FBP1,2.9351441552646036,0.11756073848819519,0.8975591604450901,0.13097826156651118,0.8957925039998331,0.9996811443482657
FAM98A,0.8180758141649936,0.8368248592609139,1.959437481221385,0.42707402878671696,0.6693254087234107,0.9996811443482657
FAM96B,2.2553365607507416,-1.0573180361899197,0.8976749347310599,-1.1778406584413412,0.23886013612319867,0.9996811443482657
FAM96A,1.9034370275748385,-0.8421541629868493,0.9903459755757547,-0.8503635938917695,0.3951229702707012,0.9996811443482657
FAM91A1,1.3814677306407974,-0.25498219639355274,1.1057761476857029,-0.23059115258292484,0.8176324416162446,0.9996811443482657
FAM89B,1.5680874589027614,-1.2111279133930508,1.322587270726032,-0.9157262739480354,0.35981048085432654,0.9996811443482657
FAM76B,1.0278487039958761,0.17810722919015068,1.5786940455302354,0.11281934564485539,0.9101737806576088,0.9996811443482657
FAM53C,2.4325669711023012,-0.16940450216696906,0.9129754090777955,-0.18555209755111152,0.8527960216937962,0.9996811443482657
FAM53B,1.0100535284789238,0.010382660861413895,1.3496708743809633,0.007692735361260559,0.9938621457628054,0.9996811443482657
FAM50A,1.0303213100924329,-0.9896960417092403,1.4289729552243922,-0.6925925631348481,0.488565278715416,0.9996811443482657
FBXO33,1.8246184711922657,1.787566171522603,1.206753985517962,1.4813012370167107,0.13852631902013574,0.9996811443482657
FCHO1,0.6869251700912463,-1.7163735978790198,1.7545405054770644,-0.9782467788695098,0.3279522853319369,0.9996811443482657
FCGRT,7.368154609823387,0.03470219244886614,0.5504295633547791,0.06304565517404605,0.9497301490352654,0.9996811443482657
FCF1,1.4161857003783032,-0.9079204897760427,1.1459278162676454,-0.7923016414185611,0.4281848148408264,0.9996811443482657
FCER1G,9.181637954196582,0.4044200141115432,0.5198667931764656,0.7779300763575897,0.4366102362685754,0.9996811443482657
FBXW7,3.3729206992610625,0.08669138995181895,0.7753492963064305,0.1118094649273495,0.9109744826584667,0.9996811443482657
FBXO9,2.432526296042206,0.34418576776599247,0.9278114689292696,0.3709652006815525,0.7106634511278921,0.9996811443482657
FBXO7,3.157191883021634,-0.47832058907812364,0.7576530770853361,-0.631318744085625,0.5278321334395302,0.9996811443482657
FBXO45,0.8218366991837427,0.288735769405076,1.6784323078848813,0.17202705646731362,0.8634162580889219,0.9996811443482657
FBXO34,5.096773796013968,0.8199905722688573,0.7328460354147389,1.1189124763495524,0.26317747981959194,0.9996811443482657
FAM49B,14.309023401072116,0.012659566376726774,0.4023507569332745,0.03146400536988731,0.9748994974771147,0.9996811443482657
FBXO30,0.9488007168373229,0.06107159737833115,1.444668036506825,0.042273792895702815,0.9662804368442615,0.9996811443482657
FBXO27,2.5957995963099227,-0.6664714117218862,0.893945950952684,-0.7455388225782814,0.45594605081410744,0.9996811443482657
FBXO21,0.8067546369274754,-0.4996214282123234,1.5292160855092003,-0.3267173507699266,0.743881675808276,0.9996811443482657
FBXL5,0.8765496238702022,1.0501914465601507,1.8027455588919976,0.5825511211940629,0.560195518007633,0.9996811443482657
FBXL3,0.9977131026088621,-2.315696271375009,1.5182639452545545,-1.5252264131101105,0.12720263470329732,0.9996811443482657
FBXL20,0.7985147265569748,-0.4773311340699252,1.4575664818916483,-0.32748498267498494,0.74330109942941,0.9996811443482657
FBXL17,0.6719934670324411,-1.0328143092197164,1.9691035633178229,-0.5245098980367926,0.5999239372399003,0.9996811443482657
FBRSL1,2.1351970652028793,-0.6107047242765131,0.9610746138711884,-0.6354394502385275,0.5251418455007439,0.9996811443482657
FBRS,2.71801915320947,-0.566174077210725,1.082024594917475,-0.5232543510287829,0.6007972632992449,0.9996811443482657
FAM118A,0.7779884120480094,-2.6183837242738575,1.8153865410649843,-1.4423284876496882,0.1492097273097288,0.9996811443482657
FAM13B,1.7659205140758787,0.06847283836041457,1.0447230903266278,0.0655416148014943,0.9477427737250523,0.9996811443482657
FAM136A,1.3728932534907083,-0.5328224597584705,1.5650816606734443,-0.34044387149051414,0.7335222849383992,0.9996811443482657
FAM135A,2.671351011832586,-0.28496808143161106,0.8636118276624795,-0.3299724161987549,0.7414208045710944,0.9996811443482657
FAM129B,1.2432051911251285,-0.16632246119621708,1.5705005106724805,-0.10590411150200685,0.9156584319092672,0.9996811443482657
FAM129A,10.6236215394263,0.6316697657517186,0.44721214503275014,1.4124611166484762,0.15781423192789767,0.9996811443482657
FAM122B,0.8778589751390614,-1.1255289232658185,1.5340921043882894,-0.7336775412937915,0.46314528950023437,0.9996811443482657
FAM120B,0.7667577426321082,1.0384530199664448,1.9253272453007968,0.5393644236329319,0.589635423973341,0.9996811443482657
FAM120AOS,0.6422111585001866,0.5608677033674706,1.6727198518417956,0.3353028319415898,0.7373966576809114,0.9996811443482657
FAM120A,6.728958213899652,-0.18214526700450404,0.5976852820335703,-0.30475113321307024,0.7605557021317407,0.9996811443482657
FAM160A2,0.8095700057700899,0.19381361115854046,1.5760856637258476,0.12297149553430199,0.9021296698873639,0.9996811443482657
FAM117B,1.720669574303959,0.7069521428956739,1.1957530182928342,0.5912192000192339,0.5543735597438786,0.9996811443482657
FAM111A,1.1051042848941108,-0.7192106903738491,1.3442771294249967,-0.5350166826698044,0.5926383214052567,0.9996811443482657
FAM110A,1.7609023637708168,-0.3611879026302741,1.0100944964107732,-0.35757832946690016,0.7206588980182851,0.9996811443482657
FAM107B,2.3296846769613824,-0.3170963661737483,0.8980820506707446,-0.3530817322725921,0.7240271675739456,0.9996811443482657
FAM105A,0.8418278473980547,-0.5697673273884111,1.6825645172207269,-0.33863030009069556,0.7348882536558492,0.9996811443482657
FAM102B,3.3244026489444805,-0.6002556575874645,0.750306705101047,-0.8000137190652261,0.42370284861579677,0.9996811443482657
FAH,0.9828354212816539,-1.088555294992094,1.4005724844792322,-0.7772216768893944,0.4370279952523253,0.9996811443482657
FAF1,1.5448814042318704,-0.36086264605661134,1.1989137523205076,-0.3009913309928748,0.7634211050524222,0.9996811443482657
FADS1,1.1637612070954517,-1.1902448995163726,1.4673066411021953,-0.8111766594488371,0.4172642274156868,0.9996811443482657
FAM208A,2.1258868087768397,-0.488233676027897,0.922823223895701,-0.5290652243956508,0.59676020432696,0.9996811443482657
FAM49A,1.851370967186018,0.9171785294616266,1.2340711221585434,0.7432136713946985,0.4573523275661898,0.9996811443482657
FAM46C,4.469421495245528,0.8203212149801925,0.7130572769011674,1.1504282216222195,0.24996754197423432,0.9996811443482657
FAM35A,1.1228187966239502,0.7555184388454291,1.373633979941688,0.5500143778312048,0.5823095120379644,0.9996811443482657
FAM32A,2.406566916363923,-0.786593318822986,0.9488810751384291,-0.8289693402392208,0.40712175652326266,0.9996811443482657
FAM220A,1.296217877045723,0.5527686530023868,1.610382261780235,0.3432530686169603,0.731408084091097,0.9996811443482657
FAM214B,1.175899745237365,-0.3842449834631656,1.3706037235204611,-0.2803472490766434,0.7792111039835252,0.9996811443482657
FAM210B,0.8417393844248726,-0.4262505476292059,1.547365704935706,-0.27546852451852477,0.7829563045078957,0.9996811443482657
FAM210A,0.8851555661058778,-0.3371096897904248,1.6859066683522623,-0.19995750424304468,0.8415138165735849,0.9996811443482657
FAM20B,1.6695573197994804,0.20398282337828083,1.037576398234509,0.1965954735722289,0.8441441130528872,0.9996811443482657
FCHO2,0.9458372489961868,2.365397483044015,1.8051743826218178,1.3103429263207995,0.19007985189379972,0.9996811443482657
FAM204A,1.8373615557691234,0.34295886171494805,1.0560663404933062,0.3247512476865291,0.745369344919129,0.9996811443482657
FAM200B,1.0091011586939294,1.3869774084087974,1.5930337288170062,0.8706516273442452,0.3839443980692375,0.9996811443482657
FAM193B,1.2031090174038301,0.4530165233747015,1.5178940344769054,0.2984506909474873,0.7653592050219766,0.9996811443482657
FAM193A,1.2448954720383172,0.009454434886054155,1.2220666796147286,0.0077364312797029875,0.9938272825015683,0.9996811443482657
FAM192A,1.815204875149305,-0.20820471652214667,1.0562000346688085,-0.19712621633025526,0.8437287682624449,0.9996811443482657
FAM177A1,2.3206366967389496,0.4470189072753194,0.8939609085187215,0.5000430142029615,0.617044790158838,0.9996811443482657
FAM168B,2.5726760864961498,-0.3739787286722894,0.8323598113901596,-0.4492993577473323,0.6532157210312586,0.9996811443482657
FAM162A,1.5325726664670842,0.014996077045214204,1.1327058545531319,0.013239162651922872,0.9894369850958001,0.9996811443482657
FOXJ3,1.0235049281958775,0.7284570372059228,1.4687038292797472,0.4959863402570131,0.6199040484003804,0.9996811443482657
FRG1,1.3465999134847952,-0.41187805569752506,1.43324495874724,-0.2873745016047615,0.7738255829322668,0.9996811443482657
FRAT2,1.5947320852961635,0.8561975587611788,1.278757474915674,0.6695542943493953,0.5031419584960183,0.9996811443482657
FRA10AC1,1.2436960352182433,1.8072272629750512,1.4018295739777795,1.2891918507946227,0.19733139741659245,0.9996811443482657
FPGS,1.4462888084020462,-0.5116009733390184,1.0863602484039783,-0.4709312349109192,0.6376898418512402,0.9996811443482657
FOXP1,3.596579642133843,0.5962651566246574,0.7474827845279881,0.7976975108546214,0.4250460486823364,0.9996811443482657
FOXO1,1.0583830377388588,3.606436868630506,2.3723950868596635,1.5201670618043397,0.12846899344671683,0.9996811443482657
FOXN3,2.108685500087085,-0.1015798642401464,0.9470965785839507,-0.10725396600209801,0.9145875036167298,0.9996811443482657
FOXN2,2.4370433405627123,-1.4363274224912808,0.9719370982407067,-1.4777987434486883,0.13946165482103148,0.9996811443482657
FOXK2,0.9515247615493225,-0.1912140645621574,1.4757427872578823,-0.12957140377928422,0.8969055289600576,0.9996811443482657
FRMD8,2.837821737594351,0.8060596294970367,0.9360113469317932,0.861164378123478,0.389147516188446,0.9996811443482657
FOSL2,13.486372711229826,0.11961517446832175,0.3974693692122609,0.3009418680624004,0.7634588232137001,0.9996811443482657
FOSB,19.993485515257074,-0.29538279411544843,0.4073616047131418,-0.7251120152166838,0.4683833138621517,0.9996811443482657
FOS,19.128661136461766,0.01347301728010832,0.3234692823565044,0.041651612734155505,0.9667764279014146,0.9996811443482657
FOPNL,0.8860529786664796,-1.4820751270377919,1.4606683230848052,-1.01465548585854,0.3102700802076669,0.9996811443482657
FO393411.1,11.73374829475186,0.39406282062359876,0.4072645329929819,0.9675844290383847,0.3332519568287421,0.9996811443482657
FNTA,1.5865518963255871,0.25053743634013365,1.2842429521679493,0.19508570081478568,0.8453258566067863,0.9996811443482657
FNIP2,7.591357534771587,0.1066717982446479,0.5351070007550704,0.19934666915986357,0.8419915749730885,0.9996811443482657
FNDC3A,1.4978757244913523,1.4302026205879033,1.2606860138810765,1.1344637799105604,0.2566000585870095,0.9996811443482657
FNBP4,3.8073972761128174,-0.5754180062362039,0.7954331674827579,-0.7234020779610965,0.4694328949618174,0.9996811443482657
FTLP3,6.291642239353583,-0.6072215084622203,0.6323663411490703,-0.9602369211473853,0.3369359887619098,0.9996811443482657
FXYD3,0.9498979057446506,3.3714186469294463,3.897956032861987,0.8649196190276311,0.38708290857531646,0.9996811443482657
FXR1,4.439538148782955,-0.298871726848046,0.6683253350797865,-0.4471949680201273,0.6547342942918042,0.9996811443482657
FUT8,0.843961932369439,0.2841837691853729,1.474306936318181,0.19275753385185262,0.8471488627762651,0.9996811443482657
FUS,11.88640157359313,-0.2356736072575054,0.40933308405262087,-0.5757502054908636,0.5647840350458075,0.9996811443482657
FURIN,1.327561135055478,-0.6759610119552768,1.30641863738599,-0.5174153158958338,0.6048662703757941,0.9996811443482657
FUNDC2,2.4283371875935424,0.20804319600386767,0.8709455180594818,0.23887050531863377,0.811205996920522,0.9996811443482657
FUCA1,2.5430126043362073,-0.491877562924793,0.9751844189972887,-0.5043944030920376,0.6139842503126367,0.9996811443482657
FUBP3,0.682358411993016,0.6119179708783673,1.8450161405869905,0.3316599553886212,0.7401460416279082,0.9996811443482657
FUBP1,3.438451721388844,-0.3117048531667138,0.7431531361286654,-0.41943556181501057,0.6748978389534874,0.9996811443482657
FNBP1,14.64779941108349,-0.32739154812757476,0.3587252828261041,-0.9126525611697164,0.36142530109120796,0.9996811443482657
FTL,21.867217802314585,-0.06195773602117036,0.3379925333864502,-0.18331096074933054,0.8545540346843861,0.9996811443482657
FTH1P8,6.410070140157757,-0.3738362155113249,0.6888753376247527,-0.5426761492149145,0.587352798676869,0.9996811443482657
FTH1P7,1.064313754835125,-0.9457639686559676,1.4124827304482592,-0.669575597823999,0.5031283741211543,0.9996811443482657
FTH1P20,15.271610272685203,-0.2061796703928596,0.42735035711259195,-0.4824605080148287,0.6294788462838744,0.9996811443482657
FTH1P2,1.4996632399820369,-0.9960625043748564,1.2568627454263304,-0.7924990282347736,0.42806975816513826,0.9996811443482657
FTH1P11,4.2806035005436325,-0.18827834763551185,0.6644974394939757,-0.2833394629464464,0.7769166291115508,0.9996811443482657
FTH1,3.014004317323568,-0.6777790095340568,0.9252782926921633,-0.7325136825181647,0.46385509453066653,0.9996811443482657
FSCN1,2.9466616693887264,-0.8915172992576498,0.8763809529893566,-1.0172714231370077,0.30902432711184846,0.9996811443482657
FRYL,1.0098972511653974,-1.6135096908172437,1.3625978955686124,-1.1841422154434826,0.23635677154215318,0.9996811443482657
FGD2,7.1403488239913635,-0.12479821934469738,0.5235374005121607,-0.23837498375972968,0.8115902683278391,0.9996811443482657
FKBP15,2.6686944850324705,0.26564029967345515,0.9329728017338081,0.284724591306196,0.7758551489727198,0.9996811443482657
FIS1,0.5912715968194918,-2.193809232611625,1.8891419536801786,-1.161272835182096,0.24553096298125932,0.9996811443482657
FIBP,2.3442903368820307,-0.10576618358741924,0.9178925865334588,-0.11522719013001188,0.908265047604659,0.9996811443482657
FHOD1,2.444167430220053,0.705523937447008,1.0603533302632757,0.6653668332157104,0.5058158931898423,0.9996811443482657
FGR,5.358685991549761,-0.13374497612474817,0.63040870862085,-0.21215597801201555,0.8319853493930331,0.9996811443482657
FGL2,15.166986403447016,-0.031557629411249774,0.437838573032501,-0.0720759461476393,0.942541468621507,0.9996811443482657
FGFR1OP2,1.7438177447513041,-1.0439014715112618,1.0157114574239468,-1.0277539589430356,0.3040655787128186,0.9996811443482657
FGD6,1.4979457801890401,-0.09868315212161795,1.182554749415689,-0.08344911909607415,0.9334944332870401,0.9996811443482657
FGD5-AS1,2.6797715637217245,-0.7306662464484549,0.8081200175619305,-0.9041556087830235,0.3659128950305959,0.9996811443482657
FKBP1A,10.051335085843293,-0.4263934380226479,0.4223425852390393,-1.0095913907931304,0.31269109600647715,0.9996811443482657
FEZ2,0.8374308551244545,-1.8222980269976836,1.5576575051732067,-1.1698964765653344,0.24204263199917264,0.9996811443482657
FERMT3,1.117859562201938,-1.8150735229620365,1.3328939757587186,-1.3617538648779985,0.1732755757672113,0.9996811443482657
FEM1C,1.7387259800953698,1.111047711328843,1.1543098915585839,0.9625211734334816,0.3357878725320369,0.9996811443482657
FEM1B,0.8464555662277695,-0.21216557263822527,1.624519823202932,-0.130602021352941,0.8960901436169961,0.9996811443482657
FECH,0.626048330516032,-0.3629845563859254,1.706907932715881,-0.21265620097527843,0.8315951318487255,0.9996811443482657
FDX1,1.6041126127703964,-1.0148356301780044,1.1817298904683082,-0.8587712288261022,0.39046674386241387,0.9996811443482657
FDFT1,1.7046430832883679,-2.1224162979222663,1.1241585600953017,-1.8880043912509428,0.05902536093154708,0.9996811443482657
FCRL6,1.0409917822083572,-1.5859612442349316,1.3925007244696888,-1.138930283026545,0.25473223364504904,0.9996811443482657
FCHSD2,2.9055381724279306,-1.0791888707808517,0.8710846327667086,-1.2389024328820606,0.21538163260372745,0.9996811443482657
FLNB,1.3237469778058202,-0.6622573094390415,1.2434345041112458,-0.5326032913268679,0.5943082232970656,0.9996811443482657
FN3KRP,0.7403854414840305,-0.7142861071823039,1.625683801321224,-0.4393757916525895,0.6603892646148444,0.9996811443482657
FN1,0.8456346392598861,-0.5080770953656512,1.5472952896652274,-0.3283646623622687,0.7426359583793914,0.9996811443482657
FMNL3,1.1636644992578344,0.3428549878846064,1.5165559651011762,0.22607473497473798,0.8211432944838284,0.9996811443482657
FMNL2,6.169946663149759,0.8867505451137824,0.6462113292710493,1.3722299578283013,0.1699918621705575,0.9996811443482657
FMNL1,2.5956517303133717,-0.9725170452299597,0.8683080967477236,-1.1200137933442682,0.26270788425867475,0.9996811443482657
FLT3,4.316410647326001,-0.20279865411779943,0.6513489187765541,-0.3113517935958526,0.7555331969257775,0.9996811443482657
FLT1,1.4079457900078025,-0.9011580214242302,1.1657452431928748,-0.7730316951206567,0.43950362312175517,0.9996811443482657
FLOT2,5.797569331198716,-0.4544328389842177,0.5955172837377046,-0.7630892526443824,0.44541016910729914,0.9996811443482657
FLOT1,2.2290404852599837,-0.46445480663866556,0.9066603097181846,-0.5122699225501899,0.6084621124325722,0.9996811443482657
F11R,5.603909504202189,-0.023876518290543033,0.6574259770905303,-0.0363181850467937,0.9710286499342149,0.9996811443482657
FLNA,7.001326571695644,0.2233166167212227,0.549400153742731,0.40647352426078087,0.6843947064834013,0.9996811443482657
FLII,2.0680162085233667,-1.2627103355897615,1.0451061639503392,-1.2082125042846483,0.22696553322064406,0.9996811443482657
FLI1,2.4409676603426123,0.4099222247073093,0.8765945519637734,0.4676303586292993,0.6400489509172147,0.9996811443482657
FKBP8,0.9430099027731087,-0.19234458529037443,1.3831423002438945,-0.13906348266296073,0.8893999843988039,0.9996811443482657
FKBP5,2.549228644925642,-0.38326237547602277,0.8472379101290393,-0.4523668864364789,0.651004697967571,0.9996811443482657
FKBP4,1.2656928724610468,0.5476791951434994,1.3909739352526131,0.39373792798212,0.693774536157447,0.9996811443482657
FKBP2,2.4218315012088327,-0.6585968616747832,0.9329661420189477,-0.7059172160841477,0.48023962055466207,0.9996811443482657
FKBP1B,1.0763613368029454,-0.3946094736423079,1.5587807658935042,-0.25315264485966055,0.8001502587064295,0.9996811443482657
EIF3H,14.282816538314107,0.3219592421063357,0.3715326458031669,0.8665705308623282,0.38617736591119733,0.9996811443482657
EIF4A3,7.899081241503874,0.3621946451659116,0.5039555702206717,0.718703525803503,0.472323610446051,0.9996811443482657
EIF4A2,10.537939014046323,-0.15660026520952727,0.41589262817989225,-0.3765401322328575,0.7065153857775894,0.9996811443482657
EIF4A1P2,0.8257011456489691,-2.6665710212330973,1.7190205499477074,-1.5512153250955696,0.12085009074831753,0.9996811443482657
EIF4A1P10,2.1183450538094855,-1.176629274669205,1.016819069410417,-1.1571668058423126,0.24720421668564885,0.9996811443482657
EIF3M,2.579547666288251,-0.3243855895843165,0.8262130002321029,-0.39261738739669905,0.6946020954698238,0.9996811443482657
EIF3L,1.6328788376498622,0.04234622272579855,1.2128442913844637,0.034914805656924244,0.9721476746045984,0.9996811443482657
EIF3K,7.544430844600378,-0.3356843191721783,0.61019416694822,-0.5501270535754955,0.5822322321357125,0.9996811443482657
EIF3J,4.199944998872051,-0.14944919255264574,0.6513878019097826,-0.22943197909828916,0.8185331832405599,0.9996811443482657
EIF3I,7.017751004511242,0.4579864594483352,0.5448688854180966,0.8405443432449009,0.4006032497835571,0.9996811443482657
EIF4B,9.4837686917754,0.5198160974956685,0.46073388742658794,1.1282350000324093,0.25922068622674577,0.9996811443482657
EIF3G,3.539709299930392,-0.027748856477379284,0.9222236152631668,-0.03008907603115416,0.9759960128521735,0.9996811443482657
EIF3FP3,0.9813460675584923,0.6017442600221132,1.5034866160618117,0.40023253522422725,0.6889852531866789,0.9996811443482657
EIF3F,4.7834444375397025,0.22320655229708358,0.7559416705702375,0.29526954391693977,0.7677879803046053,0.9996811443482657
EIF3E,8.537608301319562,0.3548982668868986,0.4739684126212599,0.7487804196152028,0.453989563213254,0.9996811443482657
EIF3D,5.920222066415569,-0.0216993970821592,0.6635463905973954,-0.03270215525190798,0.9739121051694403,0.9996811443482657
EIF3B,2.773055156850604,-0.7201569429159549,0.8869326379727468,-0.8119635156983405,0.4168125667264143,0.9996811443482657
EIF3A,8.262745741705844,-0.19626175599501383,0.47836816702045665,-0.4102734452784376,0.6816053693634001,0.9996811443482657
EIF2S3,3.70776773532097,0.7179643353490265,0.7447957040804748,0.9639748610465276,0.33505852958370586,0.9996811443482657
EIF2S2,5.0269009945871455,-0.6498554043083093,0.5952431260282698,-1.0917478520826225,0.27494394588839743,0.9996811443482657
EIF5B,6.713522951573514,-0.236184165766857,0.52364640748474,-0.4510374985695663,0.6519625228997217,0.9996811443482657
ELL2,1.9383760978493045,1.3304621295213284,1.2098559417387864,1.0996864036632399,0.27146878074916003,0.9996811443482657
ELK4,2.7396066350459667,-0.43289492337748264,0.8300455194814984,-0.5215315464239813,0.6019965355415196,0.9996811443482657
ELK3,1.6644054664783672,-1.7327297129739392,1.129443483422832,-1.5341446813459134,0.12499406318455905,0.9996811443482657
ELK1,1.0426161255478728,2.3728536843126946,1.8979705340052957,1.2502057549361691,0.21122439509718383,0.9996811443482657
ELF4,2.2498414517462018,0.004085745422231858,0.8977650992006315,0.004551018329705397,0.9963688252734761,0.9996811443482657
ELF3,1.6378552373416992,2.2206352632028667,1.4500277111194642,1.531443327719903,0.12565986269964755,0.9996811443482657
ELF1,5.955198458353298,-0.4179780519798583,0.5630155782142119,-0.7423916284974076,0.4578500902010304,0.9996811443482657
ELAVL1,2.662879348250807,-0.9730435195271722,0.8691821168182847,-1.1194932577410601,0.2629297656484698,0.9996811443482657
EIF6,5.188292080684382,-0.07343950967506999,0.695486722135466,-0.10559440940810015,0.9159041605985965,0.9996811443482657
EIF2S1,1.6215567806768558,-0.9327862781623786,1.2097293790983703,-0.771070203203297,0.4406653209900705,0.9996811443482657
EIF5A,9.750543428181201,-0.7407770454623072,0.4578071730728775,-1.6180983807878961,0.1056413974234902,0.9996811443482657
EIF5,12.987133891421916,0.07225815066736398,0.4003837362815524,0.18047224230045045,0.8567818440274726,0.9996811443482657
EIF4H,6.085927093541656,0.040118030017618996,0.5546382979888055,0.07233187856498996,0.942337795704915,0.9996811443482657
EIF4G3,3.8649925600040547,-0.2700102623514149,0.8236725763104622,-0.32781261646574655,0.7430533474237948,0.9996811443482657
EIF4G2,14.914702228801772,0.22929162970472275,0.362399749584128,0.6327036096681812,0.5269272122132558,0.9996811443482657
EIF4G1,3.96829548363847,-0.9808767161246859,0.77458424849692,-1.266326701102012,0.20539614125513772,0.9996811443482657
EIF4EBP2,2.9002608325116137,-0.8915320833570823,0.7783384230837518,-1.1454298758949364,0.2520311283553067,0.9996811443482657
EIF4E2,1.7442721838323534,-1.0418033051005582,1.0294099505986218,-1.0120392798755533,0.3115192727369478,0.9996811443482657
EIF4E,1.1584612547758169,-1.753132934948445,1.3812977328583649,-1.2691926535784788,0.20437236059677366,0.9996811443482657
EEF2,16.177424382110907,0.16231838963658674,0.3644535227690876,0.4453747309212574,0.6560489702558275,0.9996811443482657
EGR1,5.986993445279905,0.10481627237151941,0.6738352340213666,0.1555517834025815,0.8763863334501185,0.9996811443482657
EGLN3,6.020558616473224,-0.5443771965267358,0.5803589604119305,-0.9380008471659413,0.3482439747425643,0.9996811443482657
EGLN2,1.2947836958974595,1.6185363216334019,1.410673374583198,1.1473501597147673,0.2512369310417636,0.9996811443482657
EGLN1,1.2009775529187254,-0.9337612683880698,1.3210616749181863,-0.7068264003994348,0.4796743661491337,0.9996811443482657
EFTUD2,1.9133556483428782,-0.14061323091734126,0.9735077298276101,-0.14443976828231372,0.885153215494636,0.9996811443482657
EFR3A,1.3244201467885361,-0.9607707005816617,1.3440516171373889,-0.7148316986723672,0.474713045505472,0.9996811443482657
EFNA1,1.22477303628702,3.7076537338539093,2.2301446371353597,1.6625171623919528,0.09640912510806902,0.9996811443482657
EFHD2,12.502550725648675,-0.10224787585562896,0.4061849438286158,-0.25172739021752377,0.801251784254492,0.9996811443482657
EFCAB14,3.8006205376168536,0.6371714580732826,0.7387873035970286,0.8624558854368559,0.3884366988043437,0.9996811443482657
EGR2,1.3543048213390734,0.39252729240273115,1.2143310016848636,0.3232457146017899,0.7465091623480906,0.9996811443482657
EEF1DP1,2.1972364436487335,0.6050002907843556,0.9984813230847628,0.6059204882423184,0.5445675536611754,0.9996811443482657
EEF1B2P6,10.149745925001792,0.2850714692706453,0.4472494089118853,0.6373881409126883,0.5238720511084658,0.9996811443482657
EEF1B2P3,8.625725682329188,0.3308435038855655,0.4978005245292166,0.6646105971833862,0.5062995894644399,0.9996811443482657
EEF1B2,14.523506079166072,-0.028108450717163277,0.3905864316684031,-0.0719647392693522,0.9426299690520562,0.9996811443482657
EEF1A1P6,0.7745702897753182,0.12195338184270836,1.940807565033135,0.06283641100740778,0.9498967713545776,0.9996811443482657
EEF1A1P5,10.853237148242002,0.05534287388988857,0.42440027296309574,0.13040254075119548,0.8962479565274385,0.9996811443482657
EEF1A1P13,1.145752099661578,-0.7121218493863704,1.2207418917475588,-0.5833516930978169,0.5596565701591674,0.9996811443482657
EEF1A1,28.201036437246596,0.4487162127510515,0.2623780562193171,1.7101895608830096,0.08723082545896507,0.9996811443482657
EED,1.0885093591244115,1.5063694353601897,1.5442980802063273,0.9754395570827427,0.3293422699086641,0.9996811443482657
EIF1AX,2.246524586136154,0.13740968385509186,0.9045441236977805,0.15191042676100802,0.8792575843761508,0.9996811443482657
EIF2D,0.843824486045236,-0.4484368492584033,1.4477571562861218,-0.3097459040774227,0.7567541918971359,0.9996811443482657
EIF2B1,1.5401862501907473,0.07528326917164371,1.077487588855266,0.06986926805498098,0.9442977138710581,0.9996811443482657
EIF2AK4,2.2758340583962777,-0.33672704481031307,1.0349276564600236,-0.3253628818482734,0.7449064445180047,0.9996811443482657
EIF2AK2,1.6190103863665826,-0.7943027603073829,1.1744110473749303,-0.6763413560208125,0.4988239413026627,0.9996811443482657
EIF2AK1,4.4897942855772754,-0.07302778938834971,0.6498703084211143,-0.11237286646588551,0.910527768463246,0.9996811443482657
EIF2A,2.8912128522891813,-0.3614369801633246,0.7882640279772576,-0.4585227377314147,0.646576930642982,0.9996811443482657
EIF1P3,3.7476061667027754,0.582947495312903,0.7484162882084812,0.7789080816350638,0.43603386295385815,0.9996811443482657
EIF1B,2.0163273409497746,-0.3668090551410677,1.017237867888638,-0.3605931972454097,0.7184035754705833,0.9996811443482657
EIF1AXP1,2.6402555452968306,-0.021039295871762502,0.9428348829983079,-0.022314931544381838,0.982196738198302,0.9996811443482657
ELMO1,2.4268465091642355,-0.8358628644543478,0.9107701913936557,-0.9177538662912483,0.3587477397760668,0.9996811443482657
EIF1AD,0.666622947236152,0.6990649553188972,1.8677017719055877,0.3742915308184625,0.7081874323564363,0.9996811443482657
EIF1,25.614755509556755,0.3523268602924127,0.2716246164288646,1.2971094627746418,0.19459352607630354,0.9996811443482657
EID1,5.093712948159637,-0.7407561850618473,0.663627855667732,-1.1162222603156253,0.2643270082657305,0.9996811443482657
EI24,2.3180968596090765,0.052473948135561305,1.0282918792985325,0.05103020765986924,0.9593014496674275,0.9996811443482657
EHMT2,1.0089637123697264,0.56339644299258,1.5350482790295112,0.3670219697251285,0.7136026303954752,0.9996811443482657
EHD4,2.5654491275131917,-1.0990529203032855,0.8848426109489594,-1.2420886005078278,0.21420387401019259,0.9996811443482657
EHD1,0.9291392547173789,-1.4000915166510086,1.7477284240546853,-0.8010921476019897,0.4230783017747959,0.9996811443482657
EGR3,1.6725759602155148,-1.1061579261912968,1.0957793710251587,-1.0094713912677773,0.31274861525334974,0.9996811443482657
ERO1A,4.645321167789764,-0.4768621560996084,0.6319629518965769,-0.7545729613872186,0.4505052522683862,0.9996811443482657
ETF1,8.577628999143109,0.23172050935857186,0.48376601875014247,0.4789929436491732,0.631943648593292,0.9996811443482657
ESYT2,3.434016379174296,0.17552408243356543,0.7628999474418054,0.2300748388070305,0.8180336161848956,0.9996811443482657
ESYT1,2.398978806201011,0.00221378334408374,0.8922038705214216,0.002481252791237009,0.998020248737851,0.9996811443482657
ESD,2.6148405715116905,-0.5889378344404423,0.8619668591039461,-0.683248814290459,0.49444963199148306,0.9996811443482657
ESCO1,1.2333581661114275,-0.018211588416437746,1.1802987619207326,-0.01542964290397249,0.9876894146216283,0.9996811443482657
ERRFI1,1.0048213904996333,1.358585409271013,1.816737363071159,0.747816077814545,0.4545711029430376,0.9996811443482657
ERP44,6.0951179925424315,0.5487175311442546,0.5899137404829466,0.9301657064218137,0.3522852947633238,0.9996811443482657
ERP29,3.9564794886882666,-0.7640650259463628,0.7167835634847,-1.0659633742601466,0.2864401987816364,0.9996811443482657
ERO1B,0.5573933850391929,1.5408564706900836,2.265981382275159,0.6799952032893519,0.4965074981212374,0.9996811443482657
ETFA,1.7200527986449836,-0.8234761329406137,1.0308388655415752,-0.7988407892517531,0.42438273565878737,0.9996811443482657
ERN1,1.7722128249075262,-0.2685731911723441,1.0361434126064641,-0.2592046505384196,0.7954773430899432,0.9996811443482657
ERLEC1,1.3341742453786138,0.12194553572385948,1.1604645773944493,0.10508337617478987,0.9163096501554,0.9996811443482657
ERICH1,2.2939110359278034,-0.3177202458338694,0.9206537445806241,-0.34510286598421125,0.7300170389190046,0.9996811443482657
ERH,4.261762166734039,-0.2895393443853468,0.774515605573397,-0.37383280892189663,0.7085287083526406,0.9996811443482657
ERGIC3,3.9129186870684203,0.5041189333898735,0.8673856045698953,0.5811935668909879,0.5611100028907313,0.9996811443482657
ERGIC1,4.826106987403898,-0.030308361797280088,0.7581691933426593,-0.039975723180804626,0.9681124809130728,0.9996811443482657
ERG28,0.8860529786664796,-1.4820751270377919,1.4606683230848052,-1.01465548585854,0.3102700802076669,0.9996811443482657
ERF,1.25764696793215,-0.9933250879579619,1.256692617627441,-0.7904280442367038,0.42927782952646354,0.9996811443482657
ERCC6,1.0227285387800382,0.36940379989443073,1.4429036642675828,0.25601418101737233,0.7979398872749948,0.9996811443482657
EWSR1,8.373118670761027,-0.15067529181475542,0.4605025022619451,-0.3271975528355493,0.7435184716714884,0.9996811443482657
EZR,18.196488822200955,0.31950832099206317,0.3368793333454174,0.9484355060286735,0.3429077910626944,0.9996811443482657
EZH2,2.526847880321136,-0.2254456810653397,0.9036084584307207,-0.24949487685946062,0.8029780033101228,0.9996811443482657
EXOSC9,0.9466242910863446,-0.7605128366689514,1.322188590541102,-0.5751924060679677,0.5651611780614625,0.9996811443482657
EXOSC6,1.6108910507883691,0.492620012348567,1.0932827833872638,0.45058791726538205,0.6522865766203089,0.9996811443482657
EXOSC10,1.0003900896344782,-1.6481626353010352,1.4035383337982572,-1.1742911437557786,0.24027842940210564,0.9996811443482657
EXOC6,1.1101333666504876,0.29318566041609345,1.3923520316836309,0.210568630450141,0.8332238927269804,0.9996811443482657
EXOC5,2.6662933919897767,0.5505287853059241,0.924441101155473,0.5955260801556852,0.5514918713295576,0.9996811443482657
EXOC4,1.1462981593017032,1.1114212954524985,1.6189294732138733,0.6865161910025164,0.49238765789293715,0.9996811443482657
EXOC3,1.5268361705629276,0.738301811470278,1.4525157490278535,0.5082917771903073,0.6112487358200289,0.9996811443482657
ERC1,0.8434601949308523,-0.9798132094014841,1.856001602574378,-0.5279161440606669,0.5975575390734522,0.9996811443482657
EVL,1.1243906394469223,-0.2607712342500048,1.2768867281012977,-0.20422424989706475,0.838178262004123,0.9996811443482657
EVI2B,12.270500037509024,0.3164610962489945,0.4135535022289374,0.7652240751036031,0.4441381260036956,0.9996811443482657
EVI2A,4.780208614835965,-0.34671618757634454,0.6135283196391279,-0.5651184737165516,0.571993183911518,0.9996811443482657
ETV6,8.734510345381956,0.21816694178723817,0.48598493405512466,0.4489170887805583,0.6534914680941522,0.9996811443482657
ETV3,7.554613626827262,0.6070889869073884,0.5213968972245266,1.16435097742049,0.24428180555216872,0.9996811443482657
ETS2,2.072066053004314,-0.009709993755186486,0.9401763409313469,-0.010327843120969925,0.991759719918322,0.9996811443482657
ETS1,1.6340626642176748,0.08374601653883665,1.1480199802759674,0.07294822213695734,0.9418473204162229,0.9996811443482657
ETNK1,2.82854855298059,0.8964330010180894,1.0040301188036367,0.8928347708196684,0.3719456628299703,0.9996811443482657
ETHE1,0.7083879503950359,-0.1858909855459095,1.7340440076122938,-0.10720084653553494,0.9146296438629774,0.9996811443482657
EMC3,1.0479104196868423,-2.309268136607204,1.5566521738443049,-1.4834837065137296,0.13794594226162435,0.9996811443482657
ENO1,17.838054918711528,-0.48571346467975535,0.36666671970694875,-1.3246728938692673,0.1852796673021596,0.9996811443482657
EMP3,9.718776049904633,-0.33460566325259317,0.5139231689738509,-0.651081102104619,0.5149941348594174,0.9996811443482657
EMP1,2.479786403902297,1.362164378657104,1.150396213766739,1.1840828076067575,0.23638028501516484,0.9996811443482657
EML4,3.188499845374963,-0.0219224957565548,0.7693690858653304,-0.0284941209093396,0.9772680569617138,0.9996811443482657
EMILIN2,3.0857339697964736,-0.18855200482421808,0.7600118188078951,-0.24809088511277155,0.8040640878336853,0.9996811443482657
EMD,4.103088422716734,0.1875891284287221,0.6921346942188166,0.27102980098468565,0.7863681119003106,0.9996811443482657
EMC8,1.1434049625087606,-0.20647019731602506,1.3612096196073216,-0.15168141213664585,0.879438218488755,0.9996811443482657
EMC7,2.536699915979536,-0.1871661498106665,0.8469972029399475,-0.22097611321620467,0.8251110321325562,0.9996811443482657
EMC4,0.6191641342791319,-0.4217065617985076,1.6261515927796926,-0.2593279517548887,0.7953822145132541,0.9996811443482657
ENPP1,4.502828355209786,-0.2537793795897876,0.7197267710722721,-0.35260516878050663,0.724384462066115,0.9996811443482657
EMB,4.742705083291115,0.2423312078778313,0.6370676742989152,0.3803853462577797,0.7036593905838358,0.9996811443482657
ELP2,1.1041589840684822,-0.29679481208107866,1.2999436016956498,-0.22831360660103922,0.819402447348123,0.9996811443482657
ELOVL5,11.868357346253777,0.43854748169163726,0.4154405483291054,1.055620313076005,0.29114171669027733,0.9996811443482657
ELOVL1,2.3559809931232936,-0.07165473743217549,0.8816167736660494,-0.08127651330204594,0.9352220518537279,0.9996811443482657
ELOF1,1.3286359826673007,-1.0725057628400643,1.4729958479635337,-0.7281118710027863,0.4665451076183348,0.9996811443482657
ELOC,3.1361729067760407,-0.7865357258808041,0.7984333611893918,-0.985098774817144,0.32457555513146286,0.9996811443482657
ELOB,3.2500905289929887,-0.8331130630862182,0.8366787290861771,-0.9957383092506089,0.31937731132045855,0.9996811443482657
ELOA,1.6560565103435674,0.1980859265408167,1.2881931989842195,0.15377035579524378,0.8777908084459567,0.9996811443482657
ELMSAN1,2.4858546054286093,0.09143314331723168,0.8424090287835044,0.10853770578559364,0.9135691722755277,0.9996811443482657
EPB41L2,1.5366776200964387,-1.0396273953944766,1.1268463392494423,-0.9225990795576798,0.35621617553451745,0.9996811443482657
ERBIN,3.298611339856184,-0.509723366894618,0.7885663214288147,-0.6463925139118836,0.518025187320177,0.9996811443482657
ERAP2,5.115837506875938,-1.3850535671064304,0.7994540029154173,-1.7324993833985092,0.08318468678103322,0.9996811443482657
ERAP1,0.7930223706887441,-1.895977360792441,1.5839555893484158,-1.196988964553217,0.23131085607493518,0.9996811443482657
EPSTI1,3.3443875826142673,-1.1779792710985368,0.7994169845445864,-1.473547965420838,0.1406033402773709,0.9996811443482657
EPS15,3.1333582404242515,-0.17559617938162286,0.8297156857388261,-0.21163415661506027,0.8323924597331556,0.9996811443482657
EPRS,3.081017939917592,-1.668136101388598,0.8712299968615694,-1.9146908478791158,0.05553194144485932,0.9996811443482657
EPN1,2.9502081582459128,-1.491083776755052,0.8746212714187275,-1.7048336525549599,0.08822545324652943,0.9996811443482657
EPCAM,1.4658498402527576,1.2170088172427527,1.4053872813423456,0.8659597488888156,0.3865122354625993,0.9996811443482657
EPC1,1.7439207498339218,-0.295564177215589,1.0902588853265949,-0.2710954078829182,0.7863176533594605,0.9996811443482657
FXYD5,5.460041095418317,0.010623158050079034,0.7247904739328062,0.014656867649537962,0.988305930288224,0.9996811443482657
EPB41,0.9945990602197583,-1.3911288277180784,1.4943548752369253,-0.9309226682166237,0.35189356775696456,0.9996811443482657
EP400,0.7728447370419009,-1.2151344789880434,1.6689661550344213,-0.7280761657883842,0.4665669629507302,0.9996811443482657
EP300,5.902363077508004,-0.060072426943252016,0.5558340498989607,-0.10807619100372128,0.9139352543386825,0.9996811443482657
ENY2,3.843146146076471,-0.4167595430882912,0.6902064618591143,-0.603818663137003,0.5459642099207855,0.9996811443482657
ENTPD4,1.3997517864803843,-0.6508974136435385,1.2028120963982487,-0.5411463815442272,0.5884066912726172,0.9996811443482657
ENTPD1,3.2171251878426586,-0.4177915354133588,0.786967443410712,-0.5308879533855337,0.5954964261613213,0.9996811443482657
ENSA,12.006183984631079,-0.19141102778053137,0.39291240812149403,-0.48715953943949863,0.6261452757177448,0.9996811443482657
ENPP4,0.904395798465101,0.3330697537547381,1.4868183914762843,0.22401508863771055,0.8227455625396726,0.9996811443482657
HAVCR2,8.692047579415094,0.1977812498848968,0.5192108132900634,0.3809266772231184,0.7032576566573994,0.9996811443482657
HDAC1,2.113632092743651,0.07591301884497059,0.9435934662946376,0.08045097974562142,0.9358785822930579,0.9996811443482657
HCP5,3.541733077857823,1.0226935797388848,0.808010071424308,1.2656940995006984,0.20562262163833256,0.9996811443482657
HCLS1,12.62931998501053,-0.1445069133452035,0.38833402473541373,-0.372120144361961,0.7098033985874554,0.9996811443482657
HCK,8.884304494538007,-0.4870869381154735,0.44987521767109584,-1.0827156486570086,0.2789346559529119,0.9996811443482657
HCFC1R1,1.84426977357526,-0.11199790598757274,1.0625191446106854,-0.1054078945830285,0.9160521519930236,0.9996811443482657
HCFC1,3.436897555614663,-0.025452717493345673,0.7473151770362121,-0.03405887940652961,0.9728301989259207,0.9996811443482657
HBS1L,0.9917036397209369,-1.087024509156292,1.4389741630868358,-0.7554162799034877,0.4499992480938779,0.9996811443482657
HBEGF,4.347500392238631,2.202901281383945,0.8893758308141942,2.4769070679234235,0.013252640384119293,0.9996811443482657
HAX1,1.6677550661228393,0.8985186186719972,1.1518358368803354,0.7800752415427274,0.43534658854212915,0.9996811443482657
HDAC2,3.115312943328818,-0.8449179445172095,0.7497128677640109,-1.1269887190774035,0.2597472505900059,0.9996811443482657
HAUS1,0.941269381542317,-1.363001118115802,1.4638413979677822,-0.9311125645223761,0.3517953398941852,0.9996811443482657
HAT1,2.0125438182070607,-1.9338603335988072,1.0846605371855371,-1.7829175740243692,0.07459972187768116,0.9996811443482657
HAGH,1.3787075596937286,0.9613739792719974,1.309438820542269,0.7341877789096479,0.4628343007936684,0.9996811443482657
HADHB,5.444758007131205,0.2961017279671088,0.6076563850237771,0.48728481303709603,0.6260565086210571,0.9996811443482657
HADHA,6.459190487882756,-0.7015454810739201,0.5930367664982756,-1.1829713108958817,0.2368205176453736,0.9996811443482657
HACD4,3.9979009827073755,0.3486145789898706,0.7489219214653188,0.465488549604452,0.6415816349164265,0.9996811443482657
HACD3,0.9032198714352975,1.9364746674152629,1.8865318087408058,1.026473372165292,0.30466850869976936,0.9996811443482657
HACD2,3.9561206404040434,0.4882955735684228,0.740231184852137,0.6596527997749257,0.5094766628383827,0.9996811443482657
H6PD,1.0993216667963663,1.0092927816114823,1.8418948587133923,0.5479643839803633,0.5837163585008216,0.9996811443482657
HELZ,1.6344750589475912,0.5346048705936074,1.0713420512533076,0.49900484160796343,0.6177759732263668,0.9996811443482657
HGSNAT,3.9358867882531534,0.5683285875149406,0.7389377942427335,0.7691156034282507,0.44182468605394964,0.9996811443482657
HEXIM1,2.225893152472596,-0.2537189181166124,0.942240539811478,-0.26927191878984114,0.7877204399257626,0.9996811443482657
HEXB,1.7482869894950421,-1.7484137328334182,1.0793868751609044,-1.6198211902222563,0.10527069298489725,0.9996811443482657
HEXA,1.5003838177586428,0.7137069063997477,1.2691032478959678,0.562371034494628,0.5738632497625931,0.9996811443482657
HERPUD2,1.5357766414723484,-0.5843323258810978,1.128706081305854,-0.5177010521685644,0.6046668640322823,0.9996811443482657
HERPUD1,12.096332467209418,0.3979617371382461,0.4240448308235327,0.9384897732755498,0.34799277010701357,0.9996811443482657
HERC3,0.7259787449829291,-2.445229439120632,1.8016722690176907,-1.3571999087568918,0.1747176997425246,0.9996811443482657
HERC2P2,1.0881885596329233,-0.29976845057033963,1.3780148207049885,-0.2175364488583504,0.8277903049366055,0.9996811443482657
HERC1,1.708198499961247,-0.49177387739826267,1.0716697981552725,-0.45888563645703334,0.6463162938918152,0.9996811443482657
H3F3B,25.11971698219036,0.059887930093952255,0.27701912479483737,0.21618698758905452,0.8288419961266688,0.9996811443482657
HECTD3,0.8290851865350264,1.0257370434905626,1.7246800673000973,0.5947404756038631,0.5520169616950998,0.9996811443482657
HECTD1,1.7038434247534116,-0.6141002786823123,1.1161162000492566,-0.5502117778195592,0.5821741262332938,0.9996811443482657
HECA,3.652329924704032,0.37147913271659955,0.8046752138007164,0.46165101937463066,0.6443316012889286,0.9996811443482657
HEBP2,2.0069596071650033,0.1449249470452579,1.0012542935990576,0.14474339632973568,0.8849134746071059,0.9996811443482657
HEATR5B,1.0113207796393422,0.04666905642950731,1.4413506313969395,0.03237869773871485,0.9741700503216123,0.9996811443482657
HDLBP,6.10527060209131,0.052444189952703675,0.5706982453153243,0.09189478044343208,0.9267816385184375,0.9996811443482657
HDGF,6.805043742912037,-0.16605167858459607,0.5408110587873888,-0.3070419435521873,0.7588114468046685,0.9996811443482657
HDAC9,6.8180486057765,0.005381171759885267,0.5455328803026684,0.009864064943069474,0.9921297425044252,0.9996811443482657
HDAC3,0.9943266050149557,-1.087990529707345,1.5051861684458854,-0.7228278817036317,0.4697856353187799,0.9996811443482657
GSTP1,18.190639642137537,-0.04754246901842617,0.3963955208431637,-0.11993694812014949,0.904533095351606,0.9996811443482657
GTF3C2,1.181508575425332,-0.6595659394647215,1.3433243982581604,-0.4909952803060501,0.623429785689748,0.9996811443482657
GTF3A,3.376113857813577,-0.3540480855363264,0.7336458923168105,-0.4825871571614248,0.6293888998188331,0.9996811443482657
GTF2H1,2.441744282760422,-0.683405008667025,0.8593961264747282,-0.7952153699719073,0.42648823259351853,0.9996811443482657
GTF2F2,1.7743070022298475,1.3928827813498141,1.215767863435037,1.1456815262531743,0.2519269504179974,0.9996811443482657
GTF2F1,2.1759716912716955,-0.0836056473477468,1.1656662059650533,-0.07172348903992615,0.9428219627499042,0.9996811443482657
GTF2E2,3.066710106797775,-0.06154221462106673,0.8464533798120417,-0.07270597068763836,0.9420400972051277,0.9996811443482657
GTF2B,2.881586595952246,0.44023034455654536,1.1221358663480252,0.3923146543646881,0.6948257371636458,0.9996811443482657
GTF2A2,3.0090418737435876,-0.8245407791911963,0.8247706751010491,-0.9997212608100735,0.31744542011043586,0.9996811443482657
GTF2A1,0.8993119748348377,-1.3741407755612456,1.4968330511525687,-0.9180320908221199,0.3586020654714467,0.9996811443482657
GTF3C6,1.1816225119592647,0.9260585514294547,1.285833679535765,0.7202008830285089,0.47140132031641546,0.9996811443482657
GSTO1,4.2294417239757385,-0.3228186456365212,0.6701810481635717,-0.48168871161174726,0.6300270963194871,0.9996811443482657
GSTM4,2.9489991323321334,-0.3209788502763023,0.942958328709578,-0.34039558324444336,0.733558644384315,0.9996811443482657
GSTK1,6.194167050362912,-0.44644228810653924,0.5454206173289842,-0.8185284419442039,0.41305550830924975,0.9996811443482657
GSS,0.7837076127064206,-1.2236672855203845,1.5395966182575762,-0.79479733263201,0.42673140285288,0.9996811443482657
GSR,2.2316502970095904,-1.6014253053451022,0.9354521151337932,-1.7119265427242718,0.08691020650026737,0.9996811443482657
GSPT1,4.218583268789548,-0.6866780372656199,0.7005652650923263,-0.9801771105153547,0.32699870113037954,0.9996811443482657
GSN,8.754165750928054,0.26071121538916014,0.49774628824560246,0.5237833441371996,0.6004292393368658,0.9996811443482657
GSK3B,2.5947343993466356,1.2797374559678323,0.994094185250961,1.2873402489973926,0.19797572058447466,0.9996811443482657
GSK3A,2.8495808496555237,-0.2422505211656317,0.8030709603197207,-0.3016551875679657,0.7629149328653068,0.9996811443482657
GYPC,1.7341850585193384,-0.03854857059684926,1.1318763268086365,-0.034057228412523004,0.9728315154647668,0.9996811443482657
H3F3AP4,1.6591407683274961,0.0757924223088415,1.1266481817472447,0.06727248446919784,0.946364781465728,0.9996811443482657
H2AFZ,10.30133721334719,-0.19065444892599376,0.4328311888344772,-0.44048223382281176,0.6595878770089418,0.9996811443482657
H2AFY2,1.5813743364417532,-0.7387685266104228,1.3163424276739353,-0.5612282268496626,0.5746419627631232,0.9996811443482657
H2AFY,17.316760257021365,0.0036501563244636034,0.3264526036946094,0.011181274963511272,0.9910788192259329,0.9996811443482657
H2AFX,2.9975215204265684,-0.966055076587013,0.801527733181584,-1.2052671873902032,0.2281001724037356,0.9996811443482657
H2AFV,6.876696812822102,-0.7461789430301021,0.5094125665473849,-1.4647831483377698,0.14298009094178707,0.9996811443482657
H1F0,0.8537499604221357,1.0078633324197477,1.600154704859334,0.6298536818715579,0.528790319613307,0.9996811443482657
GZF1,1.4692103636793614,0.34588989997025904,1.2958425562546327,0.2669227818616969,0.7895286154430421,0.9996811443482657
GYS1,0.980158434256038,-1.6957352299046229,1.4499149850731305,-1.1695411436961551,0.24218567461686968,0.9996811443482657
HIC1,4.102596081244763,-0.34667148111871426,0.8924518471683904,-0.38844838768461115,0.6976842417401792,0.9996811443482657
GYG1,1.998817210148995,-0.13903380091150652,0.9961551108820588,-0.13957043375343142,0.8889994023706631,0.9996811443482657
GUSB,3.3057532560613607,-0.8702227008082372,0.7701506962701996,-1.1299382121222266,0.2585022610151865,0.9996811443482657
GUK1,1.6191076843705694,-0.831210593556208,1.0947112181398477,-0.7592966800583404,0.44767510306486513,0.9996811443482657
GUCD1,0.9060225985124658,-0.8172805740691641,1.3801356262826263,-0.5921741012298165,0.5537340102260018,0.9996811443482657
GTPBP8,0.8235222631901418,2.1573174145171166,1.8403448382995555,1.1722354254599578,0.24110254923506969,0.9996811443482657
GTPBP4,1.3248316060256566,0.0494931217199135,1.221553007038056,0.04051655673945846,0.9676813075102945,0.9996811443482657
GTPBP2,0.9799504204551809,-0.5411001254349008,1.432373569723413,-0.3777646675925371,0.7056054232863982,0.9996811443482657
GTPBP1,1.0741933223689424,-0.25413368957036564,1.3667725755557014,-0.18593707110858593,0.8524941105445982,0.9996811443482657
HMMR,1.2775154830395077,-2.1597063341536007,1.3078730136896382,-1.6513119481384948,0.09867489381153999,0.9996811443482657
HNRNPAB,4.816471670342361,-0.32549236908660895,0.6732688563287348,-0.48345080279145103,0.6287756836649345,0.9996811443482657
HNRNPA3P6,0.7420041266428807,-2.478072545262383,1.7991291332546278,-1.3773733632891292,0.1683968438432757,0.9996811443482657
HNRNPA3,9.788445733294832,-0.1758737056962936,0.42837239510502223,-0.41056264994193986,0.6813932558073026,0.9996811443482657
HNRNPA2B1,20.021717263410046,-0.0025908034171684443,0.3033144444834901,-0.008541642062514654,0.9931848385464808,0.9996811443482657
HNRNPA1P48,2.1281093567214064,-0.20577762815713324,0.9446959011433805,-0.2178241992032328,0.8275660890138392,0.9996811443482657
HNRNPA1,10.52319861945012,-0.036853797617976525,0.41876345423070493,-0.08800624134137801,0.9298717155198165,0.9996811443482657
HNRNPA0,8.66394020416972,0.008260052224807173,0.4605922258210459,0.01793354677249037,0.9856918668586953,0.9996811443482657
HMOX2,1.114018625526982,-0.6728670736353557,1.3161338934544669,-0.5112451529299016,0.6091794050220587,0.9996811443482657
HMOX1,7.422195245134779,0.7650427180613882,0.6330829133121024,1.2084400036306637,0.2268780602495314,0.9996811443482657
HNRNPC,15.453305553637701,-0.20747043095973175,0.36902392961355784,-0.5622140308813983,0.5739702029266756,0.9996811443482657
HMGN3,3.9243697045711623,0.40393473587784934,0.7186464800487669,0.5620771089707955,0.5740634838474511,0.9996811443482657
HMGN2,2.9294738299360903,-1.7020311458600481,0.833926320532141,-2.040985041429027,0.04125231395837388,0.9996811443482657
HMGN1,11.650521102059393,-0.13882897285124524,0.3954724533698386,-0.3510458735324732,0.7255539335399961,0.9996811443482657
HMGCS1,1.1560909042611898,0.2519464693542307,1.5325236127122204,0.16439973078675274,0.8694164754914094,0.9996811443482657
HMGCR,0.7392565721406107,-0.8121364501027605,1.5244269596893518,-0.5327486797191372,0.5942075635968882,0.9996811443482657
HMGB3,1.1165038480683374,-1.7676148210930807,1.405575759696125,-1.2575734953448727,0.208546043815793,0.9996811443482657
HMGB2,5.973453449247998,-1.3233344077955091,0.5673196963093718,-2.3326079041575634,0.019668733717050055,0.9996811443482657
HMGB1P6,1.9812699703516081,0.9404114478080229,1.217837088315622,0.7721980688802115,0.43999712511936406,0.9996811443482657
HMGB1P5,2.095274304447655,-0.7568918556011276,1.0018617602887006,-0.7554853230280179,0.44995783541888956,0.9996811443482657
HNRNPLL,1.8866481136149997,-0.0633117764452014,1.0392744171034143,-0.06091920998272921,0.9514235505046686,0.9996811443482657
HPCAL1,1.9497149409631995,0.4476052231897897,1.0484280222139957,0.4269298547024419,0.6694304196917966,0.9996811443482657
HP1BP3,5.669716439586878,-0.3301071625587481,0.5779380403388173,-0.5711808870812901,0.567877032734351,0.9996811443482657
HOOK3,5.2756348324117806,0.12191633954073405,0.6131516816744843,0.19883552990964173,0.842391402016589,0.9996811443482657
HNRNPUP1,0.9850154130961208,-0.03585727231657853,1.5000941201189353,-0.023903348353725686,0.9809297034471165,0.9996811443482657
HNRNPUL2,2.7780471667947024,-0.41329173912213557,0.8168168790600583,-0.5059784508832945,0.6128717774176924,0.9996811443482657
HNRNPUL1,11.199661787247958,-0.08817556499893818,0.4089195848410563,-0.21563057448865236,0.8292757214069364,0.9996811443482657
HNRNPU,10.611227652226251,-0.30385763092261797,0.4197113148493073,-0.7239681661470448,0.46908527895749563,0.9996811443482657
HNRNPR,6.22993202444745,-0.5885587162521084,0.5600699292087754,-1.0508664821258658,0.2933199164379241,0.9996811443482657
HNRNPM,6.444134900521755,-0.5026961218354361,0.5480703927817027,-0.917210870092851,0.3590321518116488,0.9996811443482657
HMGB1,7.221386065135286,0.16488391145735812,0.5558204489295558,0.2966495957011026,0.7667340423680199,0.9996811443482657
HNRNPL,7.269014940345397,-0.02059910510840364,0.5192582140619945,-0.03967025373997127,0.9683560170777845,0.9996811443482657
HNRNPK,12.3817023967027,0.16015375250601968,0.38636446553786075,0.4145147051322861,0.6784971999211138,0.9996811443482657
HNRNPH3,4.587818505792119,-0.38753861949580115,0.6443290676446525,-0.6014607115467414,0.5475331722677481,0.9996811443482657
HNRNPH2,3.4007795671934824,-0.5534913961536192,0.7118279628572217,-0.7775634353165167,0.43682642394801763,0.9996811443482657
HNRNPH1,11.526423594558349,0.4896627156435434,0.4532624307528939,1.0803073063659536,0.2800053572109583,0.9996811443482657
HNRNPF,7.951903980583721,-0.25576314240292636,0.49395097859102804,-0.5177905368918971,0.6046044215271844,0.9996811443482657
HNRNPDL,10.837585612187526,-0.3974639629911371,0.4143874716213176,-0.9591601827054128,0.337478055852932,0.9996811443482657
HNRNPD,9.188774791205422,-0.39134061554500726,0.4608551313915998,-0.8491618925090706,0.39579121463489453,0.9996811443482657
HNRNPCP2,4.894479659883594,-0.09645353999836909,0.6274666461539868,-0.15371899142300927,0.8778313097721808,0.9996811443482657
HIST1H4C,1.4758081459090509,-0.4027191626291962,1.1422877826974227,-0.35255490667877637,0.7244221486307103,0.9996811443482657
HLA-DOA,8.743462704370904,-0.10178892296658942,0.5181511275603591,-0.1964463986517758,0.8442607828162655,0.9996811443482657
HLA-DMB,18.595871820485584,0.008592285481594223,0.3222749664853005,0.026661349391486573,0.9787298408827305,0.9996811443482657
HLA-DMA,15.28963138282019,0.03727106188229537,0.43662455625157515,0.08536180878663284,0.9319737544762066,0.9996811443482657
HLA-C,33.96287617622761,0.0679807298712803,0.24591412019371842,0.2764409372578061,0.7822094178473622,0.9996811443482657
HLA-B,40.936346439715464,0.33949435802493777,0.24528901853027102,1.3840585284214055,0.1663405341079126,0.9996811443482657
HLA-A,32.52506772219258,0.07574627323194183,0.24821744225746972,0.30516096106321217,0.7602435637129217,0.9996811443482657
HK1,1.930769304308011,-0.9762854706239454,0.9903739117177974,-0.985774624182683,0.3242437207074653,0.9996811443482657
HIVEP2,1.5203540766689643,0.06840163511026286,1.1321349056553678,0.06041827238836583,0.9518225059800087,0.9996811443482657
HIVEP1,2.397539730901295,2.143843426554285,1.1325460730529175,1.8929414683989776,0.05836565374695641,0.9996811443482657
HLA-DOB,8.629670391504495,-0.19693025193823074,0.5137938490323505,-0.3832865113296271,0.7015073394249027,0.9996811443482657
HIST1H2AC,0.8973361485989244,0.03703817872636355,1.5727879657216184,0.023549378259242904,0.9812120512353545,0.9996811443482657
HIPK3,3.478756594552809,0.911644590854974,0.8044141396817976,1.1333025439055477,0.25708722383772464,0.9996811443482657
HIPK2,3.084273369510251,-0.8614667467875811,0.7982285068223492,-1.0792232292191313,0.2804882267380111,0.9996811443482657
HIPK1,2.9822361865968814,-0.14971791466311496,0.8242860546307827,-0.18163344365952808,0.8558704011443953,0.9996811443482657
HIP1,1.4522270647489823,0.7593771273221754,1.2303169934957985,0.6172207092454247,0.5370891578783721,0.9996811443482657
HINT1,14.04661421261229,0.13794835208036588,0.3643802515118903,0.37858350310695804,0.7049971744731386,0.9996811443482657
HIGD2A,2.7677303507703077,0.2069353723914615,0.86420545765737,0.23945159169951089,0.8107554289009294,0.9996811443482657
HIGD1A,1.104475976825329,-0.8181785476950194,1.2928748444546498,-0.6328366208100653,0.5268403396255728,0.9996811443482657
HIF1A,3.5262752588856747,0.1799465883655702,0.7283200932227195,0.2470707454593632,0.8048534737235913,0.9996811443482657
HLA-DRB1,46.47261030199565,0.39368945716072845,0.24064622589538184,1.635967718570747,0.10184634372156581,0.9996811443482657
HMGA1,11.574648425225568,-0.41431608458484925,0.44671577619537683,-0.9274713512773788,0.3536818596558322,0.9996811443482657
HMG20B,1.3624075007358765,-0.5917685486633899,1.2314185824156063,-0.48055840403394756,0.6308303846650787,0.9996811443482657
HMBOX1,0.9753836623569505,1.391949441481923,1.5768112851810456,0.8827622268837977,0.377364753155217,0.9996811443482657
HM13,2.9126168686339367,-0.700865317542522,0.7702611599517746,-0.9099060863803682,0.3628720396969163,0.9996811443482657
HLTF,0.9739120302674731,-0.7828742894314321,1.487977551140177,-0.5261331320701359,0.598795709875548,0.9996811443482657
HLA-F,9.398463042708107,-0.16960275371539918,0.46853093296098447,-0.3619883806679683,0.7173607133710356,0.9996811443482657
HLA-E,23.23783183695683,0.12595148472829473,0.28688817696779345,0.43902640415340044,0.6606424043021686,0.9996811443482657
HLA-DRB6,14.182100860790118,0.15150752439814558,1.774888168210868,0.08536172988908308,0.9319738171984098,0.9996811443482657
HLA-DRB5,21.302422501550243,-1.2254690072295897,0.9619203013269751,-1.2739818522792872,0.20266984779633201,0.9996811443482657
GSE1,1.6748255840138402,-1.1887994699147815,1.0271408822574355,-1.1573869665299028,0.2471142965917611,0.9996811443482657
HLA-DRA,53.612807428617174,0.31714957558328527,0.214361501228806,1.4795080915428231,0.13900457036800393,0.9996811443482657
HLA-DQB2,2.5567331450380424,1.6636128248165136,1.0556844572493587,1.5758618149509793,0.11505765276248507,0.9996811443482657
HLA-DQB1,23.038863433388414,0.05384110230386018,0.3037284912267184,0.17726721021924294,0.8592985053311795,0.9996811443482657
HLA-DQA2,10.759684862346173,0.10976527571742441,1.4369051851922092,0.07639006167462714,0.9391087761379469,0.9996811443482657
HLA-DQA1,35.87220680716639,0.3651626925832264,0.2712167786267788,1.3463868070114,0.17817780344431333,0.9996811443482657
HLA-DPB2,1.3209871032872122,1.5137225865062296,1.6095986506204847,0.940434800888224,0.3469945783620064,0.9996811443482657
HLA-DPB1,41.999110629855515,0.36326367510301405,0.22914226671286841,1.5853193752255637,0.1128937890766004,0.9996811443482657
HLA-DPA1,44.90971996488402,0.4079020091180134,0.22257194798248378,1.8326748398235475,0.06685094109843896,0.9996811443482657
GGTA1P,1.2417353074556252,1.44127693278064,1.5725844977060883,0.9165020607051735,0.35940362712052054,0.9996811443482657
GLB1,1.5829985133287292,-0.3241725257263633,1.124660102173875,-0.2882404426899866,0.773162693025326,0.9996811443482657
GLA,3.520958883386599,-0.7004482141921168,0.773797782500007,-0.9052083503381072,0.36535501890413724,0.9996811443482657
GK,1.8250385915973468,-0.6943562154163906,1.151335879257614,-0.6030874464401424,0.5464505172036044,0.9996811443482657
GIT1,1.1872993084115913,-1.3981616560790007,1.3219037586230553,-1.0576879345099817,0.29019773774769386,0.9996811443482657
GINM1,1.3269725446059009,0.48740020526587585,1.2695518902477463,0.3839151506999547,0.701041336650062,0.9996811443482657
GIGYF2,0.8586315998957901,0.30144975460484263,1.4719201063417777,0.20480035112370865,0.8377281126708052,0.9996811443482657
GIGYF1,1.4525105517570394,0.3336348192946603,1.2485608660152057,0.2672155025645319,0.7893032406862415,0.9996811443482657
GID8,1.78706934849704,-0.30487963393300227,1.0853584671962269,-0.2809022485636367,0.7787853759599289,0.9996811443482657
GHITM,7.5279726964732685,-0.12367062133963357,0.4947038667775103,-0.24998919483937163,0.8025957046676623,0.9996811443482657
GLCE,0.8572947167515133,2.160850433679094,1.9264188216466525,1.1216929617787141,0.26199301011752885,0.9996811443482657
GGNBP2,2.846656205428459,-0.8991002027460674,0.8517137105119282,-1.0556366436858897,0.2911342528194377,0.9996811443482657
GGCX,0.9085288741362426,2.0723629793227416,1.9356899682076016,1.07060687060423,0.2843462328815157,0.9996811443482657
GGCT,2.07636172518878,-0.3519537706137996,0.9718802349300963,-0.3621369773397175,0.717249672350275,0.9996811443482657
GGA2,2.136792240571459,-0.7242897326587855,0.9741691948858735,-0.7434948019924177,0.45718216738985007,0.9996811443482657
GGA1,1.4448382040743422,-1.214014121651507,1.2304779128736167,-0.9866200026429885,0.3238289605227048,0.9996811443482657
GFPT1,2.147099530928639,1.070334400143311,1.1162499015697234,0.9588662884880494,0.3376261095982298,0.9996811443482657
GDI2,17.45711164913473,0.21104903633776123,0.3312620749663338,0.6371059420527091,0.5240558383420091,0.9996811443482657
GDI1,5.911851307697659,-0.190007590610008,0.5679413763463708,-0.334554935638512,0.7379608438500636,0.9996811443482657
GDF15,2.8241710856985733,4.013335663129047,1.6080461794111167,2.4957838366300975,0.012567916270357408,0.9996811443482657
GLUD1,2.909469768848519,-1.6707163991619376,0.8482106096191362,-1.9696952386767754,0.04887330900409641,0.9996811443482657
GMPS,1.2092633701323088,-0.6601666050490397,1.347760334896219,-0.4898249250671665,0.624257791502246,0.9996811443482657
GMPR2,0.7873111329948325,3.166003689960769,2.4250486382309564,1.305542346676531,0.19170823738777976,0.9996811443482657
GMPR,0.7645261443062317,0.8721566017697842,1.601728312423592,0.5445096993073156,0.5860907757338838,0.9996811443482657
GMFG,4.522737014324289,-0.5742470841984904,0.7141993299594351,-0.8040431572949056,0.4213720509208717,0.9996811443482657
GMFB,0.9216965461739857,0.565925918414975,1.5107703069025242,0.37459428202244166,0.7079622261944394,0.9996811443482657
GMCL1,1.585441052454616,0.10677985968508348,1.0699811409289535,0.09979602032272983,0.9205062676015108,0.9996811443482657
GM2A,5.925621978021864,0.024134905836608513,0.5877492650804786,0.04106326842161818,0.9672454574435421,0.9996811443482657
GLYR1,1.9359211576291246,0.56894460713241,0.9832721435658213,0.5786237420182994,0.5628430811961971,0.9996811443482657
GLUL,1.9842619028704058,0.25852641281090755,1.0869856920284806,0.23783791700924595,0.8120068088231516,0.9996811443482657
GCSAM,2.7818080518134516,-0.5416118328239881,0.8717412635327433,-0.6212988365711849,0.5344030190539156,0.9996811443482657
GLTP,2.2512116252887626,-0.2862567771339433,0.967227380118227,-0.29595603166129697,0.7672636595930896,0.9996811443482657
GLS,4.962935066303041,0.9950335766302701,0.7215521965377973,1.379018151984999,0.16788915731938792,0.9996811443482657
GLRX3,1.7985876080841006,-0.5860100087087877,1.0145179762307166,-0.5776240761016543,0.5635179485322186,0.9996811443482657
GLRX,1.3623884543960474,-1.106722315867801,1.2651922092780392,-0.874746388534382,0.38171191354937317,0.9996811443482657
GLOD4,1.3224716117568873,-0.9020893604324633,1.202719807898484,-0.7500411604666983,0.4532299152218804,0.9996811443482657
GLO1,4.549927469771076,0.5605590897585431,0.6701825265103901,0.8364274918914235,0.4029144518338277,0.9996811443482657
GLIPR2,4.133633409134036,0.05600962752463005,0.7633851264278472,0.07337007964344182,0.9415116263916397,0.9996811443482657
GLIPR1,5.958138073768289,-0.14219862687153026,0.6062910959472236,-0.23453853738255848,0.8145669188546776,0.9996811443482657
GLG1,1.9082637098241004,-1.1010282405995173,1.003748588442878,-1.0969163526372174,0.2726779596025306,0.9996811443482657
GABARAPL1,2.7677458942142596,0.8741605671254447,0.9265769691466282,0.9434300616499688,0.34546097278983945,0.9996811443482657
GALNT7,1.190387428887469,-0.738516830783525,1.218480613444558,-0.6060964964356638,0.5444506773685787,0.9996811443482657
GALNT2,1.3635722809638597,-1.0355975991556519,1.3817722391966236,-0.7494705493271154,0.4535736428900706,0.9996811443482657
GALNT1,3.552956913187989,-1.0424512961063532,0.7343652276292734,-1.4195270376181397,0.15574542001128838,0.9996811443482657
GALC,1.461516216520525,1.2453338699099368,1.3666194092640391,0.9112514145987303,0.3621629194627941,0.9996811443482657
GAK,0.8493955242786351,-0.8535537851169841,1.5115283125232,-0.5646958631506832,0.5722806485036176,0.9996811443482657
GADD45B,8.012388324570907,-0.18053922107881804,0.5196443981482185,-0.3474283985782961,0.7282695015301586,0.9996811443482657
GADD45A,3.9555005771996963,-0.09563432417475912,0.7024988494539269,-0.13613449224735172,0.8917149604712108,0.9996811443482657
GABPB1,1.2964231123896228,0.17241691089350256,1.2564583148117052,0.1372245373053552,0.8908533164078285,0.9996811443482657
GABARAPL2,3.89959279414217,-0.2420166959805951,0.6878219334762374,-0.35185952090455713,0.7249436179449528,0.9996811443482657
GANAB,3.5996957959043696,-0.2912752489575127,0.8044312024289542,-0.3620884521610008,0.7172859328377899,0.9996811443482657
GAA,1.8940673123681224,-0.5414914702682324,1.0299898567335317,-0.52572505129856,0.5990792555053659,0.9996811443482657
G6PD,1.068254426957671,-0.704355631356214,1.432452603109268,-0.4917130450441058,0.6229222149819291,0.9996811443482657
G6PC3,2.926224778666387,-0.9740837769818074,0.8477488134581367,-1.1490240523113504,0.2505460629170392,0.9996811443482657
G3BP2,13.719279280695844,0.5326062085149379,0.40499201940073903,1.315102972406784,0.18847529777659922,0.9996811443482657
G3BP1,7.6143232737926585,0.279080013502435,0.5271028046716761,0.5294603083667321,0.5964861716297755,0.9996811443482657
G0S2,7.376372839901546,0.9425743791291533,0.5371112301320968,1.754896055510396,0.07927708900510157,0.9996811443482657
FYTTD1,2.4367064293997314,0.3842459962655616,0.9026710112513123,0.425676676747276,0.670343459357141,0.9996811443482657
FYN,4.751164257713465,0.3993371774705289,0.6812218485661513,0.5862072367629743,0.557736259138049,0.9996811443482657
FYB1,1.6753835399564736,-0.2971592278667037,1.1813904242827826,-0.25153346578639135,0.8014016917283269,0.9996811443482657
GAS7,4.749075093726393,-0.18826134058123453,0.6795154375178843,-0.2770523378672757,0.7817399186032931,0.9996811443482657
GCLC,1.0751766304996446,-0.9635319086938923,1.4119428899060724,-0.6824156384667868,0.4949761699368539,0.9996811443482657
GCH1,1.3370486111822328,0.09089729185500195,1.3741079734318462,0.06615003595968169,0.9472583751198751,0.9996811443482657
GCC2,1.6034862861235588,-0.955193204733089,1.1474882889479663,-0.8324208742982674,0.4051714235765703,0.9996811443482657
GCC1,0.890726604339277,-0.7535219450897864,1.6136776804270254,-0.46695938986426516,0.6405289330927726,0.9996811443482657
GCA,3.562433495969272,-0.5507220125488169,0.7473367414686655,-0.7369128024758137,0.4611753780095569,0.9996811443482657
GBF1,0.7214545430147983,-0.8032154968539871,1.926150313794927,-0.4170056153465413,0.6766743004130911,0.9996811443482657
GATC,0.8029959486811765,-0.35433453780518254,1.7051538574466518,-0.2078020914404602,0.8353834995284702,0.9996811443482657
GATAD2B,2.784967785695132,-0.5558258074101489,0.7905720572035718,-0.7030678637646613,0.4820134581272191,0.9996811443482657
GATAD2A,2.3714154795498343,0.759842098954142,1.0111849734505343,0.7514372927846049,0.4523895261367764,0.9996811443482657
GNA12,3.0684397523345597,-0.18413186109733037,0.7795041513457623,-0.23621665231601255,0.8132645584285609,0.9996811443482657
GAS6,1.1708361218874637,-0.3854533411918125,1.5430961644307493,-0.24979217114055033,0.8027480743957922,0.9996811443482657
GAS5,1.038244227706087,-0.43241902619602496,1.3323521589279061,-0.32455310204471494,0.7455193263442028,0.9996811443482657
GAS2L3,1.2012043977089062,-1.039893051924625,1.30394958578045,-0.7974948289908158,0.4251637048335676,0.9996811443482657
GARS,1.7515597244178598,-0.43174076267521105,1.0637659665208201,-0.4058606650927866,0.6848449812312231,0.9996811443482657
GAR1,0.8666791067176951,-0.4123668422554068,1.5168276375853929,-0.27186137174547087,0.7857286137921773,0.9996811443482657
GAPVD1,1.200909738578381,-2.5754020501357098,1.4576502303924148,-1.7668175783448299,0.07725878384457724,0.9996811443482657
GAPDHP65,0.8446913198562018,0.3252872994926549,1.5730911614011358,0.20678223072776333,0.8361799340566947,0.9996811443482657
GAPDHP1,5.223973185205658,-1.0115297393603826,0.6140105499710266,-1.647414265777866,0.09947292509261983,0.9996811443482657
GAPDH,4.142315702817719,-0.75664636898846,0.7503312242753323,-1.0084164759626348,0.31325456658431616,0.9996811443482657
GPR132,1.8973393170642368,-0.35123937521230597,1.0999027332160114,-0.31933676006542444,0.7494711602368211,0.9996811443482657
GPSM3,4.277070721594718,-0.03634791770004873,0.6680925339036557,-0.0544055139902078,0.9566120858345128,0.9996811443482657
GPRIN3,5.353283977050607,-0.1387120582761666,0.6163924241512596,-0.2250385514831171,0.8219492835910831,0.9996811443482657
GPR65,4.718912134326806,0.27847278580342455,0.7357776743441836,0.37847409008656596,0.7050784379373854,0.9996811443482657
GPR31,0.7437377942648125,-0.6477017441282558,1.9162835115373869,-0.3379989131193957,0.7353640068344587,0.9996811443482657
GPR183,12.987448627850767,0.06739464522202021,0.5011007773163841,0.1344931963245962,0.8930125907590496,0.9996811443482657
GPR171,1.4082628080852968,0.7715266234373197,1.4678519115102517,0.5256161179389732,0.5991549556582885,0.9996811443482657
GPR160,1.76417603418643,0.6025533885622086,1.2917691890506648,0.466455922365691,0.6408891908544989,0.9996811443482657
GPR157,7.355742704692231,-0.11084564386187405,0.5647736092704104,-0.19626562226423327,0.8444022675247758,0.9996811443482657
GPR137B,3.7240823036573065,0.08316290415774567,0.8265389302907505,0.10061583442717159,0.919855426441662,0.9996811443482657
GPT2,1.9350352774783295,-0.04816131666899359,1.0229966187086124,-0.04707866652559459,0.96245053012757,0.9996811443482657
GPR108,1.006976124103855,0.007421915362878477,1.3501338937858833,0.0054971698711057705,0.9956139151221715,0.9996811443482657
GPR107,0.9924719142482615,-0.7094955057122638,1.647472645027599,-0.4306569264464954,0.6667178425462812,0.9996811443482657
GPNMB,1.0801655081784973,0.6028316397585182,1.6381038722518075,0.36800574735827957,0.712868948695493,0.9996811443482657
GPN3,0.8760488219244114,-1.0638513415801971,1.6611431311606062,-0.6404332785200191,0.5218909534529105,0.9996811443482657
GPN1,0.7969304826397096,0.18239295130084632,1.5802633078222468,0.11541934207926473,0.9081127486525592,0.9996811443482657
GPI,6.500513029341054,-0.5936025723895015,0.5402294306849643,-1.0987971751869658,0.2718565446318395,0.9996811443482657
GPD2,1.4023747517744034,-0.6557963169735431,1.2361436501402103,-0.530517886735218,0.5957529108511314,0.9996811443482657
GPCPD1,4.500056436502406,0.8595697934240589,0.6892300940285565,1.2471448952553206,0.212344373777681,0.9996811443482657
GPBP1L1,1.9702940378886444,0.4048253863325714,1.1161712127486085,0.36269111916591673,0.7168356345299856,0.9996811443482657
GRINA,4.17074615701777,-0.6124674458687543,0.7217772233757397,-0.8485546870047445,0.39612913009161643,0.9996811443482657
GSDMD,0.9208993443468783,-1.3841253265863342,1.5869693018395619,-0.8721815380939646,0.3831093495143413,0.9996811443482657
GSAP,1.9405000230837395,-0.7224065737740354,1.1053016521982542,-0.6535831845879297,0.5133803806634066,0.9996811443482657
GRSF1,2.033860480934273,0.02411355886640624,0.9604117122385852,0.025107522700031335,0.9799691998280737,0.9996811443482657
GRPEL1,2.4947569686810165,-0.4343433532773274,0.8406338760859663,-0.5166855222390655,0.6053757041668669,0.9996811443482657
GRN,16.42269948174188,0.08991683238986183,0.3475682273166779,0.2587026814391075,0.7958646504925242,0.9996811443482657
GRK6,0.8693651441246213,-0.2009431543871171,1.5165386354242303,-0.13250117714996829,0.8945878920037463,0.9996811443482657
GRK3,3.31078316839638,-0.03688401491844513,0.7834139039205907,-0.04708113391128147,0.9624485636192326,0.9996811443482657
GRK2,7.769853365163115,-0.3370276899497365,0.5068945366618562,-0.664887201525638,0.506122642294385,0.9996811443482657
GRIPAP1,0.9099118794741076,-0.11012342314827397,1.5102595706625905,-0.07291688481070836,0.9418722575744056,0.9996811443482657
GPBP1,6.56348659991656,-0.04645305436360466,0.5572532657856527,-0.083360757515009,0.9335646908336156,0.9996811443482657
GRHPR,1.8791801468613616,-0.3180730362387943,1.0147803407552418,-0.31344028206347696,0.7539461842572229,0.9996811443482657
GRB2,9.250539110809209,-0.3181788984244417,0.4458472011167171,-0.7136500972250054,0.47544357130254833,0.9996811443482657
GRASP,3.2253802820610398,-0.578027610712685,0.8208170194173696,-0.7042100700141174,0.48130196077246246,0.9996811443482657
GRAMD4,2.0257178685677593,0.08869952469937176,1.003702587061059,0.08837231849635137,0.9295807618383188,0.9996811443482657
GRAMD2B,1.2391951023692296,0.010392753650334156,1.24291932358376,0.008361567362528652,0.9933285122378263,0.9996811443482657
GRAMD1A,1.9931174795442423,-0.8179440534271877,1.02490383987379,-0.7980690691215597,0.4248304097353721,0.9996811443482657
GPX4,3.550941053640164,0.3287936033699741,0.9234754753097485,0.3560393450185469,0.721811100183872,0.9996811443482657
GPX3,3.239503266119165,-0.46544211389195833,0.9755252080158391,-0.4771195147674761,0.6332770192089394,0.9996811443482657
GPX1,9.917697913363643,-0.1639355962849819,0.47004547513687384,-0.34876539602310824,0.7272654440769677,0.9996811443482657
GNB4,9.478348679539675,0.5270854452167963,0.4573867519601538,1.1523845912850454,0.24916306997165727,0.9996811443482657
GNPTAB,2.601022847686334,0.3935706513117729,0.8804876308302754,0.44699168680046836,0.6548810622410801,0.9996811443482657
GNPAT,1.2991744736265347,1.148241122744155,1.332891175178064,0.8614665203937288,0.38898115279800727,0.9996811443482657
GNLY,0.944822252760209,-0.47698665645785165,1.6280454887169322,-0.29298116039359956,0.7695365519813413,0.9996811443482657
GNL3,3.08943084720952,-0.16256272356237658,0.7957380861012907,-0.20429174674653405,0.8381255191179231,0.9996811443482657
GNL2,1.6567784692748928,-0.6256006112111462,1.1078004353618225,-0.5647232039648158,0.5722620488896213,0.9996811443482657
GNL1,0.7106466245746713,-0.8151353402265904,1.5331184831548177,-0.5316845039590303,0.5949445262432559,0.9996811443482657
GNG5P2,1.787371372756512,-0.6570502383349629,1.0367246195990119,-0.6337750892701854,0.5262276124815028,0.9996811443482657
GNG5,8.011436674928204,-0.03249917277974749,0.49394786239120464,-0.06579474323953706,0.9475412414565556,0.9996811443482657
GNG2,1.4016723101654787,0.2498117655448058,1.2109349281831012,0.20629660581318424,0.8365592296829458,0.9996811443482657
GPATCH8,1.1311373893596195,-0.7562974567928344,1.2887916007790279,-0.5868268045319972,0.5573200326238782,0.9996811443482657
GNB2,6.282066840450491,0.10635637202602757,0.5762813097750213,0.1845563446566553,0.8535770295460958,0.9996811443482657
GNB1,13.84182381205289,-0.21322109071637382,0.3811321975479786,-0.5594412964533982,0.5758605842838658,0.9996811443482657
GNAS,26.566514721696358,0.31205928693115026,0.2690727048877588,1.1597582410349758,0.24614725032123397,0.9996811443482657
GNAQ,3.4862679718513876,0.12285219485931172,0.7272854426513651,0.16891881461485916,0.8658604999344492,0.9996811443482657
GNAO1,7.9853992519490875,-0.3275273059801407,0.5739965995307039,-0.5706084430603333,0.5682650940004628,0.9996811443482657
GNAI3,7.088117043312538,0.5403785341288652,0.5653618305627608,0.9558100758075101,0.3391681968864072,0.9996811443482657
GNAI2,15.869824822031445,-0.47089632868128034,0.3741217847852007,-1.2586712344260895,0.20814910557771638,0.9996811443482657
GNA15,5.661591529589803,0.17751247395645361,0.6353867586132603,0.279377043273418,0.779955486783077,0.9996811443482657
GNA13,12.514824407747149,0.5905463030099267,0.4382101211841502,1.347632732475752,0.17777653729635923,0.9996811443482657
GOLIM4,1.7560967835019423,-0.050011651875220955,1.080524132544863,-0.04628462277601606,0.9630833954211341,0.9996811443482657
HPRT1,1.5445852238862918,1.3048585391661451,1.2362865867255648,1.0554660652124364,0.2912122216986214,0.9996811443482657
GPATCH2L,0.8409394852187629,0.24093722350339808,1.5703268589972172,0.1534312567622108,0.8780581973682648,0.9996811443482657
GPAT4,2.907043310266198,-0.3668762637340123,0.8110102733482817,-0.4523694406722518,0.6510028581926506,0.9996811443482657
GPAT3,4.178301817720778,0.4348529542768298,0.7118207406283058,0.6109023374241614,0.5412642373185144,0.9996811443482657
GPAA1,2.9108126335353512,-0.5498958863712163,0.8653542447465565,-0.6354575478303326,0.5251300456116824,0.9996811443482657
GOT2,0.8053311084535304,-2.660779361461497,1.9056018578797083,-1.396293433730195,0.1626261503226406,0.9996811443482657
GOSR1,1.242123083039632,-1.4828477622675775,1.2795444662248285,-1.158887245741897,0.24650214839047813,0.9996811443482657
GORASP2,1.9999024774331664,-0.3543456735347984,0.9426768379268012,-0.3758930518692911,0.7069964061707494,0.9996811443482657
GOLPH3,2.6379868751586764,-0.20353544772757917,0.8710456395745299,-0.2336679485899245,0.8152427722685878,0.9996811443482657
GOLGB1,3.2094962092172397,-0.04341626177904576,0.756242710255649,-0.05741048632967164,0.9542182098979111,0.9996811443482657
GOLGA8B,1.2695331700716677,0.5087679227500969,1.3783510210663448,0.36911346599975287,0.7120431521644601,0.9996811443482657
GOLGA8A,0.7165853046354369,0.5787312806004163,1.9741071258338938,0.2931610311451316,0.7693990687633807,0.9996811443482657
GOLGA7,3.933099590350291,0.1584707727505412,0.7138368097422696,0.22199860050332368,0.824314972788412,0.9996811443482657
GOLGA4,3.034943831820445,-0.18540680212992824,0.8060089297618424,-0.23003070472769055,0.8180679104714159,0.9996811443482657
GOLGA3,0.8479611277798661,1.1580701075797526,1.7026180103266513,0.6801702440335246,0.496396671039792,0.9996811443482657
GOLGA2,0.9597881817100937,-1.6205125665592572,1.600785239671272,-1.012323531226485,0.3113833873301056,0.9996811443482657
GNS,2.474839849351574,1.5602986846942468,1.0229914237213,1.5252314423305748,0.12720138073645396,0.9996811443482657
NAP1L4P3,1.50440218948482,0.0003799610640191532,1.268311502287708,0.0002995802398179005,0.9997609695555031,0.9997609695555031
