gene,baseMean,log2FoldChange,lfcSE,stat,pvalue,padj
AAAS,0.6481566145481047,-1.5132517970832962,1.3523321446491658,-1.1189941783687154,0.26314262264143495,0.9999150196613263
AACS,0.34796475286937845,-0.47674813420898193,1.8203277318154876,-0.2619023628967634,0.7933967178618858,0.9999150196613263
AAED1,0.9078432218479863,-0.18644938415724627,1.2048495355037678,-0.15474910240911421,0.8770191180994251,0.9999150196613263
AAGAB,0.29574807987974183,0.047570345943905246,1.9093042622783343,0.02491501584306972,0.9801227500416317,0.9999150196613263
AAMP,1.6085359558897163,0.10145702611611383,1.1613258592363227,0.08736309908988941,0.9303828998554546,0.9999150196613263
AARS,1.3510930702428683,-0.5685061696667318,1.3284195029884647,-0.4279568076106968,0.6686825669674918,0.9999150196613263
AASDH,1.2832769957138688,1.4285885123029745,1.6862214325375777,0.8472128777020145,0.39687647692582984,0.9999150196613263
AASDHPPT,1.5520860799226455,0.24886500577326737,0.9383693494574993,0.26521007524078233,0.7908476338119237,0.9999150196613263
AATF,0.9778881636204938,1.014756526242154,1.361361685295592,0.7453981827186654,0.456031042160021,0.9999150196613263
ABCA1,0.5967855253580772,0.19613441325793693,1.5436454222740896,0.12705923940032343,0.8988935121686167,0.9999150196613263
ABCA2,1.04228724504293,-1.9205364649628949,1.7497818849058995,-1.0975862086183263,0.2723852177414584,0.9999150196613263
ABCA7,1.9782234829042262,-0.12431103064757379,1.3075278890557145,-0.09507333012785689,0.9242565815746941,0.9999150196613263
ABCB7,0.9749811792467297,-1.7833287484735898,1.5810708434358787,-1.1279246315099818,0.2593517503883501,0.9999150196613263
ABCC1,0.6297260714244186,0.40387967145623443,1.256294644767326,0.32148483091801733,0.7478430058465844,0.9999150196613263
ABCD1,1.157874317015135,-1.057863666119706,1.217153601677393,-0.8691291425025035,0.3847764984024369,0.9999150196613263
ABCD4,0.7987609004297976,0.3776710461875566,1.2817869289583348,0.29464417030253004,0.7682657162254102,0.9999150196613263
ABCE1,3.0563625027470485,-0.6367367491210623,0.8036417467306541,-0.7923141769468938,0.428177507352539,0.9999150196613263
ABCF1,3.011637945594584,-0.48214554400969856,0.8900015722513126,-0.5417356092867143,0.5880006551084818,0.9999150196613263
ABCG1,2.4365859936126926,0.13443468877242562,0.8568367896349599,0.1568964946401276,0.8753264225164278,0.9999150196613263
ABHD12,0.5401942350993023,-0.5492298870587035,1.64209091701034,-0.33446984047549244,0.7380250455425705,0.9999150196613263
ABHD14B,1.0936428218316079,0.25248781441237805,1.4002662661086156,0.18031414490477565,0.8569059516441481,0.9999150196613263
ABHD15,3.9144064919085744,-0.9235045648163199,0.7532771457279596,-1.225982455532823,0.22020527734416306,0.9999150196613263
ABHD2,2.1996790985581027,-0.710315439058812,0.9029503625549102,-0.7866605613280501,0.43148059692865415,0.9999150196613263
ABHD3,0.4259516465076088,-0.558490805724702,1.396021628010961,-0.40005884903118205,0.6891131726075909,0.9999150196613263
ABHD6,1.0578984994192975,-0.560816727786977,1.7263529206613297,-0.3248563611038118,0.7452897858444797,0.9999150196613263
ABI1,1.9120026529387735,0.8601003432879621,1.257773884001952,0.6838274782358474,0.4940841129608994,0.9999150196613263
ABI2,1.3306162363058407,0.6833149718165138,1.496359104422556,0.4566517287173553,0.6479213918713342,0.9999150196613263
ABL1,0.7526120585044812,-0.6472260523197143,1.621710970649337,-0.3991007423847934,0.6898189752833455,0.9999150196613263
ABRACL,2.8111997521882097,-0.36577804282183074,0.7251129685884561,-0.5044428367263573,0.6139502223005076,0.9999150196613263
ABRAXAS2,0.42423058976011774,-0.27766880950419653,1.456517044154494,-0.19063890163083047,0.8488085100026594,0.9999150196613263
ABT1,0.5835516168666335,-1.7176370291115857,1.6186430996856855,-1.061158589836835,0.2886178349642381,0.9999150196613263
AC004453.1,5.079335425736617,-0.17921687305296372,1.1018461541451907,-0.16265144855181682,0.8707928762416318,0.9999150196613263
AC004687.1,1.1250694422261254,-1.7279033707536842,1.1176688412090487,-1.5459886748605325,0.12210730296602573,0.9999150196613263
AC004846.1,1.1956181825473102,-1.2365833881625001,1.2614414567638403,-0.980293918145744,0.326941055974749,0.9999150196613263
AC005332.7,1.1148236382684078,0.20032324526171263,1.246369310597692,0.16072543150605043,0.8723096583923021,0.9999150196613263
AC005912.1,14.278815310130161,0.11792086620288497,0.6423244281623782,0.18358458908412373,0.8543393537618617,0.9999150196613263
AC006978.1,0.3434854891769604,0.01309539508955214,1.5231942834852266,0.008597324209744614,0.9931404122521749,0.9999150196613263
AC007182.2,4.353372354990983,-0.05043434770647881,0.670495792285595,-0.07521948427827942,0.940040082057747,0.9999150196613263
AC007969.1,0.3797606261317505,-0.6070812918533123,1.568656952564804,-0.38700704501434496,0.6987509924109295,0.9999150196613263
AC008038.1,2.0435984091428536,-1.3306711800392081,0.8474619814376906,-1.5701839246897773,0.11637232828497704,0.9999150196613263
AC009362.1,1.6334615669932189,1.277706399628688,1.145794111359257,1.115127392401191,0.26479583464637313,0.9999150196613263
AC010343.1,2.9205448743142264,0.1853590556276677,1.127770038632418,0.1643589111947343,0.8694486077520356,0.9999150196613263
AC011495.1,2.2190734390335014,-1.2256198135880445,1.4352332596835025,-0.8539516523316343,0.3931317783295999,0.9999150196613263
AC012354.2,1.853742450463165,0.24278670642183,1.0676444420917075,0.2274040840283561,0.8201095448773825,0.9999150196613263
AC016712.1,2.3095980111939998,-0.32937428077715425,1.0465166802041064,-0.3147339043969324,0.7529636995228102,0.9999150196613263
AC016739.1,5.947482242814029,-0.6816515238876409,0.9179971416059018,-0.7425420984374649,0.45775895506141306,0.9999150196613263
AC021078.1,0.4258697365335439,0.24108945907888757,1.376300052084723,0.17517216446639097,0.8609443556688461,0.9999150196613263
AC022400.7,1.1160857298255904,-1.3046962981158967,1.2040323636672403,-1.0836056716466114,0.2785396750413278,0.9999150196613263
AC023512.1,0.44475573019217307,2.0888783366829893,2.3357272901154826,0.8943160211908606,0.37115283031877955,0.9999150196613263
AC023590.1,0.8868309406691094,-0.36845806177719737,1.4654713062112874,-0.25142632285976274,0.8014845184955086,0.9999150196613263
AC024293.1,16.4300072398219,-0.18150083200243636,0.5209193366162467,-0.3484240634671338,0.72752173333987,0.9999150196613263
AC025458.1,0.34231266770219293,0.6400823271166908,1.8817595522534154,0.34015096474477274,0.7337428431729398,0.9999150196613263
AC026271.1,0.5146149423764235,0.23298599381076848,1.8612794918756688,0.125175179132276,0.9003848668538501,0.9999150196613263
AC026403.1,2.723247574488441,-0.2674766362418129,0.8352648574754176,-0.32022972575460584,0.7487941908083935,0.9999150196613263
AC026462.1,0.52220174866603,-0.5425956422440409,1.3919622971964156,-0.3898062780413634,0.6966798010808652,0.9999150196613263
AC027309.2,1.275555092530617,-0.9476284118281869,1.270637995915558,-0.7457894497680068,0.4557946141196453,0.9999150196613263
AC034236.1,8.780160600463176,-0.01308335216880567,0.6172649143156906,-0.02119568416311184,0.9830895570493001,0.9999150196613263
AC064799.1,2.9598809043239283,-0.9036896107664815,0.8562484634259582,-1.0554058189496835,0.29123976272262186,0.9999150196613263
AC068473.5,1.200527421270637,-0.13066239589126366,1.043092296044437,-0.12526446258567445,0.9003141852864166,0.9999150196613263
AC073111.5,0.6961095838256371,-0.5700312623388082,1.5494922405896001,-0.3678826181936249,0.712960761439309,0.9999150196613263
AC073335.1,0.568688343390883,-0.9568964147242704,1.6654779302738008,-0.5745476402482013,0.5655972721610198,0.9999150196613263
AC073861.1,5.264693566616589,-0.5289569879869022,0.8636741471877354,-0.6124497181133334,0.5402402558523893,0.9999150196613263
AC073896.4,0.7555838648756892,1.4753681853869622,1.7047714274717136,0.8654346040835683,0.38680029491416124,0.9999150196613263
AC074033.1,5.6672084074535185,0.8559642765754297,0.6974434035396955,1.227288511485236,0.21971417206138355,0.9999150196613263
AC078817.1,0.6628647567408297,-0.12307042488256617,1.7061326920883513,-0.0721341461032112,0.9424951523345324,0.9999150196613263
AC079922.1,1.8191909866224174,0.7595281151409472,1.097535646702207,0.6920304752042638,0.4889181909216622,0.9999150196613263
AC083799.1,0.3881644399333984,1.1247452170870396,1.62555515447856,0.6919145216255866,0.48899101055481253,0.9999150196613263
AC084824.1,1.7783028937036731,-0.06464061161809007,1.5900220229529753,-0.04065390962198126,0.9675718059865086,0.9999150196613263
AC090114.1,0.9047943966336981,-0.16458174269604772,1.5664468993120944,-0.1050669146642148,0.916322712233332,0.9999150196613263
AC090498.1,0.9631627601879522,-0.8897427334814545,1.1816562656385123,-0.7529623963874797,0.45147251104928177,0.9999150196613263
AC090589.1,0.9039302429359205,-1.5204858785595703,1.4693280299251084,-1.0348171732877576,0.3007543012428264,0.9999150196613263
AC092324.1,0.6151489232621662,-1.3368060388833694,1.3770856591943974,-0.9707500981931713,0.3316727377259342,0.9999150196613263
AC097375.1,1.5715917462903408,-1.4950708821620478,1.298775306443978,-1.1511389805027348,0.2496750636815226,0.9999150196613263
AC098614.1,1.1054756429767325,-3.034742341879458,1.597054795961526,-1.9002117833110135,0.05740533255416798,0.9999150196613263
AC099336.2,6.271336365799278,-0.14568626558382516,0.6099127668327972,-0.2388641023868974,0.8112109620323584,0.9999150196613263
AC099560.2,13.4380476772453,-0.0643539486267357,0.4429184081872881,-0.1452952675643222,0.8844777510146723,0.9999150196613263
AC104024.1,1.4849229797734904,1.3746129681536603,1.5324425400268848,0.8970078369982762,0.3697147351632286,0.9999150196613263
AC106795.1,0.8244610996755405,-0.46458231826734825,1.164641132636325,-0.39890598507001246,0.6899624790162006,0.9999150196613263
AC106872.2,0.4372782475727058,0.5797256576227262,1.932643549062718,0.29996512181663204,0.7642037599895998,0.9999150196613263
AC107032.1,0.7166493675846672,1.388249723417732,1.9167973898406137,0.7242548068855459,0.46890931669178604,0.9999150196613263
AC109326.1,1.203093311142072,0.34934676905929013,1.6912569892744571,0.20656042888500262,0.8363531668834694,0.9999150196613263
AC109826.1,0.2878151198396166,-0.8919231264096064,1.8831644453413332,-0.47362997353528563,0.63576379735757,0.9999150196613263
AC110994.2,1.2174919748717576,-0.17503002925238217,1.3491315164454103,-0.12973533500539522,0.896775825517291,0.9999150196613263
AC113404.3,0.7669094916862681,-0.6938919332816643,1.4164014077100775,-0.48989779980767767,0.6242062200301156,0.9999150196613263
AC113935.1,3.103978568266151,0.39272122965360834,0.8107567180146351,0.48438849895107405,0.628110179112831,0.9999150196613263
AC114491.1,5.78934509410904,0.1564578799706565,0.5975803012809535,0.26181900513667955,0.7934609860550266,0.9999150196613263
AC114728.1,1.2984243653369374,1.0072655216704929,1.340076433083486,0.7516478141122124,0.4522628811859487,0.9999150196613263
AC115223.1,3.000857958194233,-0.15959489154680043,0.9599285733969648,-0.16625704866980998,0.8679546657485548,0.9999150196613263
AC115837.1,0.4787447034407672,-1.5108621628231376,1.753214134082344,-0.861767044568086,0.3888157233009647,0.9999150196613263
AC116533.1,13.611694072683273,0.4323695051879178,0.4928181179279175,0.8773409285475148,0.3803014878429205,0.9999150196613263
AC119428.2,0.721458646355513,0.6969517724109616,1.5590720014178636,0.44702988173550307,0.6548534846853755,0.9999150196613263
AC131235.1,1.7423789753392624,-0.008790811263812367,0.9565289836605565,-0.009190323988062198,0.992667285603982,0.9999150196613263
AC133065.6,0.4259906430564079,-0.08862370590435739,1.3279789605155774,-0.06673577559538287,0.9467920529782081,0.9999150196613263
AC135050.6,0.4440268032853384,0.19330757388324457,1.9230990888886064,0.10051877981750826,0.9199324742072348,0.9999150196613263
AC136632.1,9.222488235239513,-0.7576356829517712,0.734686818503791,-1.031236254510073,0.3024300431497383,0.9999150196613263
AC141586.1,0.37084109529571346,0.9509015287177602,1.8592931797979062,0.5114317306435328,0.6090487810187362,0.9999150196613263
AC243960.1,0.849245750668455,1.5928538342097835,1.6702027029804352,0.9536889333057451,0.3402411236226943,0.9999150196613263
AC245060.4,0.44226674998904825,-0.043672141000922884,1.3017212648848941,-0.03354953335942056,0.9732363661337335,0.9999150196613263
AC246787.1,4.327569658369343,-0.4986688729021627,0.6711533060475358,-0.743002930044188,0.4574799064956686,0.9999150196613263
ACAA2,0.37813232723632517,0.3160943578223624,1.8646994820562577,0.1695149062163068,0.865391648564869,0.9999150196613263
ACAD8,0.21932233991733951,-0.42018408636970883,2.3294581667702223,-0.1803784641268279,0.8568554601554093,0.9999150196613263
ACADM,1.0198432936434274,0.37635589664396313,1.2555222993700867,0.29976042387521606,0.7643599050173624,0.9999150196613263
ACADVL,2.515824118733626,0.1190698610862751,1.259885426106762,0.09450848356442944,0.9247052437007622,0.9999150196613263
ACAP1,1.007796971381219,-1.428619598832479,1.19472617112187,-1.195771577926496,0.2317857101413211,0.9999150196613263
ACAP2,2.46838293492478,-0.6340489552085604,0.7899178934405857,-0.802677038301894,0.4221614279339344,0.9999150196613263
ACBD3,0.7568993281823029,-0.14650941324810152,1.1570493447096832,-0.12662330601367947,0.899238549885061,0.9999150196613263
ACBD6,0.40051599675680893,-0.9466738282806803,1.6214141632091932,-0.5838568884873749,0.5593166003147836,0.9999150196613263
ACIN1,1.9276091907804254,-0.812441254836313,1.0444362193859527,-0.7778754123578416,0.4366424646559719,0.9999150196613263
ACLY,1.353134844089766,-0.7555772537683146,1.0470666388127847,-0.7216133393620725,0.47053223558571444,0.9999150196613263
ACOT7,0.8892303449219112,-1.023983314869663,1.2253349534099607,-0.8356762467438311,0.40333706163729643,0.9999150196613263
ACOT9,0.4711297484803626,0.187317208061931,1.5680486328772336,0.11945880002345342,0.9049118790621753,0.9999150196613263
ACOX1,0.6302977781210811,0.1179358975409717,1.6197147957045537,0.072812755587425,0.9419551204106404,0.9999150196613263
ACP1,2.582009437642558,0.8476579913997979,0.939658548137335,0.9020915023655053,0.36700826255039387,0.9999150196613263
ACP5,1.5773586450214079,-0.604282581839054,1.1182624814830968,-0.5403763354714571,0.5889375243169073,0.9999150196613263
ACSL1,0.5848006303753936,0.4237060108866458,1.419410363054421,0.2985084665542918,0.7653151151420163,0.9999150196613263
ACSL3,3.1461758720420994,0.6583744468970758,0.8657608318206431,0.7604576491553143,0.4469810750445905,0.9999150196613263
ACSL4,2.224847322630706,-0.6894130228764637,0.8786260834194355,-0.7846489375701291,0.4326594289381991,0.9999150196613263
ACSL5,0.485684798665512,0.5464513073149312,1.2881746317347094,0.4242059219711983,0.671415642340681,0.9999150196613263
ACTB,24.62260894600715,0.05073991469073729,0.35728859799938295,0.14201380893443713,0.8870690982862675,0.9999150196613263
ACTG1,18.54565660887156,0.14052617774231763,0.4013511429033348,0.35013274591861143,0.7262390767142168,0.9999150196613263
ACTN4,4.930018265556601,-0.30593955982394744,0.7407721505211955,-0.4130008932013619,0.6796059593263386,0.9999150196613263
ACTR10,1.3735683873004154,0.03532886052005503,1.0334243097469977,0.03418621004638862,0.9727286629031741,0.9999150196613263
ACTR1A,1.3209406882471586,-1.2132528409749803,1.2336130058514931,-0.9834955007932495,0.32536362858344225,0.9999150196613263
ACTR2,12.485883600499873,0.22023099175539676,0.5088534984376266,0.43279842318386236,0.6651612189818426,0.9999150196613263
ACTR3,8.336029733597305,0.21438224341247608,0.5851367131449708,0.3663797512554331,0.7140817270750018,0.9999150196613263
ACTR6,0.635268832921465,1.380477018590627,1.4332289788569623,0.9631936270864364,0.3354503626969365,0.9999150196613263
ACYP2,0.5816540912294061,0.4730639509557355,1.254889605220618,0.376976547568555,0.7061910336912778,0.9999150196613263
ADA,2.7161177977648214,-0.32022576960153226,1.3545093778262953,-0.2364145829063419,0.8131109813585795,0.9999150196613263
ADA2,4.529022741598427,-0.38871688054543074,0.6843811459164217,-0.5679830352791481,0.5700464873934321,0.9999150196613263
ADAM10,2.596805567859545,0.484632756341794,0.8489475922907803,0.5708629846444022,0.5680925239513583,0.9999150196613263
ADAM19,4.9645948014146155,0.3235580044911355,0.754057163776495,0.42908949086920833,0.6678580998817538,0.9999150196613263
ADAM28,0.35453128064753037,1.7890084181504835,2.4851110108221213,0.7198907454676023,0.4715922664952309,0.9999150196613263
ADAM8,1.250949303740001,-0.49789070929852625,1.4509407676708828,-0.34315026525704656,0.7314854180360116,0.9999150196613263
ADAM9,0.9842427087449743,0.8992703949859207,1.1963895027643558,0.7516535316534313,0.45225944191974254,0.9999150196613263
ADAR,3.139763568948519,0.42669090849416225,0.923703866998514,0.4619347430910438,0.6441281181294076,0.9999150196613263
ADCK2,0.3152916324812336,-0.2949473715312186,1.8853765288269173,-0.1564395053303942,0.875686599742915,0.9999150196613263
ADCY3,0.5323266192151688,0.445121095023179,1.2455612569360885,0.3573658802764277,0.7208179161686511,0.9999150196613263
ADD1,5.6001830330872995,-0.15664806310857998,0.6745333913316119,-0.23223173992815602,0.8163580266445979,0.9999150196613263
ADD3,4.4247284212714355,-0.3726608304262786,0.7534348438854253,-0.49461586950835146,0.620871297988747,0.9999150196613263
ADGRE5,0.668890409354608,-0.580786943534769,1.397245444808768,-0.41566565537399736,0.6776546761724951,0.9999150196613263
ADGRG5,1.6860627217461444,-1.2391171330918052,0.9575724356013747,-1.2940192167432376,0.19565878314346596,0.9999150196613263
ADH5,1.9524584337073752,0.3899399483751855,0.9035130277606125,0.4315819876351587,0.6660452521569054,0.9999150196613263
ADI1,1.8628237946092407,-1.7447146491298364,1.0662899935007601,-1.6362477935310311,0.10178773745430127,0.9999150196613263
ADIPOR1,2.276786296182708,0.18871688077842685,0.9710703223382864,0.19433904675822705,0.8459104135149235,0.9999150196613263
ADIPOR2,1.5540219636365602,0.2636107228908869,0.9635666280822394,0.27357809538873734,0.7844088693375704,0.9999150196613263
ADK,1.2532548283293146,0.6164367520562647,1.1769718954874042,0.5237480643503282,0.6004537805428308,0.9999150196613263
ADNP,1.6293852892236216,0.875146440837288,1.0672130056963007,0.8200297749054329,0.41219913351760107,0.9999150196613263
ADNP2,1.5568667055259198,-1.7689975431175184,1.3804533593536765,-1.2814612903298357,0.20003168813217098,0.9999150196613263
ADPGK,2.2123099270442683,-0.633186038058706,0.8165784087650808,-0.7754136421709695,0.43809527647708557,0.9999150196613263
ADPRH,0.788652288019409,0.7333966126065317,1.416283914047132,0.517831633426379,0.604575745304941,0.9999150196613263
ADPRHL2,0.3513531050610939,-1.113550984750627,2.3426741583509045,-0.47533327705057243,0.6345494439539963,0.9999150196613263
ADSS,0.8469325440827418,3.0152438643467248,1.6434885923879785,1.83466065922952,0.06655598479111337,0.9999150196613263
AEBP1,0.8326011512383524,0.13190138461024753,1.6397616522165879,0.080439364118527,0.9358878202826865,0.9999150196613263
AES,1.4297544736721484,-0.686668131131555,1.2214388879989824,-0.5621796864978539,0.5739936000830367,0.9999150196613263
AF111169.1,1.1926559057010242,-2.6388289631549355,1.834914483412288,-1.4381209516901587,0.15039973885830837,0.9999150196613263
AF201337.1,0.7369439719558115,0.5078505975963354,1.3947418761205495,0.36411798218098473,0.7157699093593488,0.9999150196613263
AFF1,2.2345858919445942,-0.8801745434349666,0.9517735425374713,-0.9247730726874184,0.3550839601130401,0.9999150196613263
AFF3,1.3857615363972793,0.0335125793881357,1.0929566663369479,0.03066231299037074,0.9755388468972332,0.9999150196613263
AFF4,2.703974570710672,-0.3023090364427139,0.9028989139812251,-0.33482046745379085,0.7377605199852297,0.9999150196613263
AFG3L2,0.5474124839427978,-0.5505917202936033,1.5845772485781768,-0.34746915670261136,0.7282388861191391,0.9999150196613263
AFTPH,1.3214992365671776,0.4724895793618641,1.1311257115897362,0.4177162401319704,0.6761545970877689,0.9999150196613263
AGA,1.3032915604993611,-1.083932348936368,1.1392243819235173,-0.9514651952113315,0.3413682785594341,0.9999150196613263
AGER,0.5714215137827376,2.296487925745309,3.2422377394568667,0.7083033726360893,0.4787568831475377,0.9999150196613263
AGFG1,0.9835681566886374,0.68956355329584,1.2849039794660786,0.5366654351731226,0.5914987358027386,0.9999150196613263
AGGF1,0.4082843764784119,-0.14016482779230405,1.8883543066336226,-0.07422591581458911,0.9408306248882647,0.9999150196613263
AGL,1.1203656267277962,-0.41291662134606716,1.3501049291998033,-0.3058403924136472,0.7597261723910033,0.9999150196613263
AGO1,0.7847494082705128,0.5808907375217301,1.3839095048322458,0.4197461867943051,0.6746708805574455,0.9999150196613263
AGO2,1.47456869544565,-0.20474626275484853,1.021693771468078,-0.20039885577519706,0.8411686542979301,0.9999150196613263
AGO4,0.26567326336486086,-0.11873313018080837,1.8806258041538562,-0.06313490430608527,0.9496590801123906,0.9999150196613263
AGPAT2,0.7137416235968138,-1.2565654783955023,1.9346276979044843,-0.6495128131146714,0.5160069672280363,0.9999150196613263
AGPAT3,0.7885649404280928,0.6169132318141424,1.814250677688002,0.3400374818105667,0.7338283015186646,0.9999150196613263
AGPAT5,2.867500157597572,0.14435681593726657,0.931682562825764,0.15494206041533812,0.8768669946057002,0.9999150196613263
AGTPBP1,0.5669344607257345,0.2716668332277461,1.436193563546148,0.18915753427899057,0.8499693494910449,0.9999150196613263
AHCY,2.73727385452049,0.46861150551086367,0.8344048059286436,0.5616117047520196,0.5743806038908783,0.9999150196613263
AHCYL1,1.919973380762633,0.2229029984511167,0.9582870847307277,0.23260565857855733,0.8160676329187755,0.9999150196613263
AHI1,2.6707701675423476,-0.26285300819982876,0.9591160932457256,-0.2740575515840978,0.7840403942613454,0.9999150196613263
AHNAK,5.31140072648687,0.018214042598540457,0.7968280940026148,0.02285818325888581,0.9817633965972624,0.9999150196613263
AHR,0.6424117715288534,-1.0865667518400188,1.624380597007538,-0.6689114323587162,0.5035519770420431,0.9999150196613263
AHSA1,3.019785862177061,-0.030425662889765944,1.005161974682018,-0.03026941294649658,0.9758521903226198,0.9999150196613263
AHSA2,1.1431674319556824,0.021284097428935358,1.1347140800299718,0.018757233917792902,0.9850347702044422,0.9999150196613263
AIF1,2.0764246331941347,-0.4842986886058731,1.0157158045037635,-0.4768053095742478,0.6335007645034842,0.9999150196613263
AIFM1,0.5040836784630345,-0.1118113348548508,1.563928687644704,-0.07149388315348319,0.943004692638736,0.9999150196613263
AIMP1,1.7670609105484318,0.9215939354934825,0.9977766822173139,0.923647497399384,0.35566987577944964,0.9999150196613263
AIP,1.0650024795408208,-1.3339386267664295,1.2485581949263544,-1.0683832216928513,0.28534768228133733,0.9999150196613263
AK2,3.160244674877629,0.19587657823048396,0.8798180783060567,0.22263304546732174,0.823821115288893,0.9999150196613263
AK3,1.2635998415638479,-0.15207793884039653,1.2621178734440395,-0.12049424387391773,0.9040916391484185,0.9999150196613263
AK6,1.0416266801796807,0.6360898761901685,1.4888726488460393,0.4272292037087082,0.669212392384037,0.9999150196613263
AKAP11,2.341692236208636,-0.09181275543708357,0.8814710283755615,-0.10415856276783454,0.9170435171701871,0.9999150196613263
AKAP13,8.655907207403855,0.01968279124373288,0.6086665257016828,0.03233756155892123,0.9742028550657814,0.9999150196613263
AKAP17A,2.027987912159448,0.6390384690308145,1.1160280862999001,0.5726007050140596,0.5669150822521427,0.9999150196613263
AKAP8,1.391567823887043,-0.7371402949897526,1.0852856934846387,-0.679213132003003,0.497002827828791,0.9999150196613263
AKAP9,4.608858536304748,-0.4647834121136188,0.7084688474766025,-0.6560393075419854,0.5117988333319093,0.9999150196613263
AKIRIN1,3.230678254569687,-0.15320602240545175,0.867616797448552,-0.1765825913652122,0.8598362692676678,0.9999150196613263
AKIRIN2,0.9711949295048932,0.7927915008572007,1.507723135334686,0.5258203461083164,0.5990130366313194,0.9999150196613263
AKNA,4.949417303680018,0.014666739836653887,0.8535872430301046,0.017182473093891606,0.9862910445713099,0.9999150196613263
AKR1A1,2.802450623847273,-0.005448334535575476,0.9620502707523748,-0.005663253471478768,0.9954814016449525,0.9999150196613263
AKR1B1,0.4787447034407672,-1.5108621628231376,1.753214134082344,-0.861767044568086,0.3888157233009647,0.9999150196613263
AKR7A2,0.8477604012841989,-1.5554252653931848,1.4800075010814053,-1.0509576905905367,0.29327802220208843,0.9999150196613263
AKT1,1.5647332110950505,-0.8145396163416304,1.0444101130689163,-0.7799039918793685,0.4354473886330008,0.9999150196613263
AKT2,2.481801504208184,-0.8891896616935807,0.778747281766613,-1.1418205655580917,0.2535286121110999,0.9999150196613263
AL009174.1,0.6100078509967959,0.7710663927915986,1.473351954801174,0.5233416158840692,0.6007365455499694,0.9999150196613263
AL021707.6,0.602995933305595,-0.5944021339338392,1.3093710940841548,-0.4539600244876311,0.6498575994879177,0.9999150196613263
AL031727.1,7.1776258365073,-0.8969990712328698,1.1099927217036731,-0.8081125701942533,0.4190257819775586,0.9999150196613263
AL033519.2,3.3723130733590714,0.6065649932468888,0.7983091879537337,0.7598121159067037,0.4473668996351079,0.9999150196613263
AL035398.1,2.949887520049312,-0.7303002091553693,1.0374432564742146,-0.7039423164572094,0.48146869715150964,0.9999150196613263
AL035696.3,0.8349421169410284,-0.6210154857064808,1.6851615443578902,-0.3685198536518414,0.7124856441107299,0.9999150196613263
AL049873.1,7.761011243952889,0.09362717023071057,0.7583380444699682,0.12346363328790952,0.901739970352941,0.9999150196613263
AL080243.2,0.47980746627067167,-0.4999994216073597,1.9400416472968964,-0.25772612784061627,0.7966182800227706,0.9999150196613263
AL136454.1,0.2550210929286078,-0.3340954301000251,1.8880351872810361,-0.17695402731405485,0.8595445005104422,0.9999150196613263
AL136968.2,0.6431902101088652,0.49043049675271844,1.2059172422325657,0.4066866942251888,0.6842381143175773,0.9999150196613263
AL138756.1,0.24146419639209526,-1.2878505722075326,1.8831633986514988,-0.6838761698160343,0.4940533630187667,0.9999150196613263
AL161787.1,1.3927882188429477,0.4653890757447143,1.1404372301801882,0.4080795184765962,0.683215296276111,0.9999150196613263
AL161909.1,4.4060386451617655,-0.5208207550884981,0.7309797232729147,-0.7124968566249098,0.476157157258121,0.9999150196613263
AL355032.1,2.3487593043508803,-0.21744187435056425,0.8391916692411439,-0.25910871415965137,0.7955513614228571,0.9999150196613263
AL355987.4,0.7663234204954054,-1.0774787403069968,1.6600237920246177,-0.6490742756119595,0.5162903682469296,0.9999150196613263
AL356535.1,1.095791595336503,-0.6075716584889354,1.4238596280692184,-0.4267075535478272,0.6695923481396071,0.9999150196613263
AL357143.1,3.4177478322942263,0.25788128072643063,1.1918043149070257,0.2163788782276294,0.8286924290281967,0.9999150196613263
AL358472.1,3.6547647640511207,-1.8369915257069005,0.9975355122084879,-1.841529953795734,0.06554393520905627,0.9999150196613263
AL359918.1,0.6854446699059993,-3.410286523144695,1.7678124692032047,-1.9290997108317673,0.0537184849013239,0.9999150196613263
AL390728.4,0.8907052441304378,0.7715774597353423,1.3903960115873149,0.5549335968351117,0.5789400807516564,0.9999150196613263
AL445433.1,1.9553259643224412,-0.4296117342212663,0.8463176272811314,-0.5076247030342865,0.6117165630518228,0.9999150196613263
AL450405.1,5.7867266080887205,-0.647336459049157,0.9949518954339429,-0.6506208611892986,0.5152912605421446,0.9999150196613263
AL450998.1,0.8694839758234904,-0.19931543389340142,1.2411051214147317,-0.16059512643554513,0.8724122936156706,0.9999150196613263
AL513175.2,0.693806732873875,0.027231589408285593,1.3605406207611546,0.020015271130273845,0.9840311904056614,0.9999150196613263
AL590867.2,13.415394141190637,-0.3395242270607521,0.6079964844742757,-0.5584312339475663,0.5765499495283982,0.9999150196613263
AL591846.1,3.1680185239375662,-0.7836669095236825,1.0716544833452706,-0.7312682601554488,0.46461531343126583,0.9999150196613263
AL591895.1,1.1246317182893344,1.0859530784441178,1.2180718860411466,0.8915344741873751,0.37264250547769107,0.9999150196613263
AL596087.1,0.916451012777223,0.18602360664117706,1.487379104904695,0.125068051600131,0.9004696757929792,0.9999150196613263
AL645608.8,0.34378106352595517,-0.6891809264546085,2.40205864251555,-0.2869126149779863,0.7741792310468079,0.9999150196613263
AL662795.2,0.4764862592985534,-0.2685611535970731,1.663152776443417,-0.16147713992419865,0.871717614769564,0.9999150196613263
ALAD,0.370281277170265,-1.5746396080025686,1.5030478819658954,-1.0476310348430387,0.29480863302050264,0.9999150196613263
ALCAM,3.6085990306859466,-0.027848632123393148,0.797353680740656,-0.03492632290544486,0.9721384907711219,0.9999150196613263
ALDH16A1,0.6798481202199713,-0.16718172857646962,1.663113601536159,-0.10052333672339027,0.9199288566454299,0.9999150196613263
ALDH2,6.443858176743511,0.17759862305861426,0.6015247682360605,0.2952473986722323,0.7678048960125164,0.9999150196613263
ALDH3B1,0.3154125390040976,-0.6224970231473717,2.3446174508088107,-0.2655004648765333,0.7906239517835574,0.9999150196613263
ALDH5A1,1.4542655141421674,-1.2601493927678307,1.2162807334958525,-1.0360678732005317,0.30017047894825843,0.9999150196613263
ALDOA,8.265535398643172,-0.1123413736336412,0.5671765885839519,-0.19807124605428375,0.8429893214445157,0.9999150196613263
ALG13,3.111792050540414,0.832673149831973,1.1439090159236454,0.7279190374766248,0.4666631486929387,0.9999150196613263
ALG2,7.000565592603104,-0.28051784840787297,0.6006639158178747,-0.4670129851664468,0.640490587790814,0.9999150196613263
ALG3,0.3555125626101858,-2.3947689532981364,1.7004328533485507,-1.4083290313888464,0.15903366298547683,0.9999150196613263
ALG5,1.36287330539973,0.4968206292738869,1.2052648839385591,0.41220866541002893,0.6801864862844244,0.9999150196613263
ALG8,0.8411722185252862,-1.067669646272507,1.3919188744591213,-0.7670487597112204,0.4430525255587797,0.9999150196613263
ALKBH5,2.538214704566408,0.4396761816473825,0.9718686121852197,0.45240290316484527,0.6509787558941227,0.9999150196613263
ALKBH7,1.706585939216314,-1.4624179289606338,1.4144165503363706,-1.0339372291796556,0.30116550915035634,0.9999150196613263
ALOX5,0.9468264136415804,1.4428436465782004,1.832228715523843,0.7874800969734198,0.4310008749720875,0.9999150196613263
ALOX5AP,17.774313126399363,0.28913365507642946,0.45915851004617153,0.6297033567936161,0.5288886859157438,0.9999150196613263
ALYREF,4.339161720356249,0.1270645396295837,0.8720825096147685,0.14570242864486854,0.8841563040507376,0.9999150196613263
AMD1,2.8906629884200683,0.02971561037661484,1.135083346560489,0.026179232094857702,0.9791143805925945,0.9999150196613263
AMFR,0.3870518580723622,-1.0421466382693638,1.9217481720458596,-0.5422909481214246,0.5876180903731725,0.9999150196613263
AMIGO2,0.8530080583143076,-0.108782545712578,1.3982086162558753,-0.0778013698727419,0.9379860567532297,0.9999150196613263
AMZ2,4.945894634324597,0.37402175149817773,0.8102859470402601,0.4615922969716689,0.6443737196036642,0.9999150196613263
AMZ2P1,1.650559450519123,-0.4567638290680589,1.192193041485051,-0.3831290849501124,0.7016240552874056,0.9999150196613263
ANAPC1,0.38223802348215036,-0.7089943172363107,1.3867314873688155,-0.5112700790991316,0.6091619533633854,0.9999150196613263
ANAPC11,1.8193089141106096,-0.6160733077178322,1.1439014443640863,-0.5385720166306089,0.5901822006278993,0.9999150196613263
ANAPC13,0.42720246107997445,-0.16297117951429524,1.5617953399776372,-0.10434861427914668,0.9168926998373672,0.9999150196613263
ANAPC16,2.9117719809079197,-0.794903557737467,0.8163899167939997,-0.9736812537556679,0.3302148280184555,0.9999150196613263
ANAPC4,0.31047779789102187,0.3062154494637537,1.5705019299858893,0.19497935253508727,0.845409111688561,0.9999150196613263
ANAPC5,3.4550277461636196,0.3112142632982058,0.7434845506750324,0.4185887427191928,0.6755167181660213,0.9999150196613263
ANGEL2,0.37205291331928003,0.8281640765208599,1.5632759383661856,0.5297619289057776,0.5962770043297727,0.9999150196613263
ANKH,0.34675293484581193,-0.41564637815448946,1.5688079782128561,-0.264944074690379,0.7910525444750944,0.9999150196613263
ANKIB1,1.9414284461944398,0.16189895709511617,0.9252759325059021,0.17497370395947637,0.8611002960094911,0.9999150196613263
ANKLE2,4.033707163279122,-1.5917677412719884,0.9102264554083958,-1.7487601374515116,0.08033248997702956,0.9999150196613263
ANKRD10,0.7017396929140001,0.5755817103246383,1.3234484996764766,0.43491054654967093,0.6636273590105067,0.9999150196613263
ANKRD11,7.215123985955393,-0.5791633882461877,0.7708825109279036,-0.7512991669107327,0.4524726304776734,0.9999150196613263
ANKRD12,6.814706758286124,-0.2617966957669779,0.7095485412358605,-0.368962347961412,0.712155789743631,0.9999150196613263
ANKRD13A,0.9457841320161696,0.33592621501708386,1.1178044010630608,0.30052325317167244,0.7637780621970077,0.9999150196613263
ANKRD13C,0.6490169631021816,-0.47303234162365454,1.253470312612496,-0.37737817710078475,0.7058925822146183,0.9999150196613263
ANKRD17,0.9107609991109535,-1.0472556599256593,1.3040027626793098,-0.8031084671737067,0.421912044173655,0.9999150196613263
ANKRD26,0.4120710269513033,0.13643511353646973,1.614422603648703,0.08451016061601048,0.9326508247388828,0.9999150196613263
ANKRD28,1.4305656858933264,-2.0055845237070824,1.1300339816035603,-1.7748001886289146,0.07593088519734026,0.9999150196613263
ANKRD36C,0.7298968240065903,-0.7228963478636875,1.4466582509294015,-0.49970084323596453,0.6172857386513875,0.9999150196613263
ANKRD40,0.37515577866960936,0.47450270410677636,1.6269402924516687,0.2916534222603454,0.7705516251767218,0.9999150196613263
ANKRD44,1.0590177190812256,-0.3314096789614525,1.0972073514676008,-0.30204835805936414,0.7626151990695434,0.9999150196613263
ANKRD53,0.6850532929316303,-1.833412166874159,1.6073700920256444,-1.1406285185782268,0.25402454429781085,0.9999150196613263
ANKZF1,0.7814139624698934,-2.8986205446605156,1.4750167149560907,-1.9651442016009992,0.04939754993052414,0.9999150196613263
ANO6,0.6570333265006542,1.3061571463202724,1.657841181214247,0.7878662691703725,0.43077493315956317,0.9999150196613263
ANP32A,5.802482387649595,-0.60863556309437,0.6125606929003049,-0.9935922597524981,0.32042141400393986,0.9999150196613263
ANP32B,8.168763199038146,-0.07288262763037721,0.6092683204873134,-0.11962320242103384,0.9047816388297172,0.9999150196613263
ANP32E,0.997403485676675,-0.2330329500092131,1.6981106452955022,-0.1372307220703284,0.8908484279252616,0.9999150196613263
ANTXR2,2.9888431613397657,-0.7087336681832273,0.7927808823584598,-0.8939843075867335,0.371330287322437,0.9999150196613263
ANXA1,2.1635384953682806,0.12821836025966465,1.2031740566455218,0.10656675944055885,0.915132690496159,0.9999150196613263
ANXA11,5.458161116168075,0.28174143223614906,0.8482994185010726,0.3321249856966545,0.7397948841017137,0.9999150196613263
ANXA2,7.935827595458682,0.434445910655657,0.7237784680050272,0.6002470781607162,0.5483415826627843,0.9999150196613263
ANXA3,0.22679982253680692,1.3711906883246228,2.349861789213259,0.5835197178910261,0.5595434872134322,0.9999150196613263
ANXA4,1.2862111626523491,0.8040533273307752,1.0061490116292036,0.79913940980652,0.4242095802035316,0.9999150196613263
ANXA5,2.7270949027360376,1.2582929806541479,1.0962310522875705,1.1478355571376975,0.2510364555607174,0.9999150196613263
ANXA6,1.589993738838604,-0.6284166323070519,1.1982360926920363,-0.5244514300142717,0.5999645933300923,0.9999150196613263
ANXA7,1.3586467026310407,1.0411604583533696,1.2409398738372779,0.8390095928933742,0.40146392649167106,0.9999150196613263
AP000919.1,1.2869243281882052,-1.172830014138672,1.631427544737665,-0.7188980092445749,0.47220376315012724,0.9999150196613263
AP001324.1,12.127874779303305,-0.044632765349630094,0.5277549512509063,-0.0845710025909557,0.9326024530346056,0.9999150196613263
AP002784.2,2.5734236374251354,-1.756051339254198,0.933633963397481,-1.8808777402055425,0.059988551887482214,0.9999150196613263
AP006296.1,1.0136577379579859,0.5207664040545494,1.5487419253125836,0.33625124724988825,0.7366814106368502,0.9999150196613263
AP1B1,1.347044607690388,-0.6464754955932092,1.3148405386261548,-0.491675968759448,0.6229484292656113,0.9999150196613263
AP1G1,0.5342794015007795,-0.23003881553580377,1.8977166747363707,-0.12121873544045271,0.9035177848081271,0.9999150196613263
AP1M1,1.2778231147454018,-0.2307112498100914,1.4045829160359136,-0.1642560557843154,0.8695295741632273,0.9999150196613263
AP1S2,5.721503683761205,0.3752099820659695,0.6732088310207347,0.5573456032908355,0.5772913235254039,0.9999150196613263
AP2A2,1.869496536335574,-0.7047291102001194,1.3408757729456622,-0.5255737514385518,0.5991843982285513,0.9999150196613263
AP2B1,1.1073214248143572,-0.48492986380515785,1.188216821926637,-0.40811563584739285,0.6831887812719855,0.9999150196613263
AP2M1,3.185373943027255,-0.717074563414548,0.8686731763102056,-0.8254825669423903,0.40909767600433966,0.9999150196613263
AP2S1,2.0589808620832204,0.20666310815709987,1.2513001082716675,0.1651587071646218,0.8688190657674929,0.9999150196613263
AP3B1,2.299013470072958,-0.07200013958283784,0.9604699272525189,-0.07496345022357806,0.9402437925320644,0.9999150196613263
AP3D1,2.1047798594600926,1.5261700790382895,1.0567025876703626,1.4442758982950241,0.14866138260997427,0.9999150196613263
AP3M1,0.7245506911843433,0.10282105981862162,1.269715921822128,0.08097957822807048,0.9354581933704798,0.9999150196613263
AP3S1,4.762341626906959,-0.28499185421060297,0.7193133864411596,-0.3961998477751331,0.691957603598057,0.9999150196613263
AP5M1,0.6404944711366765,0.45243677792897474,1.5728638434229332,0.28765158524107376,0.7736134535958452,0.9999150196613263
APAF1,1.5778731991429351,-0.08843859492296952,1.25498546902512,-0.07046981587099102,0.9438197242516977,0.9999150196613263
APBB1IP,6.151386749788635,0.16679720232328074,0.7297702583629825,0.2285612498068084,0.8192099454836069,0.9999150196613263
APBB3,0.45618636609415275,-0.2227001195178992,1.3854523614845955,-0.16074180946883126,0.8722967583873236,0.9999150196613263
APC,0.7962332564314966,0.21459864146756788,1.331403683505859,0.1611822500764649,0.871949860709866,0.9999150196613263
APEH,0.6826716982066046,-2.3293956343694684,1.4589746864776143,-1.5965977038253496,0.11035541109664243,0.9999150196613263
APEX1,5.374945108139469,-0.4332622777558842,0.6712852543538883,-0.645422009415206,0.5186537442253065,0.9999150196613263
APH1A,2.5512435970484635,-0.3307038698574589,0.9328218903803801,-0.3545198427136038,0.7229493360963348,0.9999150196613263
API5,1.9172088640972964,-0.017650662093435764,0.9768428277126322,-0.018069091150278924,0.9855837356136853,0.9999150196613263
APIP,0.3902918900451396,-0.14028152750284315,1.6173884394100384,-0.08673335612192981,0.9308834619633533,0.9999150196613263
APLP2,2.6565639569979913,0.9653629816866989,1.0629606442239399,0.9081831833872868,0.36378144737606244,0.9999150196613263
APMAP,1.9409505919639045,-0.07179744988391237,0.9082618230631451,-0.07904928739795859,0.9369934200116493,0.9999150196613263
APOBEC3C,1.5350219690609326,0.7348135800180638,1.301589993691876,0.5645507291691853,0.5723793861444273,0.9999150196613263
APOBEC3G,1.9825336109295435,1.6455419785541159,1.1321788521602587,1.453429354747558,0.1461045810664877,0.9999150196613263
APOC1,1.0224953588199581,0.27008147451577913,1.107824511797049,0.2437944562877279,0.8073900140544102,0.9999150196613263
APOD,0.3991948550631033,1.4724927942674755,1.6374900233156902,0.8992377194982123,0.3685260530347769,0.9999150196613263
APOO,0.31374524355987327,-0.18359635166824692,1.5832683466972748,-0.11596035002609133,0.907683965837143,0.9999150196613263
APP,19.38262586883695,0.3187797575360431,0.40961844288938026,0.7782358511189676,0.4364299851731187,0.9999150196613263
APPBP2,0.9413654406911058,0.2627478832177964,1.3088536445012515,0.20074657263755294,0.8408967412141324,0.9999150196613263
APPL1,3.5451906362948122,-0.38354576015108777,0.8238244224976954,-0.4655673583798867,0.641525212030038,0.9999150196613263
APPL2,0.35141844921708565,0.8970633791682142,1.9576791589720923,0.45822798646905466,0.6467886552656086,0.9999150196613263
APRT,2.5842076125779108,-0.29173419218854396,1.2061565433753119,-0.24187091948459208,0.8088801840755204,0.9999150196613263
APTX,1.1857521338583146,-1.0030007824445613,1.3225226898880935,-0.7583996782160548,0.4482117504656634,0.9999150196613263
AQP3,1.9855341677117377,0.41824907965112434,1.0733646451392151,0.38966168817389873,0.6967867299236177,0.9999150196613263
AQR,0.8144015732823933,0.06687391633290926,1.2355200826429074,0.05412612653762691,0.9568346767866784,0.9999150196613263
ARAF,1.7410925678407558,-1.2276531014747576,1.0186950142291915,-1.2051233041556375,0.22815570459953782,0.9999150196613263
ARAP2,1.8360847858067966,-0.20405501440693513,1.3266914843065074,-0.15380743512769243,0.8777615712166731,0.9999150196613263
ARCN1,1.800847348093705,-0.22565952588591232,0.9809030550888623,-0.2300528321480957,0.818050716365918,0.9999150196613263
AREG,10.500498818523454,0.27648921966308754,0.56871512550893,0.48616470225873415,0.6268503955000052,0.9999150196613263
ARF1,12.38854982426083,-0.05802056770831221,0.4602385094887825,-0.12606630369275162,0.8996794403811975,0.9999150196613263
ARF3,4.531082601682814,0.280060130162975,0.7116725953611533,0.39352383664689594,0.6939326220855688,0.9999150196613263
ARF4,7.515727981506099,0.5784416876290173,0.6496386612248773,0.8904052701210547,0.3732483135825624,0.9999150196613263
ARF6,7.712380787803862,-0.07912687678975536,0.6172876028972032,-0.12818478196934135,0.8980027429423838,0.9999150196613263
ARFGAP1,0.43962944956698524,-0.23174052897186637,1.9063737983409543,-0.1215609075059369,0.9032467751052635,0.9999150196613263
ARFGAP3,3.921156676361024,0.0025970964470530384,0.6698436188790449,0.0038771683029528146,0.9969064750219767,0.9999150196613263
ARFGEF1,1.698180575986474,-0.5769455270111112,1.1946968872764465,-0.482922097776931,0.6291510508523637,0.9999150196613263
ARFGEF2,1.1384906674853061,-0.7372435191985347,1.0686813478242543,-0.689862811491471,0.49028046425189664,0.9999150196613263
ARFIP2,0.9511306767542449,-0.40892946511642847,1.3066799738836872,-0.3129530361600452,0.7543163428324869,0.9999150196613263
ARFRP1,0.32111838547454996,-1.7691169653761574,1.7180202455834497,-1.0297416284377692,0.30313130843905545,0.9999150196613263
ARGLU1,5.304185722087251,0.045670642803720685,0.6428777516696922,0.07104094469765701,0.9433651686364111,0.9999150196613263
ARHGAP1,1.2376887718373737,0.059127940196630265,1.3386432044821819,0.04417005218317476,0.9647688536418209,0.9999150196613263
ARHGAP15,2.0528138598050187,0.6055519113252463,0.9288053449682568,0.6519685901957658,0.5144214352034233,0.9999150196613263
ARHGAP17,2.801864515064263,0.6896491424215255,0.878483233641314,0.7850453099291709,0.43242700332954,0.9999150196613263
ARHGAP18,2.4959422124526323,0.44314453664556785,0.9050205694372337,0.4896513423127246,0.6243806387116364,0.9999150196613263
ARHGAP25,1.0709300585835624,-0.22633870039018808,1.143902022220517,-0.1978654604970664,0.8431503283980035,0.9999150196613263
ARHGAP27,1.3814661335734493,-0.6121250251509402,1.2679748795259624,-0.48275800651491274,0.6292675709927933,0.9999150196613263
ARHGAP30,2.5263739243986936,0.3382453981574273,0.9156453236697623,0.3694065697859877,0.7118247017769324,0.9999150196613263
ARHGAP31,1.8358070217418816,0.11281720173406455,1.0981055763699752,0.10273802825681491,0.9181708911383537,0.9999150196613263
ARHGAP35,0.4084489567969341,-0.18087839513885468,1.9426042539628239,-0.09311129365122671,0.9258151453795833,0.9999150196613263
ARHGAP4,1.7880894247917591,-0.8351468648313962,1.0716380084813204,-0.7793180703014917,0.43579237259062786,0.9999150196613263
ARHGAP45,0.964741175103597,-0.7622978782622162,1.7555320329714466,-0.43422612857250825,0.6641242410337966,0.9999150196613263
ARHGAP5,2.6877366324497936,0.028530445436747116,0.8774474392143556,0.032515275743801315,0.9740611341890167,0.9999150196613263
ARHGAP9,4.273674844074559,0.30534008872887497,0.8128931092144601,0.3756214504314603,0.7071983415170638,0.9999150196613263
ARHGDIB,9.152483945381041,-0.034817332357674785,0.5970995794070887,-0.058310763494839324,0.953501094075597,0.9999150196613263
ARHGEF1,1.6497879474594752,-0.21575895365052605,1.0019312555994961,-0.21534307113857698,0.8294998513241467,0.9999150196613263
ARHGEF12,0.976836636676135,0.1515483602681607,1.288073167749398,0.11765508673156781,0.9063409551159274,0.9999150196613263
ARHGEF2,0.8479528225941964,0.29413355559290594,1.3968369166142671,0.21057114978450284,0.833221926663063,0.9999150196613263
ARHGEF6,1.4056370039207886,-1.0612903989962035,1.0192641973182066,-1.0412319021786227,0.2977679329087791,0.9999150196613263
ARHGEF7,2.5711475574591294,-0.1878540142363579,1.1107485790159903,-0.1691237943358679,0.8656992693410681,0.9999150196613263
ARID1A,2.9625040275673395,0.38474744817445045,0.8518205859310382,0.45167662595747465,0.6515019593606658,0.9999150196613263
ARID1B,3.615047526324858,0.24758908314251596,0.7203684341219515,0.34369785156438637,0.731073527064271,0.9999150196613263
ARID2,1.4428673810989496,-0.8425258972647457,1.1026288103691755,-0.7641065509458765,0.44480374874076256,0.9999150196613263
ARID3A,4.1238304910670545,-0.4661319180309734,0.7603341469598971,-0.6130619279625211,0.5398353927857642,0.9999150196613263
ARID3B,1.7188943068104676,0.5193657658157632,1.0559331749052918,0.49185476709958076,0.6228220167317464,0.9999150196613263
ARID4A,0.6347817190603583,-0.39379756990173503,1.5562234816827547,-0.25304692708782356,0.800231950365911,0.9999150196613263
ARID4B,5.158288985237887,-0.49913222982424893,0.645800048025374,-0.7728897378537166,0.43958763856143546,0.9999150196613263
ARID5A,1.5572429849921985,-2.563698061297129,1.1766080359419702,-2.1788887913252104,0.02933993063744465,0.9999150196613263
ARID5B,0.48580570518837596,0.21699537874186337,1.3059965380104903,0.16615310410579387,0.8680364638719469,0.9999150196613263
ARIH1,4.451368938892447,0.08900889872383694,0.68317701828449,0.13028672853683682,0.8963395796640193,0.9999150196613263
ARIH2,0.7950164284074481,-0.9438483461097023,1.241507861304723,-0.7602435518352617,0.4471090165034908,0.9999150196613263
ARL1,1.1070730389163863,-0.47058347480782475,1.3716404249253578,-0.34308078579226264,0.7315376855877789,0.9999150196613263
ARL13B,0.8366110448588032,0.07943204863423306,1.676099750810144,0.047391003188109494,0.9622015993811216,0.9999150196613263
ARL14EP,0.83406135515989,-0.12949880197159322,1.3588205637820665,-0.0953023566343104,0.9240746708527442,0.9999150196613263
ARL4A,0.7709506986882722,0.4982735374752039,1.2170203646689315,0.40942087079270056,0.6822308259079303,0.9999150196613263
ARL4C,22.581733505663053,-0.1341578283327192,0.3640793065186144,-0.3684851787253667,0.712511494571896,0.9999150196613263
ARL5A,0.45670089365133365,0.6047662305531237,1.9657698178452998,0.30764854819879883,0.7583497745015928,0.9999150196613263
ARL5B,6.38344028200525,0.5478866104856427,0.8494551786760326,0.64498589712477,0.5189363249692829,0.9999150196613263
ARL6IP1,8.09370897916184,0.7066933092904626,0.616217779263206,1.1468239526218078,0.25145438760947136,0.9999150196613263
ARL6IP5,6.144823548743416,0.15338530793823513,0.6449233235973973,0.23783495235161958,0.8120091083125937,0.9999150196613263
ARL6IP6,1.304545903150661,0.3422930132647697,1.202068685887336,0.28475329012676,0.7758331603198483,0.9999150196613263
ARL8B,3.8362076052218868,-0.6914061160875866,0.7462745816324929,-0.9264768398986868,0.3541982276583492,0.9999150196613263
ARMC1,1.1642032002594391,-0.08397680985176466,1.3444058546539117,-0.062463882882585836,0.9501934230354848,0.9999150196613263
ARMC10,1.366847329119203,0.9991085155486322,1.137467985526529,0.878361877663,0.3797473657352429,0.9999150196613263
ARMC5,0.8296960923844702,-1.2746373427471442,1.4014710125159056,-0.9094996124528677,0.3630864622889616,0.9999150196613263
ARMCX3,2.7122751152696103,-1.5688711872221925,1.2124697382970813,-1.293946675671822,0.19568384045390141,0.9999150196613263
ARNT,0.35400517023762457,-1.6596041618105037,1.4934523560153143,-1.1112535027488253,0.26645924743896876,0.9999150196613263
ARNTL,0.7197685199202952,-0.5798893389681534,1.4033274935642048,-0.41322452643989505,0.6794421202061145,0.9999150196613263
ARPC1A,0.38399807677844056,-0.3952069410105973,1.9554001520485031,-0.20211051972997612,0.8398303240197682,0.9999150196613263
ARPC1B,0.5444970299019841,1.6545962117537873,1.4773048270073914,1.1200100219705766,0.2627094913639907,0.9999150196613263
ARPC2,14.430780329854299,0.32567109534417665,0.43902963832145026,0.7417975164258174,0.4582100255531165,0.9999150196613263
ARPC3,7.68510728573724,0.2516684458811493,0.5990683694602563,0.420099705994986,0.674412617465284,0.9999150196613263
ARPC3P1,0.5395788546069815,-0.6011174354625421,1.3892117900482432,-0.4327039546948181,0.6652298564233847,0.9999150196613263
ARPC4,6.336899499541952,-0.6805362676959736,0.6750117946388745,-1.0081842615210224,0.31336601201861536,0.9999150196613263
ARPC5,9.89960966034133,-0.6577627523210093,0.81917779351893,-0.8029548133811923,0.4220008525266157,0.9999150196613263
ARPC5L,2.5777861254115266,0.3163273012879962,1.2616690524692769,0.25072129705400625,0.8020295938253363,0.9999150196613263
ARPP19,2.316496477012466,0.573687517481341,0.8130922890885526,0.7055626097800338,0.48046018334194895,0.9999150196613263
ARRB2,3.2161464773039232,0.15661095621161755,0.9345347960021746,0.16758172823695816,0.866912346653997,0.9999150196613263
ARRDC3,2.1444507801384307,0.3985216184503117,0.9333878579862535,0.42696250550131,0.6694066375144296,0.9999150196613263
ARSB,0.30409122677225703,-0.7608843852928555,2.352579840605079,-0.32342553147831,0.7463729963570371,0.9999150196613263
ARSD,1.2612031915960193,-0.9792216339367922,1.3683004800481187,-0.7156480964636921,0.47420866734566425,0.9999150196613263
ASAH1,3.5932649819772657,-0.03403978289662407,0.802119027396654,-0.04243732131265244,0.9661500770300409,0.9999150196613263
ASAP1,0.8627492739092452,0.58237620982471,1.803631863743042,0.3228908412696347,0.7467779127302755,0.9999150196613263
ASB8,0.7020510331576951,-0.89914719099581,1.72692746181139,-0.5206629756484886,0.6026015706704735,0.9999150196613263
ASCC1,0.8993153079661708,-0.18508558096846664,1.397649648556134,-0.13242630666395722,0.8946471082002042,0.9999150196613263
ASCC2,0.6822664674338481,-0.9872360889118255,1.3783320798997802,-0.7162541620475149,0.47383442490124716,0.9999150196613263
ASCC3,0.7320335840645602,1.2964779894230622,1.302831998358311,0.9951229253324639,0.319676481902878,0.9999150196613263
ASF1A,0.2898823303376264,1.0130823879809356,1.9818771235377846,0.511173157986967,0.6092298123785428,0.9999150196613263
ASH1L,0.6960539269169863,-1.272327842524737,1.3683111567647153,-0.9298527138615718,0.35244734874539574,0.9999150196613263
ASH2L,0.40246230073195477,0.8772521735310735,1.9233416467036502,0.45610834405554845,0.6483120702806774,0.9999150196613263
ASPH,1.961855539941173,0.2558066764751996,0.9228857967699186,0.2771812908710024,0.7816409047464847,0.9999150196613263
ASXL1,1.2776995357558327,-0.3360959458578032,1.207509142108318,-0.27833822050487983,0.7807527391016662,0.9999150196613263
ASXL2,1.173657445323435,0.08701837951464479,1.1522295730188024,0.07552173764006037,0.9397996027875983,0.9999150196613263
ATAD1,1.186355556157632,-0.561776519633128,1.182774285309572,-0.47496511093500154,0.6348118411843691,0.9999150196613263
ATAD2B,0.8411586974805216,0.1277289066404071,1.3894999387783948,0.09192437011023,0.926758128887413,0.9999150196613263
ATE1,0.7628655187437298,-1.4914244311543345,1.412509413340949,-1.0558686668336823,0.2910282210294466,0.9999150196613263
ATF1,0.7631502280237361,1.0246748608308314,1.3504847602264987,0.7587459636782399,0.44800453570366494,0.9999150196613263
ATF2,0.8385008223801361,0.5848772394592724,1.6088995156856662,0.3635262698242623,0.7162117927379315,0.9999150196613263
ATF3,9.861861223973877,0.07635793821938523,0.7403841903303106,0.10313285888144012,0.9178575264462779,0.9999150196613263
ATF4,10.246441259068142,-0.24875740957852932,0.5298668606392162,-0.4694715372054699,0.6387326250274883,0.9999150196613263
ATF5,5.582250089824587,0.09288069213046653,0.6574529991842746,0.14127350889828919,0.887653876538992,0.9999150196613263
ATF6,1.1070958718682133,0.47440968225798896,1.2075256954669966,0.3928775048339791,0.6944099569484009,0.9999150196613263
ATF7,0.7188112584258415,0.5636906200504752,1.4301765995495286,0.3941405699324295,0.6934772597764078,0.9999150196613263
ATF7IP,4.048601925801245,-0.6136278648131643,0.705844167202646,-0.8693531707502138,0.3846539886421759,0.9999150196613263
ATF7IP2,0.8377270991099175,0.1804711345070943,1.2408251931476588,0.1454444473756088,0.8843599738017002,0.9999150196613263
ATG12,3.210557917764405,0.20170159189699297,0.7815719136629969,0.2580716993164162,0.7963515726124261,0.9999150196613263
ATG13,1.215075977765749,-0.9915499138215794,1.2606339802652196,-0.7865486170799326,0.4315461484369614,0.9999150196613263
ATG3,0.709886317329055,1.56317689977306,1.4112560642672318,1.1076493765748388,0.26801327015931675,0.9999150196613263
ATG4B,1.1666072914538272,-0.19530548623534294,1.0613358044110146,-0.18401855984094231,0.8539988949067493,0.9999150196613263
ATG4C,0.3674693089220713,-1.3805335263538894,1.4717172924414952,-0.9380426073975545,0.34822251431293993,0.9999150196613263
ATG5,0.9710076396228706,-0.8437058308155944,1.3779240255289593,-0.6123021408903233,0.540337873480391,0.9999150196613263
ATIC,1.048387979375698,1.7315927736939198,1.4407125598496175,1.2019002415545432,0.2294021808535125,0.9999150196613263
ATL2,0.8853617844749548,-0.6871387116629647,1.314604963325071,-0.5226959663418306,0.6011858457040937,0.9999150196613263
ATL3,0.6195965236284205,-0.2603144989418996,1.5815815214358122,-0.16459126223577616,0.869265709142307,0.9999150196613263
ATM,1.0772894821717616,0.6702633222367772,1.7073764120315582,0.39256915904047784,0.694637722016731,0.9999150196613263
ATMIN,0.6029421720023281,-0.5086362835090492,1.5906905963721685,-0.3197581507485352,0.7491516741441875,0.9999150196613263
ATN1,1.3069147932452239,-0.6028204680978544,1.1512442998203873,-0.5236251490599382,0.6005392860032088,0.9999150196613263
ATOX1,0.7121828742613485,0.48118762567068063,1.7700616859764255,0.2718479415056325,0.7857389408253712,0.9999150196613263
ATP11A,0.5548748690541748,-0.6529269113485181,1.5202600520705252,-0.42948369948895343,0.6675712539029235,0.9999150196613263
ATP11B,2.449252040860458,0.4893855459378161,0.8965819831737999,0.5458346867571955,0.5851795774739347,0.9999150196613263
ATP11C,0.6907092777842951,0.3520348131741022,1.4207801819383372,0.24777570636847518,0.8043079524216792,0.9999150196613263
ATP13A1,1.7430966790327096,-1.5634871805691473,1.2285584796717317,-1.2726192578044049,0.20315318154554218,0.9999150196613263
ATP13A2,2.2279950224073537,-0.5757053610800305,1.0535217371889398,-0.5464579806546344,0.5847511639613212,0.9999150196613263
ATP13A3,1.190832924244666,-1.2232026239824487,1.0049785283907784,-1.2171430427882888,0.22354979644800244,0.9999150196613263
ATP1A1,3.218387429604057,0.20656161299852083,0.9222835294265175,0.22396758307823444,0.822782527458896,0.9999150196613263
ATP1B1,0.34479006505259285,0.6362286942482331,1.5219897956600812,0.41802428377800205,0.6759293625280103,0.9999150196613263
ATP1B3,8.737786912979583,1.0066111156719224,0.702987229293853,1.4319052661640213,0.1521709349243263,0.9999150196613263
ATP2A2,4.194661296155205,0.251200929928228,0.6956930247444006,0.3610801330378724,0.7180395443497762,0.9999150196613263
ATP2A3,4.061942781576129,-0.6236393731626726,0.9405442792823605,-0.6630622150384161,0.5072907089440968,0.9999150196613263
ATP2B1,1.6075737151973328,-0.6488372162083755,1.443104250591531,-0.4496121579175004,0.6529901200300344,0.9999150196613263
ATP2B4,3.7064699504894665,-0.2455821355805088,0.7631700176476947,-0.32179216937460703,0.7476101469709204,0.9999150196613263
ATP2C1,1.8572392984479822,-0.38987393187799935,1.0125032328946635,-0.3850594439717312,0.7001933746229079,0.9999150196613263
ATP5A1,3.5017262916716425,-0.09585425972817004,0.8601912159662057,-0.11143366492123753,0.9112724655452364,0.9999150196613263
ATP5B,6.585340171024501,-0.17861878701541062,0.6911143191904476,-0.2584504213783904,0.7960593073436838,0.9999150196613263
ATP5C1,3.5256955496787747,0.6350820057944653,0.7193921190375814,0.8828036740854097,0.3773423550549573,0.9999150196613263
ATP5D,0.4455341956578997,-0.3940738986389685,1.5502562780738836,-0.25419919545727354,0.7993416721280271,0.9999150196613263
ATP5E,21.47092997483569,0.14247144364467595,0.3944557234200682,0.3611848813078412,0.7179612433519971,0.9999150196613263
ATP5EP2,6.358742308572683,0.4805872579124926,0.6922514849826559,0.6942379588026938,0.48753299132272687,0.9999150196613263
ATP5F1,4.889274260096325,-0.7787423958548212,0.7081859890740158,-1.0996297693958348,0.2714934658270469,0.9999150196613263
ATP5G1,2.8589649221486817,-0.2058609567352056,0.7836899650319932,-0.26268162911439297,0.7927959775135371,0.9999150196613263
ATP5G2,13.914678172786315,-0.1859140942744934,0.4700925553930246,-0.3954840214796817,0.692485711564211,0.9999150196613263
ATP5G3,7.614993509756889,0.04650477597574284,0.5988249577140424,0.07766004969677687,0.9380984738106719,0.9999150196613263
ATP5H,4.895616351011503,0.4370784106681289,0.6703649832743819,0.6520006587056946,0.5144007474640993,0.9999150196613263
ATP5I,1.6635634263876171,-0.757662910597606,1.531882469809963,-0.4945959794758913,0.6208853407894913,0.9999150196613263
ATP5J,2.804219522902302,-0.2705678750746331,1.0304007077527204,-0.26258510212472125,0.7928703840028203,0.9999150196613263
ATP5J2,5.957616806481574,-0.1002922477169053,0.6377675420755391,-0.15725517700464348,0.8750437442307247,0.9999150196613263
ATP5L,9.972562145067453,-0.07161714526144318,0.5190826989004482,-0.13796866166633343,0.8902651850119326,0.9999150196613263
ATP5O,1.8673611465858058,1.534888693320379,0.963631624869763,1.592816854187224,0.11120128301291228,0.9999150196613263
ATP5S,0.9409892403870326,0.5006311567794343,1.4099050212278552,0.35508147658304356,0.7225285531888314,0.9999150196613263
ATP6AP1,3.625475356670765,-1.0375609278707925,0.7706731998714024,-1.3463046697924932,0.1782042804454339,0.9999150196613263
ATP6AP2,3.6493714808407836,-0.5174246904820345,0.6805593322097817,-0.7602932852334158,0.4470792946876676,0.9999150196613263
ATP6V0A1,0.7272699015804712,-0.29867760642938074,1.3233780869149332,-0.22569332935356345,0.8214399466441094,0.9999150196613263
ATP6V0B,3.9850495664470853,0.24521317419779604,0.9533337527342658,0.2572165031338687,0.7970116448456728,0.9999150196613263
ATP6V0D1,2.4462129297792257,-0.24295089600725203,0.8079419811102891,-0.3007033941637546,0.7636406803443186,0.9999150196613263
ATP6V0E1,6.106593967714896,0.3886140363486113,0.762051786455336,0.5099575163470704,0.6100812254746566,0.9999150196613263
ATP6V1A,2.6759471107766455,0.17922086186433697,0.7483698106174504,0.23948168314869478,0.8107320980265701,0.9999150196613263
ATP6V1B2,2.7377096529373985,-0.8641823715689824,0.8424533446508959,-1.025792558194532,0.3049893746115031,0.9999150196613263
ATP6V1C1,0.9861664605619013,0.5042440545565131,1.3824194526978097,0.36475474471404046,0.7152944894193262,0.9999150196613263
ATP6V1D,1.1484528978687967,-2.032135467648762,1.2439318124083278,-1.633638956233802,0.10233468293256064,0.9999150196613263
ATP6V1E1,2.509258325930198,-0.287801638938407,1.2261504878349874,-0.23471967086729953,0.8144263190652048,0.9999150196613263
ATP6V1F,2.85439870088957,0.7591426564296838,1.016191793558583,0.7470466315923064,0.4550354131534097,0.9999150196613263
ATP6V1G1,3.842880502393268,0.24040585961511138,0.7354957697238239,0.32686232812104815,0.7437720151823269,0.9999150196613263
ATP6V1H,0.5033473914478497,0.32146570325078605,1.4081364943733887,0.2282915786468812,0.819419570987024,0.9999150196613263
ATP8A1,0.8779785550526696,0.11968320834199848,1.3586961982500811,0.08808680593656128,0.9298076829511577,0.9999150196613263
ATPAF2,0.72594258729479,-0.025558793122438306,1.3617149464922642,-0.018769562005819918,0.9850249355447139,0.9999150196613263
ATPIF1,3.420977429792215,-0.2540047601194637,0.8405107370054349,-0.3022028737246473,0.7624974136857364,0.9999150196613263
ATR,1.2749509068834766,1.387958084244201,1.2367392896082376,1.1222721683596428,0.2617467359503852,0.9999150196613263
ATRAID,2.1503887117863396,-1.013374705077821,1.2049313110699118,-0.8410228000283276,0.40033516158447024,0.9999150196613263
ATRX,3.97480912243446,0.2526690374055969,0.6896533739469648,0.36637105965210204,0.7140882118077345,0.9999150196613263
ATXN1,0.9832506214909738,-0.2425723972028211,1.273633004116768,-0.19045705977997862,0.8489509885919045,0.9999150196613263
ATXN10,1.5592472015915038,0.3593021580993308,1.1585043135783064,0.3101431335974431,0.7564521124391337,0.9999150196613263
ATXN1L,0.49000415928626695,-0.0939154117367391,1.3276754880754602,-0.07073672187235658,0.9436072941979771,0.9999150196613263
ATXN2,0.849245750668455,1.5928538342097835,1.6702027029804352,0.9536889333057451,0.3402411236226943,0.9999150196613263
ATXN2L,1.0511994553798418,-0.0070482540241781425,1.2673948034176081,-0.005561214236615214,0.9955628158928417,0.9999150196613263
ATXN3,0.6345132253324466,2.304552234605949,2.085484471912016,1.1050440632114071,0.2691404966012937,0.9999150196613263
ATXN7,1.0206850588757668,-0.09097217604446817,1.157610185945767,-0.07858619174998355,0.9373617709557909,0.9999150196613263
ATXN7L3B,0.7202367408243378,0.7940706067260462,1.6150527734959994,0.49166851991292726,0.6229536959290602,0.9999150196613263
AUP1,1.228911360674635,-1.4517317367619622,1.3356813131897332,-1.086884814832881,0.27708771808351784,0.9999150196613263
AURKAIP1,0.7838596964941297,-0.924515689371835,1.4682254294208312,-0.6296823844935906,0.5289024100322237,0.9999150196613263
AUTS2,0.438402866788951,0.2398095709377247,1.8809458857607053,0.1274941361966611,0.8985493139476654,0.9999150196613263
AVPI1,0.5052283512670037,0.18649120991607535,1.3038406237869478,0.1430322130740334,0.8862647403916233,0.9999150196613263
AXIN1,1.3518040151487192,-0.1296498241704096,1.4268808975223919,-0.09086240091624397,0.9276019262880439,0.9999150196613263
AXL,1.4325865494289143,0.5140276201216524,1.3795923657002978,0.3725938421388159,0.70945075661819,0.9999150196613263
AZIN1,2.7858572072566554,0.2552489831063487,0.869172232065654,0.29366904934333904,0.7690108070175697,0.9999150196613263
B2M,37.43179493254316,0.21369185685820533,0.36095840437386356,0.5920124154717656,0.553842274597447,0.9999150196613263
B3GALT6,0.6433377699574111,-2.672361448880807,1.7494199089329838,-1.5275700449246339,0.1266193238515864,0.9999150196613263
B3GNT5,0.6835038980898833,-0.3579977919125529,2.120259823200528,-0.16884618950716895,0.8659176258967949,0.9999150196613263
B4GALT1,13.645355406035607,0.43438156780443493,0.4925609360329255,0.8818839173543362,0.37783958498994374,0.9999150196613263
B4GALT3,0.3855054691510018,-1.08862085929899,1.573509569107649,-0.6918425414574101,0.4890362175273727,0.9999150196613263
B4GALT5,0.3557378098378406,0.11042199358768663,1.95347768485116,0.05652585358102002,0.9549229002675005,0.9999150196613263
BABAM1,0.34829932376717226,-0.4856586373931251,1.8963697611518973,-0.25609912546703195,0.7978742972483415,0.9999150196613263
BABAM2,2.19982630814067,1.1722819264669442,1.0287148036175437,1.1395596936532235,0.254469785649856,0.9999150196613263
BAG1,2.136037974511185,0.8376461016439535,0.8992135935273212,0.9315318492441171,0.3515785175482645,0.9999150196613263
BAG3,0.7456677133282786,1.6548530340102559,1.7426022848631797,0.9496447057282417,0.3422928145388474,0.9999150196613263
BAG5,1.5177796130464467,2.024323859000846,1.1570635732486874,1.7495355534503187,0.08019848870879727,0.9999150196613263
BAG6,1.895899985067199,-0.3856574462593727,1.0649914497527024,-0.3621225751144995,0.7172604343607415,0.9999150196613263
BAHCC1,1.3373871185126935,-0.06645755863481095,1.305096834292728,-0.05092155377943763,0.959388030356233,0.9999150196613263
BAIAP2,1.0273899407927412,-0.6539484350854438,1.2702353189378506,-0.514824635511052,0.6066755686306062,0.9999150196613263
BAIAP2-AS1,1.1883269506066982,-0.9017812214351438,1.3674093763369124,-0.6594815254601241,0.5095866056874638,0.9999150196613263
BAK1,1.7894318365855308,-0.5157328973932415,0.8927162375293459,-0.5777120161055522,0.5634585652187141,0.9999150196613263
BANF1,3.7216872368643377,-0.5715739651839601,0.8414556245289662,-0.6792681022292986,0.4969680034933074,0.9999150196613263
BANK1,1.1873004183850593,-0.5093573857790877,1.366044024468935,-0.3728704028972318,0.709244901097889,0.9999150196613263
BANP,1.245840445805891,-0.5885465945636907,1.5892092969870348,-0.37033925970576065,0.7111297250020062,0.9999150196613263
BAP1,0.8670725611011941,-0.7765364990383915,1.2247983003785028,-0.6340117379313935,0.5260731618025758,0.9999150196613263
BASP1,1.4519601114511345,0.24473641593070605,1.2190824261289146,0.20075460911026688,0.8408904569514756,0.9999150196613263
BAX,3.305995289994539,-0.057579918414661035,0.9731088627340533,-0.05917109649262068,0.952815830950169,0.9999150196613263
BAZ1A,3.0685437344261497,0.7410509740095099,0.7982801373767971,0.9283094233618964,0.3532470873434088,0.9999150196613263
BAZ1B,2.16072339930142,-0.6257792716849984,1.092274948561056,-0.5729136903756598,0.5667031345275295,0.9999150196613263
BAZ2A,1.2295715658985467,-1.747777513540553,1.1791782856915645,-1.4821995407721713,0.1382872087447233,0.9999150196613263
BAZ2B,3.245242952449196,1.0800812326773146,1.022971673069678,1.055827117320136,0.29104720674864315,0.9999150196613263
BBX,3.933192537581931,-0.26563301446259563,0.7110800634343688,-0.37356273663424544,0.7087296618022505,0.9999150196613263
BCAP29,0.8969136327677065,1.3115342617391716,1.6276615801323373,0.8057782267199163,0.420370734636182,0.9999150196613263
BCAP31,3.593498779102125,-0.18924183632446157,0.8343009181746756,-0.22682683454129968,0.8205583965478693,0.9999150196613263
BCAS2,3.829322070202355,0.07497482652804405,0.7505675777067753,0.0998908409514786,0.9204309878435498,0.9999150196613263
BCAS4,0.602995933305595,-0.5944021339338392,1.3093710940841548,-0.4539600244876311,0.6498575994879177,0.9999150196613263
BCAT1,1.7330266755781187,-0.013226506545045126,1.2295026175583321,-0.010757607471638923,0.9914168366368845,0.9999150196613263
BCCIP,0.5597594580611278,0.7891801274898642,1.6986079125979743,0.4646040570262238,0.6422150264151352,0.9999150196613263
BCL10,0.4055160820258764,0.1339997052196605,1.9573302603820928,0.0684604473409113,0.9454191046229206,0.9999150196613263
BCL11A,6.607391262071726,-0.15653123159597215,0.5818817451044865,-0.26900866527074907,0.7879230144652553,0.9999150196613263
BCL2,0.7965288307804913,-0.18575401070770614,1.2749294594744032,-0.14569748100752514,0.8841602100145477,0.9999150196613263
BCL2A1,2.496670709781864,1.3121737067390626,0.9988742433050539,1.3136525599032067,0.18896315243738337,0.9999150196613263
BCL2L1,0.47100416471063944,0.8564209180304646,1.6641067743369387,0.5146430092334096,0.6068025047989665,0.9999150196613263
BCL2L11,8.803671915670872,0.6832428624683324,0.5604887261421051,1.2190126769741745,0.2228393809909841,0.9999150196613263
BCL2L13,4.529698354722059,-0.3859041617312379,0.7144310319195227,-0.5401559345685144,0.5890894988667685,0.9999150196613263
BCL3,6.7063976335288435,-1.1387957956348536,0.7122241043612794,-1.5989290290253833,0.10983637301696131,0.9999150196613263
BCL6,0.7457113871239367,1.7803342786793719,1.621385362897061,1.0980327807439336,0.2721901753887144,0.9999150196613263
BCL7A,1.1714176113886738,-0.12235596299334431,1.277836181795892,-0.09575246399846278,0.923717172041391,0.9999150196613263
BCL7B,1.9589932305033,-0.9236370816502488,0.9919334855757928,-0.9311482020531855,0.35177690756634583,0.9999150196613263
BCLAF1,7.26275586680973,-0.5435551928745872,0.6185486740647502,-0.878758965406314,0.37953197974738406,0.9999150196613263
BCLAF1P2,0.7258479338373404,-1.0102761527540647,1.2675381038701936,-0.7970380927164028,0.4254289084470313,0.9999150196613263
BCLAF3,0.8833490307019553,1.118289188935572,1.3091091913978625,0.8542367560199211,0.3929738212853404,0.9999150196613263
BCOR,0.4889522443343634,0.14389735527350078,1.3295404152530603,0.10823089965724121,0.9138125345341128,0.9999150196613263
BDP1,2.691190865647348,0.12973618807216405,1.204936564061004,0.10767055456837787,0.9142570277438846,0.9999150196613263
BEND6,1.0050010748956337,1.8705110066302866,1.9129300747518074,0.9778250816998502,0.32816084370224197,0.9999150196613263
BET1,0.7767337778859305,-0.6510893738705156,1.268567587814868,-0.5132476819717816,0.6077780757997622,0.9999150196613263
BET1L,0.8445745579100894,0.7752464979665689,1.6481949481767006,0.4703609235207143,0.6380971773964271,0.9999150196613263
BEX3,0.8770962187642092,1.1267639988667963,1.8562616741033768,0.6070070909647223,0.5438462063046592,0.9999150196613263
BEX4,2.5390928130889066,0.11589635160355223,0.8139124905010698,0.1423941184785146,0.8867687078242025,0.9999150196613263
BFAR,0.9731678868057207,0.24371799894619064,1.0297524375965599,0.23667630203918524,0.8129079209146275,0.9999150196613263
BHLHE40,14.275492976578022,-0.015862352384599543,0.5282169875417839,-0.030029992898221156,0.9760431330785845,0.9999150196613263
BICD2,2.3223594894605952,-0.49123589187387723,1.0339613123349605,-0.4751008437293805,0.6347150971482473,0.9999150196613263
BID,3.128217853638517,-0.41226526847669814,0.8343990839482404,-0.49408643466616253,0.6212451377313457,0.9999150196613263
BIK,0.3794260552339567,-0.593244042125937,1.4959971736743614,-0.3965542532870255,0.6916961928203094,0.9999150196613263
BIN1,1.0690046899940262,-0.40695602293360444,1.461616143866665,-0.27842879585129204,0.780683217187154,0.9999150196613263
BIN2,2.0698235977770674,-0.29776870510391235,0.8416375403168864,-0.3537968434628033,0.7234911392488546,0.9999150196613263
BIRC2,3.1476766743151856,0.30612504707056243,0.8715321838301985,0.35124927426685265,0.7254013466154563,0.9999150196613263
BIRC3,2.0565517316186233,1.124350682868136,1.1147748613760746,1.0085899151692754,0.31317134585696427,0.9999150196613263
BIRC6,3.0443733578129066,0.6296058955949267,0.8194687149908539,0.7683098623258042,0.4423031168059496,0.9999150196613263
BLCAP,0.3511112920153659,-0.5420747181061636,1.8514741868405251,-0.292780057080458,0.7696902727693686,0.9999150196613263
BLMH,1.660509977847318,0.4994223035779125,1.3862340571771545,0.3602727122394517,0.7186432035801735,0.9999150196613263
BLNK,2.3445754951262554,0.09851848632691662,1.0661176736682514,0.09240864189779209,0.9263733735677487,0.9999150196613263
BLOC1S1,1.6439059378177758,-0.5255605315599173,1.1066592183086572,-0.4749072911199785,0.6348530543593829,0.9999150196613263
BLOC1S2,0.9251005838575677,0.15734461077158357,1.1734723681492958,0.13408463210747312,0.8933356517036797,0.9999150196613263
BLOC1S4,1.5131275801107127,-0.4800109773447461,1.5771282706577858,-0.3043576012650791,0.760855465746742,0.9999150196613263
BLOC1S6,2.218607254966333,-0.7814618849527852,0.8350856306250718,-0.9357865304996943,0.3493831078982039,0.9999150196613263
BMPR2,1.2037264519144615,0.4067731263573855,1.2204109579287774,0.333308320213497,0.7389015595060265,0.9999150196613263
BNIP2,2.381136623833748,0.4725205845053296,0.9305080425373673,0.5078092428055012,0.6115871272024975,0.9999150196613263
BNIP3L,1.3323881958351196,-0.6352441309659497,1.029144899985373,-0.6172543156702018,0.5370669946433444,0.9999150196613263
BOD1,0.2598075138227455,0.8890418553528799,1.9550291688416477,0.4547460823204168,0.649291923957117,0.9999150196613263
BOD1L1,2.0896592100721887,-0.30076599963049344,1.0138952683201654,-0.29664405094700397,0.7667382760042464,0.9999150196613263
BOLA3,0.4411368419395466,-0.7890314337458035,1.9690550243836722,-0.4007157870018263,0.6886293863314135,0.9999150196613263
BORCS5,0.6741476840102685,0.7670173260311814,1.7603528063805356,0.43571795565699534,0.6630413765461021,0.9999150196613263
BORCS7,1.467684468455686,0.1653417723630564,1.4105191091184797,0.11722051214633217,0.906685312632078,0.9999150196613263
BPNT1,0.797144211272812,-0.4766490756540069,1.6670091999024308,-0.28593068093559704,0.7749312143118405,0.9999150196613263
BPTF,3.8995256855503797,0.5270834461476993,0.8981995102667151,0.5868222372902263,0.5573231003499982,0.9999150196613263
BRAF,1.397348592586058,1.0283887647790917,1.1156513602489242,0.9217832751529453,0.35664163300262053,0.9999150196613263
BRAP,0.9421871523357209,-1.4578138547804684,1.649268458137029,-0.8839154399564382,0.3767418617528744,0.9999150196613263
BRCA2,1.1272030360832936,1.097608708958104,1.0616674809243862,1.033853564020275,0.30120462631784173,0.9999150196613263
BRD1,1.512430701560155,0.20761390852396266,0.9291628912935029,0.22344188566865808,0.823191608185681,0.9999150196613263
BRD2,12.6431424318543,-0.19462988632860678,0.5065146037477113,-0.38425325723786935,0.700790748851551,0.9999150196613263
BRD3,0.31806460418062826,-0.9813131395088708,1.4898655453377905,-0.6586588585659131,0.5101148575832823,0.9999150196613263
BRD4,6.63622909939455,-0.3707966575447715,0.6659843799610701,-0.5567647961449881,0.5776881393109675,0.9999150196613263
BRD8,1.0139261647764153,0.8465213950920663,1.5396338161207812,0.549819954737639,0.5824428705232647,0.9999150196613263
BRI3,5.827308381565442,0.044429333289634464,0.7694568340622753,0.05774116405604453,0.9539548042003938,0.9999150196613263
BRI3BP,0.5533674766816135,-0.2131193539946773,1.5518952499778182,-0.13732844017514936,0.890771191385541,0.9999150196613263
BRK1,4.420530444828009,-0.8584144700787302,0.976318029549363,-0.8792365234461017,0.3792730450672416,0.9999150196613263
BROX,1.1313597012844783,1.0121964758503692,1.4069515289106491,0.7194252645178728,0.4718789348509165,0.9999150196613263
BRWD1,0.8417690679723605,-0.8906345288268126,1.3477509949855482,-0.6608301771918653,0.5087212277047425,0.9999150196613263
BRWD3,0.9992076669497393,0.6153652399983541,1.2272705383918436,0.5014096083531014,0.6160828790235963,0.9999150196613263
BSDC1,1.2405342990171149,-0.3858961320032788,1.5068974433730724,-0.2560865264589476,0.797884025507516,0.9999150196613263
BSG,2.324871344031357,-1.2336615324638807,0.9110459620044392,-1.3541155813364654,0.17569950592147143,0.9999150196613263
BSPRY,0.720647811435447,-0.02980182788683317,1.5598539136273295,-0.01910552496389302,0.984756923951608,0.9999150196613263
BST2,4.5985370629450975,-0.3991721939435349,1.0313734288939642,-0.3870297437966806,0.6987341882200909,0.9999150196613263
BTAF1,2.6503843838718404,-0.28019004648726825,0.8452123640627254,-0.3315025411370753,0.7402649218512536,0.9999150196613263
BTBD1,1.4171772693608153,-0.3854998559271537,0.9539380226501913,-0.4041141528840353,0.6861287780039338,0.9999150196613263
BTBD10,0.22973269730786455,0.7485127408710595,1.924796855708361,0.38887882565435344,0.6973657864255141,0.9999150196613263
BTBD2,1.1264949246246219,-1.5964423570120352,1.101566218190368,-1.4492477443931062,0.14726840849998948,0.9999150196613263
BTBD6,0.9854089573674989,0.5670787841661157,1.1733022340714303,0.48331859234454677,0.6288695407460546,0.9999150196613263
BTBD7,0.44588034940841836,1.5922775770608324,1.664422218921553,0.9566548433200645,0.3387414974613068,0.9999150196613263
BTBD9,0.6735493508736385,0.32888328894638186,1.7694358398588421,0.1858690106404868,0.8525474846239999,0.9999150196613263
BTF3,10.809402359394205,0.270608815763538,0.5581021280938859,0.4848732913593464,0.6277662292625352,0.9999150196613263
BTF3L4,1.033932488411975,0.9158415647498187,1.5126826286828379,0.6054419792916402,0.5448853652373031,0.9999150196613263
BTF3P10,0.3249119415533072,1.1081615598763017,1.9179598595105516,0.5777814141319391,0.5634117048902427,0.9999150196613263
BTG1,5.7726029967523615,-0.016229091329185794,0.8257777291373041,-0.019653098838279936,0.9843201052498136,0.9999150196613263
BTG2,16.908422884146734,0.12026570462747972,0.4643298978353311,0.2590091768549663,0.795628159943208,0.9999150196613263
BTG3,1.367405530472042,1.781555446972986,1.1794462920725388,1.510501545468775,0.13091549533021815,0.9999150196613263
BTK,3.5372240646272135,0.39538212234325937,0.9193346593539947,0.4300742045569016,0.6671416636390166,0.9999150196613263
BTN2A1,0.6618846642553824,-0.410112613921739,1.4832848036460646,-0.27648945968679817,0.7821721541985502,0.9999150196613263
BTN3A1,1.1478451833527339,0.4823326351712364,1.3034330024435612,0.3700478921946903,0.7113468064017997,0.9999150196613263
BTN3A2,0.6597572141436413,0.29962953114730306,1.15579168454027,0.2592418124780715,0.7954486718245528,0.9999150196613263
BTN3A3,0.41696677151558004,-1.2031394810902063,1.489760985320754,-0.8076057118861678,0.41931759753236253,0.9999150196613263
BUB3,1.7402774407039445,0.19730883024728776,1.2183737347263812,0.1619444219975727,0.8713496208051482,0.9999150196613263
BUD23,1.6669699200707437,-0.2985502432321135,0.9791013724338459,-0.3049227093717361,0.7604250193185483,0.9999150196613263
BUD31,0.5099212793343516,0.11787235378663291,2.0432434257149814,0.05768884524632031,0.9539964791030701,0.9999150196613263
BX679664.3,1.5338073736340965,0.17588909482910695,1.0712082783428818,0.16419691518926707,0.8695761294725708,0.9999150196613263
BYSL,1.0876878290927923,0.02453875075862264,1.6554326673074118,0.014823164507521356,0.9881732590062817,0.9999150196613263
BZW1,2.237557002894059,-1.4038721434933694,0.9111637587642308,-1.5407462489480224,0.12337855595586487,0.9999150196613263
BZW1P2,1.0454862756867545,-0.9606854824900356,1.3766651034038984,-0.6978352833341059,0.4852802107487424,0.9999150196613263
BZW2,1.5699738553053575,-0.10436358636007717,0.997483319943014,-0.10462689878968547,0.9166718696975044,0.9999150196613263
C11orf1,0.9517456453307374,-0.43486624412039776,1.3310550139648327,-0.32670794186414237,0.7438887928683937,0.9999150196613263
C11orf24,0.35400517023762457,-1.6596041618105037,1.4934523560153143,-1.1112535027488253,0.26645924743896876,0.9999150196613263
C11orf58,7.379155351621687,-0.28431582740904765,0.5901701543608793,-0.48175229687266297,0.6299819204527726,0.9999150196613263
C11orf84,0.5894661447466673,1.7196751610802365,1.513280097159486,1.1363892013832508,0.255793713173211,0.9999150196613263
C12orf45,2.7664288984918763,0.4189872301909629,0.7822772058040799,0.5355994359573576,0.5922354186634217,0.9999150196613263
C12orf49,0.46482508733566275,-1.5177667539272983,1.3280886061285753,-1.1428204013824361,0.2531131664997599,0.9999150196613263
C12orf57,0.9461672947263211,-1.394490133589072,1.546662403014408,-0.9016124856149889,0.3672627561540266,0.9999150196613263
C12orf75,10.684338398811105,0.19958501916222532,0.4750403499001751,0.42014329773074244,0.674380774222735,0.9999150196613263
C14orf119,0.6461902300995201,-0.1080753388823017,1.8767122185953304,-0.05758759271210651,0.9540771328529919,0.9999150196613263
C14orf2,3.8189805696671835,-0.22392567793005966,0.8202076898126285,-0.2730109467532719,0.78484480082862,0.9999150196613263
C15orf39,1.74576729761648,-0.4533685196354657,0.9664512648547895,-0.4691064476009402,0.638993550645735,0.9999150196613263
C15orf61,0.5907551954974397,0.9305284200498661,1.562205650115538,0.595650399792784,0.5514087998082979,0.9999150196613263
C16orf54,1.101853973553418,0.2425031912973839,1.1108755906829595,0.2182991446848647,0.8271960408336259,0.9999150196613263
C16orf72,2.5746110984594592,0.5170600042723345,1.0277983273589268,0.5030753509795965,0.6149112959921583,0.9999150196613263
C17orf62,1.2795600689243563,-0.7627500899453656,1.0996444818800932,-0.6936333537920094,0.4879121711844998,0.9999150196613263
C18orf25,0.9467456662590092,1.3904880519710003,1.3081929114841666,1.0629074961073353,0.2878239032504839,0.9999150196613263
C18orf8,0.6217456441004952,0.16725644655802926,1.65879468567811,0.10083010754863576,0.9196853262617939,0.9999150196613263
C19orf12,1.3145444569161866,1.3750667221831248,1.225571158944074,1.1219803208879793,0.261870807238221,0.9999150196613263
C19orf24,0.5276657820907542,-0.8476482881890088,1.5604136846804726,-0.5432202348075297,0.5869781761803815,0.9999150196613263
C19orf53,4.254124759190401,-1.6280903880532687,0.7950700252835387,-2.0477320692257988,0.04058625973278199,0.9999150196613263
C19orf66,0.7709835246059296,-0.2668478280645019,1.2218897314459987,-0.2183894513531193,0.8271256837947214,0.9999150196613263
C19orf70,0.5128580709818762,-2.049092845628398,1.66801220415434,-1.2284639408062732,0.21927285772490746,0.9999150196613263
C1D,0.3823589300050144,-0.9638848600114323,1.509110497116079,-0.63871059266596,0.5230112204641957,0.9999150196613263
C1GALT1,2.1063034057348986,0.5990488588699424,0.9993262070179516,0.5994527659367,0.548870999068845,0.9999150196613263
C1GALT1C1,0.45539631777570133,0.06809953696537381,1.576480406237764,0.04319719845290806,0.9655443383166175,0.9999150196613263
C1QA,0.6073377246570756,2.434283381348254,1.7706747389580026,1.3747772686816373,0.16920050744948179,0.9999150196613263
C1QB,1.0732664958233744,-0.3605442070639382,1.5317027457275003,-0.23538784406415195,0.8139077200822395,0.9999150196613263
C1QBP,1.081663736772779,0.13635952667680978,1.2630507106635516,0.10796045283500333,0.9140270628621467,0.9999150196613263
C1QC,1.2322627338212158,0.5277204946807894,1.3473362716320996,0.39167690040848796,0.6952969598837162,0.9999150196613263
C1orf109,0.4032889684562036,-1.710740568016763,1.5033318509711926,-1.137966023211428,0.2551346701513959,0.9999150196613263
C1orf122,0.8940499225264953,-0.27268510092113957,1.349881469576966,-0.20200669989684003,0.8399114863989454,0.9999150196613263
C1orf162,0.8570203679306823,1.0277561854519122,1.6342993060588096,0.6288665617379445,0.5294364189664065,0.9999150196613263
C1orf186,2.0351119078057613,-0.2360453029433635,0.8188411201375256,-0.2882675248450143,0.7731419639256887,0.9999150196613263
C1orf228,0.9688296101096054,-2.3483748131096536,1.4093701861900587,-1.6662583302247935,0.09566197247592065,0.9999150196613263
C1orf27,0.47372805235362647,-0.13694439481911724,1.2688729868144968,-0.10792600697010336,0.9140543870342426,0.9999150196613263
C1orf43,3.7289058707379468,0.11696126165290556,0.7410415747754148,0.15783360291000226,0.8745879192260579,0.9999150196613263
C1orf52,0.8342407002328798,-0.4168084380270498,1.303494522452017,-0.3197623241584377,0.749148510202035,0.9999150196613263
C20orf194,0.3498067161397336,-1.0922733475150712,1.8692306439401638,-0.584343805327662,0.5589890258565708,0.9999150196613263
C22orf39,0.7049019979546878,-0.17685056841195415,2.159476327258832,-0.0818951178948289,0.9347301167555264,0.9999150196613263
C2CD5,0.9533102064479948,-0.3474282568055783,1.568562327909178,-0.22149470927858142,0.8247072556905684,0.9999150196613263
C2orf68,0.6572798167932414,0.3438865976506963,1.3449753266508753,0.255682458136246,0.7981960414185957,0.9999150196613263
C2orf69,0.3988097047637855,-1.2059613502332862,1.3784115816770308,-0.8748920614596586,0.38163263891726373,0.9999150196613263
C3,0.8263139108238966,0.19318186122109152,1.5685680877960675,0.12315809732717668,0.9019819063803185,0.9999150196613263
C3orf38,0.8353269344867233,-0.1730751095226062,1.1083073682498592,-0.15616165197558066,0.8759056031271042,0.9999150196613263
C3orf58,8.805602363130607,0.4757324856908959,0.7087158291135456,0.6712598564165515,0.5020550032102673,0.9999150196613263
C4orf3,5.157867455512625,-0.6048923045685242,0.7187248108535865,-0.8416187884903121,0.40000136906145034,0.9999150196613263
C4orf33,0.8217581493789967,0.9680240549864516,1.5249005320681064,0.634811277607461,0.5255515071374004,0.9999150196613263
C5AR1,0.8691853410002461,0.9879853986490416,1.4974721752141706,0.6597687856922874,0.509402217267686,0.9999150196613263
C5orf15,1.4697400961009706,0.14057506223617713,1.053351405547554,0.1334550478556615,0.8938335128073727,0.9999150196613263
C5orf24,0.5112150073319831,-0.7257172619295648,1.3680944637874264,-0.5304584450407704,0.5957941132181674,0.9999150196613263
C5orf42,0.902078192157957,-0.5864351524998677,1.5594415399477775,-0.3760545922866119,0.7068763108385503,0.9999150196613263
C6orf106,0.38387717025557655,-0.04490560327923286,2.460494604313479,-0.01825064082664888,0.9854389038134274,0.9999150196613263
C6orf120,0.7395210596498578,-0.4760770738900122,1.4700042929809596,-0.32386100922507893,0.7460432644722365,0.9999150196613263
C6orf48,3.815149751664537,0.23488680928245936,0.8820827640120714,0.2662865876826553,0.7900185017964672,0.9999150196613263
C6orf62,4.6485346471857785,0.6253188440020058,0.6582558661271206,0.9499631923997862,0.34213095555231465,0.9999150196613263
C6orf89,0.834439599853342,-0.0016959474362276603,1.3808641762145974,-0.0012281783143051836,0.9990200557314646,0.9999150196613263
C7orf26,1.0971224085766085,-1.6048540969535545,1.668219838035737,-0.962015952791454,0.3360415905542431,0.9999150196613263
C7orf43,0.41395198677045747,0.06547277318078744,1.998991524103111,0.03275290184642637,0.9738716369235589,0.9999150196613263
C7orf50,0.9211315600293067,-0.06414779479570833,1.3856519469928472,-0.046294305676777184,0.9630756778568123,0.9999150196613263
C8orf33,0.44573701215482864,-1.4035371846789753,1.7633924639929743,-0.7959301252205914,0.4260726502326556,0.9999150196613263
C8orf59,0.6733859331466101,0.3232186880522406,1.1957057776577853,0.27031623840220903,0.7869169737834736,0.9999150196613263
C9orf72,1.2344846520308619,-0.52529577121519,1.954504720842314,-0.2687615770960166,0.7881131627657156,0.9999150196613263
C9orf78,2.215218808232839,-1.625184911158918,0.9903120559190923,-1.6410836376727844,0.10078005476356368,0.9999150196613263
CAAP1,1.7302143076668195,0.6510852481700082,1.2588623889023098,0.5172012873764026,0.6050156534509727,0.9999150196613263
CAB39,1.8080455164637617,0.7184380419258048,1.2527523525515234,0.5734876813142977,0.5663145375594067,0.9999150196613263
CACUL1,2.4889405712331762,0.5825386382590002,0.9597386468335146,0.6069763265040767,0.5438666229257547,0.9999150196613263
CACYBP,1.7516683447610328,1.1449708246788528,1.3143123071575955,0.8711558268483615,0.3836690753249501,0.9999150196613263
CACYBPP2,0.7698423664573257,-0.9762364268203386,1.3497845543812212,-0.7232535174977406,0.469524144609501,0.9999150196613263
CADM4,1.284155561892779,-1.0258551129951297,1.2158457689656024,-0.843737864768728,0.3988159036046277,0.9999150196613263
CALCOCO1,0.9796208681693588,0.3550196833092832,1.4347252095841831,0.2474478603552078,0.8045616383177006,0.9999150196613263
CALCOCO2,1.9819746466483157,0.5639335589356527,1.2276299172524574,0.4593677223163354,0.6459701231193378,0.9999150196613263
CALCRL,1.691485004015728,1.552006683897856,1.1197302922861425,1.386054029787065,0.1657304059924607,0.9999150196613263
CALM1,12.777737336749302,0.40974977609258667,0.44656714618209237,0.9175546826400591,0.358852052279341,0.9999150196613263
CALM2,9.137146753248093,0.12340516895127597,0.6281874034447473,0.1964464239088012,0.8442607630491958,0.9999150196613263
CALR,4.505276554731604,-0.31996769892258087,0.7505584299743975,-0.4263061823627714,0.669884753551238,0.9999150196613263
CALU,1.8639148006517214,-0.44378906833686205,0.8640815834277666,-0.5135962585574083,0.6075342959536904,0.9999150196613263
CAMK1D,0.3965965511898394,1.954929542727365,2.3672380988788837,0.8258271711887425,0.40890213847812606,0.9999150196613263
CAMKK2,0.3929392779748111,-0.25210342060332713,1.401883136047765,-0.17983198037039336,0.8572844761810553,0.9999150196613263
CAMLG,1.335012459308032,0.8045141184803578,1.1148821259081088,0.7216136125826345,0.4705320675586555,0.9999150196613263
CAMTA1,1.4459367820595095,0.5719350338153931,1.0869201035070466,0.5261978612503281,0.5987507398715479,0.9999150196613263
CAND1,1.7263187611405586,1.2879296751532743,1.0765085584547383,1.1963952028416922,0.23154237248618414,0.9999150196613263
CANT1,0.361603559379956,-0.5707366909946262,1.5278905680157213,-0.3735455293345024,0.708742465973538,0.9999150196613263
CANX,11.804529408728486,0.13668962770454135,0.524805362744778,0.2604577571190253,0.794510696004444,0.9999150196613263
CAP1,0.7623332205116947,-0.5705897903552279,1.4823045105907544,-0.3849342603213332,0.7002861219813785,0.9999150196613263
CAPG,7.026792066272902,-0.7295609480566311,0.6789988223700173,-1.0744657045355819,0.28261400782133483,0.9999150196613263
CAPN1,2.4165167206259173,0.4515546413948303,1.0862399018437607,0.41570433992377837,0.6776263651298354,0.9999150196613263
CAPN15,1.1662464674906192,0.5873380289695901,1.1207356211610404,0.5240647462968383,0.6002335075550997,0.9999150196613263
CAPN2,0.590042528690189,0.8337876218518877,1.6248270837969732,0.5131546797604167,0.6078431250183276,0.9999150196613263
CAPNS1,6.2107638074553275,-0.5524392853267447,0.6710644573384343,-0.823228349058779,0.4103781504823608,0.9999150196613263
CAPRIN1,2.1429398731105036,0.6380692104502299,0.905877344117834,0.7043660100271054,0.48120486777787186,0.9999150196613263
CAPZA1,7.940576585406005,0.24495026536646844,0.6355433826734335,0.3854186386711751,0.699927275558228,0.9999150196613263
CAPZA2,1.7819999233671053,-0.6010945850300793,0.9283220205334026,-0.6475065459340258,0.5173041593461801,0.9999150196613263
CAPZB,7.687174076617497,-0.39461239385592634,0.5878611094579296,-0.6712680725210772,0.5020497700927342,0.9999150196613263
CARD11,1.3229908610842047,0.6758821451152952,1.3560080906923957,0.4984351861574667,0.6181773415491127,0.9999150196613263
CARD16,2.9124297960001955,-0.9458863322670125,1.1687280787978873,-0.8093296887672263,0.41832553351949864,0.9999150196613263
CARD19,0.6162398347628687,-1.1246917855088614,1.5958532693899168,-0.7047588942427163,0.4809602933988497,0.9999150196613263
CARD8,1.2735243288029692,-0.3484568570108503,1.0323078796798641,-0.3375512905306046,0.7357013541710274,0.9999150196613263
CARS,0.650723255095205,-0.37941076477698504,1.2753232487128163,-0.29750164529653506,0.7660835520633822,0.9999150196613263
CASC3,1.4169168864169188,0.037983204979492244,0.9707776433021313,0.039126575731895874,0.9687894728179564,0.9999150196613263
CASC4,1.0059774388415894,0.6082873085447631,1.1747132582601756,0.5178176923325739,0.6045854730130942,0.9999150196613263
CASD1,0.4350145145972356,1.0343315117588907,1.4977961718502288,0.6905689380158985,0.4898364733397419,0.9999150196613263
CASP10,1.3982093007794723,0.5139572844694104,1.0989101729830704,0.4676972668969262,0.6400010958759615,0.9999150196613263
CASP2,0.7661584399166156,0.09524450676589585,1.3431671631505115,0.07091038954711477,0.9434690745300864,0.9999150196613263
CASP3,0.8344712631795056,-1.0268731561702071,1.3924676992302016,-0.737448456964491,0.46084967682669686,0.9999150196613263
CASP4,1.291708744302189,0.18632579603194593,1.1493227943525923,0.16211789842461302,0.8712130117382256,0.9999150196613263
CASP8,2.525510171154009,-0.9254332149311313,1.1637560096022328,-0.7952124047440501,0.4264899571673445,0.9999150196613263
CASP8AP2,0.37849504680491713,-0.607366447072797,2.374507210354809,-0.2557863140714749,0.7981158422370668,0.9999150196613263
CASP9,0.4482534060540276,-1.021460836711482,1.3970809512670168,-0.731139334327847,0.4646940506851879,0.9999150196613263
CAST,4.37347950919969,-0.6061868010728461,0.7602309701278883,-0.7973718841931309,0.4252350831493966,0.9999150196613263
CAT,5.807257314697359,0.5624653330592996,0.6375007966228831,0.8822974591387513,0.3776159701260229,0.9999150196613263
CBFA2T3,5.769473006518975,0.11723223211039507,0.9234189456844238,0.12695454501803008,0.8989763751761652,0.9999150196613263
CBFB,1.486733547087721,-0.025350466666112924,1.333267506833404,-0.019013788707955476,0.9848301056002857,0.9999150196613263
CBL,0.4511260412113539,1.348757172192031,1.4912735497707503,0.9044331084658291,0.36576578890143097,0.9999150196613263
CBLB,1.1691480288801237,-0.6275612994341567,1.1279239691498772,-0.5563861719395441,0.5779468899150847,0.9999150196613263
CBLL1,0.3941557732452368,-0.4488370799567853,1.4717582852469961,-0.30496657260635684,0.7603916115147522,0.9999150196613263
CBX3,2.6636493018377627,-0.45052442315812574,1.24624019660541,-0.3615068944055034,0.7177205519943775,0.9999150196613263
CBX4,8.623723482623673,0.10630121828392453,0.5598350014993875,0.1898795502232292,0.8494035174937539,0.9999150196613263
CBX5,1.76192366061775,-0.16717942039745437,0.865734179007232,-0.19310710429518324,0.8468750889542128,0.9999150196613263
CBX6,7.166783537906478,-0.738235148810515,0.8059630597239628,-0.9159664824630497,0.35968447495682376,0.9999150196613263
CC2D1B,0.7800664731689951,-1.816406212524759,1.3593072844845706,-1.3362734337243796,0.18145991651242543,0.9999150196613263
CCAR1,2.6689076595081684,0.4845484220486912,0.9946959328615459,0.4871322039638184,0.6261646459686621,0.9999150196613263
CCDC102B,0.32070190460269127,-0.7298637470210589,1.910552419251489,-0.3820171274374157,0.702448660530548,0.9999150196613263
CCDC112,0.506988404563294,0.41292958617723524,1.9617385503837956,0.21049165093709835,0.8332839672894856,0.9999150196613263
CCDC115,0.6429718684870764,0.440529731046095,1.6035871553888352,0.2747151781340354,0.7835350691995094,0.9999150196613263
CCDC117,0.48332830783797603,0.2378430943298317,1.4262970394963572,0.16675565309580742,0.867562313706694,0.9999150196613263
CCDC127,0.4380783833987658,0.17162210894216884,1.6253692311124146,0.10558961352105173,0.9159079658897101,0.9999150196613263
CCDC130,0.5244373329707019,-0.07277859902627734,1.5969487282537247,-0.045573535166568105,0.9636501631261408,0.9999150196613263
CCDC138,1.0315072198912913,0.0572252389766549,1.1954396979718989,0.047869615735314223,0.9618201547497212,0.9999150196613263
CCDC14,1.416967119641251,-0.8968137459488704,1.0783444402150237,-0.8316579679958698,0.40560203196386113,0.9999150196613263
CCDC146,0.44234865996311323,-0.7878316591127792,1.4520850964712262,-0.5425519902568537,0.5874383020901923,0.9999150196613263
CCDC174,0.6001348810009935,-0.6475085175773808,1.4706201300617463,-0.4402962426131037,0.6597225617395648,0.9999150196613263
CCDC18-AS1,0.5875970734987273,-0.6371808699805301,1.418290741214712,-0.4492596979338729,0.6532443271609525,0.9999150196613263
CCDC186,7.475497277930519,0.1712269905010588,0.700405463961882,0.24446838197478352,0.8068680867039177,0.9999150196613263
CCDC25,1.2781299092790006,-0.8084302122293969,1.0876702733260792,-0.743267727412674,0.45731960626895596,0.9999150196613263
CCDC28A,1.7192939785384798,-0.00030507804837670956,1.2282332736200654,-0.0002483877085315641,0.9998018152843073,0.9999150196613263
CCDC47,3.2716486736165304,-0.6461655458624914,0.7413350817506055,-0.8716241302605314,0.3834134622691454,0.9999150196613263
CCDC50,15.629307823167782,0.05062464822554054,0.4667314578853324,0.10846632977110816,0.9136257878539537,0.9999150196613263
CCDC57,1.4560171239008197,-1.1610237509559729,0.9689892366733704,-1.1981802346348807,0.2308468583964709,0.9999150196613263
CCDC59,2.0991907681916118,0.4448873134800784,0.874747943042996,0.5085891507586101,0.6110402352143683,0.9999150196613263
CCDC6,1.277283054883974,0.22257577425215985,1.1560836851480774,0.1925256597870345,0.8473304702559498,0.9999150196613263
CCDC69,3.5124832469203846,0.052508492945619545,0.8302984321764049,0.06324050595637354,0.9495749902260057,0.9999150196613263
CCDC82,0.7152529156548544,1.0778216434559864,1.2158017460156376,0.8865110179255521,0.37534221963729675,0.9999150196613263
CCDC88A,14.466279275266455,0.0010832355117203387,0.4464490523117572,0.0024263362327935035,0.9980640656800466,0.9999150196613263
CCDC88C,1.8090093757353398,-0.988032923716268,0.9388251775247257,-1.0524141739799542,0.2926095684727289,0.9999150196613263
CCDC9,1.2797222332469547,-3.9777566687834844,1.8846294885042618,-2.110630600362958,0.03480407534015389,0.9999150196613263
CCDC90B,0.6589517894843248,-0.17752555055680547,1.5217139221538782,-0.1166615800593653,0.9071282369900375,0.9999150196613263
CCDC91,0.6191136325116887,0.9365204455231704,1.5806037298267885,0.5925080574280307,0.5535104268238324,0.9999150196613263
CCDC92,0.4124828305763029,-0.7086858500592663,1.4562643355481175,-0.48664643688642345,0.6265089094433769,0.9999150196613263
CCDC93,0.5946190786975369,0.6754933446717514,1.524517214815886,0.44308672811761585,0.6577030045006562,0.9999150196613263
CCL18,2.2653873333064487,-0.041284816364571895,1.3607629013365714,-0.030339463490679407,0.9757963237336342,0.9999150196613263
CCL2,0.6046903367274041,1.942277870389858,1.6590460410240286,1.1707196921376621,0.24171146716071246,0.9999150196613263
CCL20,0.33925888640827123,1.7571854407723362,2.2917906896382223,0.7667303339336465,0.4432418644088857,0.9999150196613263
CCL3L3,1.3935219698198031,1.1837158284785272,1.5283996744215143,0.7744805552425632,0.43864666269156205,0.9999150196613263
CCL4,2.051237061661983,0.7064159459055093,1.1254538888819594,0.6276720467039943,0.5302188008822222,0.9999150196613263
CCL4L2,3.6903686536823965,0.9133430049255488,1.0700731185346923,0.8535332671249957,0.3933636474570662,0.9999150196613263
CCL5,1.3529331901843304,-0.08426099094950809,1.1162638611731275,-0.07548483282523791,0.9398289647576041,0.9999150196613263
CCNB1IP1,0.9626802966879898,0.12516752926157404,1.1420172814185356,0.1096021323828826,0.9127249194517874,0.9999150196613263
CCNC,0.8589159437203091,0.7424640954492365,1.298202469551898,0.5719170259362653,0.5673781888000633,0.9999150196613263
CCND2,5.717994853888317,1.3503761483735652,0.6505764415505871,2.0756610017342036,0.03792531520653042,0.9999150196613263
CCND3,4.433608634357715,0.11881480478858598,1.0698647333081912,0.11105591304163451,0.9115720087060912,0.9999150196613263
CCNDBP1,1.4019820809630472,1.0039925769004028,1.0262591614644943,0.9783031563564153,0.3279244092901754,0.9999150196613263
CCNG1,0.8156343266915693,1.035714988462242,1.2422875610367468,0.833715977641996,0.4044410523767177,0.9999150196613263
CCNH,3.8745785169853253,-0.06105272703422136,0.9281591269050152,-0.06577829734627962,0.9475543350166077,0.9999150196613263
CCNI,13.608291681021978,0.14997771669942617,0.4339175350801349,0.34563645064892023,0.7296159487383835,0.9999150196613263
CCNK,0.8050670721497678,-0.6260625957991987,1.5519451763638261,-0.403405097895307,0.6866502370779635,0.9999150196613263
CCNL1,8.673289281869991,-0.04658157579511327,0.5538724675453143,-0.08410162722396426,0.9329756308920572,0.9999150196613263
CCNL2,2.4168229930009684,-0.7933851837868032,1.0126129563479305,-0.783502895961563,0.43333185375517813,0.9999150196613263
CCNT1,2.9577650751278464,0.3520491378939979,0.9298743383265073,0.37859861637603626,0.7049859497793153,0.9999150196613263
CCNT2,0.8990611633528864,-1.4353184538168104,1.5655223720852889,-0.9168303688339849,0.3592315362324088,0.9999150196613263
CCNY,2.4019472110834212,0.8092576112927645,1.1129055540045885,0.7271574918292015,0.4671294830061996,0.9999150196613263
CCP110,0.26567326336486086,-0.11873313018080837,1.8806258041538562,-0.06313490430608527,0.9496590801123906,0.9999150196613263
CCR5,1.7853515007079765,-1.4570425079105045,1.399348281878669,-1.0412293542493787,0.29776911514648663,0.9999150196613263
CCR7,2.544756505277394,-1.46160114280005,1.4411359866651292,-1.014200711330704,0.3104869892740755,0.9999150196613263
CCSAP,0.3597615961096009,0.06667736589746485,1.5107164043904613,0.044136255953590185,0.9647957928597999,0.9999150196613263
CCSER2,0.5506482662854856,0.29536666090658825,1.5554170320015337,0.18989547808056728,0.8493910359678504,0.9999150196613263
CCT2,5.962527240145237,-0.1243134440736527,0.7301466258455939,-0.17025819153746471,0.8648070894644466,0.9999150196613263
CCT3,2.5681026212238884,0.5668577760845052,1.038336002903762,0.5459290388653163,0.5851147163286701,0.9999150196613263
CCT4,2.2330697906251893,0.07735764443904525,1.297738493703954,0.05960957836601896,0.9524665895037705,0.9999150196613263
CCT5,0.5045001593348932,-0.7809822254516338,1.8671842384780937,-0.41826736181545615,0.6757516498257071,0.9999150196613263
CCT6A,3.276638311738651,0.18066082094498534,0.8727429950419296,0.20700346146726248,0.8360071551903736,0.9999150196613263
CCT7,1.3105616442381869,-0.2403993210879825,1.7676892138935583,-0.13599637266466807,0.8918241485181148,0.9999150196613263
CCT8,2.311211455907108,0.013224870885828832,0.9691175485126247,0.013646302149956943,0.989112164128515,0.9999150196613263
CD164,9.631896677105892,0.49010957546784667,0.5294872200788541,0.9256306042568069,0.35463798309752936,0.9999150196613263
CD2,0.7576121437735487,0.045494578888448704,1.5127839980080338,0.030073413619098252,0.9760085039961578,0.9999150196613263
CD24,0.5525945702606313,2.3299604596699917,2.3914694759309416,0.9742798238154362,0.3299176197366084,0.9999150196613263
CD2AP,10.386485112268483,-0.10549975408702544,0.5461730219397228,-0.19316178179644453,0.8468322687306554,0.9999150196613263
CD300A,2.1646153916193347,0.024990984412894317,0.9172250978669246,0.027246293708068733,0.9782632923567683,0.9999150196613263
CD300LB,1.3816143888437387,-0.3443516023147457,2.004205833322927,-0.1718144896045027,0.8635833738674528,0.9999150196613263
CD36,5.906943399007478,1.259809545010878,0.7882096444795955,1.5983178508842653,0.1099722566246535,0.9999150196613263
CD37,5.984297626317012,-0.37239433896124263,0.8617493732681148,-0.43213763828915497,0.6656413805735346,0.9999150196613263
CD38,2.118076295701918,-0.665492097268761,1.034081335689439,-0.6435587552937183,0.5198616029260373,0.9999150196613263
CD3E,0.9775738346473999,-0.6637778800865282,1.4110305618840693,-0.4704206259007056,0.6380545308288339,0.9999150196613263
CD4,15.663412530594615,0.15325437174336715,0.5300414605918107,0.2891365735281407,0.7724768666377462,0.9999150196613263
CD40,0.9583925993933986,-0.23758339952522073,1.089367403989425,-0.2180929947556307,0.8273566554163847,0.9999150196613263
CD44,4.055430010577521,0.10291201430677749,0.8845923968573578,0.11633834370766387,0.9073843980320727,0.9999150196613263
CD46,1.5016425113920069,-0.22949849210472695,1.3217132357448536,-0.1736371293697401,0.8621506502202234,0.9999150196613263
CD47,7.2639907127446355,0.12049060006364332,0.6421873743914781,0.187625302004446,0.8511703903518691,0.9999150196613263
CD48,0.7924297073869091,0.5817150575730117,1.3414754316023183,0.43363824925081573,0.6645511546782655,0.9999150196613263
CD52,1.293036951092188,0.4611348298889783,1.3426013797226386,0.3434636943276804,0.7312496491833802,0.9999150196613263
CD53,8.603137739909764,-0.06737630329630219,0.5003061575767916,-0.13467014602146016,0.8928726781472002,0.9999150196613263
CD55,6.82262068696819,0.8278808304581342,0.6237859903344497,1.3271872778262572,0.1844467397586642,0.9999150196613263
CD58,1.1306504003485982,1.2346388806076563,1.7483238085905357,0.7061843318389618,0.48007351276694443,0.9999150196613263
CD59,1.7594211205169386,-0.28525682166082594,1.136274268892478,-0.25104574614618763,0.8017787410999242,0.9999150196613263
CD63,5.593491787350852,0.13974821357399483,0.7357866063925145,0.18993035801394353,0.8493637031833801,0.9999150196613263
CD69,2.6428655642904326,0.49636279541216183,0.8932006363332958,0.555712541193203,0.5784073818296145,0.9999150196613263
CD7,0.5116704847526409,-0.9281852870137323,1.5366559381403424,-0.604029349691005,0.5458241293102635,0.9999150196613263
CD74,42.829662127862576,0.12842280272840548,0.33857575898996717,0.3793030047736257,0.7044628685969737,0.9999150196613263
CD79A,0.48892981360363763,-3.3047901315145984,2.0132583244556743,-1.6415132083996802,0.10069092754205855,0.9999150196613263
CD81,2.8316812979868127,-0.24860084008325642,0.9026325874913431,-0.2754175325911781,0.782995475698739,0.9999150196613263
CD82,2.4253140254151657,0.32578851819197424,1.6592143963758332,0.1963510676520064,0.8443353930336215,0.9999150196613263
CD83,19.64575311641725,0.616451412481189,0.5136209852142573,1.2002068260977228,0.23005902492324015,0.9999150196613263
CD84,0.950789895672329,0.7583358026869165,1.3997899467241448,0.5417497135635315,0.5879909374551406,0.9999150196613263
CD86,1.456676151303084,0.7159501230474106,1.0494420012364356,0.6822198103410094,0.49509996992607763,0.9999150196613263
CD8A,1.1273200429206787,-0.8460441458606569,1.0549957069933797,-0.8019408422729876,0.4225871791808824,0.9999150196613263
CD9,1.9060116130927014,-0.5661334347097192,1.0536965834462018,-0.5372831644363247,0.5910720328062028,0.9999150196613263
CD99,11.151301062685484,-0.15269325281166315,0.5015937573350442,-0.30441617460097353,0.7608108466238015,0.9999150196613263
CD99L2,1.229396098149043,-0.8312858451719898,1.599422774418791,-0.5197411581650562,0.6032439961167111,0.9999150196613263
CDC123,1.9460815767216664,-1.1566790550006485,1.1405063768898551,-1.0141802610125654,0.3104967456002744,0.9999150196613263
CDC16,1.901035242573346,-0.06854605354985975,1.2161345122934564,-0.05636387493073579,0.955051934814292,0.9999150196613263
CDC27,0.9616163712665919,-0.8298305197736862,1.1451068528656727,-0.7246751844135806,0.4686513225024541,0.9999150196613263
CDC34,0.5279075951364823,-1.38855674412997,1.2747503621431577,-1.0892773874529258,0.2760315813631157,0.9999150196613263
CDC37,5.5938807366737375,-0.46077288994800614,0.6374255880663352,-0.7228653800136664,0.4697625948798213,0.9999150196613263
CDC40,0.6269812483958221,0.06811714497116575,1.8725686502596455,0.03637631387331022,0.9709823004677831,0.9999150196613263
CDC42,10.301771077563476,0.32257440947236965,0.5145325216864546,0.6269271540214513,0.5307069868412027,0.9999150196613263
CDC42SE1,0.8651989345046753,0.6657930142623263,1.306471116109063,0.5096117365726335,0.6103234997717466,0.9999150196613263
CDC42SE2,3.7596262757499637,-0.20014184211742336,1.0061733104795905,-0.19891388494694434,0.8423301079324532,0.9999150196613263
CDC5L,1.5187449803304067,0.39192767615870283,1.2324384937982085,0.3180099275792943,0.7504774064070732,0.9999150196613263
CDC73,3.200335338118935,-0.7909510695045738,0.8744585212564498,-0.9045038161079499,0.3657283117779254,0.9999150196613263
CDH1,1.3121466020915769,-0.2485335394310209,1.2766306564544712,-0.19467928188506922,0.8456440322356105,0.9999150196613263
CDIP1,0.48429831281581465,0.7567873175198789,1.4536517723356186,0.5206111476780507,0.6026376820177763,0.9999150196613263
CDIPT,1.883959749319465,-0.47678382924646634,0.8921082691063628,-0.5344461493716085,0.5930328972307217,0.9999150196613263
CDK12,1.6490107517991783,0.2882020317012031,1.0343286303861599,0.278636811584346,0.7805235594947633,0.9999150196613263
CDK13,0.9258317817100647,0.4153906869518247,1.6867065467726958,0.24627324044400217,0.8054707231567595,0.9999150196613263
CDK16,0.8143250735690777,0.7386615755097169,1.1649162785592064,0.6340898389910986,0.5260221935942928,0.9999150196613263
CDK17,1.7244737792263065,-0.5591736688384223,1.2172975529443504,-0.4593566030638241,0.6459781066433175,0.9999150196613263
CDK19,0.5401552385505034,-1.13093543371414,1.461689815348624,-0.7737178037629026,0.43909768920743497,0.9999150196613263
CDK2,0.9223430153847523,-1.7995012816703917,1.30786391857115,-1.3759086523591528,0.16884991612711142,0.9999150196613263
CDK2AP2,6.475495028363615,-0.9601297222719345,0.7572718872943159,-1.2678797911043769,0.2048408819809191,0.9999150196613263
CDK5RAP1,1.0020512985240966,-0.7916814151216008,1.6692637758487627,-0.4742698107847325,0.6353075166393367,0.9999150196613263
CDK5RAP2,1.0202914378414496,-0.86863087312415,1.2736418715343687,-0.682005587707086,0.4952354176275636,0.9999150196613263
CDK6,1.0225227075673835,1.1411553443896274,1.2506054600661343,0.9124822982375921,0.3615148838513227,0.9999150196613263
CDK9,2.601529424978391,-1.0993293559277908,1.0724851769490285,-1.0250298834480192,0.3053490875141689,0.9999150196613263
CDKAL1,0.3871172022283539,1.1274631415506269,1.57513957568672,0.7157861810811796,0.47412338650628083,0.9999150196613263
CDKN1A,16.924459034341453,0.22925447282481692,0.4519635908198038,0.5072410200321199,0.6119857164000113,0.9999150196613263
CDKN1B,0.5203207888468759,-0.47435652689825253,1.4224610642863686,-0.33347593041939005,0.7387750554245547,0.9999150196613263
CDKN2D,2.7179968331320428,0.578773164654411,1.011678763375773,0.5720918394324686,0.5672597574130146,0.9999150196613263
CDR2,1.937287108564754,-0.08024188241976525,1.0789977102317412,-0.0743670553318703,0.9407183222282588,0.9999150196613263
CDS2,0.7824480678940208,-1.3156852879053773,1.613186479323774,-0.8155816483515873,0.41473944903236504,0.9999150196613263
CDV3,5.446660393914595,0.6377307441098826,0.7910360612532251,0.8061968035939304,0.4201293814725797,0.9999150196613263
CDYL,5.454678441255454,-0.44979801802690544,0.6159901448242601,-0.7302032699812613,0.4652659440649046,0.9999150196613263
CEACAM6,0.6403697711256725,1.11911166672972,2.5794560956813406,0.4338556754671634,0.6643932486671178,0.9999150196613263
CEBPB,1.0011435506636537,0.4202080867019215,1.5590342685038636,0.2695310136480686,0.7875210795117331,0.9999150196613263
CEBPZ,1.225442661360616,-0.896926329336936,1.0895271192923646,-0.8232253364372237,0.4103798633485104,0.9999150196613263
CEBPZOS,2.491286573822049,-1.3071551904735728,1.3186817288347628,-0.9912590444614903,0.3215591059210968,0.9999150196613263
CELF1,2.5997378011297076,-0.10637146107765932,0.8434425776693528,-0.1261158304002044,0.8996402366769974,0.9999150196613263
CELF2,5.7192090251900085,-0.2568815329697993,0.7287044868354791,-0.35251811620558327,0.7244497345806347,0.9999150196613263
CENPB,0.48869958341063463,-0.5625068185795559,1.4529403015661069,-0.38715067506437567,0.6986446637872783,0.9999150196613263
CENPC,4.8488798789652305,0.10139088303378385,0.871304736512916,0.1163667300140757,0.9073619018288076,0.9999150196613263
CENPCP1,0.5350505068581559,-0.3689378758999349,1.473451064495524,-0.2503903148125593,0.8022855187810736,0.9999150196613263
CEP104,0.6245966088974879,0.5267365247561545,1.9254040065230564,0.27357194800240847,0.7844135940845273,0.9999150196613263
CEP120,1.4697153536108267,-0.5396262045877461,1.3979278654787637,-0.3860186336602815,0.6994828686933634,0.9999150196613263
CEP128,0.44703691078360186,-0.849271865801491,1.6971586185418648,-0.5004080682400527,0.6167877734143052,0.9999150196613263
CEP135,0.7425257568873718,-1.2733320966380806,1.517976778837672,-0.838835029883054,0.40156189039640977,0.9999150196613263
CEP152,0.9977619978804648,-0.20953811017331633,1.5162793931689897,-0.1381922824495995,0.8900884542912074,0.9999150196613263
CEP164,0.8470735310790445,-0.13666224002941316,1.2281169767084819,-0.11127786898255106,0.9113960043924021,0.9999150196613263
CEP170,0.41852474328966544,0.5542240373464982,1.8453944042054173,0.30032823123528096,0.763926801165336,0.9999150196613263
CEP350,2.6985663831587354,0.15520529717568343,0.7949768319279612,0.1952324784098208,0.8452109541469045,0.9999150196613263
CEP57,0.851564805240957,0.5471010499067451,1.5041734256220425,0.3637220553078809,0.7160655720606639,0.9999150196613263
CEP63,0.5369704632261091,-0.028664908794587184,1.5003279500499016,-0.01910576203931532,0.9847567348273095,0.9999150196613263
CEP68,0.5999031554628742,-0.3739236339240045,1.681578058169766,-0.2223647199173044,0.824029973738998,0.9999150196613263
CEP78,0.8206783265261355,0.6689146274405445,1.6426194443673787,0.40722434507535205,0.6838432225931655,0.9999150196613263
CEP83,0.7569703507253865,1.153826104694581,1.7052942818464312,0.6766140700625934,0.49865084962587636,0.9999150196613263
CEP85L,0.2598075138227455,0.8890418553528799,1.9550291688416477,0.4547460823204168,0.649291923957117,0.9999150196613263
CEP95,0.44704158803046096,-0.9683274558941386,1.4395670469540434,-0.6726518628937825,0.5011687986908909,0.9999150196613263
CEP97,0.3286348646428164,0.17680029542912584,1.5964486684003185,0.11074599448680311,0.9118177719548831,0.9999150196613263
CERK,2.7998812173596384,0.036385982503904825,1.1730139014326773,0.03101922531307113,0.9752542074669244,0.9999150196613263
CERKL,1.1566156589951087,0.30852787030755285,1.7288269071648135,0.1784608216293455,0.858361087061912,0.9999150196613263
CERS5,1.5848028517444552,-0.9593722931348607,1.5904660830366937,-0.6032019817128832,0.5463743295282866,0.9999150196613263
CERS6,1.9634891545555695,-0.9610846073445672,0.8587747627901439,-1.1191346660235106,0.26308269273365104,0.9999150196613263
CFAP20,0.4053951755030124,0.47135026815137604,1.8886914065331424,0.2495644690926934,0.8029241787921397,0.9999150196613263
CFAP36,0.886385883509683,1.548670712355401,1.54306365396248,1.0036337181415185,0.3155551959921571,0.9999150196613263
CFAP97,0.8210573711429601,-0.5096276016210773,1.5024756879557757,-0.3391919121929099,0.73446516164768,0.9999150196613263
CFDP1,0.8041156370700977,-1.1376571294791618,1.310323261106612,-0.8682263096805379,0.38527045395725834,0.9999150196613263
CFL1,22.582859779714845,-0.054172594896503126,0.359558212650819,-0.15066432357953743,0.8802405175689587,0.9999150196613263
CFLAR,4.20413359072683,0.005129931699056862,0.722723169148688,0.007098059005219834,0.9943366158639607,0.9999150196613263
CGAS,1.04968170737333,0.9746211422957703,1.0973899927876674,0.8881265080793831,0.3744727051275849,0.9999150196613263
CGGBP1,2.2073115804460905,0.47170722320175473,1.0740900931660284,0.4391691406549824,0.6605389835640516,0.9999150196613263
CHAF1A,3.7671528442324225,-1.4578902464324017,0.8593068854804724,-1.6965885774524403,0.08977447084751983,0.9999150196613263
CHAMP1,0.8086841439592161,-0.4546327292780053,1.2668249712334763,-0.35887572443045596,0.7196880606711145,0.9999150196613263
CHCHD1,0.3059331900426121,-1.6041055163532074,1.586225188871617,-1.0112722503759444,0.311886143710681,0.9999150196613263
CHCHD10,0.7618495944202386,0.19737459561698245,1.6505069769762748,0.11958422373867955,0.9048125176652059,0.9999150196613263
CHCHD2,12.67310246723051,0.4563412495829397,0.5066384031965089,0.9007237641358574,0.36773521022415767,0.9999150196613263
CHCHD2P9,1.477870048500613,0.2225116035726332,1.2796124109024805,0.17388984482863917,0.8619520336948502,0.9999150196613263
CHCHD3,1.734707586608886,0.7638006248269225,1.0662212703200222,0.7163622093167121,0.47376772331410966,0.9999150196613263
CHCHD5,0.47112507123350356,0.45157912931377336,1.5958990932677337,0.28296220683296974,0.7772058080749985,0.9999150196613263
CHCHD7,0.8969457237106399,0.2973572771624083,1.251216327156283,0.2376545691648946,0.8121490227065375,0.9999150196613263
CHD1,3.8725340284963647,0.1558025676686257,0.755613149895309,0.20619356305566192,0.836639715755135,0.9999150196613263
CHD1L,1.7419207055706976,0.5729860637907673,1.369625045090155,0.4183525015439906,0.6756894090203349,0.9999150196613263
CHD2,3.4997291729882605,-0.10859418351076981,0.8314581293725812,-0.13060691774427058,0.8960862700400561,0.9999150196613263
CHD3,2.3156071547899177,-0.6854625491630499,0.8205943982280045,-0.8353244314648517,0.40353506509619086,0.9999150196613263
CHD4,2.079972859610965,0.6431324963255536,1.018356327924005,0.6315397456572268,0.5276876699203432,0.9999150196613263
CHD6,0.5693237774709279,-0.5147385451160287,1.4602071238061158,-0.3525106381992798,0.7244553417256147,0.9999150196613263
CHD8,1.2193864557356762,-0.9279488513992749,1.2840646261439614,-0.7226652245579724,0.4698855855067401,0.9999150196613263
CHD9,3.2250795304455,0.2413197171479573,0.7739012538871728,0.31182236226630966,0.7551755281732078,0.9999150196613263
CHFR,1.3197322477505233,-0.9629478698859726,1.099269486401215,-0.8759889015372094,0.38103606730683814,0.9999150196613263
CHIC2,1.2707076833079163,-0.19788203536039498,0.9766813084292193,-0.20260655512968243,0.8394425660160663,0.9999150196613263
CHID1,0.7903679071496489,-0.26679080549883527,1.7568842633208464,-0.1518545137370345,0.8793016849081067,0.9999150196613263
CHML,4.793720406658028,0.9838076923550352,0.8601806924056792,1.143722128432814,0.2527388933287599,0.9999150196613263
CHMP1A,1.6375727003855083,-1.0457493265649433,1.375500076806506,-0.7602684610478947,0.4470941300480311,0.9999150196613263
CHMP1B,6.012161554133597,0.30027796957909214,0.6778915782411197,0.4429586960767435,0.657795610565724,0.9999150196613263
CHMP2A,1.1188258756073277,-1.108387268594065,1.2864665302888034,-0.861574897207189,0.38892148969140306,0.9999150196613263
CHMP2B,1.6213070806235816,-1.2449123623305685,1.1736204656763625,-1.0607452739102672,0.28880567888386843,0.9999150196613263
CHMP3,2.1245347801000753,-0.10977131970225176,1.3229024456100293,-0.08297763759264423,0.9338693208980545,0.9999150196613263
CHMP4B,4.994067774972869,-0.029792337269663127,0.7536392287230781,-0.039531298443874145,0.9684668004625866,0.9999150196613263
CHMP5,3.4912912626735375,0.5900414437733749,0.7399182259183306,0.7974414240723156,0.42519470937803194,0.9999150196613263
CHORDC1,3.9053798151864783,0.4982320907885488,0.8895066776420774,0.5601218105627634,0.5753963545731221,0.9999150196613263
CHP1,0.9856662955380868,0.8155216701081843,1.7256967466367197,0.4725753071607671,0.636516202792188,0.9999150196613263
CHPF,0.534207579034323,0.3534057600557948,1.5938015154652854,0.22173762330287627,0.8245181399231272,0.9999150196613263
CHRAC1,3.642982198492321,-0.5322841447200484,0.6886721816065056,-0.7729136720440171,0.43957347279672465,0.9999150196613263
CHST11,1.8220307804825135,0.08500233932611823,1.129897843981803,0.07523011020763325,0.9400316277471437,0.9999150196613263
CHST12,0.9332088501959352,-1.284932295819423,1.2073862864482843,-1.0642263459851382,0.2872261747189885,0.9999150196613263
CHST15,0.4140292194976633,-0.6923885318826631,1.688119867552717,-0.4101536538909557,0.6816932362362955,0.9999150196613263
CHST2,0.5477319573325011,-1.5418333985254582,1.5900265937903724,-0.9696903212480055,0.3322008763278086,0.9999150196613263
CHSY1,0.6703978017271693,-1.126043016349191,1.3394458331203387,-0.8406782779158676,0.40052819283718644,0.9999150196613263
CHTOP,1.7529404180992718,0.03127601220700517,1.0731830617134257,0.029143221993338606,0.9767503642581079,0.9999150196613263
CHUK,0.9390256102234216,0.1282892831878154,1.3150842281922897,0.0975521418610285,0.922287928426814,0.9999150196613263
CHURC1,1.2444009473677586,0.04909948368168116,1.0409405579408897,0.04716838373442386,0.962379025588364,0.9999150196613263
CIAO1,0.7522300203228893,-0.29895793620202443,1.610168073049802,-0.18566877657421899,0.85270451521263,0.9999150196613263
CIB1,1.6081408395102832,-0.9475818167606399,1.0670615339840965,-0.8880292153561621,0.37452503627268274,0.9999150196613263
CIB2,2.894610802450771,-0.771030120335835,1.0351239303618003,-0.7448674479647491,0.456351855532693,0.9999150196613263
CIC,0.6671037027326361,1.6363579430695152,1.4562536342779648,1.1236764699171715,0.2611503020910315,0.9999150196613263
CIDECP,3.674014768745705,-0.3404154880885304,0.7729890187779512,-0.44038851758425573,0.6596557398391387,0.9999150196613263
CIITA,1.8432539889423343,-0.9256763962271976,1.0293624647890194,-0.8992715665195024,0.3685080285664015,0.9999150196613263
CIR1,0.5905852049181681,0.7285147795635555,1.8726026546863566,0.3890386344056395,0.6972475670520726,0.9999150196613263
CIRBP,9.665039353942143,0.21085768740918015,0.5438177231979894,0.38773596080908257,0.6982114407671729,0.9999150196613263
CISD2,1.3274183847444387,-0.9425523236771107,0.9715448406571044,-0.970158333648929,0.3319675759403984,0.9999150196613263
CITED2,1.18034692401383,1.1505403388296696,1.2050415261036171,0.9547723575550364,0.33969282915841914,0.9999150196613263
CIZ1,1.7560095376711244,-0.8275970474160911,1.212864708885365,-0.6823490215793823,0.4950182824084868,0.9999150196613263
CKAP2,2.9205537722203143,0.9615244411309847,1.3606147525673555,0.7066838275247832,0.479762981980162,0.9999150196613263
CKAP5,0.8371688977570784,-0.5256469594284268,1.1536288379698791,-0.45564651483005947,0.6486441887384924,0.9999150196613263
CKB,0.2849750029206247,0.30315729926325774,1.966983770803955,0.1541229285991261,0.8775128098690214,0.9999150196613263
CKS1B,0.3387106511355477,1.1969226621369335,1.8469192038672757,0.6480644413847069,0.5169432715134523,0.9999150196613263
CKS2,3.261599605547548,0.25485890169941466,0.7408535923337836,0.3440071079315099,0.7308409406151932,0.9999150196613263
CLASP2,1.7324414592994266,1.8560699668853675,1.084370592634755,1.7116564940917218,0.08695999059824443,0.9999150196613263
CLASRP,2.295613202274895,-0.8873760171702347,0.983486273925554,-0.902275955136925,0.3669102951909663,0.9999150196613263
CLCN3,0.5172623303060951,0.31254002764546623,1.5511664099439795,0.2014871039250738,0.8403177122395311,0.9999150196613263
CLCN5,2.830655168930573,0.24402081115930818,0.8668631862569414,0.2814986436475335,0.7783279682542443,0.9999150196613263
CLDN18,0.3937845829416457,1.9427104800893693,2.475134317920616,0.7848909313824468,0.4325175195307519,0.9999150196613263
CLDN4,1.4540249679244388,1.1943708016254138,1.4258726379770226,0.8376419953748075,0.4022317995255097,0.9999150196613263
CLDND1,2.609208414736377,0.5059799343186229,0.9382984892865239,0.5392526366565576,0.5897125450696006,0.9999150196613263
CLEC2B,3.4495678724022807,1.0021870828174295,1.1520014747712124,0.8699529512464069,0.3843261163534071,0.9999150196613263
CLEC2D,0.8296311755238795,0.36845372593440484,1.1972152982832456,0.3077589523477952,0.7582657578037816,0.9999150196613263
CLEC4C,5.718117955266829,0.3238953589275822,0.683248220036951,0.474052254259902,0.6354626450150429,0.9999150196613263
CLECL1,1.9833424576632805,0.2451821086419259,1.1498684731363134,0.2132262205373643,0.8311505174732545,0.9999150196613263
CLIC1,4.105668707044633,-0.7534505375813341,1.057372465974827,-0.7125687133215663,0.47611267764403,0.9999150196613263
CLIC2,0.26274038859380316,0.3421254565642624,1.9227563486072399,0.1779348989340657,0.8587741027724497,0.9999150196613263
CLIC3,1.0347529951998091,-1.2979527465467429,1.205782487410612,-1.0764402038497543,0.28173043008221543,0.9999150196613263
CLIC4,1.5984934206492099,1.4162205990818084,1.2907793803308472,1.0971825399928599,0.27256160408511243,0.9999150196613263
CLINT1,4.426128014062627,0.09176223121484794,0.7122955279542103,0.1288260667287902,0.8974952791266926,0.9999150196613263
CLIP1,1.340972499639476,-0.00800394537340835,1.234206914930959,-0.006485091986262358,0.994825681497684,0.9999150196613263
CLK1,4.832817447870255,0.5892844019898257,0.7052219578056381,0.8356013244729891,0.40337922340132415,0.9999150196613263
CLK2,0.44117583848834563,-0.2537628192913824,1.4854922779585136,-0.17082742405105214,0.8643594647476054,0.9999150196613263
CLK3,0.9581240410382065,-0.7950222206230246,1.3002035456545726,-0.6114598158727369,0.5408952134484979,0.9999150196613263
CLK4,0.8802709065809949,0.019691676768009654,1.4871647373442287,0.013241086393142263,0.989435450306913,0.9999150196613263
CLMN,0.5610149498803525,0.8129573110261707,1.370448992752908,0.5932050848482378,0.5530439100727851,0.9999150196613263
CLN8,2.661985683412842,-0.30186949301819443,1.3489400706360053,-0.22378273104146681,0.8229263678524594,0.9999150196613263
CLNS1A,1.4808899224084233,-0.6448806036535494,1.0788431709590962,-0.5977519448728102,0.5500054596661326,0.9999150196613263
CLP1,1.4253053104541324,-1.4615140256447634,1.5103315333983411,-0.9676776213208398,0.33320539790633974,0.9999150196613263
CLPTM1,3.3447790592191353,-0.31958207814804,0.7676008419346829,-0.4163388843380582,0.677162042828439,0.9999150196613263
CLPTM1L,2.397197197671789,-0.8170659449234338,0.9115474491389584,-0.8963504266236814,0.37006563483720123,0.9999150196613263
CLPX,2.577961579647532,-2.5315743587194346,1.041640497388539,-2.430372441419336,0.0150833143691679,0.9999150196613263
CLTA,2.0450274312758454,-0.23025050667567226,1.1831275748848276,-0.19461173212710067,0.8456969177616653,0.9999150196613263
CLTB,0.8139912802326639,-2.2974690800121347,1.5083137756772167,-1.5232036709209231,0.12770775798162443,0.9999150196613263
CLTC,6.115392019361039,-0.18462285815868598,0.6672332415839953,-0.2766991310570736,0.7820111391475524,0.9999150196613263
CLU,0.5236272310645264,-0.3477205408734476,1.5761120992560589,-0.22061916854618102,0.8253889744572498,0.9999150196613263
CMAS,1.9456028678569222,-0.9832864272115871,1.1878579214182738,-0.8277811760833876,0.40779443704779417,0.9999150196613263
CMC1,0.5353522518382924,0.7857942517851283,1.5796728312768067,0.49744113858690103,0.6188780013563373,0.9999150196613263
CMC2,0.6652227429134819,1.8924991759326553,1.5310411473888654,1.2360864233859705,0.21642644088280139,0.9999150196613263
CMIP,1.4858130537830594,-0.06239073054086676,1.0808706549689435,-0.05772266112882806,0.953969542818159,0.9999150196613263
CMKLR1,1.4741930843659814,0.015377148957752872,1.277323932849618,0.012038566382646223,0.9903948457574736,0.9999150196613263
CMPK1,4.5276235672541425,0.332625808405554,0.628150227485671,0.529532258130308,0.5964362729952786,0.9999150196613263
CMPK2,0.4522216299589156,1.261851750911934,1.6424084302187039,0.7682935180403971,0.4423128247373703,0.9999150196613263
CMSS1,0.579933034481915,0.6812979146175895,1.4936894430728966,0.45611751343437734,0.6483054769496357,0.9999150196613263
CMTM3,2.786235451950107,0.3261960301388477,0.9341269070359748,0.3491988376331882,0.7269400387794946,0.9999150196613263
CMTM6,4.2491710952571164,0.449066761775639,0.7181296173921341,0.6253282846158209,0.531755619808637,0.9999150196613263
CMTM7,1.873795882221527,-1.0864298946064095,0.9759596158413595,-1.1131914445761317,0.26562621628256033,0.9999150196613263
CNBP,4.44404800544048,0.6013054617577375,0.8663664238393308,0.6940544384130596,0.4876480698740997,0.9999150196613263
CNDP2,3.856882307305211,0.013659292727310776,0.772050607138453,0.0176922245783057,0.9858843835660549,0.9999150196613263
CNIH1,1.5852695070844298,-0.9928567035124398,1.0086189594608928,-0.9843724373802394,0.32493242501223063,0.9999150196613263
CNN2,0.8761176757069542,-2.2560772665536155,1.235148727009821,-1.826563244748158,0.0677654639529256,0.9999150196613263
CNN3,0.7110088921559212,1.1239853452632569,1.755970605636757,0.6400934854235062,0.5221118240370972,0.9999150196613263
CNOT1,1.0006973058384336,-2.3438940183462487,1.4622407434542348,-1.6029467301049853,0.10894641543686996,0.9999150196613263
CNOT10,0.775035929430545,-0.40239553651632115,1.5262447595422746,-0.2636507244336097,0.7920490685051443,0.9999150196613263
CNOT11,0.9823563386650707,0.7635613165159699,1.1742314281529276,0.6502647588960005,0.5155212167177774,0.9999150196613263
CNOT2,2.9272334189302445,-0.027873798765026544,0.7978413566335537,-0.03493651780930291,0.9721303613760088,0.9999150196613263
CNOT4,0.4740579460045612,0.06275082948091132,1.6120368759382349,0.03892642309710762,0.9689490499451274,0.9999150196613263
CNOT6,0.6435026830295559,-0.8061375390359354,1.5130009679534495,-0.5328070213506552,0.5941671729414179,0.9999150196613263
CNOT6L,5.254962485051252,0.4932408434700171,0.7115977726650871,0.6931455696140305,0.48821820243397185,0.9999150196613263
CNOT7,1.7488910191950429,-0.3381344164039024,1.1146376138892105,-0.3033581607066701,0.7616169271489373,0.9999150196613263
CNOT8,1.1494067489443904,-0.07646548140826963,1.1356445905375812,-0.0673322288023871,0.9463172202236313,0.9999150196613263
CNOT9,2.235871950198549,0.059886698862624786,0.8836845806229399,0.06776931517850926,0.9459692705272745,0.9999150196613263
CNP,1.6568474538619675,-0.14329525003027527,1.169186033064846,-0.12255983733798823,0.9024556597616458,0.9999150196613263
CNPPD1,1.7190271019045458,-0.6150384641050752,1.01589016787214,-0.6054182662219486,0.5449011171561671,0.9999150196613263
CNPY3,4.441023869969057,-0.2676972042790333,0.6910457706853155,-0.3873798460752548,0.698475021852163,0.9999150196613263
CNST,0.5116314882038419,-1.414871101672482,1.4361685457193696,-0.9851706513762841,0.32454025404868214,0.9999150196613263
CNTRL,1.644072522916452,-0.8586249223226203,1.1515447185021348,-0.7456288136508252,0.4558916721700811,0.9999150196613263
COA1,0.6957858608058443,0.7742424841762247,2.110003346426585,0.3669389840008785,0.7136645316166649,0.9999150196613263
COA3,0.34524554247325057,0.2119292957001989,1.8505058188634615,0.11452506311510062,0.9088215796125196,0.9999150196613263
COA4,0.8172579483401354,0.43155881489653003,1.1727990075414736,0.3679733800263033,0.7128930833832008,0.9999150196613263
COA5,0.39851413041479083,-0.6037924870605091,1.6066770756193258,-0.375802017855869,0.7070640875553327,0.9999150196613263
COA6,0.42142946938992487,1.434703838571814,1.6324997871608058,0.8788386068135468,0.379488790172542,0.9999150196613263
COBLL1,5.571736748560036,0.12254620340918373,0.9540039460402643,0.12845460851375934,0.8977892177128619,0.9999150196613263
COG2,0.320915568977621,-0.3438973363376775,2.402430902043425,-0.14314556811817988,0.8861752173260377,0.9999150196613263
COG3,1.1201092084180277,0.7305349926903874,1.2759636625324928,0.5725358912184414,0.5669589776681332,0.9999150196613263
COG5,0.7532054355614773,0.14953143334298827,1.3569371683778804,0.1101977577353432,0.9122525405129771,0.9999150196613263
COL1A1,1.9120708403389683,-1.2206546182495857,1.3966268219095885,-0.8740019875750356,0.3821171713239474,0.9999150196613263
COL1A2,0.790122484906777,-1.2635749022960805,2.018962056743437,-0.6258537143259703,0.5314108961817958,0.9999150196613263
COL24A1,0.8461162695845907,1.0112267251904052,1.678396245069669,0.6024958219257872,0.5468441434824505,0.9999150196613263
COL3A1,1.0194885629605703,-3.1508078880551706,1.9195130232492497,-1.6414621051758485,0.1007015271325527,0.9999150196613263
COL4A3BP,0.8794141249587746,0.20166981975805137,1.3202148870853636,0.15275529895233764,0.8785912501865979,0.9999150196613263
COLGALT1,1.8884611109889862,0.10436506175013868,1.0710201108571487,0.09744453973568641,0.9223733754082494,0.9999150196613263
COMMD1,1.3470619634719831,1.8863461977138274,1.2786575988013458,1.475255142175785,0.1401439615042437,0.9999150196613263
COMMD10,1.6695424785456225,-1.6992514695587704,1.1384317810393032,-1.4926247649266087,0.1355354370673473,0.9999150196613263
COMMD3,1.1291928919558174,0.0035448857896067153,1.070291807603629,0.003312074113267926,0.9973573520323582,0.9999150196613263
COMMD6,10.344294341287325,0.018479380042184163,0.5170333372711354,0.03574117703844204,0.9714887369840018,0.9999150196613263
COMMD9,0.6958724480267683,-0.3075656844308695,1.4479392966610949,-0.21241614558020966,0.8317823908219014,0.9999150196613263
COMT,5.188958368286972,-0.830920798034714,0.7752531240734829,-1.0718058041078653,0.28380726561381975,0.9999150196613263
COPA,4.463593830477681,-0.44898603197770914,0.7197384383034592,-0.623818331887404,0.5327468990820801,0.9999150196613263
COPB1,4.203408504251394,0.04946071961962943,0.7288970480522349,0.06785693501132815,0.9458995205767462,0.9999150196613263
COPB2,3.2601972095428766,-0.8532584155840547,0.7520811774927402,-1.1345296772731575,0.2565724323578522,0.9999150196613263
COPE,5.822233004417271,-0.8977848056652362,0.8322383868962152,-1.0787591870323028,0.2806950931233102,0.9999150196613263
COPG1,2.788763095948408,0.44807415629569236,0.9102697944642649,0.4922432437290796,0.6225473974954362,0.9999150196613263
COPS2,1.8386654180707065,-0.7672316931175567,0.9049453677550585,-0.8478210071629685,0.3965376620234239,0.9999150196613263
COPS3,1.3593791710789556,-0.21295420328071304,1.257203646588757,-0.16938719821449288,0.8654920923520272,0.9999150196613263
COPS4,0.7068807651793703,-1.3272509628155853,1.5590798241571122,-0.8513040463038121,0.39460047779071805,0.9999150196613263
COPS5,0.8499106032247279,0.444125573887618,1.474012352662538,0.30130383445253023,0.7631828172372778,0.9999150196613263
COPS6,1.0445781651581907,-0.571655927644946,1.479154104273352,-0.3864748953428197,0.6991449917120698,0.9999150196613263
COPS7A,1.0713309747775805,0.6400856936044415,1.4626814060090196,0.4376111509825909,0.6616681863949003,0.9999150196613263
COPS8,0.7404532306703909,-0.17037264684947295,1.2214360896036656,-0.13948551897197983,0.8890664982614113,0.9999150196613263
COPS9,2.1526486523416195,0.8628708245134439,0.9284061352763249,0.9294109460582405,0.3526761572407421,0.9999150196613263
COPZ1,4.4134260908535925,-0.36174191387576404,0.669216572205037,-0.5405453613974942,0.5888209869702467,0.9999150196613263
COQ10B,0.946651413061827,-0.18347530662385989,1.2623665437217122,-0.14534233938340724,0.8844405876159732,0.9999150196613263
COQ2,0.4693650179372134,0.2160838519043678,1.3470839006360114,0.16040860691924688,0.8725592100718602,0.9999150196613263
CORO1A,0.980027261533609,-0.014047222567432243,1.6317251065201608,-0.00860881683520182,0.9931312428030942,0.9999150196613263
CORO1C,8.650915869742326,-0.08023099216998099,0.5457844694971623,-0.1470012370339133,0.8831310439170195,0.9999150196613263
CORO7,1.1953612719934918,-1.3018399938987262,1.4365872352487616,-0.9062032307932191,0.3648282933015512,0.9999150196613263
COTL1,1.8099184080855564,-0.002150225490858884,0.9342838755685698,-0.002301469122059222,0.9981636949414224,0.9999150196613263
COX14,0.8830261076055353,0.44040552635486846,1.2591252166552256,0.34977103192704984,0.7265105406510701,0.9999150196613263
COX15,0.6026613624078011,-0.6184879279447615,1.2253096993097945,-0.504760493035475,0.6137270671585334,0.9999150196613263
COX17,2.1909963262198224,0.4731928550718373,1.078047036190918,0.4389352590252255,0.6607084475378135,0.9999150196613263
COX18,0.3805169667346593,-0.3398201610485324,1.9432992874407449,-0.1748676404322997,0.8611836376452805,0.9999150196613263
COX4I1,7.9113487815720465,0.4359622188722374,0.6483944603569419,0.6723719055715555,0.501346963621775,0.9999150196613263
COX5A,3.78691546966301,0.07616921497886094,0.7542698584342233,0.10098403658470377,0.9195631323505625,0.9999150196613263
COX5B,1.8692772593121891,-2.0232789161817197,1.07396540283373,-1.8839330492799509,0.05957403213049262,0.9999150196613263
COX6A1,3.334512467488957,-0.09841679015794473,0.9635574449993799,-0.10213899614257879,0.9186463484099152,0.9999150196613263
COX6B1,6.44628068463737,-0.33258033714439156,0.8644963146458489,-0.384709953657393,0.7004523198020391,0.9999150196613263
COX6C,9.861539139771548,0.5308452702888503,0.497150493240436,1.0677758093505874,0.2856216525511083,0.9999150196613263
COX7A2,3.8015806603675344,0.34878442335700727,0.8295488860321877,0.42045071632279174,0.6741562251729355,0.9999150196613263
COX7A2L,5.107166345783124,0.4158247407215914,0.7473399863503625,0.556406385736528,0.5779330744913765,0.9999150196613263
COX7B,1.7834838443157277,-0.57487762678595,0.8852494586399087,-0.6493961912941333,0.5160823251811413,0.9999150196613263
COX7C,8.645821222580159,0.4943881043809868,0.5448389431477572,0.907402289426495,0.3641940991949031,0.9999150196613263
COX8A,3.5754285377830985,-0.7631667904115017,0.7294586851886424,-1.0462097523921345,0.2954642012448242,0.9999150196613263
CPEB2,0.6109388594258355,0.8727477460694522,1.4734694070287357,0.5923080193631952,0.5536443468332296,0.9999150196613263
CPEB4,2.0293241416665166,-0.007418526384769005,0.9408153072966551,-0.007885210122787487,0.9937085777808852,0.9999150196613263
CPED1,1.4368475014140414,0.2970574746264547,0.9997423074829229,0.2971340438461227,0.7663641741924561,0.9999150196613263
CPLX1,1.6678314281875306,-1.7230077292450845,1.105941456167059,-1.5579556400902417,0.11924376411686574,0.9999150196613263
CPM,0.6445682252235634,0.9724950493491753,1.8004008377596539,0.5401547416292635,0.5890903214916086,0.9999150196613263
CPNE1,1.780611541912024,-0.7767682957073678,0.9966825740515218,-0.7793537440408927,0.4357713637938051,0.9999150196613263
CPNE3,3.9754848370822895,0.2960944303520706,0.706076295636647,0.4193518918307426,0.6749589775524123,0.9999150196613263
CPPED1,0.9094889414736554,0.28180055287667327,1.3337585430074017,0.21128303496467982,0.8326664202561326,0.9999150196613263
CPSF2,0.998149581366694,-0.5550687631485471,1.4328735562140886,-0.3873815388254769,0.6984737688639067,0.9999150196613263
CPSF3,1.6026818044304798,-1.0965964270806126,0.9376909936416147,-1.1694646045621842,0.2422164939541378,0.9999150196613263
CPSF4,0.7663721042915453,0.4352339759609385,1.3459419169874454,0.32336757661511945,0.7464168817033932,0.9999150196613263
CPSF6,2.524790252681498,-0.45748570199480987,1.2110965766364412,-0.3777450211818594,0.705620019380199,0.9999150196613263
CPSF7,1.8393294930655992,0.12327350994604505,0.8789147289227773,0.14025650713253213,0.8884573268508698,0.9999150196613263
CPT1A,2.6995030018410606,-0.37435044849281646,1.0630559094435832,-0.3521455881739618,0.7247290808337424,0.9999150196613263
CPVL,0.30356013339700294,1.651287158449215,2.4168951317205525,0.6832266476012502,0.4944636366836016,0.9999150196613263
CRBN,0.2878151198396166,-0.8919231264096064,1.8831644453413332,-0.47362997353528563,0.63576379735757,0.9999150196613263
CRCP,0.5330285869284137,-0.6201201763791306,1.8937431856371023,-0.32745737705216177,0.7433219756228098,0.9999150196613263
CREB1,0.6810433993111793,-1.4127043015083356,1.3721983037512084,-1.0295190554064926,0.3032358301285859,0.9999150196613263
CREB3L2,1.6420084121805485,0.6353074292911177,0.9610296803464299,0.661069519790589,0.5085677312780528,0.9999150196613263
CREBBP,2.932169643732876,0.025642784981138738,0.8096870047870207,0.03166999696121317,0.9747352218357553,0.9999150196613263
CREBL2,1.1146343271153027,0.0810296632097252,1.276465870638423,0.06347969426648148,0.9493845282556547,0.9999150196613263
CREBRF,1.3535488917747132,0.36872775990632034,1.0652777013805874,0.34613299370525963,0.729242768797993,0.9999150196613263
CREBZF,1.5238755278329164,2.025680269155897,1.577275771564853,1.28429048722797,0.19904033405977095,0.9999150196613263
CREG1,0.5756674351644269,1.6833728553823177,1.4883796026967677,1.1310104306268678,0.25805070125882534,0.9999150196613263
CRELD2,2.1477312246934988,-1.3615635193597686,0.9385181003652191,-1.4507589345692147,0.14684699829183684,0.9999150196613263
CREM,20.839971496910366,0.026219736478935392,0.5068226098628467,0.05173355720264892,0.9587409982497386,0.9999150196613263
CRIM1,0.9431320668396389,0.43843879677109454,1.1074478647162873,0.39590016897401886,0.6921786764021978,0.9999150196613263
CRIPT,0.4067379875570516,-0.07936569915934241,1.5740978932789693,-0.05041979885635794,0.9597878592450467,0.9999150196613263
CRK,2.082752222310182,-0.22704106249537953,1.0984863940898366,-0.20668536607911014,0.8362555868107375,0.9999150196613263
CRKL,0.4141937998161855,-0.525514255725955,1.8595465506152422,-0.28260344198002757,0.7774808415307866,0.9999150196613263
CRLF3,2.1265468832065477,-0.29212709520113417,1.0917438796434051,-0.2675784134430424,0.7890238488112882,0.9999150196613263
CRNKL1,0.38585162290152053,0.8801949227208854,1.6747893134257508,0.525555612079028,0.5991970043643887,0.9999150196613263
CROCC,0.29822547723014176,0.015960630333469766,1.8291543728549553,0.008725687984748012,0.9930379966197724,0.9999150196613263
CRTAP,4.66630668250775,0.13082465537953816,0.711150786710567,0.18396190769143145,0.8540433381247597,0.9999150196613263
CRTC1,0.4126474108948251,-0.5032849920955592,1.512892098242681,-0.3326641686344692,0.7393877997262434,0.9999150196613263
CRTC2,0.931316670192177,-1.1537945720559957,1.7363268330956936,-0.6645031050973841,0.506368362240454,0.9999150196613263
CRTC3,0.9528853197897855,-0.24234727961414582,1.620710640206456,-0.1495314916814973,0.8811342619305461,0.9999150196613263
CRY1,0.3554422354888459,0.7366510323018389,1.8420895102156452,0.39989969445925705,0.6892303973324688,0.9999150196613263
CRYBG1,0.6342872450909014,-0.5848685749054857,1.1764465742155084,-0.4971484364221932,0.6190843801286823,0.9999150196613263
CRYBG3,0.740734040264918,-0.21944648519009974,1.5505139944077662,-0.14153144439945506,0.8874501210131146,0.9999150196613263
CRYM,0.7092727379003397,-0.12777928637089367,1.8865289844517312,-0.06773247982088612,0.9459985935141699,0.9999150196613263
CRYZ,0.5663043154789462,0.7935838797770319,1.692266643934117,0.46894730367794657,0.6391073030859855,0.9999150196613263
CS,4.754239427248745,-0.9738450653796566,0.9455276308977969,-1.0299488175242133,0.30303403267307594,0.9999150196613263
CSDE1,10.845832195912198,-0.05411648086906927,0.49407545639693123,-0.10953080175995036,0.9127814924592299,0.9999150196613263
CSE1L,0.7219956334899681,0.9636573282546244,2.1205253665306913,0.45444272606426134,0.6495102061057808,0.9999150196613263
CSF1R,1.4312946524093861,0.004107726387835411,1.394013930665137,0.002946689625888788,0.9976488852444728,0.9999150196613263
CSF2RA,1.3104851464857055,-0.08266109689087196,1.0773785203774697,-0.0767242852232759,0.9388428846677496,0.9999150196613263
CSF2RB,7.245174856418838,-0.011290826501838214,0.6438028275871178,-0.017537708779805518,0.9860076502104503,0.9999150196613263
CSF3R,0.34524554247325057,0.2119292957001989,1.8505058188634615,0.11452506311510062,0.9088215796125196,0.9999150196613263
CSGALNACT2,0.6778262002902291,-0.3513707454316423,1.208151742650321,-0.2908332894184639,0.7711788240075858,0.9999150196613263
CSK,2.1663526246310636,-0.361664382828485,0.8658698807743979,-0.4176890672129945,0.6761744667040586,0.9999150196613263
CSNK1A1,1.3082112986461247,-0.29719924276051923,1.3320887989422645,-0.22310768095678615,0.8234517004793098,0.9999150196613263
CSNK1D,2.996885499282525,0.03862780883511362,0.796986552823996,0.04846732821054769,0.9613438021387526,0.9999150196613263
CSNK1E,2.3154897464314903,-0.16638227870935907,0.8427386943610424,-0.19743044887182823,0.8434907037680615,0.9999150196613263
CSNK1G1,1.0929614287966853,0.7119557207550397,1.102486992253386,0.6457724451695026,0.5184267355697858,0.9999150196613263
CSNK1G2,2.1083791930158275,-0.9482087147410085,1.0709151543150761,-0.8854190837811547,0.37593064344410965,0.9999150196613263
CSNK1G3,0.6663202541521424,-0.9190088127642105,1.5163336911036958,-0.6060729364229125,0.5444663214115796,0.9999150196613263
CSNK2A1,2.8825121581865023,0.18613748235846792,0.8758531305626744,0.21252134160768207,0.8317003298360004,0.9999150196613263
CSNK2A2,1.1299659202750798,0.7614480539771818,1.1852306727782902,0.6424471383214183,0.5205829015187451,0.9999150196613263
CSNK2B,3.433733042124731,0.13008119403435267,0.9217544723422162,0.14112347478370352,0.8877723990416263,0.9999150196613263
CSRNP1,7.348996008766189,-0.2398311928136209,0.6819186463883993,-0.35170059373478496,0.7250628152430737,0.9999150196613263
CSRNP2,0.3715974358986223,1.3423808696683979,1.5959158497618449,0.8411351199179572,0.40027224230060954,0.9999150196613263
CSRP1,0.6254557948600712,1.5544091633942412,1.6912882890852599,0.9190681289675041,0.358059938233535,0.9999150196613263
CST3,15.20912272125637,-0.25174929595329393,0.5062583324390468,-0.49727437519974915,0.6189955793914368,0.9999150196613263
CST7,0.9422111459182079,0.4091511693944222,1.2919542923018454,0.3166916754194507,0.7514775659742806,0.9999150196613263
CSTB,3.309812568971444,1.0136669639422693,0.9387426526406026,1.0798134729373499,0.2802252503502085,0.9999150196613263
CSTF2T,0.5478679613634556,-1.0602382367624457,1.9115653488872724,-0.5546439923592533,0.5791381921434531,0.9999150196613263
CSTF3,0.5971517595820346,-1.0819916904423637,1.5672475709530924,-0.6903770090288738,0.48995713104171246,0.9999150196613263
CTAGE5,1.7684512187328176,-1.3144643991125096,0.8821480424194811,-1.4900723414941868,0.1362052157132588,0.9999150196613263
CTBP1,2.7690553675268674,-0.3491615028752155,0.8728590589940326,-0.400020483579128,0.6891414298600409,0.9999150196613263
CTBP2,0.6000248223561304,0.6893558034113609,1.9694533965283672,0.35002392269170496,0.7263207442056561,0.9999150196613263
CTBS,0.6390234193371379,-0.2890287855249931,1.4731147417734674,-0.19620249348467886,0.8444516764709475,0.9999150196613263
CTC1,1.1370196156857677,-1.7409282395502375,1.3671163036112162,-1.2734309692244932,0.2028651537241325,0.9999150196613263
CTCF,1.5569357620518423,-1.2560774674059907,1.2153827435973343,-1.0334830521685758,0.30137789769071055,0.9999150196613263
CTDP1,1.4278232672050928,-1.3273729130422651,0.9970299639095324,-1.3313270022872725,0.18308143707122115,0.9999150196613263
CTDSP1,1.213600611387472,-0.6230091068340223,1.3319241487655071,-0.46775119094541373,0.6399625286743105,0.9999150196613263
CTDSP2,1.1684615059635173,-0.8818992398203982,1.2350896906688804,-0.7140365970853446,0.47520454968714887,0.9999150196613263
CTNNA1,0.9556698743419053,0.3083792757623012,1.199869645369246,0.2570106485754134,0.7971705527542017,0.9999150196613263
CTNNB1,2.0625393363909703,-0.17338426432580278,0.856068665394517,-0.20253546395825517,0.8394981366168257,0.9999150196613263
CTNNBL1,1.2329954811019048,-1.0764876149608427,0.9684837541435564,-1.111518505452676,0.26634522910586866,0.9999150196613263
CTNND1,1.3352257610148408,-0.21860797260786455,1.108547128656275,-0.1972022361131819,0.8436692808110636,0.9999150196613263
CTNS,3.116349548639126,0.317199288667949,1.079323916735585,0.29388701922525556,0.7688442374949184,0.9999150196613263
CTPS1,0.40856986331979805,-0.4598291510088013,2.397550979735687,-0.19179118813127144,0.8479057736829759,0.9999150196613263
CTR9,1.0794984527037323,0.41237538705803517,1.1743947002832376,0.3511386648446042,0.7254843221103834,0.9999150196613263
CTSB,26.679412377589408,0.1592393902133272,0.37527493048818167,0.4243272792194736,0.6713271473247397,0.9999150196613263
CTSC,11.117017704933593,0.504926772308657,0.510471802081475,0.9891374415781482,0.32259590094124524,0.9999150196613263
CTSD,3.34081792855703,-0.19929925393532186,0.8754316635848318,-0.22765826531702688,0.8199119199013141,0.9999150196613263
CTSH,4.716313276611248,0.3259063230436545,0.6571974290065016,0.4959032227748267,0.6199626922725912,0.9999150196613263
CTSK,0.7643824891888622,0.19718243899585092,2.1219331662899354,0.0929258480560968,0.9259624708126118,0.9999150196613263
CTSL,0.83210316261353,0.23058737456900993,1.1766678667623245,0.19596640741408666,0.8446364591697644,0.9999150196613263
CTSO,1.319821490947224,-0.29730186637875344,1.0243838504216516,-0.29022506188122704,0.7716440643247178,0.9999150196613263
CTSS,12.362960872115732,0.1966609361532369,0.5275112086427075,0.3728090189007506,0.7092905898927938,0.9999150196613263
CTSZ,7.54143179936575,0.16215223226566672,0.6577314674843643,0.24653257489086372,0.8052699912987703,0.9999150196613263
CU639417.1,1.4935632128510457,0.5671224615577074,1.247396164608399,0.45464502589339517,0.6493646364831871,0.9999150196613263
CUEDC1,0.7021835874819329,-0.8160791558162683,1.4644711050549077,-0.5572517975939655,0.577355404231055,0.9999150196613263
CUEDC2,0.9945850660037314,-1.372467358024806,1.1731457071918667,-1.1699035760102223,0.24203977465607052,0.9999150196613263
CUL2,0.6991680423664179,-1.2685558311190395,1.4401112780467669,-0.8808734786381166,0.3783863036411168,0.9999150196613263
CUL3,1.2005099752009694,1.6882563731757458,2.289177339039055,0.7374947953505593,0.4608215071209004,0.9999150196613263
CUL4A,0.7946115303883143,0.9267087179898595,1.189463371022074,0.7790981551567776,0.4359218967951519,0.9999150196613263
CUL4B,0.9568426958166728,0.010968185479744763,1.2332791008660866,0.008893514429979564,0.9929040956864494,0.9999150196613263
CUL5,0.898332209560337,0.14397715308145617,1.160839587241981,0.12402846583095002,0.9012927366000294,0.9999150196613263
CUTA,1.8511719325925786,-0.8146848360260067,1.0657253626740173,-0.764441632487639,0.44460410687060103,0.9999150196613263
CUTALP,1.0762259447579081,-1.8525797646311735,1.3899161367816513,-1.3328716140535064,0.18257393930229748,0.9999150196613263
CUX1,3.530273678717167,-0.3123109191758176,1.0481218846028408,-0.2979719475031855,0.7657245742735049,0.9999150196613263
CUX2,1.7702069574503692,-0.25099921240659784,0.9714133548715115,-0.2583855895617138,0.7961093369619499,0.9999150196613263
CWC15,2.594298415460523,-0.08254697692813376,0.8865241046520246,-0.09311306539209649,0.9258137378496978,0.9999150196613263
CWC25,2.3606335291023037,-0.1879590516446948,0.9004661449607282,-0.2087352786071621,0.8346548983673614,0.9999150196613263
CWC27,0.4317354860756592,-0.4922150410387867,1.6399756602759772,-0.30013557698530485,0.7640737429049792,0.9999150196613263
CWF19L2,1.576704561880989,-0.2600055721831345,1.4051473535504921,-0.18503794034565751,0.8531992772843195,0.9999150196613263
CXCL1,0.497690629033805,2.148438944722739,1.697005365082974,1.2660177680803575,0.20550672101628775,0.9999150196613263
CXCL16,3.1761874138084227,0.7006744976567331,0.7881776813103227,0.8889803838290395,0.37401362226659485,0.9999150196613263
CXCL17,1.1083201545423904,1.900118067947982,1.770809772687492,1.0730221265179962,0.28326118862694893,0.9999150196613263
CXCL2,3.7856981696338434,1.0003273072959395,0.9260426797290023,1.08021728284562,0.28004543395865,0.9999150196613263
CXCL3,1.0064889059245208,2.5663281936256714,1.3697909765349257,1.8735181042859188,0.06099687512233971,0.9999150196613263
CXCL8,4.06732217278244,0.936173912423096,0.8684342670614914,1.0780020410650242,0.28103284527080963,0.9999150196613263
CXCR2P1,0.7345372344803742,0.10787816477657607,1.349042374722167,0.07996647607069673,0.9362639187758655,0.9999150196613263
CXCR3,3.4146356154276094,-1.3521458441873997,0.9184612320391679,-1.4721860836579517,0.14097063433467372,0.9999150196613263
CXCR4,32.51294685942041,0.2660589199350152,0.395639144811855,0.6724787560177815,0.5012789600049548,0.9999150196613263
CXXC1,0.8385098142057337,-1.5593796019554595,1.3221909354967825,-1.1793906311795725,0.23824266402107586,0.9999150196613263
CXXC5,2.434701376894978,0.5350164880356858,1.2786143333034652,0.4184346085448625,0.6756293873692234,0.9999150196613263
CXorf21,0.37519945246526754,0.7411881549878784,1.8765675363254497,0.39497014663230084,0.6928649200553244,0.9999150196613263
CXorf38,0.4378264828454293,0.9920919331949104,1.4964895571360521,0.6629461117614168,0.5073650677051067,0.9999150196613263
CXorf40B,1.2902782219887128,-1.3304641689081915,1.6736057718829567,-0.7949686785623953,0.4266317219962956,0.9999150196613263
CYB561A3,1.465359668907978,-0.20590737552748817,1.305045937179914,-0.1577778755991037,0.87463183298426,0.9999150196613263
CYB5A,2.2029395571815105,-0.2277713054434933,1.0351678604106394,-0.22003320828869147,0.8258452919331682,0.9999150196613263
CYB5B,3.6997018499240886,-0.16760739024425175,0.7730291947104329,-0.21681896542993492,0.828349431243845,0.9999150196613263
CYB5R3,1.7419424408796798,0.20038651373005786,1.2234800251239273,0.1637840500990284,0.8699011482907762,0.9999150196613263
CYB5R4,0.3177690298316336,-0.36765386464284555,1.6061719021343401,-0.22890069497187293,0.8189461003987448,0.9999150196613263
CYBA,1.8457647209453707,-1.104110177948128,1.020065814022077,-1.0823911190540414,0.27907877281201876,0.9999150196613263
CYBB,14.727224419158867,-0.010965775490272306,0.46208576546173474,-0.023731039365202822,0.9810671471399807,0.9999150196613263
CYC1,1.7398946424684985,-1.0958031066781977,1.1836595245764536,-0.9257756000994514,0.3545626099859447,0.9999150196613263
CYCS,10.708775068525679,-0.12396576751323429,0.5765989584025862,-0.21499478226022106,0.8297713865984404,0.9999150196613263
CYCSP45,0.38392008368084246,-1.6607190215146588,1.6266939140847292,-1.020916723874924,0.3072938949663476,0.9999150196613263
CYFIP1,0.502251802700288,0.28630933982811024,1.2699851998977798,0.22544305229002284,0.8216346226559206,0.9999150196613263
CYFIP2,3.2458770630301714,0.1829977786802458,0.8907379031984659,0.20544514612338435,0.8372243509419504,0.9999150196613263
CYLD,3.8216266004807835,0.1842860653031092,0.8977787665236362,0.20526890607660347,0.837362036133694,0.9999150196613263
CYP20A1,0.7365387680687697,-1.5225981072214452,1.3807361623667658,-1.1027437020346518,0.27013848261956375,0.9999150196613263
CYP2B7P,0.6156334042657927,1.8775304260660695,1.7406690822688708,1.0786257107633617,0.2807546149838509,0.9999150196613263
CYP2U1,0.44699791423480284,-1.6308747147950229,1.5243173031529,-1.0699050069311153,0.2846620691527897,0.9999150196613263
CYP46A1,0.37401578311249917,-0.23740359233290093,1.9478687000815613,-0.12187864219131421,0.9029951305735534,0.9999150196613263
CYP4V2,0.5939454084390853,1.044034029541404,1.4851312734529085,0.7029910743944137,0.4820613118852414,0.9999150196613263
CYSLTR1,4.080024367095247,0.4237034818213464,0.8300035103102843,0.5104839636918538,0.6097124465465407,0.9999150196613263
CYSTM1,3.312609870774368,0.20583711990166187,0.7729112370372779,0.26631404751039245,0.7899973552872117,0.9999150196613263
CYTH1,3.9217297506334585,-1.536818760253607,0.8295855929008693,-1.8525138013543683,0.06395207758508796,0.9999150196613263
CYTH2,0.8424535861088129,-0.3241618741291518,1.4942237709632158,-0.216943325644049,0.8282525125675629,0.9999150196613263
CYTH4,2.2519676982507013,0.2571589221889777,1.2219709628878024,0.21044601713059627,0.833319580223779,0.9999150196613263
CYTIP,3.696934666098202,0.05151806063752813,0.7957006662940177,0.06474552909132766,0.948376611873011,0.9999150196613263
CYYR1,2.5036061076799587,-0.12147228511861582,0.8180441911522364,-0.14849110406556273,0.8819552060557487,0.9999150196613263
DAAM1,2.590802718604464,-0.18211737116178733,1.1036452924245752,-0.16501440491056463,0.868932644008477,0.9999150196613263
DAB2,3.9566637949970334,-0.18152704792967506,0.7712876034722893,-0.23535584795146644,0.8139325518331065,0.9999150196613263
DACH1,1.2313589903042552,-0.07659974140728715,1.1901220419086338,-0.06436292977520346,0.9486812465525111,0.9999150196613263
DAD1,3.8755523559534137,-0.688906671257968,0.7870541673292373,-0.8752976603829955,0.3814119668070244,0.9999150196613263
DAG1,0.7648917279127867,-0.16042081256450919,1.6152840075497754,-0.09931430746216051,0.9208887188667576,0.9999150196613263
DANCR,0.6377918265586219,-1.1142123472682939,1.5934656251560844,-0.6992383956567333,0.484403059110486,0.9999150196613263
DAP,1.9642563430364792,-0.38257566797681597,0.9645915504996043,-0.3966193439893427,0.6916481856769295,0.9999150196613263
DAP3,0.9109191011190111,0.23296586441451064,1.52551634808846,0.15271279439674787,0.8786247706487647,0.9999150196613263
DAPK1,0.9572479265894293,-0.5071788584504691,1.179882619156095,-0.429855351893586,0.6673008654300614,0.9999150196613263
DAPP1,1.169003540690601,-2.194688152641656,1.603078333425273,-1.3690461076548264,0.17098486270262103,0.9999150196613263
DARS,1.4233385932519254,-0.9269837278408224,0.9389230519279665,-0.9872840228359201,0.323503420937037,0.9999150196613263
DAXX,0.29517169593622006,1.0185476476490993,1.605788686556935,0.6342974366278707,0.5258867290921997,0.9999150196613263
DAZAP1,1.297179748281428,-0.14735145087597523,1.2476955814146249,-0.1180988801041594,0.9059893107908219,0.9999150196613263
DAZAP2,13.661728014692857,0.0653485852456278,0.42788054566435857,0.1527262361137799,0.8786141700540524,0.9999150196613263
DBI,8.244858844340483,0.6957149166796632,0.5860711053746225,1.1870827793753036,0.2351949702102254,0.9999150196613263
DBNL,6.190616337333037,-0.12554190050139835,0.7198075937238239,-0.17441035854029394,0.8615429741473337,0.9999150196613263
DCAF10,0.8692404914512899,-0.3654349786136419,1.4162843563546879,-0.25802373441038273,0.7963885898599892,0.9999150196613263
DCAF11,0.9298251752510791,-0.7927764415104477,1.0887759426004666,-0.7281355240243053,0.4665306298036722,0.9999150196613263
DCAF12,1.0785485281993323,-1.7160012937682847,1.0944447456256425,-1.5679195323719402,0.11689991276585973,0.9999150196613263
DCAF13,0.45290733757257645,-1.662985229324795,1.7216198765362984,-0.9659421641149558,0.3340731222881347,0.9999150196613263
DCAF16,0.6121017148204876,-0.3055474112967898,1.3420240802956398,-0.22767654901503676,0.8198977048370366,0.9999150196613263
DCAF5,0.8289284747967445,0.9358399722435333,1.1957075238549697,0.7826662905209282,0.4338231024263791,0.9999150196613263
DCAF6,0.8571894767120685,0.6547373389597804,1.6127428994316964,0.40597750527408855,0.6847591287469534,0.9999150196613263
DCAF7,2.3923612765672093,-0.4203260984788081,1.1603988428157042,-0.3622255408828986,0.7171834947983092,0.9999150196613263
DCAF8,1.2061727070292958,0.21835071643514484,1.180846231932969,0.1849103723502753,0.8532993353272595,0.9999150196613263
DCK,6.938135963235342,0.49530416698272495,0.7224879690130155,0.685553515388437,0.49299470307463666,0.9999150196613263
DCP1A,1.2498916457737252,-1.1171488281255686,1.207111251331352,-0.9254729643961469,0.3547199404207195,0.9999150196613263
DCP2,0.813010410185837,0.4291916037092659,1.608600361138028,0.2668105852006821,0.789615003804976,0.9999150196613263
DCPS,1.8083244456830587,-1.3903511197344445,0.9137270364308063,-1.521626332920413,0.12810273554442614,0.9999150196613263
DCTD,2.693442347383483,-0.273026300593237,0.8489080941614604,-0.3216205646653995,0.7477401626150373,0.9999150196613263
DCTN1,0.37849504680491713,-0.607366447072797,2.374507210354809,-0.2557863140714749,0.7981158422370668,0.9999150196613263
DCTN2,1.3412973486752129,-2.746506871064769,1.4076700056315687,-1.9511013661419279,0.05104498874910444,0.9999150196613263
DCTN3,0.918117575207557,-0.33705489433870545,1.214801423655733,-0.27745678246276456,0.781429386169601,0.9999150196613263
DCTN4,1.01537487782901,1.5211848410710649,1.5287132672544672,0.995075318344739,0.31969963380790245,0.9999150196613263
DCTN5,0.915480274785494,-0.4143999708319258,1.474477898537348,-0.2810486147286454,0.7786731127153533,0.9999150196613263
DCTN6,0.981828183865786,-1.351162028183447,1.314770481304464,-1.0276790112011618,0.3041008440014822,0.9999150196613263
DCUN1D1,0.5520347521351829,0.07178165851321557,1.318084198561661,0.05445908432218988,0.9565694061678319,0.9999150196613263
DCUN1D5,0.805662025991458,-1.180691210410734,1.2490593387252589,-0.945264307151093,0.3445239558745036,0.9999150196613263
DCXR,1.0194689912221104,0.019694247760167254,1.450145860037359,0.01358087369201598,0.9891643636476471,0.9999150196613263
DDA1,0.9387698099846057,-1.6823424251098589,1.529917077878387,-1.0996298096383417,0.271493448286071,0.9999150196613263
DDAH2,4.414292197652196,-0.8589776324356189,0.7873989798255193,-1.090905188403928,0.2753146038818288,0.9999150196613263
DDB1,4.194075231448897,-0.8434086281284167,0.9165618348781309,-0.9201873741999731,0.35747485104515275,0.9999150196613263
DDHD1,0.568848246462546,-0.7567070330884249,1.522720808342242,-0.49694404183800295,0.619228512702273,0.9999150196613263
DDI2,0.5088585165044472,-0.8584422043414554,1.6077359639364341,-0.5339447668008974,0.5933797483615213,0.9999150196613263
DDOST,1.7396875509458123,-0.9636087398793464,0.851103570596697,-1.1321874013567745,0.2575556556740559,0.9999150196613263
DDRGK1,1.2283619927249159,-2.220368486829792,1.5768980194133284,-1.4080609268923183,0.1591130296880784,0.9999150196613263
DDX1,0.9840174615173195,-0.3236279986791241,1.320824333250658,-0.24501971271429326,0.8064411679627688,0.9999150196613263
DDX17,12.585728240952044,-0.19287501650304886,0.46758717289367707,-0.41248996483251693,0.6799803345797407,0.9999150196613263
DDX18,4.545879480614634,0.24145055901469947,0.693999689957952,0.34791162374918133,0.7279065554957043,0.9999150196613263
DDX19A,1.4521786938427637,-1.343973038989081,1.374230127620116,-0.9779825168849745,0.32808297106957374,0.9999150196613263
DDX21,11.475829243455742,0.24234937827175,0.4519336915118466,0.5362498588255779,0.5917858791574258,0.9999150196613263
DDX24,13.745141290000126,-0.008145872536104019,0.5284441668723553,-0.015414821558758238,0.9877012389378826,0.9999150196613263
DDX27,2.797490285802669,-0.10569157013774201,0.7598923765234977,-0.13908755160997954,0.8893809649866137,0.9999150196613263
DDX39B,0.865971562092883,-0.7587785332503852,1.5767153792851534,-0.4812400152996529,0.6303459240630573,0.9999150196613263
DDX3X,12.912222213749978,0.46585154460116757,0.5170065449144566,0.9010554105814017,0.3675588590877672,0.9999150196613263
DDX3Y,4.747334570617791,-0.5721081017810673,1.8111649196358937,-0.31587852413577044,0.7520947132324278,0.9999150196613263
DDX42,3.5405931111897337,-0.33260467690385503,0.8597294573393605,-0.38687132802588875,0.6988514684648792,0.9999150196613263
DDX46,1.6920266413619087,-1.1451263034709611,1.0397374373041113,-1.101361038263764,0.27073955546696193,0.9999150196613263
DDX5,19.08443417835541,0.32069044735374846,0.4557659520835338,0.7036296719570917,0.48166342794239636,0.9999150196613263
DDX50,1.2538505151848949,0.2608646384649628,1.0883815900267062,0.23968123023705482,0.810577386966459,0.9999150196613263
DDX54,0.5130404047842649,1.4760745268984907,1.5833162628523307,0.932267647045673,0.3511982232473996,0.9999150196613263
DDX59,0.5476763949656288,0.2246726331375677,1.3170466887681314,0.17058820697367225,0.864547571470956,0.9999150196613263
DDX6,2.209475982717252,0.08702455110476276,0.9703719076834382,0.0896816472279333,0.9285402005562228,0.9999150196613263
DDX60,0.28379133356785635,-0.7615684475805534,1.8646352790643987,-0.40842756550368325,0.6829597992495557,0.9999150196613263
DECR1,1.538036753806055,0.2515217586451145,1.2919953732185403,0.19467698093882393,0.845645833662936,0.9999150196613263
DEDD,0.376333277391236,-0.48792225458709926,1.8675552735919114,-0.26126255082596156,0.7938900439710802,0.9999150196613263
DEDD2,4.8828486280752115,-0.024738214734910568,1.1738600501168808,-0.021074245377417346,0.9831864295431836,0.9999150196613263
DEF6,0.94444623797883,-1.0067664465544406,1.682713028010992,-0.598299549474852,0.5496400771699651,0.9999150196613263
DEF8,1.9646499424088617,-3.849463764994444,1.6639072669850379,-2.313508595926493,0.020694692701719915,0.9999150196613263
DEGS1,0.5939836446174921,0.16369860783442075,1.3005791884651705,0.12586592903089852,0.8998380528363273,0.9999150196613263
DEK,2.3274782083460304,0.1779093240000541,0.8923207035582277,0.19937823171716287,0.8419668872155031,0.9999150196613263
DENND1B,0.804345840377386,0.012187286096346507,1.4053221533597773,0.00867223651687958,0.99308064310713,0.9999150196613263
DENND1C,0.6781217746392237,-0.7198323105507187,1.377106899583875,-0.5227134587505392,0.6011736709370132,0.9999150196613263
DENND4A,1.4563683825149671,-0.29559239942149046,1.1847417231285027,-0.2494994424953067,0.8029744720950585,0.9999150196613263
DENND4B,2.085817394934696,0.06238647232404871,0.9888284212788381,0.06309130176837469,0.9496938006845334,0.9999150196613263
DENND5A,1.7713801415932577,0.5932410848477374,1.2042935242306403,0.4926050609021816,0.622291671406159,0.9999150196613263
DENND5B,1.0259404782353267,-0.7314738546634479,1.404106409287177,-0.5209532908797101,0.6023993103817844,0.9999150196613263
DENR,1.1371598385442596,-0.008124498140042818,1.3496893233836238,-0.006019532050290645,0.9951971373189336,0.9999150196613263
DERA,0.32851395811995243,0.5850733270294487,1.5563151250311882,0.37593500032181726,0.7069652193836884,0.9999150196613263
DERL1,2.543155233241345,-0.40724224918583946,0.8087531976392657,-0.5035432940167301,0.6145823495076488,0.9999150196613263
DERL2,1.19138073190062,-1.3826835920524159,1.375504221232956,-1.0052194465917554,0.31479119320338156,0.9999150196613263
DERL3,4.7589052854014415,-1.0149097542760985,0.8098223882469745,-1.2532498100887002,0.21011480773134783,0.9999150196613263
DESI2,0.7512371555075088,0.663869239956987,1.221294778917779,0.5435782183112734,0.5867317520421926,0.9999150196613263
DFFA,1.5179224956481334,0.2935819482858164,1.068311930035961,0.2748092013499596,0.7834628285249912,0.9999150196613263
DGKA,1.9550273452001383,0.25076959431562745,0.9063035831620398,0.27669491655401723,0.7820143755414374,0.9999150196613263
DGKD,1.358815038374769,-0.007557432456152175,1.1610298821548597,-0.006509248876631545,0.9948064074946351,0.9999150196613263
DGKZ,2.4049671006921725,0.3006054359585445,1.1863081753231566,0.2533957383178768,0.799962420552613,0.9999150196613263
DGUOK,2.027794263309308,0.3316007668857322,1.08713107255374,0.3050237227667322,0.760348084584899,0.9999150196613263
DHCR24,0.27653909817604366,0.3695063109109759,2.4264642183912057,0.15228178850128107,0.8789646880655954,0.9999150196613263
DHRS4-AS1,0.5084568003870562,-0.5978345515126481,1.50703765916991,-0.39669516410223,0.691592266702515,0.9999150196613263
DHRS7,3.414532851186144,-1.3778703839990531,0.8414980758900602,-1.637401704741472,0.1015465622605936,0.9999150196613263
DHTKD1,2.5886470518444926,-0.34204730048532284,0.8224369009348312,-0.41589488518393486,0.677486922433254,0.9999150196613263
DHX15,3.3807775371439877,0.10964127242421673,0.9082576456289446,0.12071604676478448,0.9039159484676333,0.9999150196613263
DHX29,0.6238065605790364,0.8219890901199678,1.458072302124206,0.5637505691058293,0.5729238967602028,0.9999150196613263
DHX36,1.627720705799083,-0.31920455538627335,1.1500397030099172,-0.27755959603033004,0.7813504514975802,0.9999150196613263
DHX40,0.628377821753128,-0.2602712400074972,1.278766287119878,-0.2035330792100387,0.8387183932625173,0.9999150196613263
DHX8,0.6750689944855348,-1.2536119717398593,2.1842320338384935,-0.5739371789803874,0.5660103129342441,0.9999150196613263
DHX9,2.9493198339267668,0.33016475750301405,1.0940132410924353,0.30179228651138224,0.7628104113519381,0.9999150196613263
DIAPH1,2.1814740926796197,-0.6533929372254511,0.973860183766244,-0.6709309489361825,0.5022645193177288,0.9999150196613263
DIAPH2,0.8304358671693057,0.5195281668801066,1.1838388691209893,0.43885040475640136,0.660769934827939,0.9999150196613263
DICER1,1.059514547075388,-1.1548685497920834,1.7992216089150002,-0.6418712092328157,0.5209568092204427,0.9999150196613263
DIDO1,0.5458899940621461,-1.041701503931549,1.6081414143709138,-0.6477673509447243,0.5171354352388584,0.9999150196613263
DIMT1,1.3279140213053893,-0.5156736744298333,1.1903791582559362,-0.43320119547906377,0.6648686104630257,0.9999150196613263
DIP2A,1.1518153297487206,-0.3281545218712902,1.6801007452344043,-0.19531835980794515,0.8451437248139049,0.9999150196613263
DIS3,2.4505456250686035,0.11725390798385578,0.9309508858500768,0.12595069167025713,0.8997709559883502,0.9999150196613263
DKC1,1.2938671354326357,-1.0647300231005015,1.1263855487328354,-0.945262502966506,0.3445248767374459,0.9999150196613263
DLD,0.8178605853490715,-1.0638470666116673,1.3904969923454205,-0.7650840472637224,0.44422149858862703,0.9999150196613263
DLG1,0.7671786915423554,0.6922353858860825,1.2963074625411932,0.5340055549237301,0.5933376908361535,0.9999150196613263
DLGAP4,1.4252701208170426,-0.5525095043438084,1.0901213874365423,-0.5068330102604934,0.6122719924339585,0.9999150196613263
DLST,1.8998982405810034,0.2590788484823417,1.009602724839822,0.2566146486217593,0.7974762656361619,0.9999150196613263
DMAC1,0.5896742769625672,-2.6006994771781424,1.8528426537171467,-1.4036267310452164,0.1604300308317611,0.9999150196613263
DMAP1,0.4110191119993998,0.4212217927077899,1.931951842185025,0.21802913691233153,0.8274064095101703,0.9999150196613263
DMXL1,2.030617134689424,-0.44440349060556855,0.9600165496631416,-0.46291232246100805,0.6434272145434752,0.9999150196613263
DMXL2,0.7047428948063977,-1.5020179021569735,1.2129763524754167,-1.2382911662636182,0.21560811809071745,0.9999150196613263
DNAAF2,0.29994653397763277,-0.31348200088241435,1.3992059978742233,-0.2240427795182977,0.8227240159553477,0.9999150196613263
DNAJA1,16.71281570095159,0.7377310459628911,0.45934419402743765,1.606052836968752,0.10826230120366498,0.9999150196613263
DNAJA2,2.0991118641379334,0.5129700553289339,0.9324126035486784,0.5501534979006247,0.5822140956975951,0.9999150196613263
DNAJA3,0.696875611675887,0.8725269803764334,2.093005015625245,0.41687763472262046,0.6767679132353728,0.9999150196613263
DNAJA4,1.933530354179149,2.098243976599423,1.805062432462969,1.162421830327727,0.24506416008389253,0.9999150196613263
DNAJB1,11.8524019824197,0.7119586004355589,0.9066059566166044,0.7853010398172796,0.4322770863079084,0.9999150196613263
DNAJB11,0.7392757319487643,0.3772246113695744,1.3111817536271602,0.28769818549262677,0.7735777790951732,0.9999150196613263
DNAJB12,1.4364913247831945,0.9955575273798267,1.1135038200546123,0.8940764364247974,0.37128099582968377,0.9999150196613263
DNAJB14,1.0592186399727703,-1.3840572322757745,1.2406492981053792,-1.1155910331706118,0.2645972320924207,0.9999150196613263
DNAJB2,0.9958849646325046,-0.7755825455834112,1.4998695652129468,-0.5170999956074823,0.6050863566915538,0.9999150196613263
DNAJB4,2.1653541652639374,1.107356334619897,1.199480537890753,0.9231965835536996,0.3559047689471896,0.9999150196613263
DNAJB6,3.3772141312037425,0.7909482712739668,1.0497659332348463,0.753452027955094,0.45117832826298243,0.9999150196613263
DNAJB9,9.385536761488943,0.29742370678780683,0.5508615795436512,0.5399245796633715,0.589249046070007,0.9999150196613263
DNAJC1,1.393489424224967,-0.5528696115263291,1.290404335231179,-0.42844680262739604,0.668325856132594,0.9999150196613263
DNAJC10,2.7474132350019027,0.23285100437687575,1.0157525025666094,0.22923990222864965,0.8186824607142515,0.9999150196613263
DNAJC13,1.775202753480122,-0.23999065047828663,0.9769421118625581,-0.2456549344778884,0.8059493603533193,0.9999150196613263
DNAJC15,2.3686559596854004,-1.24236248281211,0.9861725327450348,-1.259782078247469,0.2077479866358758,0.9999150196613263
DNAJC19,1.0688026084718212,0.23747473812158623,1.035659649008274,0.22929805013547366,0.8186372688806641,0.9999150196613263
DNAJC19P9,0.5475071374002476,0.5735574687234286,1.6562447441719974,0.3462999479646143,0.7291173077165047,0.9999150196613263
DNAJC21,1.9607406348579834,-0.591618601730817,1.0113091135963044,-0.5850027392979472,0.5585458748651404,0.9999150196613263
DNAJC3,1.8621262775865715,-0.28921065521876305,1.213243913939923,-0.23837799794072087,0.8115879307270017,0.9999150196613263
DNAJC30,0.28194937029750133,-0.04776647025770969,1.8055683158837121,-0.026455088870082997,0.978894354938648,0.9999150196613263
DNAJC4,0.8129810738492451,-3.4290750804883756,1.6668534980916747,-2.057214436910148,0.03966560344144809,0.9999150196613263
DNAJC5,1.3339060876311182,-0.8586808503092239,1.3008925680696093,-0.6600705326370017,0.5092085676558218,0.9999150196613263
DNAJC7,0.5372223637794457,-0.7608715140520349,1.483324055771725,-0.5129502963910191,0.6079860892842398,0.9999150196613263
DNAJC8,3.44190817330363,-0.4430792134867407,0.7543574148934733,-0.5873597909146424,0.5569620926703298,0.9999150196613263
DNAL4,0.698396525093213,-1.2023941091344725,1.477695516039611,-0.8136954440770201,0.41581944478281596,0.9999150196613263
DNASE1L3,2.0361047726211416,-0.6478941582668403,1.0744737539003488,-0.6029874214376844,0.5465170571026268,0.9999150196613263
DNASE2,0.7615041756444442,-0.7397233723746159,1.1994249305309599,-0.6167316966199428,0.5374117107712832,0.9999150196613263
DNM1L,0.5171461010300902,0.4376288234272689,1.2945672156301096,0.3380502905863101,0.7353252898638479,0.9999150196613263
DNM2,2.5656505931801834,-0.006132458389137874,0.92605179299312,-0.006622154868160203,0.9947163234889315,0.9999150196613263
DNMT1,0.8711902678165138,-0.13784237560087875,1.1762669103828955,-0.11718630727783429,0.9067124173638115,0.9999150196613263
DNMT3A,0.7558689890489545,-0.9168343577951695,1.511799280554407,-0.6064524368995255,0.5442143571461329,0.9999150196613263
DNTTIP1,0.316678118330931,-0.6202491357953047,1.5435633832510454,-0.4018293919935695,0.6878095895101894,0.9999150196613263
DNTTIP2,3.494903284873279,-0.14856995007845078,0.6951084117846517,-0.21373637199556514,0.8307526459435174,0.9999150196613263
DOCK10,2.0015606584939576,-0.32449784497348155,0.8268762431255812,-0.39243822479030727,0.6947344472548865,0.9999150196613263
DOCK11,1.116178820431279,-0.30642128019447784,1.1017246722682699,-0.2781287266296822,0.7809135447071904,0.9999150196613263
DOCK2,3.3497907661938497,0.31209849809278395,0.7048490100285281,0.4427877370220781,0.657919274092645,0.9999150196613263
DOCK8,3.576669091263292,0.19098412084015845,0.712704043981747,0.2679711479861474,0.7887215273490961,0.9999150196613263
DOPEY2,0.5039190981445123,-0.07868181625898497,1.5585336638609768,-0.050484515081994086,0.9597362888437407,0.9999150196613263
DPF2,1.1444557477317305,-0.39942844812297096,1.2959507827374406,-0.308212667829296,0.7579205138364368,0.9999150196613263
DPH3,0.8512082309078386,2.0293733240298044,1.607562907010461,1.2623912353164284,0.2068080414854795,0.9999150196613263
DPM1,1.301396358084287,0.7123929671991642,0.9678556412840551,0.7360529161704651,0.4616984950938987,0.9999150196613263
DPP3,0.4723415665039291,0.11263277089961747,1.2774261506171416,0.08817164956675035,0.9297402499058591,0.9999150196613263
DPP4,2.402959888716685,1.0342601081457423,0.8563608203684799,1.2077387049313104,0.2271477851665339,0.9999150196613263
DPP7,1.2480399952560293,-1.231636301049453,1.2681052920389808,-0.9712413541537315,0.33142810510146403,0.9999150196613263
DPP8,0.5774610473922644,1.0290194284738865,1.4752844370751348,0.69750578438555,0.48548632068983166,0.9999150196613263
DPPA4,0.664938445549304,-0.8353219792989409,1.5315661252020414,-0.5454037965149867,0.5854758298943887,0.9999150196613263
DPY30,0.7831036886448435,0.11685927380199398,1.346042904537362,0.08681690116122916,0.9308170531642157,0.9999150196613263
DPYSL2,5.609557934441704,0.33644336420003107,0.8284115676627489,0.40613069316410016,0.6846465746589845,0.9999150196613263
DR1,1.2986361587148256,0.10812411488855041,1.3381704037342932,0.08079995984578621,0.9356010400052384,0.9999150196613263
DRAM2,1.4156968929820566,-0.5804790960096109,1.0338556464359523,-0.5614701607624984,0.5744770664636301,0.9999150196613263
DRAP1,1.8751056275880684,-0.0040397629929700045,1.2018847861985444,-0.0033611898905446824,0.9973181635301268,0.9999150196613263
DRD4,2.0457400476645424,0.25418789481701615,1.3543929610695453,0.18767662127857448,0.8511301581144072,0.9999150196613263
DRG1,0.277925584025741,0.0794270578381155,1.9722951553898944,0.04027138515300663,0.9678767666056639,0.9999150196613263
DROSHA,1.268845254534009,-0.14187456614344202,1.424975924636152,-0.09956278116043803,0.9206914432874888,0.9999150196613263
DSCR3,0.5315601911046515,0.2672102532328997,1.919332235918615,0.13922042689238207,0.8892759673656664,0.9999150196613263
DSE,0.4784325632736992,1.7072469669876682,1.532109164399694,1.114311569082348,0.2651455455082712,0.9999150196613263
DSG2,1.029359716191826,0.2320626657701729,1.4281971207573323,0.16248644000004472,0.8709228056924206,0.9999150196613263
DSN1,1.0172607556648638,0.2597217837653542,1.702042671650611,0.15259416705074766,0.8787183251472075,0.9999150196613263
DSTN,6.218984433448138,-0.002607433071843772,0.5864725072941811,-0.004445959596424619,0.9964526491665485,0.9999150196613263
DTNBP1,0.5521556586580468,-0.17568584732052092,1.3344870249040632,-0.13165047246012082,0.8952607616759373,0.9999150196613263
DTX4,0.3014929228989931,-0.4373705079289936,1.58575875375578,-0.2758115046775597,0.7826928468842113,0.9999150196613263
DUSP1,8.779240509529037,0.6679616495953835,0.7125872989947817,0.9373751827146656,0.34856560205028553,0.9999150196613263
DUSP10,0.9165990272776718,2.3742928390421967,1.480558638275012,1.6036466085588261,0.1087919708675923,0.9999150196613263
DUSP16,0.4546399771727924,-0.11833827029517395,1.3565381069559457,-0.0872354928242477,0.9304843276880441,0.9999150196613263
DUSP2,7.116308535985565,-0.9337902708353896,0.7533251788605857,-1.2395580249259155,0.21513891428519838,0.9999150196613263
DUSP22,3.1180908978862436,-1.1687410985635187,0.9467535843921577,-1.2344723250389205,0.21702695305953823,0.9999150196613263
DUSP3,1.824734202621948,-0.6319569911950701,0.8937080837396408,-0.7071179087367131,0.4794932076310331,0.9999150196613263
DUSP4,1.834679906040287,-0.3127788090574262,1.0241670790877815,-0.3053982259769726,0.7600628727605276,0.9999150196613263
DUSP5,22.438207521105454,0.2908794519262019,0.41579965344690384,0.6995663645095996,0.4841981543181695,0.9999150196613263
DUSP6,0.4442296197822673,-0.8651218736322194,1.4931888030650105,-0.5793787576336077,0.5623336341881584,0.9999150196613263
DUSP7,0.720546958500307,0.6949019933286028,1.5854465010228826,0.4383004994998399,0.6611684638907808,0.9999150196613263
DUT,3.2241750961799363,0.11077911346751022,0.7840285903719275,0.14129473698779124,0.8876371071804157,0.9999150196613263
DVL3,1.0846742069391633,0.9150623072865947,1.4262442529571775,0.6415887779314817,0.521140221276297,0.9999150196613263
DXO,0.9368069401913866,-0.892732268773672,1.1781776861503714,-0.7577229472836342,0.4486168585535514,0.9999150196613263
DYM,0.7362219506548426,0.9066098249441839,1.2820228743687159,0.7071713329534856,0.4794600110785161,0.9999150196613263
DYNC1H1,1.2716127067978842,0.235434307649326,1.3806997045518692,0.17051811257230653,0.8646026911818387,0.9999150196613263
DYNC1I2,1.2012181388847796,-1.3074031657683332,1.4616292186076576,-0.8944834634694567,0.37106327362416935,0.9999150196613263
DYNC1LI1,0.5073074503362278,-0.6199268773670112,1.917351361346592,-0.32332460803200147,0.7464494194719181,0.9999150196613263
DYNC1LI2,0.6065805022562815,0.9855414122097915,1.6280442698528532,0.6053529565869036,0.5449445016613469,0.9999150196613263
DYNLL1,5.118546482385192,0.6615853816964232,0.7014870121289136,0.943118504344942,0.34562029183204146,0.9999150196613263
DYNLL2,1.8375169229320487,1.1624104728315545,0.9785279522051036,1.1879174940399744,0.2348659167207915,0.9999150196613263
DYNLRB1,3.348847374988712,0.42073104949288975,0.7929494755221622,0.5305899839530579,0.595702937975839,0.9999150196613263
DYNLT1,1.9567738693032277,0.7007061814472081,1.3923757530786305,0.5032450327419898,0.614792007095514,0.9999150196613263
DYNLT3,0.7095180656014332,-1.1377963984740462,1.5109162141543555,-0.7530506243927361,0.4514194934628809,0.9999150196613263
DYRK1A,2.122419221588332,1.206491476621844,0.9443604501908847,1.2775751847485508,0.20139925494044153,0.9999150196613263
E2F4,0.902421339988089,1.3831511124746445,1.2567907486953758,1.1005420861909099,0.27109600299590597,0.9999150196613263
EAF1,0.6094040802429147,-0.9155349511798514,1.6663508988336777,-0.549425065165241,0.5827137766468318,0.9999150196613263
EAF2,1.2869382208395148,-0.6911218960643133,1.1211279729558772,-0.6164522808597452,0.5375960571825573,0.9999150196613263
EAPP,0.9150785586681027,-0.2210311974326603,1.6672439258111287,-0.1325728011425363,0.8945312440576968,0.9999150196613263
EBAG9,0.6419949579033719,-1.5783664679727987,1.3903621175380052,-1.1352197014456231,0.2562832767431622,0.9999150196613263
EBLN3P,4.740242014739179,0.22605109777780302,0.6970285351210037,0.32430680580180365,0.7457057676170297,0.9999150196613263
EBNA1BP2,1.6973356336877599,-0.3992746589991896,1.0021848940544886,-0.3984041880574196,0.6903322712730723,0.9999150196613263
EBP,0.5813195203316124,0.47783525545530386,1.3225456018816475,0.3612996442432422,0.7178754596332699,0.9999150196613263
EBPL,0.4104318801778772,-0.3996020150320792,1.576192679767946,-0.25352358259328445,0.7998636400076667,0.9999150196613263
ECD,0.6091306038710231,0.9022016297002348,1.3675067975451276,0.6597419708039602,0.5094194278997419,0.9999150196613263
ECH1,2.3550808939817744,0.13206158677337523,0.8183387037023777,0.1613776620559362,0.8717959591650095,0.9999150196613263
ECHDC1,2.0835246314905422,0.24389145439675025,0.9563993641235051,0.25501005494735485,0.7987153331968974,0.9999150196613263
ECHS1,0.6960539269169863,-1.272327842524737,1.3683111567647153,-0.9298527138615718,0.35244734874539574,0.9999150196613263
ECI2,0.7652375189951847,-0.061100531345815376,1.3809503257899625,-0.0442452782006212,0.9647088905860102,0.9999150196613263
EDEM1,6.160375095624451,-0.0005095559846501143,0.7169915497577596,-0.0007106861786896531,0.9994329545181809,0.9999150196613263
EDEM2,0.637714593831416,-0.6305492274935159,1.5566071880089376,-0.40507922123888807,0.6854192795566124,0.9999150196613263
EDEM3,0.6075358639071455,1.1502623712259115,1.4627762189971951,0.7863556682747227,0.4316591475597942,0.9999150196613263
EDF1,3.0326846110240493,-0.7352244062607718,0.9755583109539787,-0.7536447570640966,0.45106256159534996,0.9999150196613263
EEA1,0.40787257285341233,0.468331083430896,1.4800501023107695,0.31642920918670325,0.751676749337674,0.9999150196613263
EEF1A1,24.813356340222555,0.07379792201835753,0.35692661016008803,0.2067593727048197,0.8361977863813821,0.9999150196613263
EEF1A1P13,1.6246839445043504,-0.9695303179306218,1.1424997434855773,-0.8486044075360101,0.39610145361106275,0.9999150196613263
EEF1A1P5,8.986676031173365,-0.32594169900993253,0.6202197321695492,-0.5255261677498999,0.5992174672618436,0.9999150196613263
EEF1A1P6,0.3585497780860343,0.17547382702988606,1.607174138932615,0.10918158946137899,0.9130584624866844,0.9999150196613263
EEF1B2,8.80432935765372,-0.3561440890943474,0.5075256414947871,-0.7017262971096713,0.48284986997745616,0.9999150196613263
EEF1B2P3,5.229444407810982,0.10859178540072766,0.6501609161819836,0.1670229364730565,0.8673520017240923,0.9999150196613263
EEF1B2P6,4.5220516381599785,0.3108542402064401,0.7431808465590392,0.4182753654722256,0.675745798713793,0.9999150196613263
EEF1DP1,0.5250137169142237,-0.615382114558855,1.3340460922306114,-0.46128999450828295,0.6445905624171899,0.9999150196613263
EEF2,13.47058423233175,-0.03152117710316381,0.4796287130352294,-0.06571995430317061,0.9476007855197978,0.9999150196613263
EEF2K,0.7769810285489098,-0.013782677746403219,1.372193345162879,-0.010044268028983349,0.9919859683676976,0.9999150196613263
EFCAB14,4.975871551391861,-0.015615710837922904,0.632011034780068,-0.02470797182102521,0.980287896429206,0.9999150196613263
EFHC1,0.8025996408794833,0.3210971374343022,1.8989428752660564,0.1690925733557488,0.8657238264201653,0.9999150196613263
EFHD2,4.701588440741177,-1.2837447098261392,0.8343891343885147,-1.5385443756610475,0.12391556710246948,0.9999150196613263
EFNA1,1.2124726909271368,1.2640925869000887,1.154610622775892,1.0948215458653778,0.2735948252076541,0.9999150196613263
EFR3A,1.868864639272888,-0.21846614525308683,1.0134196469453862,-0.21557322863394232,0.829320425591769,0.9999150196613263
EFTUD2,1.3053610942195242,0.10183981209521617,1.1056450003676834,0.09210896088830431,0.926611468961553,0.9999150196613263
EGLN1,0.9838134843897307,0.324840818207515,1.1307828602716754,0.2872707304119118,0.7739050322980842,0.9999150196613263
EGLN3,14.783363539740925,0.10744430574988577,0.5919543039273271,0.1815077701725376,0.8559690347345478,0.9999150196613263
EGR1,3.3379364880996665,1.3989464294392675,0.9920448399802972,1.410164513800658,0.15849111139780003,0.9999150196613263
EHD1,1.4669211553374286,0.549549252038302,1.3300094852693873,0.4131919795496746,0.679465963903997,0.9999150196613263
EHD4,0.6378505978623703,0.2877621627434964,1.7229042239145798,0.16702156669491308,0.8673530795103959,0.9999150196613263
EHMT1,0.4050606046052187,0.5120628370683374,1.5468574351646946,0.331034279842226,0.7406185923629425,0.9999150196613263
EI24,1.8760063461377807,-0.26265644541984734,0.8824838068888832,-0.2976331615033469,0.7659831617666336,0.9999150196613263
EID1,5.4190015844655735,-0.3673185545262321,0.7227449323087813,-0.5082270910608074,0.6112940940491354,0.9999150196613263
EID2,0.39407386327117183,0.3765961376216438,1.587584566747685,0.23721327701814085,0.8124913366660399,0.9999150196613263
EIF1,21.773822118129342,0.25018200760390136,0.37293005567145526,0.6708550405074009,0.5023128800259986,0.9999150196613263
EIF1AD,0.9526980030220484,0.23320124068027218,1.2371311711673456,0.18850162869974862,0.850483438885316,0.9999150196613263
EIF1AX,2.452567288527564,0.6413549906705687,0.9216948849912909,0.6958430616403267,0.4865271183799632,0.9999150196613263
EIF1AXP1,1.3341208354353358,0.17235668130456344,1.148227366449468,0.1501067526700067,0.8806803924903284,0.9999150196613263
EIF1AY,1.3603432842584273,-0.8518091114238131,1.7075676020858992,-0.4988435657734872,0.6178895935190009,0.9999150196613263
EIF1B,2.2883999066316685,0.5945468599696241,0.95176580452209,0.624677685565898,0.5321826214361174,0.9999150196613263
EIF1P3,1.4817340108629162,-0.7674720807126482,1.1103205901992856,-0.6912166517374038,0.48942940095376686,0.9999150196613263
EIF2A,2.3178996232220146,0.5691034999727008,0.97007806842478,0.5866574232492601,0.557433808188563,0.9999150196613263
EIF2AK1,2.990364930459251,-0.46407329051961094,1.036104828233016,-0.44790187042275087,0.6542240184484013,0.9999150196613263
EIF2AK2,4.261419207796891,0.32810253364807546,0.871536310699213,0.3764645599043906,0.7065715579695496,0.9999150196613263
EIF2AK4,1.9452463843415702,-0.3863972571900814,1.106882531064259,-0.34908605596888714,0.7270247046181075,0.9999150196613263
EIF2B1,0.7664995836666526,0.16734413834564738,1.269517960022229,0.13181707042783167,0.8951289841245836,0.9999150196613263
EIF2B3,0.5041374397663012,-0.019152306611473748,1.4939245072508067,-0.012820130146146918,0.9897712962806965,0.9999150196613263
EIF2B4,0.8159198135329555,0.6195163552940707,1.224089516739625,0.5061037994542742,0.612783783450193,0.9999150196613263
EIF2S1,1.018873288665589,0.10414035513637403,1.2602065939424503,0.0826375259714994,0.9341397618969975,0.9999150196613263
EIF2S2,4.347336671669809,-0.4039486071388916,0.8232454493856107,-0.4906782144260366,0.623654057300108,0.9999150196613263
EIF2S2P4,0.9944594822340083,-1.106734901145803,1.2904497603921068,-0.8576350161896412,0.3910940333239168,0.9999150196613263
EIF2S3,3.0726445045068393,0.8073115111248533,0.9007135087928083,0.8963022129054796,0.37009137755548815,0.9999150196613263
EIF3A,5.41662793193451,-0.28547282220757286,0.8072770086947746,-0.35362436825635896,0.7236204096760939,0.9999150196613263
EIF3B,1.3352153407536096,-0.7643700628998198,1.235066368271852,-0.6188898690273245,0.5359889129902353,0.9999150196613263
EIF3D,4.672786545294754,0.16138155075993457,0.7330839893821188,0.22014060202836416,0.8257616544808059,0.9999150196613263
EIF3E,3.6442115967365587,0.03342359699695453,0.7972138511857747,0.04192550963237821,0.9665580805272548,0.9999150196613263
EIF3F,4.137234642370346,0.12239284731563525,0.7693676723939864,0.15908238896338622,0.8736039630919543,0.9999150196613263
EIF3G,3.388031409533072,-1.591687336942919,0.9942293299381053,-1.6009257512469561,0.10939336524869042,0.9999150196613263
EIF3H,9.881023512920883,-0.16985646015547815,0.4823474404021089,-0.35214545766818484,0.7247291787020629,0.9999150196613263
EIF3I,4.376361438923673,-0.3445524482753812,0.8172913976494357,-0.421578459367526,0.6733327317432563,0.9999150196613263
EIF3J,2.0132381174421474,-0.7431451470690089,0.9576317070823912,-0.7760239574075333,0.43773484047413824,0.9999150196613263
EIF3K,5.484376525669232,-0.19732838590288007,0.6022555427607369,-0.32764893287378904,0.7431771192999688,0.9999150196613263
EIF3L,0.5001807987141382,-0.3069635101030714,1.9847943930722431,-0.1546575862842527,0.8770912688197865,0.9999150196613263
EIF3M,1.7537878759322598,-0.3931786498786623,1.5045867106975355,-0.26132003365653966,0.7938457185486548,0.9999150196613263
EIF4A1,0.9658967353385477,-1.9308913098554028,1.303766633389,-1.4810099142024062,0.13860393161444542,0.9999150196613263
EIF4A1P10,1.1195227541578852,-2.1846518736373497,1.3626289734144301,-1.6032624553425734,0.10887672181395047,0.9999150196613263
EIF4A1P2,0.4831030606103213,-1.70567185249741,1.4665570701692678,-1.163044989650859,0.24481124940383203,0.9999150196613263
EIF4A2,8.691144934278062,0.04701960626536359,0.569519969264041,0.08256006602564685,0.9342013555199453,0.9999150196613263
EIF4A3,9.876134082777234,0.12532452781090084,0.5357941526955966,0.23390424695825687,0.8150593160671944,0.9999150196613263
EIF4B,5.999683056216664,-0.4119335967811664,0.6643488768335023,-0.6200561348798733,0.5352208301769157,0.9999150196613263
EIF4BP6,0.8933498949661237,-1.9889083646086758,1.3002414440402768,-1.5296454160301836,0.12610452134069577,0.9999150196613263
EIF4E2,0.7249671720562021,-0.41472934065812556,1.4923370392473188,-0.27790594869058544,0.7810845573198382,0.9999150196613263
EIF4EBP2,1.4478949746058696,0.375003281215328,1.291559302879759,0.29034925487292157,0.7715490609827172,0.9999150196613263
EIF4G1,2.935758444973246,-0.856226269174787,0.8572132760051336,-0.9988485866260186,0.3178680453128452,0.9999150196613263
EIF4G2,13.00339140150656,0.2927403571608486,0.47934243546157584,0.6107123749203605,0.5413900120595598,0.9999150196613263
EIF4G3,2.402799921017742,0.17927490445360997,1.0262403289166566,0.1746909563014935,0.8613224743298409,0.9999150196613263
EIF4H,4.362115776576621,-0.26408441809022043,0.7395168515525854,-0.3571039896329421,0.7210139578449566,0.9999150196613263
EIF5,8.756928576081666,0.4310230542920703,0.695002527599184,0.6201748010629484,0.5351427097620081,0.9999150196613263
EIF5A,4.637923449275335,-0.621757510306432,0.7270679984760808,-0.8551573052446575,0.3924640686363523,0.9999150196613263
EIF5B,1.343648063596448,0.04868029778113467,1.1335465288105382,0.042945125359976404,0.9657452770754059,0.9999150196613263
EIF6,1.336306585007935,-0.020595338769895017,1.0877529746008363,-0.01893383815149089,0.9848938854333177,0.9999150196613263
ELAC2,1.6033488764972648,0.6605259766844711,1.4689231327930232,0.44966680824784977,0.6529507078039727,0.9999150196613263
ELAVL1,1.5590277272927193,0.5601815189125635,1.12341036096087,0.4986437177181023,0.6180304009741395,0.9999150196613263
ELF1,4.1011681591928415,0.03679009163383285,0.728714476687987,0.05048629169691277,0.9597348731154638,0.9999150196613263
ELF2,1.1165953013031376,-0.8047597999172328,1.290293013707774,-0.6237031367043386,0.5328225627316059,0.9999150196613263
ELF3,2.200608169551406,1.2205360137873293,1.3470048933247554,0.9061110466902104,0.3648770789394593,0.9999150196613263
ELF4,0.6269530997250238,0.7952304221136586,1.4827993279390679,0.5363034681293952,0.591748834099665,0.9999150196613263
ELK3,1.0902544696398924,0.7064967622464929,1.3191315949139417,0.5355771668046384,0.5922508127533944,0.9999150196613263
ELK4,1.2432049176008853,0.26734524716836056,1.0730276687598508,0.24915037603582413,0.8032444633366154,0.9999150196613263
ELL,0.8786287538871822,0.24237660474194922,1.184637471499495,0.20459981266264762,0.8378848017787655,0.9999150196613263
ELL2,3.8763389418881604,0.3910836990689515,0.798737233444759,0.48962748034457193,0.6243975270132762,0.9999150196613263
ELMO1,2.6126942273664406,-1.0178742925405933,0.875987560405046,-1.1619734555019716,0.24524624743388135,0.9999150196613263
ELMO2,1.308545469283651,0.1969270242306296,1.1325317823467795,0.17388211730585307,0.8619581068533998,0.9999150196613263
ELMOD2,0.8544764541380698,-1.1851094763667456,1.4737130160523622,-0.8041657116806232,0.4213012783454503,0.9999150196613263
ELMSAN1,1.4172475964821554,-1.628405910849644,0.9694157546370876,-1.6797807370680264,0.09299998437656966,0.9999150196613263
ELOA,0.6335980497075899,-0.9468068801125151,1.8878185717380946,-0.5015348902097091,0.6159947292367939,0.9999150196613263
ELOB,2.2499483191946568,-1.5245781364714122,1.0921382361529814,-1.3959571105592687,0.16272741101257504,0.9999150196613263
ELOC,4.107523741851777,-0.7487042631553609,1.0738629859233455,-0.6972065086232564,0.48567356631867664,0.9999150196613263
ELOF1,1.9226617688504115,-0.555784258834587,1.5375003401221734,-0.36148561683597613,0.7177364552257559,0.9999150196613263
ELOVL1,0.7977785126758613,0.028112721128305918,1.8731471276837144,0.015008282431647207,0.9880255727023548,0.9999150196613263
ELOVL5,2.8279977987415035,1.1151634145610498,0.9043062174687384,1.233170128678896,0.21751229753615353,0.9999150196613263
ELP2,0.7624692245426491,0.14024924173746223,1.520861797413184,0.09221695355620775,0.926525668449319,0.9999150196613263
ELP3,0.5039237753913715,-0.2590705170487819,1.259314020892127,-0.20572352308540998,0.8370068828016031,0.9999150196613263
ELP4,0.8033761681531701,1.167710044891559,2.096723977770215,0.5569212053049413,0.5775812656950392,0.9999150196613263
ELP5,0.25807487422252945,-1.2109831891870453,1.8641328811042481,-0.6496227825077043,0.5159359131274475,0.9999150196613263
EMB,7.492737643476476,-0.015494400347241012,0.5822099482628027,-0.026613080716798444,0.9787683400522338,0.9999150196613263
EMC1,0.9028292439276093,-1.2915369307148166,1.5818600549130646,-0.8164672511348019,0.41423294655780607,0.9999150196613263
EMC10,0.8663076166802323,0.0658684737060991,1.4583724557992728,0.045165741744621304,0.9639752004979228,0.9999150196613263
EMC3,2.0817139987927282,-0.4924306544638401,0.9291225276403349,-0.529995387922034,0.5961151285107792,0.9999150196613263
EMC4,0.5673408540899847,-0.3121662247633825,1.488053794614353,-0.20978154546105246,0.8338381771635917,0.9999150196613263
EMC7,2.388570430696723,0.9354507070165308,1.0216857532548784,0.915595332553458,0.35987918030116806,0.9999150196613263
EMC8,0.4025832072548188,0.48305113002141525,1.988352738667672,0.24294035994090843,0.8080515992566345,0.9999150196613263
EMD,5.6671440796679144,0.015424223264628747,0.69694220812843,0.02213128016173534,0.9823432346215801,0.9999150196613263
EMILIN2,0.4711687450291616,0.6574115227500197,1.8928598336527562,0.3473112541467882,0.7283574968280091,0.9999150196613263
EML2,0.4081681472024071,-0.04475519905464637,1.559338429898134,-0.028701401951319875,0.9771027382341594,0.9999150196613263
EML4,2.221814729147795,-0.392204431403981,0.9333089259262948,-0.42023002299557366,0.6743174241864927,0.9999150196613263
EMP2,0.4266713677047203,2.038266283673637,2.3901424016914583,0.8527802704270653,0.3937811669560879,0.9999150196613263
EMP3,4.297941749195227,-0.7050329105177238,1.0741258784642593,-0.6563782929480766,0.5115807536070178,0.9999150196613263
ENO1,5.658429835510702,-0.7149285919230413,0.7421095720531321,-0.963373360008157,0.33536019032488684,0.9999150196613263
ENO2,0.28672420833891404,-1.1906904027849003,1.851717444056524,-0.6430194879929826,0.5202114546996981,0.9999150196613263
ENOPH1,0.3448719750266578,-0.2887582026710611,1.528361885857479,-0.1889331351056657,0.8501452231808372,0.9999150196613263
ENPP2,2.745881741200927,-0.45525219165090125,1.0724007274743617,-0.4245168620158225,0.6711889106226636,0.9999150196613263
ENPP4,0.5040446819142355,-0.5245551521915168,1.4514923742853039,-0.36139022256303693,0.7178077560941436,0.9999150196613263
ENSA,7.842299916690432,-0.5531956223223844,0.5799099790374584,-0.9539336143871591,0.3401172469707491,0.9999150196613263
ENTPD4,2.1742156471036846,0.20424383421484515,1.049818572909553,0.1945515534639353,0.8457440329536459,0.9999150196613263
ENTPD7,2.563086690427128,-0.4951444276969537,0.8854098788939694,-0.5592262290042156,0.5760073346880622,0.9999150196613263
ENY2,3.670541113352053,-0.09169422454082317,0.7498079788844317,-0.1222902758080093,0.902669132977694,0.9999150196613263
EP300,3.2146142618274802,0.08694683814813335,0.8827436564946811,0.09849613475943142,0.9215383410521822,0.9999150196613263
EP400,0.9019940381239441,-1.6670247032385672,1.5388123552281219,-1.083319026894243,0.2786668427771124,0.9999150196613263
EP400NL,4.745619271381681,0.18045771742675107,0.6822292503745666,0.26451184455617194,0.7913855391032832,0.9999150196613263
EPB41,1.0359911608305685,-0.39871742802750043,1.1142464933205987,-0.35783592806226466,0.720466101756791,0.9999150196613263
EPB41L1,0.32427650747326237,0.3666126591724822,1.677685655091478,0.21852285501749263,0.8270217528481449,0.9999150196613263
EPB41L4A-AS1,1.062202094145352,-0.12317479992037546,1.1451114100256425,-0.10756577817840204,0.9143401444960558,0.9999150196613263
EPC1,3.084459368886484,0.5223239225124311,0.8790135741099915,0.5942159915349299,0.552367658311304,0.9999150196613263
EPC2,1.0455365223346555,-0.2631897231509006,1.3027326273811146,-0.2020289640553421,0.8398940809870119,0.9999150196613263
EPCAM,1.0014394577662713,1.5412720121705736,2.172494188419734,0.709448163491609,0.47804640837996637,0.9999150196613263
EPG5,0.8789856336174213,-0.38743515789138344,1.438327146411146,-0.26936511548022685,0.7876487281747646,0.9999150196613263
EPHA2,1.4643626479363365,-0.17728305017058094,1.1841913956159373,-0.14970810531718998,0.8809949131362532,0.9999150196613263
EPHB1,2.984420703723923,-0.862101256014364,0.798442238891549,-1.0797290198614629,0.28026286718711746,0.9999150196613263
EPM2AIP1,0.43794738936829325,0.5986913391234436,1.474896494374687,0.40592091811654296,0.68480070766774,0.9999150196613263
EPN1,1.6439345787326238,0.1104009897419846,1.0943279338004037,0.10088474060840415,0.9196419565320242,0.9999150196613263
EPRS,1.6533621876619256,-0.6560230672814035,0.9396475553228855,-0.6981586484902611,0.48507798372181277,0.9999150196613263
EPS15,2.5291391469142437,-0.09242231716835497,0.9333540425123561,-0.09902171411780375,0.9211210294595615,0.9999150196613263
EPS15L1,0.594218884810977,-0.6853752533863882,1.6015616037732099,-0.42794186110086163,0.6686934490338683,0.9999150196613263
EPSTI1,1.6934239482038924,0.6190569065924872,1.1746381815722784,0.5270192271154224,0.5981802365500808,0.9999150196613263
ERAP1,1.4958018254380971,0.9046797105654717,1.3993546078303094,0.6464978251425291,0.51795700515413,0.9999150196613263
ERAP2,1.2344372235999854,-0.044872616932384916,1.1165922951402947,-0.04018710959020801,0.9679439543859563,0.9999150196613263
ERBIN,1.5204606268171483,0.1629286433640213,1.1760441051872215,0.13853956892040517,0.8898139996292579,0.9999150196613263
ERC1,1.111466976288571,-3.998615548605894,1.7511014970925265,-2.2834858831684337,0.02240176346938114,0.9999150196613263
ERCC1,1.2460597992743447,-0.31421184617806397,1.2757013061567521,-0.24630518496894535,0.8054459965400745,0.9999150196613263
ERCC3,0.4350964245713006,0.14567227639521999,1.582181211324742,0.09207053866683848,0.9266419957425103,0.9999150196613263
ERCC6L2,0.7960331131013315,-1.4152393071641465,1.5885553863396813,-0.8908970498190267,0.37298440315692116,0.9999150196613263
ERF,0.6657802107816434,-2.5919226194188454,1.6595432163111894,-1.5618289381942922,0.11832829263546499,0.9999150196613263
ERG28,0.603562229741508,-0.6933822960190105,1.9853577073049453,-0.34924804405159465,0.7269031002852462,0.9999150196613263
ERGIC1,2.4359632654238856,1.920443488016836,0.9230372062432104,2.0805699651405165,0.03747328541965675,0.9999150196613263
ERGIC2,0.8341151164631567,-0.11275789779598994,1.1222445787082027,-0.10047533303817222,0.9199669651080103,0.9999150196613263
ERGIC3,2.025229945984361,0.16927865520226462,1.0908658087435668,0.15517825734884455,0.8766807887636073,0.9999150196613263
ERH,3.7644377582714728,0.31660031916193243,0.7515322539877703,0.4212730957081244,0.6735556738648683,0.9999150196613263
ERICH1,0.7901422596617265,-1.0331460537005248,1.2257623393021946,-0.8428600068498411,0.3993067429362771,0.9999150196613263
ERLEC1,2.401808161522855,0.1614493667883904,0.8583668071903118,0.18808901443528772,0.850806872618173,0.9999150196613263
ERLIN2,0.8306274335671324,-0.17354450284160491,1.193262015990654,-0.1454370461105536,0.8843658170279303,0.9999150196613263
ERN1,9.594956581714627,0.2489170058775136,0.572170219944173,0.4350401282712696,0.663533300352252,0.9999150196613263
ERO1A,0.5999320645040647,0.16248679202302577,1.4928735114627096,0.10884163378571977,0.9133281009724662,0.9999150196613263
ERO1B,1.3620118241686576,0.24244111194766205,1.111551531511947,0.2181105464520304,0.8273429803382448,0.9999150196613263
ERP29,7.914022051750576,-0.005742601870720509,0.6710588415649756,-0.008557523595588418,0.9931721673795497,0.9999150196613263
ERP44,3.005084149047094,-0.49351287945558214,0.7435154590139553,-0.6637560436336795,0.5068464632614038,0.9999150196613263
ERRFI1,0.46237012071598865,2.116017607660169,2.3460347523398757,0.9019549286512941,0.36708081068058207,0.9999150196613263
ESCO1,0.7500697442934907,1.5465815650757948,1.6554237081275733,0.9342511874649371,0.3501743370400896,0.9999150196613263
ESD,2.3837194990896555,-0.5890344266794459,1.0498039342603687,-0.5610899401843503,0.5747362256647037,0.9999150196613263
ESF1,0.6255592806526912,-0.349722697510002,1.3727626692326056,-0.25475830990181436,0.7989097768700614,0.9999150196613263
ESYT1,1.0383886925962824,0.4346608211229686,1.5816291129866629,0.27481842459398,0.7834557421483834,0.9999150196613263
ESYT2,4.5480006692774655,-0.18352873100234737,0.8593104984563759,-0.2135767354547973,0.8308771432020516,0.9999150196613263
ETF1,9.344287220353328,0.15353149180245643,0.5080035352989668,0.3022252428068264,0.7624803624662655,0.9999150196613263
ETFA,1.2034927339518076,-0.10564798312898124,1.5004420888182037,-0.07041123673902869,0.943866347823068,0.9999150196613263
ETNK1,2.090152131896316,0.18022621471779146,0.8118178460421928,0.2220032678468915,0.8243113394332057,0.9999150196613263
ETS1,1.438185703130704,-0.6072792679873215,1.445445841527252,-0.4201328410517773,0.6743884126487147,0.9999150196613263
ETS2,2.272379603671578,0.340066890627145,1.1262167090425501,0.30195511032352906,0.7626862833271961,0.9999150196613263
ETV3,12.665045892098115,0.2506670203518427,0.5016370224920245,0.4996980069504898,0.6172877360670062,0.9999150196613263
ETV6,3.5139567176932776,-0.33154734766645305,0.8593644899272547,-0.3858052683728165,0.6996408932259064,0.9999150196613263
EVI2A,1.6348924596524648,1.7253755751460962,1.2078483143149896,1.4284704086577404,0.15315650601145994,0.9999150196613263
EVI2B,6.494221910964867,0.33630294369878644,0.7378835209731763,0.4557669796653608,0.6485575512846699,0.9999150196613263
EWSR1,6.592194816540686,-0.15520412849245419,0.573373197700682,-0.2706860542397997,0.7866325036262678,0.9999150196613263
EXOC1,0.6572751395463823,0.6304127186455949,1.6675647286064539,0.37804392706987544,0.7053979621160066,0.9999150196613263
EXOC2,0.835306468983171,-0.4262263141759354,1.5101832465465155,-0.2822348315349339,0.7777634517807417,0.9999150196613263
EXOC3,0.9779751485436895,-0.1991085856534607,1.372829227020633,-0.1450352175889887,0.884683066140114,0.9999150196613263
EXOC4,1.0330718071042755,-1.2157830193499302,1.248483391956357,-0.9738079234236463,0.3301519182128362,0.9999150196613263
EXOC5,0.6793725892115895,-0.40781146008419933,1.234350264610269,-0.33038552490039025,0.7411086775190097,0.9999150196613263
EXOC6,1.6468321747879415,0.24406498623370385,1.5578757786915647,0.156665242230475,0.875508681437856,0.9999150196613263
EXOSC10,0.3197318996248526,-1.3440831393414454,1.8584087831535485,-0.723244073922563,0.4695299454270946,0.9999150196613263
EXOSC5,0.4199815562607027,-2.580452068298841,1.7018751087060142,-1.5162405602493563,0.12945853543558186,0.9999150196613263
EXOSC6,2.979454221668769,0.05416067119958489,0.937845163595893,0.057750120491021815,0.953947669903994,0.9999150196613263
EXOSC7,0.623717317382336,0.3323763534611276,1.5078141251427712,0.22043589320378312,0.8255316940871178,0.9999150196613263
EXOSC9,1.0691379123835052,0.624125338157467,1.3526676799039583,0.46140330506143307,0.6445092807424315,0.9999150196613263
EXT1,0.5776256277107867,0.8447174404288648,1.3859363228062793,0.6094922447219359,0.5421982116502864,0.9999150196613263
EYA3,0.7442078170860638,-2.089394384383178,1.4697576760249766,-1.421591068014719,0.1551449992547733,0.9999150196613263
EZH1,0.8817222647437932,0.5123615171507584,1.4874942745213169,0.3444460432062093,0.7305108673528975,0.9999150196613263
EZH2,1.1981458265456115,-0.6219403117303367,0.9520078894519067,-0.6532932327781467,0.5135672542975291,0.9999150196613263
EZR,23.575875398927977,0.024382778973706585,0.38674348104529127,0.06304638647768476,0.9497295666978711,0.9999150196613263
F11R,2.5798711938950323,-0.21244349783895752,0.8484679713476737,-0.2503848171210523,0.8022897699328775,0.9999150196613263
F13A1,1.9449264279242025,1.1479649200540754,1.0816321430356481,1.061326558613783,0.288541520014141,0.9999150196613263
F8A1,0.27947197294710135,-0.052365947579403244,2.3773854400913526,-0.022026696511353683,0.9824266599648506,0.9999150196613263
FADS1,4.31640064861649,-0.47818018044199867,1.0528228405381932,-0.45418864601907516,0.6496930543660142,0.9999150196613263
FADS2,1.48586398116836,-0.7410676864179164,1.4239698135807248,-0.520423733249248,0.6027682719081671,0.9999150196613263
FAF1,0.38081254108365403,-0.8983673459688503,1.432739898834533,-0.6270275202774978,0.5306411957516478,0.9999150196613263
FAF2,1.1939910462433785,-0.2364082029127619,1.0130889226116502,-0.2333538523975993,0.8154866444538427,0.9999150196613263
FAM105A,1.0362511276204307,0.6268618751865265,1.4867272410996706,0.42163879012727495,0.6732886884179021,0.9999150196613263
FAM107B,6.708889430137579,0.38310845075261307,0.7525421499014467,0.5090857047712014,0.6106921514545133,0.9999150196613263
FAM117A,1.293573938226643,0.46202395397819196,1.1689991824501955,0.3952303482452403,0.6926728974104522,0.9999150196613263
FAM117B,0.6301594508679732,-1.257952351633182,1.5623915513788753,-0.8051453878657928,0.4207357867404744,0.9999150196613263
FAM118A,1.2942912822807526,0.3754080599403592,1.0742718519976533,0.3494535012178457,0.7267488736404245,0.9999150196613263
FAM118B,0.38081254108365403,-0.8983673459688503,1.432739898834533,-0.6270275202774978,0.5306411957516478,0.9999150196613263
FAM120A,1.9829241169715996,1.453299120598979,1.3335518758605565,1.089795715416881,0.2758031417550819,0.9999150196613263
FAM120AOS,0.5806840862515674,0.029633360846448603,1.2884070626685376,0.02299999876209328,0.9816502739375097,0.9999150196613263
FAM122B,1.470523944941732,0.981651402203326,0.9660958784526826,1.0161014285409824,0.30958108886379254,0.9999150196613263
FAM126A,0.3921929034520178,0.5146207518341496,1.7427311565525774,0.2952955479674548,0.7677681171781435,0.9999150196613263
FAM129A,1.955298178319764,0.6571925237919661,0.8988520267424371,0.7311465115940405,0.4646896672083065,0.9999150196613263
FAM129C,7.763000925460584,-0.32538916446898036,0.5570446456319025,-0.5841348032344232,0.5591296210976027,0.9999150196613263
FAM13B,1.3842414950831115,0.6217353960341468,1.2843042370154527,0.48410289253500777,0.6283128485763095,0.9999150196613263
FAM162A,0.6452237397770471,-1.0881455157088114,1.3761858872611261,-0.7906966099430286,0.42912105480966223,0.9999150196613263
FAM167A,0.29269429858582013,1.0552759742327917,1.6671127542745994,0.6329961614935682,0.5267361496390253,0.9999150196613263
FAM168B,2.361638255603184,-0.17465807996670782,0.8411626495202457,-0.2076388913206304,0.8355109352282333,0.9999150196613263
FAM177A1,5.2778711419431295,0.11161272389648236,0.8435626458116232,0.132311126447634,0.8947382071165026,0.9999150196613263
FAM192A,1.764851609223672,0.20187752427602268,1.3904490110264385,0.14518872873086902,0.8845618648092927,0.9999150196613263
FAM193A,0.8754844856868572,-0.799324438110942,1.5955298523579284,-0.5009774257308148,0.6163870102902635,0.9999150196613263
FAM196A,0.3390452220333415,1.2556008571081243,1.6042732639464252,0.7826602146441151,0.43382667131441977,0.9999150196613263
FAM200B,0.5445407036976423,1.7897796649461089,1.6511236354533014,1.0839767698284692,0.2783750988533139,0.9999150196613263
FAM204A,0.6300887909930105,-0.3159662078847467,1.2669828562109586,-0.24938475397344828,0.8030631772420684,0.9999150196613263
FAM208A,0.6319307542633656,-0.7337145041088521,1.5367238820944051,-0.47745370047146696,0.6330390826142538,0.9999150196613263
FAM208B,0.9222947862405155,1.3025240472482336,1.2816221971372217,1.0163089014513798,0.30948231105644053,0.9999150196613263
FAM20B,0.46314302713697075,-0.621949934069301,1.649332412654227,-0.37709192476755693,0.7061052921024722,0.9999150196613263
FAM210B,1.0382456880963151,-0.2135851095536313,1.3359002153250006,-0.15988103535238213,0.8729747879304837,0.9999150196613263
FAM213A,1.9450586114318833,-0.23451494871902406,0.9016035403190577,-0.26010872654297074,0.7947799067432346,0.9999150196613263
FAM214A,1.2564546588965118,-0.005443986650512523,1.240051807753578,-0.0043901283934052755,0.9964971955866876,0.9999150196613263
FAM241A,0.331688645936738,-0.5443842309849496,1.8874723393623019,-0.2884197133023281,0.7730254795407974,0.9999150196613263
FAM32A,1.9004660864451084,-1.4591035613480636,1.1315879317251283,-1.2894301188981674,0.1972485961162206,0.9999150196613263
FAM35A,0.6422155278841676,0.20708462301956956,1.2571998720728321,0.1647189342122147,0.8691652132065393,0.9999150196613263
FAM3A,0.5117913912755049,-1.1433829889641005,1.593401434110492,-0.7175737165081617,0.47302016855124285,0.9999150196613263
FAM43A,1.8487130259781415,-0.3734289618267369,1.2742563696258176,-0.2930563823168437,0.7694790556370679,0.9999150196613263
FAM46C,2.0497218818856706,0.0052355100146589525,0.9259374310662161,0.0056542805582773204,0.9954885608792351,0.9999150196613263
FAM49A,2.185254105351619,0.006733842951915262,0.8883637932515515,0.007580051104140947,0.9939520521702973,0.9999150196613263
FAM49B,6.271654683729327,0.44226768652034343,0.6101224713894228,0.7248834574362977,0.4685235302468057,0.9999150196613263
FAM50A,0.38069163456079,-0.6071196493082277,1.3572620302754743,-0.4473120412754822,0.6546497740840153,0.9999150196613263
FAM53B,1.7791980583274614,-0.6676556532491578,0.9889044655457586,-0.6751467674692829,0.49958252314505647,0.9999150196613263
FAM53C,3.5466746075590914,0.1993095443716701,0.8667486876372651,0.22995078875167707,0.8181300098857698,0.9999150196613263
FAM69A,0.3659229200007109,-1.3122522828693846,1.5042110499112042,-0.8723857486267294,0.3829979725241701,0.9999150196613263
FAM76B,1.8167874427042838,-0.1974887269838422,0.9532202396448557,-0.20718058510530707,0.8358688292064625,0.9999150196613263
FAM91A1,1.4597585511498608,0.7682533607829651,1.0403110040963084,0.7384843164764245,0.4602201942088856,0.9999150196613263
FAM96A,2.4427001564092805,0.1594572680140074,0.8913396600016972,0.17889618870286078,0.8580192154858275,0.9999150196613263
FAM96B,1.7652617661615642,-0.707641913871135,0.9572230594549337,-0.7392654270929115,0.45974583855169093,0.9999150196613263
FAM98B,0.6176765672604673,-0.6134023655645575,1.2109570772558294,-0.506543441617765,0.6124752013397349,0.9999150196613263
FAR1,0.9536142466966204,0.45283044155508834,1.3616513428031185,0.3325597583760935,0.7394666240178709,0.9999150196613263
FARP2,1.4082665823226839,-0.3081788823333852,1.2072432713709698,-0.25527488091394457,0.7985107995109151,0.9999150196613263
FARSB,0.37637227394003503,0.13308937063982784,1.344129193928956,0.09901531135619565,0.9211261131411079,0.9999150196613263
FAS,0.47552634182832343,-1.207105560032827,1.4974611093539687,-0.8061014422962837,0.4201843600305486,0.9999150196613263
FASTKD1,0.4441087132594033,-0.6068240144858399,1.4433239717185686,-0.4204350695868325,0.6741676533829861,0.9999150196613263
FASTKD2,0.5069775566852931,-0.8153963028158143,1.4308544182527616,-0.569866712094657,0.5687681038653017,0.9999150196613263
FASTKD5,0.611608001221423,0.8899270779624994,1.2929903956874627,0.6882704472753173,0.49128248831981325,0.9999150196613263
FAU,14.15325068416261,-0.36182432553437877,0.5136333110531783,-0.7044409265288438,0.4811582262776569,0.9999150196613263
FAUP1,2.564193397737029,-0.4557126672581935,1.1856500626208795,-0.38435680275750217,0.7007140125577465,0.9999150196613263
FBL,3.4856112445310945,-0.7643996623053396,0.8836621127713914,-0.8650361391052355,0.3870189536284866,0.9999150196613263
FBP1,1.3237044116501744,0.8223671662178094,1.172558987350332,0.7013439622991915,0.4830883843491329,0.9999150196613263
FBRS,1.5343802409614191,0.21819116991526416,1.181660403404869,0.18464794901019116,0.8535051746704467,0.9999150196613263
FBRSL1,3.8129687708517923,-0.15299994204322057,0.8493491132298934,-0.18013787223653469,0.8570443311546303,0.9999150196613263
FBXL17,0.7041780937156008,0.1848130159321344,1.5392633540599565,0.12006588440156919,0.9044309571497291,0.9999150196613263
FBXL3,1.0850582499009092,0.28647494874160717,1.2358701949385587,0.23180019221666665,0.8166932077541963,0.9999150196613263
FBXL5,1.1432932169422654,1.0297496343543806,2.2645197107732717,0.454732025274688,0.6493020381390352,0.9999150196613263
FBXO21,0.49632538624904005,-1.078307048735408,1.3258955983562783,-0.813266934494837,0.41606503047108345,0.9999150196613263
FBXO33,1.282438745136895,2.112581962648768,1.6788711969493437,1.2583347468748733,0.20827071992071566,0.9999150196613263
FBXO34,5.078469198205749,-0.045691537341456256,0.6273673357646445,-0.07283059658464167,0.9419409230486436,0.9999150196613263
FBXO38,0.987065032627119,0.3936149118199834,1.7347267766344032,0.22690311645713326,0.8204990786734139,0.9999150196613263
FBXO7,2.3891232506353606,-0.07125876441287983,0.9396632686581906,-0.07583436193545703,0.939550877955093,0.9999150196613263
FBXO9,1.207646751325652,-1.1828017521383525,1.5676090250324919,-0.7545259903781407,0.45053344507257576,0.9999150196613263
FBXW11,2.3742138970627553,-0.13988241432792878,0.8338715315199153,-0.16775055753847615,0.8667795205435198,0.9999150196613263
FBXW7,1.1010809452341555,-0.7545229494164225,1.1481796882694997,-0.6571470973795189,0.5110863379194224,0.9999150196613263
FCER1A,0.8456766249681159,-0.9435745617394704,1.1608379503337025,-0.8128391748979468,0.4163102717059356,0.9999150196613263
FCER1G,17.04664959945308,0.3963122666256867,0.4752463856402832,0.8339090598064175,0.4043322315422462,0.9999150196613263
FCF1,1.4055074935798715,-0.5824155855834666,1.277225818494414,-0.45600047943754735,0.6483896334534986,0.9999150196613263
FCGR3A,0.43987126261271325,-0.7767286546228157,1.8786570871486366,-0.41344887256764284,0.6792777740182787,0.9999150196613263
FCGRT,3.578054093423434,-0.07067776510744045,0.8010968981885479,-0.08822623738433896,0.9296968642074444,0.9999150196613263
FCHSD2,6.525671076286466,-0.2546270436472948,0.6754630801712556,-0.3769666338872839,0.7061984011336001,0.9999150196613263
FCRLA,0.42484597025243853,-0.392898176239501,1.940027909552604,-0.2025219195584194,0.8395087241043062,0.9999150196613263
FDFT1,1.4706498883507928,-0.39757928528873715,1.426840595408942,-0.27864309900349327,0.7805187338748254,0.9999150196613263
FDX1,1.9055214283625592,-0.059790162468704826,0.9715525775463856,-0.061540840764070966,0.9509284898000357,0.9999150196613263
FEM1B,0.4902849688807939,-0.19295584824999312,1.5483753031516052,-0.12461826784323253,0.9008257654906393,0.9999150196613263
FEM1C,2.264125979598525,0.17945216965270816,0.9882976881908079,0.1815770408015584,0.8559146680898229,0.9999150196613263
FEN1,0.9837149166138103,-0.10125750136027406,1.3348880522349174,-0.07585467649571448,0.9395347158334413,0.9999150196613263
FERMT3,1.425950418169954,-1.9693697863325803,1.1652174143286016,-1.6901307533816181,0.09100294250763236,0.9999150196613263
FEZ2,2.6565871625729605,0.4557163253844772,0.8688543287890131,0.5245025665230245,0.5999290351836132,0.9999150196613263
FGD2,3.0226544762214154,-0.075275207324761,0.7148644911617039,-0.10529996699435107,0.9161377891656515,0.9999150196613263
FGD5-AS1,2.0235286639918195,0.6566027359273053,0.9015460279585134,0.7283075024068769,0.46642537078607116,0.9999150196613263
FGFR1OP,0.3481347434486501,-0.6330175248800832,1.8488561760221833,-0.34238332493878526,0.7320624358123471,0.9999150196613263
FGFR1OP2,1.6992259703626253,0.05824971024058469,0.9544898888703521,0.06102705845268175,0.9513376596832581,0.9999150196613263
FH,0.3482603272183732,-1.0476719697029946,1.7974725489282302,-0.5828583976582478,0.5599886286588132,0.9999150196613263
FHL1,0.9435802110376614,-1.015098330965432,1.1635437235265802,-0.8724195837598387,0.3829795206647847,0.9999150196613263
FIBP,0.9452649272121296,0.00013846999430596542,1.3001015541559884,0.00010650706005490365,0.9999150196613263,0.9999150196613263
FIG4,0.35964068958673695,0.4891369347766905,1.4128487694192384,0.34620615126256843,0.7291877922114529,0.9999150196613263
FIS1,1.5418140497852282,0.553622446247429,1.1071946199455573,0.500022702670513,0.6170590918964789,0.9999150196613263
FIZ1,0.6043777419084331,-0.5201714286763471,1.766607574055625,-0.2944465065788111,0.7684167339769017,0.9999150196613263
FKBP15,0.33937979293113524,1.1699000850889885,1.905252644618356,0.614039344542326,0.5391893282632965,0.9999150196613263
FKBP1A,7.202378846638941,-0.7803400678018223,0.6355899425785534,-1.2277413714824146,0.2195440705802798,0.9999150196613263
FKBP2,2.3645548702746577,-0.757675111246047,0.8184816859454571,-0.9257080815080545,0.35459770688067993,0.9999150196613263
FKBP3,0.6894974597607284,0.43132346720499426,1.1774587834863277,0.3663172530998429,0.7141283568870656,0.9999150196613263
FKBP4,0.8475893426552121,-0.0505901034019256,1.744133446863608,-0.029005867350860894,0.9768599110952557,0.9999150196613263
FKBP5,1.4390348015856784,-0.33557186008120865,1.1575982143201395,-0.2898862972748199,0.771903224934412,0.9999150196613263
FKBP8,0.9449991205839147,-1.6602177128885651,2.0460256995028514,-0.8114354151523948,0.4171156681030206,0.9999150196613263
FLI1,0.8385488107545327,-1.0990371677453143,1.2747200260895963,-0.862179259171744,0.3885888812681245,0.9999150196613263
FLII,0.5518914148815931,-2.742757312105425,1.6497958446701504,-1.6624828586920066,0.09641599747599708,0.9999150196613263
FLNA,1.2655207088878813,-0.279547896125327,1.0967761268547631,-0.2548814560059668,0.7988146593148903,0.9999150196613263
FLNB,1.5475863084613874,-0.1933930636407659,0.9831014489217523,-0.19671730099968404,0.8440487703982089,0.9999150196613263
FLOT1,2.1761766319979516,-0.211375953319897,0.8288173505871257,-0.2550332147006339,0.7986974456166701,0.9999150196613263
FLOT2,1.827998214753643,-0.27825482133818324,0.8890909723578508,-0.3129655232020377,0.7543068557763466,0.9999150196613263
FLT3,2.1187746983412437,-0.9022949395870349,1.2737395073669129,-0.7083826279772605,0.4787076774927723,0.9999150196613263
FMN1,0.8125753759067387,-0.30050964724660123,1.5261170939195092,-0.19691126483276963,0.8438969782059631,0.9999150196613263
FMNL1,1.4105319866246266,-0.04231020144657758,1.2145341947272794,-0.034836566669148604,0.9722100623319249,0.9999150196613263
FMNL2,0.34750927544872073,-0.15128248499460348,1.9350586495448712,-0.07817979317070589,0.9376850355270968,0.9999150196613263
FMNL3,4.111537104884876,0.4159786946844514,0.8535995754864486,0.4873229868318454,0.6260294602879498,0.9999150196613263
FMR1,1.3203086316940453,-1.3840333220652314,1.2764504827151104,-1.0842828145759982,0.2782394226390259,0.9999150196613263
FN1,0.47446433936881127,-0.48263094180118443,1.954831495635902,-0.24689132688860516,0.8049923287328935,0.9999150196613263
FN3KRP,1.2391710438215162,0.394812283001142,1.1452575471963893,0.34473667863411983,0.7302923409819859,0.9999150196613263
FNBP1,5.595341745513156,-0.8335373512299765,0.6832359534359435,-1.2199846144486077,0.22247070740240782,0.9999150196613263
FNBP1L,1.017167997812798,-0.16523130373717645,1.6867114792521918,-0.0979606208706377,0.9219635629112658,0.9999150196613263
FNBP4,2.4837608593460376,-0.8541154362708285,0.9633692158271421,-0.8865919963380716,0.3752986044916634,0.9999150196613263
FNDC3A,0.9409064486150824,0.5626913175220403,1.6544561750031983,0.3401065111446379,0.7337763185722355,0.9999150196613263
FNIP1,0.881962544852258,1.3437604029488135,1.405721307049981,0.9559223412276525,0.33911147078577564,0.9999150196613263
FNIP2,0.5641178152306818,0.6273367331719386,1.6793464569007115,0.37356004211883054,0.7087316668201153,0.9999150196613263
FNTA,0.4936177587056371,1.5039394684725709,1.5360701240188634,0.97908255941973,0.32753918832140827,0.9999150196613263
FO393411.1,8.699916118294963,0.17033784267053276,0.5571821750940997,0.3057130150327678,0.7598231629005245,0.9999150196613263
FOLR1,0.7912784617306967,0.07995587812185434,1.7248960004532958,0.046354028359299485,0.9630280771517686,0.9999150196613263
FOPNL,0.6281259211997914,0.3413591284453719,1.2464551377574795,0.2738639507391477,0.7841891759327201,0.9999150196613263
FOS,17.539060970615672,0.44504032926379244,0.45744632874096486,0.9728798796761194,0.33061300594973086,0.9999150196613263
FOSB,20.90806096030515,-0.028069035736995103,0.4369784942734042,-0.06423436417315576,0.9487836152302648,0.9999150196613263
FOSL2,16.597961293634146,0.06380954078212621,0.49550862664039697,0.12877584233954092,0.8975350213648137,0.9999150196613263
FOXA1,0.9687592829882655,0.1842104907554296,1.157457403090708,0.15915098928352814,0.8735499164837981,0.9999150196613263
FOXJ3,0.8695735517738135,1.6284123421677528,1.438944235131502,1.1316716120127723,0.2577725206394358,0.9999150196613263
FOXK2,0.6012748765581039,-0.35246757268600437,1.2293788019055585,-0.28670379881259833,0.7743391286204284,0.9999150196613263
FOXN3,0.42708155455711044,0.1348162582462636,1.5843932987306237,0.08509014671690104,0.9321897236781358,0.9999150196613263
FOXO3,1.6347631199867485,0.6703651693480772,1.3016799767333114,0.5149999856573209,0.6065530300268116,0.9999150196613263
FOXP1,2.7142392115815444,0.361498182748747,0.787058395020996,0.4593028738853659,0.6460166842880762,0.9999150196613263
FOXP4,0.5381970460041434,-0.4266749193478022,1.2553307763255654,-0.3398904315854562,0.7339390426244178,0.9999150196613263
FP565260.3,0.75441535797966,-0.2446895813035458,1.2722759599499192,-0.19232429834890347,0.8474881863356036,0.9999150196613263
FPGS,1.2766120966452081,-0.9502519579183476,1.2363874676929023,-0.7685713279604142,0.4421478319779616,0.9999150196613263
FRG1,0.7096173963057422,-0.3336882560554329,1.1783477603479469,-0.2831831716274491,0.7770364276942106,0.9999150196613263
FRMD4B,0.9683439647079004,0.5282504458448176,1.2918151185960536,0.40892108958975565,0.6825975715746916,0.9999150196613263
FRMD8,3.147345762618546,0.8807575864438905,0.9841687952882633,0.8949253325857749,0.37082700382069156,0.9999150196613263
FRYL,2.39019977527987,-0.7803943583222194,0.8779624687046396,-0.888869839132903,0.3740730365494419,0.9999150196613263
FTH1,3.0281751434750928,-2.0991793665022613,1.3724990692808978,-1.5294577704902181,0.12615100028356738,0.9999150196613263
FTH1P11,3.241668619733869,-0.78245999752551,0.9147145647914489,-0.8554143856929922,0.3923217824007581,0.9999150196613263
FTH1P2,1.3588406905602182,-1.2719610952113876,1.1069459017736736,-1.1490725004476805,0.2505260866174879,0.9999150196613263
FTH1P20,10.592548671155456,-0.3698687156506764,0.5138561407765495,-0.7197903971561448,0.4716540582953602,0.9999150196613263
FTH1P8,5.117573689053474,-1.4086178946994787,0.9046579001166664,-1.5570724519377113,0.1194532846936563,0.9999150196613263
FTL,20.136715036443533,0.008542055875404912,0.4060369907115086,0.02103762975002956,0.9832156381113951,0.9999150196613263
FTLP3,5.493877025550663,-0.3361974310187994,0.9855058199906527,-0.34114200464284233,0.7329966806830535,0.9999150196613263
FTO,0.8127195130837013,0.5159468150398082,1.587228109354526,0.3250615409335379,0.7451344955397903,0.9999150196613263
FTSJ1,0.34796475286937845,-0.47674813420898193,1.8203277318154876,-0.2619023628967634,0.7933967178618858,0.9999150196613263
FTSJ3,0.41288922394055305,-1.0179438631378028,1.894589908569489,-0.537289815877042,0.591067439023782,0.9999150196613263
FUBP1,3.3081100343644607,0.4842816184586701,0.7771747143816101,0.6231309504761848,0.533198472353045,0.9999150196613263
FUNDC2,1.5081608369116362,0.5355215276291883,1.423603120021876,0.37617333096387084,0.7067880406107494,0.9999150196613263
FURIN,1.947020318633609,-0.6325257882798008,1.0854417509116152,-0.5827358195394363,0.5600711561070054,0.9999150196613263
FUS,9.26205214891784,0.2640746331692043,0.5561009557066723,0.4748681520132044,0.6348809528228279,0.9999150196613263
FXR1,3.0604705492501605,0.5160693356571671,0.8954881107498798,0.5762994834459743,0.5644127719608839,0.9999150196613263
FXR2,0.6797388234355469,-1.8954480918686687,1.4942505981079335,-1.268494116227053,0.20462155056821307,0.9999150196613263
FXYD3,0.3939054894645097,1.3072720565458054,2.51497122862783,0.5197960285450477,0.603205747682327,0.9999150196613263
FXYD5,5.6102084974392765,-0.9334203553668058,0.8049268084221559,-1.1596338270761872,0.24619792242739202,0.9999150196613263
FYB1,4.796661283335076,-0.6641141636761715,0.9318618651857253,-0.7126744729958552,0.47604721607906475,0.9999150196613263
FYCO1,0.29868095465079947,-0.35214638108312285,1.8763161995811863,-0.18767965717171,0.8511277781089868,0.9999150196613263
FYN,0.9360367457900902,-1.0226201550019198,1.2627331864874691,-0.8098465819580865,0.41802835636875324,0.9999150196613263
FYTTD1,7.723577617954206,0.12899564252979218,0.609855456488891,0.21151838711496704,0.8324827859305555,0.9999150196613263
FZD3,0.6947230979759398,-0.29364033745384416,1.63466467358856,-0.17963337814673574,0.8574403989285118,0.9999150196613263
G0S2,1.672133567327113,2.7591085351756734,1.374759383960917,2.0069755968686023,0.04475226144561811,0.9999150196613263
G2E3,0.47442534282001225,-0.933242922021268,1.83922269997062,-0.5074115940588247,0.6118660523740663,0.9999150196613263
G3BP1,3.508908256456812,0.1520157862987548,1.0404120236305676,0.14611113947750087,0.8838336527612134,0.9999150196613263
G3BP2,7.572949909574912,0.18868957426304828,0.5668464070508802,0.33287601705855296,0.739227873644951,0.9999150196613263
G6PC3,1.3755246842413913,-0.5751365213547598,1.145446596629309,-0.5021067966391507,0.6155923995170461,0.9999150196613263
GAB1,1.053393782584838,-0.1797159092747378,1.3380754146774851,-0.13430925290414555,0.893158036778023,0.9999150196613263
GAB2,2.405274484450176,-0.24152878528480007,0.9417395804335763,-0.2564708867536398,0.79758725782054,0.9999150196613263
GAB3,0.5069447307676358,0.2085457570151373,1.7154073871386712,0.12157214582303692,0.9032378742395232,0.9999150196613263
GABARAPL1,3.747171193580952,1.2111952658844132,0.8963549731274744,1.3512451006529578,0.1766169316804752,0.9999150196613263
GABARAPL2,2.841728776318318,-0.15066929742440965,0.7680712453275537,-0.19616578324079148,0.8444804087265522,0.9999150196613263
GABPB1,0.9067321236765058,-1.0763956222914357,1.1973952118341693,-0.898947658762234,0.36868054083809865,0.9999150196613263
GADD45A,5.01372719237083,1.103008070168725,0.8066230733060558,1.3674392745150403,0.17148765906265795,0.9999150196613263
GADD45B,5.725072448339715,0.6380818936783669,0.6865338369823357,0.9294252654509503,0.3526687392042994,0.9999150196613263
GAK,3.31441683491806,1.0166344175157445,1.2073045738726862,0.8420695485768543,0.3997490251003325,0.9999150196613263
GALC,1.2747916823076935,0.3660921022829269,1.339672381275557,0.27326987358980676,0.7846457716698828,0.9999150196613263
GALNS,0.6835459005590689,-1.0729734901953059,1.6186764514151504,-0.6628708839603145,0.5074132506764548,0.9999150196613263
GALNT1,2.7174493977826923,-0.21994474412329365,0.7431796862416461,-0.2959509634010344,0.767267530202737,0.9999150196613263
GALNT10,0.5639135053494703,-0.2123439606937389,1.6119698351653635,-0.1317294877741652,0.8951982608854779,0.9999150196613263
GALNT2,2.4542952934675766,0.11411573311108758,0.9317417347343302,0.12247571280428442,0.9025222795455806,0.9999150196613263
GALNT3,2.320876531428068,-0.12460727522982877,0.8837594217514005,-0.1409968280540499,0.8878724481568585,0.9999150196613263
GALNT7,1.4101413715106963,-1.2018798603297387,1.369591119527941,-0.8775464758737573,0.38018988670714293,0.9999150196613263
GAN,0.48413373249729247,0.9259791783100193,1.4246987422988568,0.649947354354987,0.5157262283699526,0.9999150196613263
GANAB,2.6579376135681247,-0.23169794480702094,1.027712186334221,-0.22545022613137602,0.8216290423878391,0.9999150196613263
GAPDHP1,1.1738379510270847,-0.02187465603079668,1.2633262040528745,-0.017315128872195194,0.9861852163182198,0.9999150196613263
GAPT,4.773843991480199,0.386229462086494,0.6273191818760946,0.6156825317080458,0.5381040685337781,0.9999150196613263
GAPVD1,1.0143603441433426,-1.5824407777117626,1.323338906354531,-1.1957940404480305,0.23177694214250844,0.9999150196613263
GARS,2.071111595111116,-1.837404994745238,1.4058172337146633,-1.3070013303864316,0.1912122596535043,0.9999150196613263
GART,0.43823828647042884,0.35555260548101,1.6260580523836519,0.21865923234401288,0.826915508338965,0.9999150196613263
GAS5,1.500990915992362,-0.9743220645737259,1.0197176270254709,-0.9554822224813705,0.3393338912979895,0.9999150196613263
GAS6,3.571366202980468,-0.24420063207085294,1.2263153678146475,-0.1991336311034168,0.8421582141979458,0.9999150196613263
GATAD1,0.40535150170735423,0.2712117721881694,1.9276293487710863,0.1406970548363325,0.8881092718517937,0.9999150196613263
GATAD2A,2.583055568959159,-0.15007669031352622,0.8403146440730075,-0.17859582880301128,0.8582550699641804,0.9999150196613263
GATAD2B,2.1821254018291345,-1.5455400643781527,0.9098515747117861,-1.6986727366688723,0.08938086309419788,0.9999150196613263
GATC,0.9355772865443169,2.6560137008612825,2.0199510943550667,1.3148901021830428,0.1885468396846085,0.9999150196613263
GBE1,0.28240484771815905,-0.4404824261640286,2.337200020584866,-0.1884658661152165,0.8505114709159581,0.9999150196613263
GBF1,1.0104910390269353,-2.8597369376455952,1.410483647169977,-2.027486772628261,0.042612655835590735,0.9999150196613263
GCA,0.8456600591500425,0.7069653605358674,1.1596641359193762,0.6096294078935093,0.5421073264025512,0.9999150196613263
GCC1,0.7622123139888307,-0.3929985672344143,1.4849063108910352,-0.26466219744098934,0.7912697013426113,0.9999150196613263
GCC2,3.615282391178065,0.49679996842527485,0.8960763976952961,0.5544169779530426,0.5792935094394288,0.9999150196613263
GCFC2,0.38890540419544223,0.08853235303798464,1.9480722484354531,0.04544613430486844,0.9637517090939723,0.9999150196613263
GCH1,1.1222461969931148,0.9951433956867992,1.3287706676516478,0.7489203516552093,0.4539052130222688,0.9999150196613263
GCLC,0.361603559379956,-0.5707366909946262,1.5278905680157213,-0.3735455293345024,0.708742465973538,0.9999150196613263
GCN1,0.7878078668112936,-0.06068586210975474,1.4826806581823435,-0.04092982651041736,0.967351839247752,0.9999150196613263
GDAP2,0.6389025128142739,0.09164774706939335,1.5193598398327355,0.06031997468057517,0.9519007934167476,0.9999150196613263
GDF15,1.4003608364574829,3.067638300620373,1.6890196250432068,1.8162241901374592,0.06933598880933069,0.9999150196613263
GDI1,4.055435020578004,0.21925052870214431,0.7401815720749173,0.29621181744302183,0.7670683245793339,0.9999150196613263
GDI2,8.859589300597984,0.14242763978494696,0.5537929438536072,0.2571857250362458,0.7970354032363949,0.9999150196613263
GEM,0.3450809621547284,0.2613201440503732,1.6354933621377747,0.15978062039261243,0.8730538906217686,0.9999150196613263
GFM1,0.8524749997118802,-0.7214895347899141,1.55029212518885,-0.46538940827169933,0.6416526177708665,0.9999150196613263
GFOD1,0.8595197413599048,-0.5129230711515492,1.4383118725590993,-0.3566146403553889,0.7213803157934546,0.9999150196613263
GFPT1,1.42235731128927,0.547004712126338,1.0831006846610927,0.5050358843577857,0.613533632334134,0.9999150196613263
GGA1,1.3329634171871478,-1.6252664969706418,1.3710350543782701,-1.185430300837683,0.23584735723887063,0.9999150196613263
GGA2,4.078313258609723,0.5835020899580705,0.8818587689289292,0.661672946413822,0.5081808464168025,0.9999150196613263
GGA3,1.2749702378520962,0.13551139356581235,1.4190341301487415,0.09549551394624188,0.9239212533299225,0.9999150196613263
GGCX,1.2951836538003303,-1.9344246978820245,2.0956191403650966,-0.9230802776238296,0.3559653717057104,0.9999150196613263
GGNBP2,2.64412111290987,-0.39507016356972685,0.8161167584910345,-0.4840853461950652,0.6283253005665277,0.9999150196613263
GGPS1,0.3438200600747542,-0.01632750452516668,1.6116128796334668,-0.010131157880098406,0.9919166438244144,0.9999150196613263
GGTA1P,0.42717431240917625,0.861980808867377,2.09353320382389,0.4117349594899894,0.6805336980814307,0.9999150196613263
GHDC,0.44389504888447356,-0.8521082037086497,1.4185564995797302,-0.6006868277443305,0.5480485940341456,0.9999150196613263
GHITM,3.2955324634681693,-0.1304379990757774,0.9880724242953461,-0.13201258922775888,0.8949743341363977,0.9999150196613263
GID8,1.559526103925086,-0.3719242596286711,1.1459175766899303,-0.32456458230006596,0.7455106363866026,0.9999150196613263
GIGYF1,1.0959398729687855,0.6674222883064775,1.16116904482158,0.5747847751220674,0.5654368647194847,0.9999150196613263
GIGYF2,2.029035849053654,-0.9106749395192011,1.4969292084526866,-0.6083620617307132,0.5429473677050471,0.9999150196613263
GINM1,0.6328617626924051,-0.7299642572872268,1.239626209319675,-0.5888583605277609,0.5559562924080015,0.9999150196613263
GIT1,1.474317527906204,0.3487659992435178,0.9471934452950497,0.36820989521826514,0.712716732553594,0.9999150196613263
GIT2,0.9706224893235529,-2.601417902549845,1.4501420230828272,-1.7939056045142006,0.07282823676133479,0.9999150196613263
GLA,2.4364607871440818,-0.3394926153699385,0.8613009734032585,-0.3941625817842761,0.6934610094670896,0.9999150196613263
GLB1,0.4756090121727806,-0.23916211666189996,1.5322562603789887,-0.15608493360160625,0.8759660740503442,0.9999150196613263
GLCCI1,1.090280882195734,0.10891372004242254,1.1623058665829566,0.09370486992603431,0.9253436016607386,0.9999150196613263
GLCE,0.44738774178097973,0.8789595370904741,1.515135534590702,0.5801194130978625,0.5618340931826455,0.9999150196613263
GLE1,1.112489083966714,0.8482672570381588,1.624240970460025,0.5222545622635715,0.6014931010580502,0.9999150196613263
GLG1,2.6886521330012054,-0.16151681849135352,1.0527774958658418,-0.1534197103619852,0.8780673022677852,0.9999150196613263
GLIPR1,3.7170467815575483,0.6039279744110966,0.8436009195615195,0.7158929778372001,0.47405743478048357,0.9999150196613263
GLIPR2,0.9746297097772398,-0.6021123228745575,1.1947933078017636,-0.5039468491687084,0.6142987275387486,0.9999150196613263
GLO1,2.794249867783181,0.14290382084310724,0.9995611999027847,0.142966554581156,0.8863165953828922,0.9999150196613263
GLOD4,1.1803132431840018,-0.45513986374100707,1.0149451346935359,-0.4484378989396675,0.6538371951954913,0.9999150196613263
GLRX,0.8880578562007665,0.6480489851059879,1.2765055281415356,0.5076742488138554,0.6116818105441023,0.9999150196613263
GLRX3,0.9477484971545052,0.843226367961247,1.3701714330109427,0.6154166899453323,0.5382795720781559,0.9999150196613263
GLS,2.107859561065806,0.22873335142311643,1.1011179301467577,0.2077282960896211,0.8354411224938143,0.9999150196613263
GLT1D1,3.712268942819529,-0.6515526109042729,0.6869886538391583,-0.9484182995791048,0.34291654703608654,0.9999150196613263
GLT8D1,0.3482603272183732,-1.0476719697029946,1.7974725489282302,-0.5828583976582478,0.5599886286588132,0.9999150196613263
GLUD1,1.9705941927669572,0.5100599125387263,1.005555532297555,0.5072419137044676,0.6119850894286267,0.9999150196613263
GLUL,3.1598549169532415,0.17073207858412268,0.9278902108991172,0.1840003015213242,0.8540132183811477,0.9999150196613263
GLYR1,0.8499256584675309,0.20633156537996844,1.2778282278862672,0.16147050196353382,0.8717228424963648,0.9999150196613263
GM2A,2.278120199811561,-0.49560525437819153,0.823165081272279,-0.602072738085764,0.5471257204496722,0.9999150196613263
GMCL1,1.3171532602128875,0.45520216199317065,1.1008693642529397,0.4134933505957586,0.6792451931652879,0.9999150196613263
GMFB,0.30942588293911827,0.5309796284464493,1.961404296914016,0.2707140130578221,0.7866109982699361,0.9999150196613263
GMFG,2.2137902664280427,0.336847368219295,1.0117895952259113,0.3329223484889506,0.7391928991777266,0.9999150196613263
GMPPA,0.47699082077561883,-0.2924821022841338,1.6864237865556944,-0.1734333354497396,0.8623108242154303,0.9999150196613263
GMPPB,0.542846300275833,-0.9179576005549459,1.5913576884959773,-0.5768392657357412,0.5640480415761898,0.9999150196613263
GMPR,1.3293282536047835,-0.5650632462395844,1.3947327343845686,-0.40514087918709446,0.6853739593172927,0.9999150196613263
GMPR2,0.3152916324812336,-0.2949473715312186,1.8853765288269173,-0.1564395053303942,0.875686599742915,0.9999150196613263
GMPS,1.5827766425753984,-2.1371558214945003,1.3603157526486789,-1.5710733462677555,0.11616561290328263,0.9999150196613263
GNA11,0.5308357926606808,-1.7456638358172314,1.656761809015684,-1.0536601135526935,0.2920385564628515,0.9999150196613263
GNA12,4.432719626851571,-0.34064927934432304,0.7093746863537705,-0.4802106501646982,0.6310776146345124,0.9999150196613263
GNA13,7.145293439855049,0.3145462589604452,0.593616083772046,0.5298816315112409,0.596194002432481,0.9999150196613263
GNA15,4.94270515544989,-0.6080957099131834,0.6661875037017232,-0.9127996345387024,0.3613479305770977,0.9999150196613263
GNAI2,7.780088707635875,-0.333450853537109,0.618793836855773,-0.5388722926386045,0.5899749767088636,0.9999150196613263
GNAI3,3.5739928740817968,0.7973437010348915,0.8103747258965275,0.9839197541023758,0.325154970071193,0.9999150196613263
GNAQ,5.043852795463787,-0.5846083422514979,0.7593901732337608,-0.7698392247584954,0.4413952687751266,0.9999150196613263
GNAS,22.182010186314763,0.10935734147898188,0.3688837828647692,0.29645472790836047,0.7668828357129203,0.9999150196613263
GNB1,12.470143356458644,0.11163211443618323,0.46709141685889594,0.2389941463426768,0.8111101217806795,0.9999150196613263
GNB2,1.3141037288704238,-1.2075474260862074,1.4343119651987015,-0.841900127298262,0.3998438590817881,0.9999150196613263
GNB4,1.6154224112386875,0.5203169544937108,1.0066316450144766,0.5168891292765071,0.6052335565710187,0.9999150196613263
GNG2,0.4510769571549463,0.646579573835806,1.8559596158884004,0.34838019550673516,0.7275546737721372,0.9999150196613263
GNG5,4.806153243131828,0.9179384674944807,0.6641234176752355,1.382180545157894,0.16691627211180227,0.9999150196613263
GNG5P2,1.1025427682056745,-2.4682363794195887,1.4520703832386794,-1.6998049184878117,0.08916762607464639,0.9999150196613263
GNG7,3.6039716074428187,-1.5016373441895439,0.7627554994368153,-1.9687007767210936,0.04898746206781409,0.9999150196613263
GNL2,1.5481446312417197,-0.05943029603786658,1.254970843406181,-0.04735591774910384,0.9622295621159899,0.9999150196613263
GNL3,10.089732506693425,0.12374250674434634,0.700299609827212,0.17669937981955733,0.8597445280425212,0.9999150196613263
GNLY,0.6750679933453021,-0.3028490438579163,1.652582066234775,-0.18325809655427536,0.854595511653234,0.9999150196613263
GNPAT,0.3821286998120114,1.9312433081782776,2.269268110044766,0.8510423689601754,0.3947458173748536,0.9999150196613263
GNPDA1,0.7695522023690805,-0.6808653248130743,1.7483908406416335,-0.38942398289115193,0.6969625336942691,0.9999150196613263
GNPTAB,2.1439867374409953,-0.1824245556956814,1.037688164078519,-0.17579901362532827,0.8604518445821889,0.9999150196613263
GNS,2.6152635893065854,0.3299805870478879,0.8632320098529336,0.38226175962138587,0.7022672161505157,0.9999150196613263
GOLGA1,0.5881781346891081,-1.171024026438289,1.4793281021098812,-0.7915918211572701,0.42859871741241595,0.9999150196613263
GOLGA2,1.6249287791714062,-2.3730599883481887,1.334917081745625,-1.7776834387683615,0.0754558611822119,0.9999150196613263
GOLGA3,1.2539710889541362,-0.7839065200351392,1.063582911584265,-0.7370431693637005,0.46109609744102664,0.9999150196613263
GOLGA4,2.948591290503755,0.6421243235410689,0.8976002227734294,0.715378970781687,0.47437490315646436,0.9999150196613263
GOLGA5,0.41697835436830505,0.7466757058533107,1.5894966909720731,0.46975606183657637,0.6385293093340776,0.9999150196613263
GOLGA7,2.4430014737726475,0.5682762212060369,0.7897068715622935,0.719603996963841,0.4717688503823503,0.9999150196613263
GOLGA8A,0.5349296003352919,-0.09220863832443472,1.378541564122945,-0.06688854418626083,0.9466704330289405,0.9999150196613263
GOLGA8B,1.4329337595735874,-0.6231464852286842,1.1287281597745842,-0.5520784431861179,0.5808946104750989,0.9999150196613263
GOLGB1,3.0476077833608914,0.34750835086454773,1.0863458625805065,0.31988739759092577,0.7490536915917826,0.9999150196613263
GOLPH3,1.047993476543496,0.3992383976239104,1.3005055297883756,0.3069870819302678,0.7588532049170724,0.9999150196613263
GOLPH3L,0.37114195847796455,1.9080920040411116,2.0528949507831324,0.9294640250896512,0.35264866060696387,0.9999150196613263
GOLT1B,1.1423271369893295,-0.08300659197196471,1.1915472893994061,-0.06966285997243449,0.9444620033826725,0.9999150196613263
GOPC,0.7605341706666054,-1.0523461364980433,1.4265428804268592,-0.7376898030454953,0.46070296996471793,0.9999150196613263
GORASP2,2.26072338374294,-0.05553530407680889,0.9015469249734291,-0.06160001497253807,0.9508813650204944,0.9999150196613263
GOSR1,1.3877335992329556,-1.2217048033786322,1.4912122714684928,-0.8192695478394505,0.41263264271623257,0.9999150196613263
GOSR2,0.6647785424776411,-1.0144284672264494,1.5483652537617483,-0.6551609607370735,0.5123641264393918,0.9999150196613263
GOT1,1.8420467690034212,-0.6598064305444686,1.3532813030641615,-0.48756044220111866,0.6258612207777612,0.9999150196613263
GOT2,0.949792541947065,-0.21700522930469257,1.4868849543922797,-0.14594621370244953,0.8839638488883148,0.9999150196613263
GPAA1,1.7368500900025963,0.3654519008268339,1.1066796166623707,0.33022375701560164,0.7412308972582939,0.9999150196613263
GPALPP1,0.8834699372248193,0.7312117134133227,1.2774795233144784,0.5723862496959331,0.5670603292410099,0.9999150196613263
GPAT4,1.4367868991321893,0.718069370317702,1.036974490213461,0.6924658003591656,0.4886448559253863,0.9999150196613263
GPATCH11,0.7669597383341693,-0.21375513895426768,1.3917598667920124,-0.15358622134073344,0.877936001804252,0.9999150196613263
GPATCH4,0.5433886976710376,-0.6178492619372772,2.084033989705617,-0.2964679390975539,0.7668727478993018,0.9999150196613263
GPATCH8,1.9137305090947914,0.011185749239069299,1.3565984391701509,0.008245438676688857,0.9934211663290524,0.9999150196613263
GPBP1,8.340799830459806,-0.1789276811044269,0.6295104199996934,-0.2842330729084898,0.7762317716784528,0.9999150196613263
GPBP1L1,1.4532673604935307,-1.0775714054143737,1.2046082165873655,-0.894540972389442,0.3710325180067072,0.9999150196613263
GPCPD1,1.660575426504939,-1.256518995381192,0.9622401176814106,-1.3058268640979844,0.1916114422278421,0.9999150196613263
GPD1L,0.7498069958621534,0.7078350411384529,1.35072796343724,0.5240396736417618,0.6002509458928427,0.9999150196613263
GPI,2.901449908368244,1.1324731755773891,1.0836182721495535,1.0450849756629916,0.2959836973323531,0.9999150196613263
GPM6B,2.678441406698742,-0.10858446990138541,0.9049002189692018,-0.1199960698706396,0.9044862612525053,0.9999150196613263
GPN1,0.5028281866438097,-0.3014802541165358,1.5897722507230878,-0.18963738609691502,0.8495932888977729,0.9999150196613263
GPN3,0.6735068396694742,0.08155898648240226,1.2577151206919874,0.06484694756434907,0.9482958613349851,0.9999150196613263
GPNMB,0.919148247094528,1.3210874764544374,1.2516276440357077,1.0554956042635537,0.2911987188333435,0.9999150196613263
GPR107,0.5011998877483844,0.5898982786549866,1.5971004743154777,0.36935577200164493,0.7118625596952616,0.9999150196613263
GPR132,1.3874740973306412,-1.668212790664946,1.2797571262407677,-1.3035385827975425,0.1923909530618514,0.9999150196613263
GPR153,0.4437694651147505,-0.4376390556606856,1.6375856818088037,-0.26724650839477854,0.7892793693671227,0.9999150196613263
GPR157,0.9387551263483473,-1.25966740363214,1.859701782380181,-0.677349140365896,0.49818445937418077,0.9999150196613263
GPR160,1.0189977098438183,-0.3473179136292972,1.307949349346512,-0.26554385596263874,0.790590529873683,0.9999150196613263
GPR18,0.4850156568699244,0.49026533182722104,1.7366438652660996,0.2823062008468267,0.7777087312869888,0.9999150196613263
GPR180,0.7915244309326854,0.6555924195756359,1.7040723362804482,0.38472100369085593,0.7004441320522928,0.9999150196613263
GPR183,36.315935006542816,0.18921198536685305,0.4098700603367804,0.4616389526265522,0.6443402560032244,0.9999150196613263
GPR65,7.609039302915223,-0.11023997973911129,0.8710512156858607,-0.12655969907843934,0.8992888958488056,0.9999150196613263
GPRC5A,0.4084489567969341,-0.18087839513885468,1.9426042539628239,-0.09311129365122671,0.9258151453795833,0.9999150196613263
GPRIN3,0.4303100036771628,-0.7673862151501911,1.3379765895248288,-0.5735423333697655,0.5662775442991492,0.9999150196613263
GPSM3,4.744164012362558,-0.7387545476353603,0.6768030407878982,-1.0915355031137883,0.2750373185754248,0.9999150196613263
GPX1,11.313942350463265,-0.45880723883453334,0.7161556402573571,-0.6406529712866001,0.5217481754561798,0.9999150196613263
GPX4,2.469930610142499,-1.5090369903670735,1.2770286563447097,-1.1816782519872735,0.23733339085917493,0.9999150196613263
GPX7,1.4578815179019007,0.27130751260690084,0.9625612515501222,0.28185999817672214,0.7780508632325124,0.9999150196613263
GRAMD1A,1.0530093926559125,-0.501911544257277,1.3701921982405214,-0.36630740191178074,0.7141357069461367,0.9999150196613263
GRAMD1B,2.8755428140852266,0.43770420561428164,0.9631004907612793,0.4544740759796519,0.64948764665692,0.9999150196613263
GRAMD4,2.2066689974344067,-1.0500122308968387,0.9759429141036681,-1.0758951325152024,0.28197415906933576,0.9999150196613263
GRASP,5.7922661148722465,-0.6121245774975782,0.8964625828399897,-0.6828222272907031,0.49471918261456793,0.9999150196613263
GRB2,7.332204942457246,-0.22210351392218589,0.5538839940737116,-0.40099283658416757,0.6884253979490913,0.9999150196613263
GRHPR,1.0344241972308856,0.06592106131600768,1.4565647795138554,0.045257898751341195,0.9639017449590486,0.9999150196613263
GRINA,4.871368560140002,-0.7998310936756514,0.8533797205183423,-0.9372511139470651,0.34862940291013766,0.9999150196613263
GRIPAP1,1.0591483128514305,0.3376352003966486,1.1599542199133486,0.29107631542723367,0.7709929535872322,0.9999150196613263
GRK2,5.235642790380219,-0.1492104970972729,0.705761488551393,-0.2114177374618926,0.8325613170507241,0.9999150196613263
GRK3,1.7221562203202891,-1.6127874952181704,1.0328685185108952,-1.5614644713378958,0.11841420038652321,0.9999150196613263
GRK6,1.2779143492986869,-1.4229473487044255,1.1374599136783818,-1.2509868098145265,0.2109392898087632,0.9999150196613263
GRN,13.848157813694693,-0.3477855513109843,0.49520006989823506,-0.7023132112692456,0.48248385606467004,0.9999150196613263
GRPEL1,1.1154629600667247,0.5929442123684913,1.2204101280591297,0.48585651555635295,0.6270689010171335,0.9999150196613263
GRSF1,3.6813813512317086,-0.1718508695737532,0.6839688009088877,-0.25125542180489846,0.801616638058344,0.9999150196613263
GSDMD,0.6705623820456915,-0.9411666610270945,1.4170076956376498,-0.6641930484390007,0.506566762104842,0.9999150196613263
GSK3A,2.4432084879445437,-2.4898792346050747,1.0823329226632095,-2.300474449653097,0.02142135519848488,0.9999150196613263
GSK3B,1.615534088933532,-0.6152918916031376,1.0220995481401078,-0.6019882238699457,0.5471819761880734,0.9999150196613263
GSN,4.687233874690184,-0.17278819377268184,0.6746707787554032,-0.2561074218916556,0.7978678912239568,0.9999150196613263
GSPT1,4.020666319559406,-0.7694379061003127,0.8650784606636797,-0.8894429130856032,0.37376509072137853,0.9999150196613263
GSR,0.5163359991239146,0.03797684698880556,1.4195527191043444,0.02675268517872781,0.9786569914533664,0.9999150196613263
GSS,0.6477262410249366,-0.8587634306409289,2.009069014012329,-0.4274434699114119,0.6690563512498382,0.9999150196613263
GSTK1,3.934414069738552,-0.923146845420043,0.7998635261978789,-1.154130442487091,0.24844669427187438,0.9999150196613263
GSTO1,1.5215729028102762,-1.0823056370161266,1.380689183404563,-0.7838879669842352,0.4331058510041105,0.9999150196613263
GSTP1,5.83054506879909,0.07606115713872151,0.8259646394793759,0.09208766756245712,0.9266283866762641,0.9999150196613263
GTF2A1,1.6944062959340611,0.3118509862893079,0.8999205331016921,0.3465316934312781,0.7289431700230602,0.9999150196613263
GTF2A2,2.3530022068283794,0.3165036117794462,0.8918681462080783,0.3548771341650809,0.7226816393026296,0.9999150196613263
GTF2B,2.354629316246596,1.2913648205710224,0.9319386981893166,1.3856757135206879,0.16584594734088776,0.9999150196613263
GTF2E2,2.2149430220623625,-0.3473770204963449,0.979762395564591,-0.3545523098956741,0.722925009006697,0.9999150196613263
GTF2F1,1.775943384988543,-1.1751334114634773,1.1307544562064984,-1.0392472079268769,0.2986897802596399,0.9999150196613263
GTF2F2,1.239725345488876,-0.6336750881537774,1.2614454349777993,-0.5023404664070387,0.6154280487071635,0.9999150196613263
GTF2H1,0.6707439554776882,0.43043188585354875,1.2499422732281031,0.34436141178097335,0.7305745051340764,0.9999150196613263
GTF2H3,0.48143108791923783,-1.425346750584107,1.6692600464134493,-0.8538793902403577,0.39317182007139395,0.9999150196613263
GTF2H5,0.624979382053804,0.35609157795744417,1.5498579565741917,0.22975755710190987,0.8182801669592146,0.9999150196613263
GTF2I,0.41272932086889,-1.2848090461446646,1.7838149986815235,-0.7202591339877226,0.4713654609939467,0.9999150196613263
GTF3A,2.852908021101999,-1.1279581968222545,0.9621889577200422,-1.1722834561467128,0.2410832714642107,0.9999150196613263
GTF3C1,0.9273431006538198,-0.673707516850274,1.22207957906072,-0.5512795798192455,0.581442034502305,0.9999150196613263
GTF3C2,0.9821851854943056,1.0389207037998072,1.303657895191987,0.7969274052889521,0.4254931935649062,0.9999150196613263
GTF3C3,0.9288504930263812,-1.139380150763876,1.2927952076047529,-0.8813307351864964,0.37813883526702496,0.9999150196613263
GTF3C6,0.6552678629436147,0.7386969317222303,1.252077071868757,0.5899772053326606,0.5552059317564327,0.9999150196613263
GTPBP1,2.5234804349739672,-0.4728597248344848,0.8363448050500326,-0.5653884880724487,0.5718095529638929,0.9999150196613263
GTPBP2,0.8378753543802069,0.8385506289603634,1.7215364410711376,0.487094323974123,0.6261914886169753,0.9999150196613263
GTPBP4,1.2887995004454977,0.33554144120867196,1.2903427449255829,0.2600405532004781,0.7948324923714161,0.9999150196613263
GUCD1,0.3285305239380257,-2.8851569268039206,2.203543012703644,-1.3093263485989175,0.19042382806316027,0.9999150196613263
GUCY1A3,0.7106878423028922,-0.4267510779324084,1.7096072954032833,-0.24961935941653846,0.8028817257884802,0.9999150196613263
GUCY2D,0.7950944215050462,-0.08501617090333899,1.67196866345401,-0.050847945156884504,0.9594466855538089,0.9999150196613263
GUF1,0.6569889196911058,0.5483132339673907,1.2345361740304446,0.44414513361507135,0.6569376570843399,0.9999150196613263
GUK1,3.531086803034658,-1.0459243586178597,1.036241868555742,-1.0093438514268998,0.31280975643037623,0.9999150196613263
GUSB,1.5288532174054086,-1.0271112211890587,1.212530774985179,-0.847080537977779,0.3969502321743946,0.9999150196613263
GYG1,0.8369096639811064,-1.4473721354844242,1.2182177012012365,-1.1881063081395282,0.23479152940503456,0.9999150196613263
GYS1,2.225604500484011,1.0751526331673025,1.1847297326141186,0.9075087790655569,0.3641378091009497,0.9999150196613263
GZF1,1.4505785816810706,-0.0007599022617810551,1.2166067379421563,-0.0006246079674574222,0.9995016349786162,0.9999150196613263
GZMB,22.87339634831597,0.14260407091001373,0.382200841615318,0.37311291703942284,0.7090644053386397,0.9999150196613263
H1F0,1.0786118510842413,0.8128774077002081,1.3040401493679505,0.6233530525070092,0.5330525418904748,0.9999150196613263
H1FX,0.4499744628015187,-1.3380063085439746,1.4898854464470275,-0.8980598553632138,0.3691536397398657,0.9999150196613263
H2AFV,6.463628075232099,0.07104360876309455,0.5685455444169175,0.1249567593321915,0.9005577830041331,0.9999150196613263
H2AFX,4.97598010047805,-0.7246108946900593,0.7931895660745399,-0.9135406284731235,0.36095827576944006,0.9999150196613263
H2AFY,7.8400652370501085,-0.24661019919118074,0.6967975588676235,-0.35391943621609523,0.7233992605911539,0.9999150196613263
H2AFZ,4.879412039659605,0.8723081193579602,0.7561470801601116,1.1536222809631849,0.2486550595489615,0.9999150196613263
H3F3AP4,0.8926896897422121,-1.6500140007290616,1.6746127989166713,-0.9853107546989234,0.32447145160966595,0.9999150196613263
H3F3B,22.32177478074682,-0.04475589090648631,0.4023301561071698,-0.11124170094414837,0.9114246842511097,0.9999150196613263
H6PD,0.36140074288302704,0.6734193592522979,1.594540485825898,0.4223281661634937,0.6727855021093279,0.9999150196613263
HACD2,0.3043048911471868,-0.4718932397018104,1.9201130703495977,-0.24576325581487352,0.80586550240137,0.9999150196613263
HACD3,1.447238193224387,-0.40992930828775276,1.1408625033706632,-0.35931526110869805,0.7193592589091308,0.9999150196613263
HADH,0.9313715641724394,-0.8585147288164677,1.06480877620589,-0.80626188288522,0.4200918637972971,0.9999150196613263
HADHA,3.3010098584472316,-0.7582877285050933,0.8915884185715629,-0.8504907788281569,0.3950522849681358,0.9999150196613263
HADHB,1.9286190344957237,-0.9671476810372841,0.8884041754874861,-1.088634776515531,0.27631497459450527,0.9999150196613263
HAGH,1.1426948945120676,0.6948583956087554,1.6618259506408706,0.4181294649664055,0.675852463058551,0.9999150196613263
HAT1,1.2106836340478777,-0.639821760358292,1.0488821758174767,-0.6100034637919444,0.5418595130509533,0.9999150196613263
HAUS2,0.37951881308602253,0.022952486812953733,1.563830654158988,0.01467709227460907,0.9882897951077277,0.9999150196613263
HAUS3,0.46827410643651074,-0.025564076156689382,1.625543867531607,-0.01572647571517618,0.9874526050410346,0.9999150196613263
HAVCR2,0.37084109529571346,0.9509015287177602,1.8592931797979062,0.5114317306435328,0.6090487810187362,0.9999150196613263
HAX1,1.337967069388072,0.20414966040639154,1.097424626168934,0.18602613385765723,0.8524242671695459,0.9999150196613263
HBEGF,1.0524898821333837,1.3883344052424933,1.4920905209642368,0.9304625863753272,0.3521316267832306,0.9999150196613263
HBP1,0.881923548303459,0.8962226554081109,1.4427845084657605,0.6211756850377769,0.5344840358389538,0.9999150196613263
HBS1L,0.7464939807922597,0.7884133566458571,1.5072758897163725,0.5230716964458408,0.6009243609527161,0.9999150196613263
HCCS,0.9792793267170504,0.5705801157935881,1.4092623535558815,0.40487856242940706,0.6855667769782201,0.9999150196613263
HCFC1,2.014486999414144,0.33918918109118723,1.338110888712581,0.2534836118234766,0.7998945235997575,0.9999150196613263
HCFC1R1,0.40971453612376746,-0.14322767156691812,1.5247576348537097,-0.09393471348688139,0.9251610183664816,0.9999150196613263
HCG18,0.8621617190288268,-0.5988159325856536,1.2864044406023962,-0.46549585315893394,0.6415764058733271,0.9999150196613263
HCK,0.7389848348466287,0.536980473425122,1.478306452464393,0.3632402960360182,0.7164253884636842,0.9999150196613263
HCLS1,6.592392623037133,-0.4050807574822574,0.5644989090429925,-0.7175935169989962,0.47300795614609115,0.9999150196613263
HCP5,1.4489900411948833,-1.0887349066170338,1.3291018689209593,-0.8191508356699031,0.41270036110727093,0.9999150196613263
HCST,1.4999547504442297,-0.5029924421977556,1.2042342446593284,-0.41768654597598626,0.6761763103161729,0.9999150196613263
HDAC1,1.420261564812976,-0.5203622783761912,1.179709650577514,-0.44109351663051466,0.6591452969501883,0.9999150196613263
HDAC2,1.7127503486608038,-0.6285135137448885,1.1076457763653862,-0.5674318696066212,0.5704208025858806,0.9999150196613263
HDAC3,1.0352301429808004,-0.4238440989865135,1.076138809407126,-0.39385634574411515,0.6936871017150843,0.9999150196613263
HDAC5,0.4486698869258863,-1.766803468163894,1.736831080339336,-1.017256938895118,0.3090312156351186,0.9999150196613263
HDAC6,0.5072302176090219,-0.13543059187031442,1.8784584982043797,-0.07209666436590036,0.9425249807697585,0.9999150196613263
HDAC9,1.0298298369394583,0.3900316817342143,1.2169973282742148,0.32048688413088455,0.7485992714223247,0.9999150196613263
HDGF,6.460992186319807,-0.04948811532216766,0.6385272720321647,-0.07750352645810685,0.93822298600634,0.9999150196613263
HDLBP,3.975379356147999,0.08411380028291245,0.7161508130614226,0.11745263532319442,0.9065013757116823,0.9999150196613263
HEATR1,0.618011138158261,-0.6241696903868091,1.22757154533237,-0.5084589104073871,0.6111315480989288,0.9999150196613263
HEATR5B,0.8622660597336176,0.9106212848510349,1.282884225587509,0.7098234327684614,0.47781363601506655,0.9999150196613263
HEBP1,0.7153282527766762,0.4100085151130564,1.5038558411305973,0.27263817707740684,0.7851313622100806,0.9999150196613263
HEBP2,1.3816485069288187,-0.40728996008274443,0.9692378642780564,-0.4202167239783985,0.6743271385439502,0.9999150196613263
HECA,2.945766189218341,0.4589788936022857,0.9904955110695473,0.4633831132729472,0.6430897806583602,0.9999150196613263
HECTD1,2.8519243067424203,-0.07481964453171547,0.8454947371039024,-0.08849214696237774,0.9294855256701646,0.9999150196613263
HECTD4,0.604932149773132,1.0964490269646454,1.607369227021675,0.6821388692355872,0.4951511446695127,0.9999150196613263
HELLS,0.4096755395749684,-0.6494909249826485,1.6114547023818002,-0.4030463431722112,0.6869141322858248,0.9999150196613263
HELQ,0.4679012993603102,1.1062814667725587,1.4845659134167466,0.7451885138777289,0.4561577655775879,0.9999150196613263
HELZ,1.1910144976766626,-0.17902208121853883,0.9965338841754325,-0.179644750731851,0.8574314701536196,0.9999150196613263
HERC1,1.918347004358306,-0.6271187841419472,1.0991854427095529,-0.570530467175825,0.5683179638646554,0.9999150196613263
HERC2,0.2760836207553859,0.9651619436080011,1.8567269092637901,0.5198190098891263,0.6031897284266479,0.9999150196613263
HERC2P2,0.9753015075486038,0.7288116678459727,1.6808922103115995,0.43358620105144485,0.664588956944972,0.9999150196613263
HERC5,1.1320867701780761,-0.6115717044659355,1.1545069045448746,-0.5297254629300177,0.5963022909171134,0.9999150196613263
HERPUD1,17.461704895409124,0.3757241119493214,0.48125691186334824,0.7807142145648963,0.4349705984059141,0.9999150196613263
HERPUD2,2.1262568410165823,1.8515357134256831,1.14814895940022,1.6126267399945249,0.10682562542636465,0.9999150196613263
HES1,0.37813232723632517,0.3160943578223624,1.8646994820562577,0.1695149062163068,0.865391648564869,0.9999150196613263
HESX1,0.3419391002556001,0.05484247661137255,1.8416887401994981,0.02977836341956015,0.9762438146033409,0.9999150196613263
HEXA,0.40686357132677464,-0.6386916217565266,1.9625122529597407,-0.32544592819397233,0.7448436000150945,0.9999150196613263
HEXB,0.943015837563634,0.49801280242749524,1.1546500138368119,0.4313106105395847,0.6662425363000601,0.9999150196613263
HEXIM1,2.337684871965463,-1.3580570213521435,0.8381233880368039,-1.6203545214663646,0.10515614325642181,0.9999150196613263
HGSNAT,1.5437042695563221,-0.9017867915228711,1.360166956601463,-0.6629971321874275,0.5073323907849181,0.9999150196613263
HHAT,0.6734565930215729,-0.268155355203931,1.3432040891938442,-0.1996385786503009,0.8417632536884001,0.9999150196613263
HIC1,0.9118508425619409,0.7007516458088199,1.4567004113985835,0.48105405910884974,0.6304780781441961,0.9999150196613263
HIF1A,1.5134432319557152,0.5327521530052537,1.0432788985390733,0.5106517094817871,0.6095949606182858,0.9999150196613263
HIF1AN,0.3957021621665972,-0.5345351419545145,1.512287304621782,-0.3534613696226194,0.7237425846445664,0.9999150196613263
HIGD1A,4.871069588039414,0.16589531882184322,0.6916703381187925,0.23984738057879698,0.8104485744177454,0.9999150196613263
HIGD2A,1.5268903775266875,-0.3403463924843288,1.054828585251529,-0.32265564020828236,0.7469560506519968,0.9999150196613263
HIKESHI,0.3482603272183732,-1.0476719697029946,1.7974725489282302,-0.5828583976582478,0.5599886286588132,0.9999150196613263
HINT1,14.424965206067782,-0.1411710300321115,0.4276018382521225,-0.3301459848937185,0.7412896583928277,0.9999150196613263
HINT2,0.321157382023349,-1.0762760077272693,1.8576469229186894,-0.5793759806821905,0.5623355075288308,0.9999150196613263
HIP1,0.9588329793059659,-1.0317857495518163,1.4480773350476865,-0.7125211648436157,0.4761421101079828,0.9999150196613263
HIPK1,2.210002882941261,0.07641110457512316,0.9855998216793954,0.07752751461026423,0.9382039036459656,0.9999150196613263
HIPK3,0.9670278059795431,-0.6573123334660046,1.1842661206651286,-0.5550376912723242,0.5788688800515216,0.9999150196613263
HIRA,0.4140728932933215,-0.24282267766571983,1.8894000926904269,-0.12851840041986579,0.8977387375434099,0.9999150196613263
HIST1H1C,2.16152066090023,-1.215183823881076,1.6037273924275108,-0.757724679156157,0.44861582154604784,0.9999150196613263
HIST1H2AC,2.9003254105794927,1.0406471953889658,1.0959994718860706,0.9494960737509747,0.3423683679609899,0.9999150196613263
HIST1H2BD,1.1220159936858265,-0.009282043533349821,1.423428773698844,-0.006520904807361742,0.9947971076048384,0.9999150196613263
HIST1H2BG,1.0214870903072106,-0.015641608796400332,1.3810786365025884,-0.011325646768391684,0.9909636344856543,0.9999150196613263
HIST1H4I,0.7743050643316705,1.2587759760841741,1.7867655620814091,0.7044997971741865,0.48112157633047936,0.9999150196613263
HIST2H2BE,4.227695403660484,0.07621195596708508,1.4186596418354838,0.0537210996349208,0.9571573719961657,0.9999150196613263
HIVEP1,5.743344841229063,-0.8225362525559182,0.7634234705702875,-1.0774311823835765,0.28128767963652357,0.9999150196613263
HIVEP2,2.6008532954373016,0.6838430333378658,0.824543694569037,0.8293593630538755,0.4069010890062307,0.9999150196613263
HIVEP3,2.2081447284368076,-0.39079018340612365,1.1912489289257768,-0.3280508161787171,0.7428732408969057,0.9999150196613263
HK1,0.4377337249933635,0.2547331558740992,1.829561554829064,0.13923180403618557,0.8892669772734593,0.9999150196613263
HLA-A,23.097165266903925,-0.12515121221475198,0.38605493762281734,-0.32417979934510505,0.7458019147556867,0.9999150196613263
HLA-B,31.982428243334653,0.2592446377236725,0.4049268377108692,0.6402258718864704,0.522025765146642,0.9999150196613263
HLA-C,23.376549134320936,-0.03670100191804064,0.3805570397895192,-0.09644021284782814,0.9231709557139064,0.9999150196613263
HLA-DMA,7.617142420551421,-0.5621487279240839,0.7832188554034719,-0.717741566160962,0.47291664894194074,0.9999150196613263
HLA-DMB,8.946967163105013,-0.423345996180564,0.6159500401401964,-0.6873057368162623,0.49189008445567606,0.9999150196613263
HLA-DOA,5.019085967947081,0.6031422702612258,0.6178760433850335,0.9761541602372399,0.32898807538942854,0.9999150196613263
HLA-DPA1,23.982734608570524,0.24871940757081298,0.39129363875189177,0.6356336595814657,0.5250152253134011,0.9999150196613263
HLA-DPB1,18.323101771364694,0.042503359682836014,0.3883946863279107,0.10943342218372067,0.9128587258571922,0.9999150196613263
HLA-DQA1,18.143113399120384,-0.08024900754579631,0.5673474102829378,-0.14144597488472874,0.8875176366263979,0.9999150196613263
HLA-DQA2,4.665066686500881,-0.08649390296683926,1.223948840545215,-0.07066790710656669,0.943662063375375,0.9999150196613263
HLA-DQB1,7.562564370961604,0.2627050442198936,0.7280434168477737,0.36083705743447786,0.7182212586385186,0.9999150196613263
HLA-DQB2,1.3047942659865805,1.8742425881984224,2.028895495575626,0.9237748283662454,0.3556035633583897,0.9999150196613263
HLA-DRA,33.553716372157766,0.21817696185393542,0.3877633897246588,0.5626548757190757,0.5736699169259645,0.9999150196613263
HLA-DRB1,25.76101953356764,0.3369576425772308,0.4485069052465802,0.7512875245298134,0.45247963558687954,0.9999150196613263
HLA-DRB6,5.557145284200099,0.043923099718158574,1.2293652375803392,0.03572827535339203,0.9714990244688061,0.9999150196613263
HLA-E,17.936744947343147,0.060042489522162984,0.41821465816990927,0.14356859174880798,0.8858411438169922,0.9999150196613263
HLA-F,5.618478710863241,-0.8425102684664103,0.7366727935322999,-1.143669585551852,0.2527606913273368,0.9999150196613263
HLTF,1.329486959050802,1.2664034263278932,1.9038562197736566,0.6651780807683322,0.5059365983983644,0.9999150196613263
HM13,2.1723613786731466,-0.13055361132158017,0.9648706535041052,-0.13530685263092074,0.8923692672895643,0.9999150196613263
HMBOX1,0.34968580961686957,-0.8134853779663648,1.5449577370011316,-0.5265421561274519,0.5985115699084427,0.9999150196613263
HMCES,1.048287888300997,0.1561063382869825,1.1823775902377973,0.1320274839238003,0.8949625530054246,0.9999150196613263
HMG20B,1.245243124515926,-0.8686564488345331,1.1247709207633507,-0.7722963252330528,0.43993894139362644,0.9999150196613263
HMGA1,3.942397359634165,-0.9489647852952992,1.0898662580438974,-0.8707167308753189,0.38390884089417887,0.9999150196613263
HMGB1,6.245947042086178,0.6133830483735491,0.7052257095302612,0.8697684161034247,0.3844269749764828,0.9999150196613263
HMGB1P5,2.2429599156634694,-0.14011455383664476,0.9022392353185735,-0.15529645392463054,0.8765876110598141,0.9999150196613263
HMGB1P6,0.4947905801804046,0.6312387183535743,1.8654021418000104,0.33839283455762714,0.7350671731754721,0.9999150196613263
HMGB2,2.2365013350749456,-0.42753596844738995,1.1186225210085274,-0.3821986062482741,0.7023140555609799,0.9999150196613263
HMGCR,1.5316698629004615,-1.126720612724353,1.0802903098472711,-1.0429794680687694,0.29695780211568423,0.9999150196613263
HMGN1,11.711155980382719,0.04150239448819191,0.5330685457989808,0.07785564317246808,0.9379428838785425,0.9999150196613263
HMGN2,1.2194822583610505,-1.2013181872991052,0.9886149798140877,-1.2151527256091315,0.22430784707968654,0.9999150196613263
HMGN3,3.519097335456164,-0.09684289056031732,0.7390847228465928,-0.13103083796310372,0.8957509125407259,0.9999150196613263
HNRNPA0,10.036015427681443,0.22332994385108781,0.508394053822206,0.43928512179096035,0.6604549533884653,0.9999150196613263
HNRNPA1,8.90482383558441,0.09202592031898055,0.5262057388741114,0.17488581655510355,0.8611693552666879,0.9999150196613263
HNRNPA1P48,0.6029078527003882,-1.0867101900522684,1.4031759950906886,-0.7744646386870617,0.43865607167144227,0.9999150196613263
HNRNPA2B1,16.743354840367303,0.33770648755392846,0.4536499519441319,0.7444208604160016,0.4566219027018674,0.9999150196613263
HNRNPA3,8.062877104260316,0.14753940942735136,0.49966378036862136,0.2952773749550264,0.767781998570448,0.9999150196613263
HNRNPA3P6,0.7075161992594151,-0.781569198390369,1.4224910883029644,-0.5494369735017343,0.5827056063100862,0.9999150196613263
HNRNPAB,4.87278983713453,-0.7504416653459899,0.9622547172078589,-0.7798783959443923,0.43546245593641164,0.9999150196613263
HNRNPC,11.798816230296174,0.25268228539866466,0.5048460631108054,0.500513530484252,0.6167135313306074,0.9999150196613263
HNRNPCP2,3.118643100543917,-0.9510204344582862,0.8011594455601595,-1.1870551358142523,0.23520587317903274,0.9999150196613263
HNRNPD,8.536998609219408,0.2926576868186385,0.5789305172516646,0.5055143546551347,0.6131976188463015,0.9999150196613263
HNRNPDL,10.489507056482491,0.16615671469769963,0.4819894036700275,0.34473105307404517,0.7302965705862758,0.9999150196613263
HNRNPF,6.020862973950108,-0.20324414710835997,0.6202915882913683,-0.3276590412393123,0.7431694755109095,0.9999150196613263
HNRNPH1,11.386324382025155,0.3803058659629469,0.4753742387009982,0.8000136208519967,0.4237029055182604,0.9999150196613263
HNRNPH2,1.9740636550093644,0.8739855722347547,1.1099539698177596,0.7874070420940537,0.43104362568581056,0.9999150196613263
HNRNPH3,2.3272529611183757,-0.3307677578851218,0.898229355494886,-0.36824420829898497,0.7126911492557637,0.9999150196613263
HNRNPK,11.086022712580677,0.49993541339543923,0.5574049485254613,0.8968980535927249,0.36977331881856246,0.9999150196613263
HNRNPL,4.471712962355824,-0.5880009799540759,0.7324437706039297,-0.8027933386193524,0.4220941930280866,0.9999150196613263
HNRNPM,5.875574336646921,-0.6626799532306998,0.5814217311962674,-1.1397578000176307,0.2543872193422848,0.9999150196613263
HNRNPR,3.377116592189681,-1.075136881997837,0.7954735516471215,-1.3515683579568922,0.176513438348046,0.9999150196613263
HNRNPU,12.058921092640974,0.5673045401037288,0.48968293258225437,1.1585140145933837,0.2466543358432557,0.9999150196613263
HNRNPUL1,11.768233310297253,-0.10529358563103482,0.4746392027559786,-0.22183920969791515,0.8244390549237784,0.9999150196613263
HNRNPUL2,2.8343042550787447,0.14169161664318972,0.8753026780829471,0.16187727992963188,0.8714024948131951,0.9999150196613263
HNRNPUP1,0.8636888861563378,-0.3658876516589681,1.4174999924792182,-0.2581218014816549,0.7963129064096008,0.9999150196613263
HOMER1,0.5596921914140374,2.3147397206719527,2.477647963044115,0.9342488340546943,0.3501755507267442,0.9999150196613263
HOOK3,3.1479707261217027,0.06589265177111661,0.8083649113675088,0.08151349822896962,0.9350335905668423,0.9999150196613263
HOXB2,0.5418813052984762,0.2935662151302577,2.1204906543514577,0.13844258852442037,0.8898906402790677,0.9999150196613263
HP1BP3,5.509494503093933,-0.30434302884608777,0.6068556658982139,-0.5015080948377177,0.616013582309885,0.9999150196613263
HPCAL1,1.7136876511093118,-0.44283398540766583,1.261400358447302,-0.3510653714676,0.7255393061296236,0.9999150196613263
HPS1,1.1081752005161911,-0.2335493857770103,1.1168813042284387,-0.20910851036077674,0.8343635312589959,0.9999150196613263
HPS4,1.358995916385022,-1.1003063746514534,0.9864349363306986,-1.1154373533690214,0.2646630501292888,0.9999150196613263
HPS5,1.0206985799205315,-1.1773676288948203,1.1966187579747005,-0.9839120614217488,0.32515875275098993,0.9999150196613263
HRH2,1.108469974941813,0.6210450812497235,1.5124314535684864,0.4106269277754088,0.6813461154516254,0.9999150196613263
HS2ST1,0.3725083907399378,0.36349268870412105,1.9683320472503494,0.18467041128141978,0.8534875553472552,0.9999150196613263
HS3ST3B1,2.88213240291778,0.9606616484789132,0.9284503355276159,1.0346936305785193,0.3008120115733811,0.9999150196613263
HSBP1,1.3944389484690989,1.5497105463600975,1.2145344649873002,1.27597082753539,0.2019658316752122,0.9999150196613263
HSD17B10,0.8052062158171776,-1.844605484917207,1.8150883153497275,-1.0162621120514415,0.3095045856608091,0.9999150196613263
HSD17B11,1.6425017631114922,-0.9230341114206913,0.9995032335320294,-0.923492871712768,0.3557504134454432,0.9999150196613263
HSD17B12,0.5696435836142539,-0.16465465931751253,1.567187068400286,-0.10506381952576,0.9163251682036428,0.9999150196613263
HSD17B4,1.2608693952821748,0.5080468833904609,1.8668908942554605,0.2721352838313973,0.7855180003764836,0.9999150196613263
HSDL2,0.832224069136394,0.044884462320790755,1.2507229013438788,0.03588681575476328,0.9713726086003738,0.9999150196613263
HSH2D,0.8614533018516659,-0.8169466603164591,1.4160994920695955,-0.576899197331475,0.5640075528555399,0.9999150196613263
HSP90AA1,31.39847236443084,0.23180866676108366,0.4504439459146455,0.5146226713967402,0.6068167193788996,0.9999150196613263
HSP90AA2P,5.585240120895392,0.2512875921430801,1.1811449681198423,0.21274915351252954,0.8315226253320284,0.9999150196613263
HSP90AB1,24.860384999862724,0.30608091926201086,0.4152797384238349,0.7370475632250191,0.46109342551619525,0.9999150196613263
HSP90AB3P,2.7226574690395977,0.3120062129398638,0.8916209123417695,0.34993146596394303,0.7263901317365229,0.9999150196613263
HSP90B1,26.57247014324764,0.24952997754570042,0.41128784314781786,0.6067039950315738,0.5440473704435786,0.9999150196613263
HSP90B2P,3.611022853731492,1.2313906875350193,1.1379858063561747,1.0820791266966032,0.2792173698768926,0.9999150196613263
HSP90B3P,0.8889907602351901,0.8234267399578488,1.2863580215195658,0.6401225212442337,0.5220929484427237,0.9999150196613263
HSPA13,1.9013322180373255,0.31318691365663903,1.223590645445417,0.2559572638303648,0.7979838367928637,0.9999150196613263
HSPA14,0.5304355718884062,0.5553074817040192,1.871193077648354,0.29676653272034814,0.7666447580107518,0.9999150196613263
HSPA1A,25.314043897138756,0.5316735806043621,0.7771716690092131,0.684113435686832,0.4939035383806315,0.9999150196613263
HSPA1B,18.69419387636129,0.8722025095001721,0.7549700737370058,1.1552809042918493,0.24797541314902438,0.9999150196613263
HSPA4,3.915668743895591,0.2049788758182565,0.7379624742985815,0.2777632778862974,0.7811940822853612,0.9999150196613263
HSPA5,16.235712999724928,0.31599200244794684,0.48540733729129604,0.650983160269615,0.5150573574075206,0.9999150196613263
HSPA6,2.1494744567688837,2.3717829344773538,1.414983597120408,1.6761911157868543,0.0937007638301819,0.9999150196613263
HSPA8,16.474797254137332,0.7121785538732447,0.5461375455258856,1.304027821759581,0.19222409652539085,0.9999150196613263
HSPA9,6.947855705054655,-0.17411879805944605,0.6523630794046161,-0.2669047399468971,0.7895425070497024,0.9999150196613263
HSPB1,9.423456884636739,0.6154525754739993,0.9574797725497921,0.6427838927970604,0.5203643360932144,0.9999150196613263
HSPB11,0.6523012804570144,1.4923014289552732,2.1937402393984184,0.6802543902665986,0.4963433985316065,0.9999150196613263
HSPBP1,0.4782073160460445,-0.5815087691230965,1.3617215821040187,-0.4270394012736418,0.6693506295087615,0.9999150196613263
HSPD1,12.387955912014869,0.4476581378159582,0.6828937109611896,0.6555312058532043,0.5121258015886787,0.9999150196613263
HSPD1P1,1.2135125954095458,0.36109601382185974,1.4460704726279137,0.24970844827890545,0.8028128243579804,0.9999150196613263
HSPE1,4.658286242861805,0.7792755218111898,0.8831532624680929,0.8823785801723671,0.37757211503826893,0.9999150196613263
HSPE1P2,1.2884750170553125,0.35911543197133705,1.444100919781365,0.2486775176527875,0.8036102409387236,0.9999150196613263
HSPE1P3,0.8230190514589709,1.4975866157337836,1.3057628465938458,1.1469055193600588,0.2514206713281649,0.9999150196613263
HSPH1,15.887538396660577,0.2723499133392141,0.7206967116458727,0.37789809352292164,0.7055062987635864,0.9999150196613263
HTATIP2,0.3267539048236623,0.360676264692392,1.5584149394664026,0.23143788958792105,0.8169746324230927,0.9999150196613263
HTATSF1,0.8519766088659566,0.21758417419774118,1.3375890295699766,0.16266892848821632,0.8707791125620169,0.9999150196613263
HUS1,0.801303668821904,-1.082627872741105,1.3780414941277719,-0.785627920025987,0.4320855025309407,0.9999150196613263
HUWE1,1.8400824677971377,0.3880289581889113,1.1133064221442928,0.34853742911277297,0.7274366094580618,0.9999150196613263
HVCN1,3.358265654763719,-0.9513834415757635,0.8152702988818435,-1.166954619689447,0.24322869642460831,0.9999150196613263
HYOU1,1.0874576638484381,0.15529335890576199,1.4960612323930191,0.10380147252219286,0.9173268978802461,0.9999150196613263
IARS,0.8537409117923364,0.5631398626416785,1.439685990029937,0.39115464520841,0.6956829307310551,0.9999150196613263
IARS2,0.9242120866326924,0.25543826074688114,1.4382287869878794,0.17760613822912852,0.8590323035809918,0.9999150196613263
IBA57,0.7349768144695688,-0.05897549018684837,1.8236784358488038,-0.03233875502804808,0.9742019033129723,0.9999150196613263
IBTK,0.8597615544056328,-0.7725607802750348,1.6564879249245485,-0.4663847943897474,0.640940093525846,0.9999150196613263
ICAM1,2.4838400068818633,-0.3286224051802496,1.1163086242744669,-0.2943831105791504,0.768465171237764,0.9999150196613263
ICE1,0.8176643417043856,-0.012229184816899425,1.2190636379768531,-0.010031621349312713,0.9919960584497993,0.9999150196613263
ICE2,0.7229707159749333,-0.043086937599835944,1.7350453288448369,-0.024833320999470648,0.980187912933969,0.9999150196613263
ICK,0.6316351799143709,-0.3674503460056134,1.3498993688224572,-0.2722057321399796,0.7854638345888999,0.9999150196613263
ICOS,0.4317783995009251,-1.9371495145968343,1.664876781723676,-1.163539269609652,0.24461077502817097,0.9999150196613263
ICOSLG,0.8668476765416602,-0.9580850712900079,1.7638057255445658,-0.543191949892443,0.5869976486342486,0.9999150196613263
ID1,0.8562114035368703,-1.3212453224341036,1.3606742948546098,-0.9710224757169246,0.33153708642695356,0.9999150196613263
ID2,11.55189984789022,0.0007893633627449454,0.7559601075149303,0.0010441865316674205,0.9991668598391833,0.9999150196613263
IDH1,0.4067379875570516,-0.07936569915934241,1.5740978932789693,-0.05041979885635794,0.9597878592450467,0.9999150196613263
IDH2,0.9641655910834481,-1.1751207023369792,1.2200460788683076,-0.9631773116528514,0.3354585489560328,0.9999150196613263
IDH3B,0.7397628726955857,-1.111977710456325,1.5535822533433976,-0.7157507805352988,0.4741452490235152,0.9999150196613263
IDH3G,0.7558686562953317,-1.9820124918498956,1.2453573024578828,-1.5915211545619263,0.11149233845304078,0.9999150196613263
IDI1,4.071545051847006,-0.012275027082114321,0.7916417671816591,-0.015505785054539138,0.9876286692423855,0.9999150196613263
IDS,9.833103316545882,0.4442790698398541,0.5385181501944076,0.8250029635574349,0.4093699081868917,0.9999150196613263
IER2,2.9727857171269765,-0.6880995561671149,0.763317036939142,-0.9014597118470656,0.36734394542963167,0.9999150196613263
IER3IP1,0.4978833580231254,0.47151107200500203,1.83970927792492,0.25629651253204405,0.7977218899421987,0.9999150196613263
IER5,4.353002725727738,2.056185762233745,0.9550735978074989,2.1529081810595527,0.031325895409248586,0.9999150196613263
IFFO1,0.6767240386904243,-0.7213307723560389,1.5316038855059473,-0.4709643134117251,0.6376662194304812,0.9999150196613263
IFI16,5.880382011240125,0.2611513139028886,0.6844446136271338,0.3815521500256213,0.7027935823262101,0.9999150196613263
IFI27,0.8790560826370417,0.5442780474901318,2.0348236632600214,0.267481677806978,0.7890983194056395,0.9999150196613263
IFI27L2,0.31517072595836965,0.05781869215662633,1.8358770162847031,0.031493771992219304,0.9748757589131578,0.9999150196613263
IFI35,0.6057696653753817,0.42377724620734813,2.5674125615696437,0.16506005016516032,0.8688967169886519,0.9999150196613263
IFI44,1.890515188449776,0.4013580942752398,1.0881706245605882,0.3688374646552431,0.7122488777012451,0.9999150196613263
IFI44L,8.496808563937732,0.619232620191564,0.8777807595652952,0.7054524873594035,0.4805286899945175,0.9999150196613263
IFI6,6.157423535585959,1.094661483940221,0.8538662374515684,1.2820058176879379,0.1998406054187013,0.9999150196613263
IFIH1,1.1763550799010078,0.3437381638584501,1.1438214315314266,0.3005173310996891,0.7637825787035638,0.9999150196613263
IFIT2,3.4300641831776133,0.5976109290732681,0.8037347634634523,0.74354246729113,0.4571533204963325,0.9999150196613263
IFIT5,0.41720858456130805,-1.6863864347942332,1.7712665852567793,-0.9520794039874911,0.34105671346496536,0.9999150196613263
IFITM2,4.886135536022237,0.12809900114249756,0.8438400527879586,0.15180483637778505,0.8793408674701955,0.9999150196613263
IFITM3,1.8495780748973738,1.313921683980288,1.2192262501202673,1.077668467071374,0.28118173544399006,0.9999150196613263
IFNAR1,5.482559682787294,-0.300293105133363,0.678529156543301,-0.4425647774123314,0.6580805663760843,0.9999150196613263
IFNAR2,1.1046458882138874,-0.038173942805170065,1.567075517638992,-0.024359989276511822,0.980565462779089,0.9999150196613263
IFNGR1,2.259433040824745,0.029927686291082167,1.0462046633429982,0.028605957648336705,0.9771788605140165,0.9999150196613263
IFNGR2,0.6214991538079082,1.011191203886065,1.6550935712510526,0.6109571213679028,0.5412279674171521,0.9999150196613263
IFNLR1,0.28228394119529504,-0.06305302587223853,1.890033397647573,-0.03336079984127126,0.9733868694448979,0.9999150196613263
IFRD1,3.3210325360240955,0.7559521137706592,0.8223783257565742,0.9192266990684561,0.35797700885076233,0.9999150196613263
IFT52,0.6933412893731017,-0.34046506880542443,1.3463635600515722,-0.25287751310825957,0.8003628667731237,0.9999150196613263
IFT57,0.40840996024813503,-0.6694592234642275,1.8565048730114002,-0.3606019209517672,0.7183970531023488,0.9999150196613263
IGBP1,0.9179893354620575,-1.573817269844678,1.1352019214292,-1.3863765028368422,0.16563196750746945,0.9999150196613263
IGF2BP2,0.46459017989580065,1.4414853144826694,1.6215920740847976,0.8889321411466704,0.37403955046672666,0.9999150196613263
IGF2R,5.838986719975239,0.0021866096363614518,0.7664976203768668,0.0028527285385261253,0.9977238550301828,0.9999150196613263
IGHA1,2.9998999530854396,-2.8190155009172106,1.3111451982933735,-2.1500406702373827,0.03155199790366763,0.9999150196613263
IGHA2,0.759922968380892,-0.6969070602306959,2.4790188308159866,-0.2811221325016333,0.7786167261267298,0.9999150196613263
IGHD,1.0846146456718928,-4.233507220671368,2.1841054448819914,-1.9383254735213147,0.05258352646511705,0.9999150196613263
IGHG1,3.1142933964443547,-1.8345879972044883,1.2400312847650587,-1.4794691228714254,0.1390149778336981,0.9999150196613263
IGHG2,1.0156663883289578,-3.687694383473325,1.8024936885871907,-2.0458847688747084,0.040767709224299564,0.9999150196613263
IGHG3,3.0603823200329083,-2.439950483734442,1.273449373381377,-1.916016870977498,0.055362948286733424,0.9999150196613263
IGHG4,2.7174882854218456,-1.6119911243797078,1.5200985672138247,-1.0604517096113788,0.2889391480864556,0.9999150196613263
IGHM,4.68718058735287,-0.9848978746215414,0.9636260726447805,-1.0220747472288478,0.3067455241631465,0.9999150196613263
IGKC,22.341129444626112,0.09692946993832363,0.5357984239064625,0.1809065977305771,0.8564408900622387,0.9999150196613263
IGLC2,2.7772682283285004,-1.2984695115030598,1.8206102234311201,-0.7132056575272687,0.4757185059318618,0.9999150196613263
IGLC3,1.8425961137367781,-1.4933672797048798,1.1516880132927398,-1.2966769320063165,0.19474236968288205,0.9999150196613263
IGSF6,2.1598209825395207,0.5847027868861593,0.9696434174050801,0.6030080505789612,0.5465033335954634,0.9999150196613263
IK,2.15043431110188,-0.1847591083605834,1.227410182884677,-0.15052759944223362,0.8803483775996307,0.9999150196613263
IKBIP,1.4234911631009528,-2.1067869346136194,1.153682470169521,-1.8261410648842138,0.0678290159872872,0.9999150196613263
IKBKB,2.5657537719935397,-0.4305781585543798,0.9556673309513104,-0.45055234662648214,0.6523122183854508,0.9999150196613263
IKZF1,3.5255368091986057,0.60417501471506,0.8521089635816331,0.7090349245659346,0.47830280429634187,0.9999150196613263
IL10RA,4.260123365476445,-0.5038006349356213,0.894109776277789,-0.5634661965479915,0.573117472071478,0.9999150196613263
IL10RB,0.6872236392776497,0.6888155260940995,1.509385430985852,0.4563549587491387,0.6481347491902856,0.9999150196613263
IL13RA1,0.46566571505563825,0.36379319586022263,1.9928731910700939,0.18254708703511643,0.8551534049758942,0.9999150196613263
IL16,0.6482775210709687,-1.822872415148225,1.5597684598207568,-1.168681417854611,0.24253201138318836,0.9999150196613263
IL17RA,1.2788669469698506,-0.7088480865030657,1.2341607870575644,-0.5743563512442106,0.5657266835630734,0.9999150196613263
IL18,0.49672062405596645,1.2515512028857096,1.6135217118026393,0.775664308531347,0.43794721891834754,0.9999150196613263
IL18BP,1.146343978802302,-2.1522618048787963,1.606304609292883,-1.3398839749493408,0.18028306877831002,0.9999150196613263
IL18R1,1.334514868385481,0.47023578911676045,1.1278531464709687,0.41692997939325643,0.676729624551792,0.9999150196613263
IL1B,3.475874847563925,1.1786932156881573,1.0766697312112437,1.094758384599647,0.2736225026393989,0.9999150196613263
IL1RN,0.6103961831978564,0.9597929957754358,1.6141435265551123,0.594614406950425,0.5521012475995867,0.9999150196613263
IL2RB,0.5312793815101244,0.41939266303221645,1.5903985400144165,0.26370287225516115,0.7920088821172743,0.9999150196613263
IL2RG,12.36158513395291,-0.04216077203353026,0.5095672518795096,-0.08273838610707943,0.9340595617972357,0.9999150196613263
IL3RA,9.548110530833778,-0.5550918216880619,0.6062970114447096,-0.9155443804107927,0.3599059149752958,0.9999150196613263
IL4I1,1.4845683824853337,0.25879142854148,1.5804758658390046,0.16374272719697563,0.8699336800330797,0.9999150196613263
IL4R,0.9828002332330035,-0.3019418693872118,1.486242462103378,-0.20315788109020513,0.8390116323151317,0.9999150196613263
IL6R,2.3045262133895488,-0.5895091682108117,1.2074135473466026,-0.48824130680520345,0.6253789293910724,0.9999150196613263
IL6ST,3.683067939893265,-0.48453897039262434,0.8097489420848776,-0.598381726989444,0.5495852555518657,0.9999150196613263
IL7R,1.3276332117108622,-0.49832182050905444,1.1642936521718223,-0.42800355355326963,0.6686485332204681,0.9999150196613263
ILF2,4.366440455945131,-0.07393055760000694,0.6402157499109357,-0.11547756769540875,0.9080665999026888,0.9999150196613263
ILF3,3.8383350561236163,-1.226513810038884,0.7516697363366294,-1.6317190259866992,0.10273869013026428,0.9999150196613263
IMMT,1.7170824950302308,0.1823270191299406,1.1514564410507127,0.15834469514414787,0.8741851907337708,0.9999150196613263
IMP3,0.447123498004526,-1.73751426960415,1.7734011487666608,-0.9797638119342209,0.32720271906058174,0.9999150196613263
IMP4,1.2583115881381943,0.256949493900205,1.5165013629847606,0.16943571576782493,0.8654539324918209,0.9999150196613263
IMPA1,0.4529189204253014,0.1094585750851859,1.5116006605394392,0.07241236256547007,0.9422737467188379,0.9999150196613263
IMPA2,0.4084489567969341,-0.18087839513885468,1.9426042539628239,-0.09311129365122671,0.9258151453795833,0.9999150196613263
IMPACT,1.4104565815253727,-0.6775971448063498,1.4519512742770064,-0.4666803609809542,0.6407285826364009,0.9999150196613263
IMPAD1,2.7002821211584718,-0.4393180560012465,0.9501310687532544,-0.46237626623210215,0.6438115162071412,0.9999150196613263
IMPDH2,0.8358187524804039,-1.7183669165430189,1.5359292372878948,-1.118780002897313,0.26323400478795533,0.9999150196613263
INAFM2,1.2230760830254712,-0.7620592931962689,1.2656262680880817,-0.6021203197271449,0.5470940496365899,0.9999150196613263
INF2,0.5413389079032718,-0.25323422765592374,1.7086062742744341,-0.14821099013197794,0.8821762587378451,0.9999150196613263
ING1,0.41535005547287973,2.1457399008480587,1.7756099994567247,1.2084522510599631,0.22687335182344526,0.9999150196613263
ING3,2.171564797490367,1.0525801204440504,1.0790980106174033,0.9754258742834853,0.32934905422597816,0.9999150196613263
INHBA,0.33937979293113524,1.1699000850889885,1.905252644618356,0.614039344542326,0.5391893282632965,0.9999150196613263
INIP,0.568606433416818,-0.29914384748506717,1.4894518563790833,-0.20084156879853624,0.8408224579263397,0.9999150196613263
INO80,1.207400783191613,1.116386081454519,1.189013805719672,0.9389176778976139,0.34777301217548373,0.9999150196613263
INPP4A,3.8076796840859735,-0.14920578819097563,0.7671828236987214,-0.194485308562604,0.845795898174029,0.9999150196613263
INPP5D,5.430276460463518,0.08229653376794493,0.7086193504060253,0.11613644719240392,0.9075444035569412,0.9999150196613263
INPP5F,2.376952773039063,0.3953940463018891,0.8432480520604049,0.46889411168608974,0.6391453253996172,0.9999150196613263
INPP5K,0.6939814007000056,-0.10355541107092295,1.1831799076814482,-0.08752296282130878,0.930255833773919,0.9999150196613263
INSIG1,1.513481987734674,1.6090213205911468,1.144685780617861,1.4056445426644977,0.15982970232142468,0.9999150196613263
INSR,0.775988925593968,-1.6757005326187884,1.9304519991362714,-0.8680353271506028,0.38537499346302684,0.9999150196613263
INTS1,0.805393467636266,-2.2424425248204876,2.129990961144994,-1.0527943853879285,0.292435238796417,0.9999150196613263
INTS10,0.7655230058365707,-0.4641606165237818,1.450896515914921,-0.31991297203652513,0.7490343039814895,0.9999150196613263
INTS12,0.4111010219734647,-0.4208379390349455,1.4715148266839961,-0.2859896016021042,0.7748860858130295,0.9999150196613263
INTS6,2.3293656618552223,1.013891259970518,0.9355896279898304,1.0836922830674423,0.2785012583213282,0.9999150196613263
INTS6L,0.3525796878391282,-1.8599425257714253,1.7152716521651714,-1.0843428348061586,0.27821281966084466,0.9999150196613263
IP6K1,1.0105300355757343,-2.3055212474569426,1.2786231715671386,-1.8031280041884357,0.0713681140355744,0.9999150196613263
IP6K2,0.6748886482723124,0.05189870373037608,1.3202480572385518,0.039309812611221025,0.9686433833320787,0.9999150196613263
IPMK,0.720859431420998,-0.40155714262898284,1.4970255573038636,-0.2682366648116452,0.7885171542983723,0.9999150196613263
IPO5,1.0870149318719988,1.282930117906667,1.2602931806224589,1.0179616438716488,0.3086961844707856,0.9999150196613263
IPO7,3.3768337399014845,0.7855347835988488,0.7986917198688852,0.9835268903599047,0.32534818741717775,0.9999150196613263
IPO8,0.6492587761479096,-0.8849923453886663,1.3934362252975552,-0.6351150697260541,0.5253533692526058,0.9999150196613263
IPO9,0.7639615194071199,-1.0968658292416238,1.529084601092661,-0.7173349522046195,0.47316744555206713,0.9999150196613263
IQCB1,0.46062663323777175,-1.047989876234308,1.4891348386910412,-0.7037575436456094,0.4815837778156319,0.9999150196613263
IQCE,1.2503377194529572,0.4709169085187295,1.3762238263834858,0.34218046475494474,0.7322150857316077,0.9999150196613263
IQGAP1,6.6538471789097065,-0.04692622922261827,0.647989408634167,-0.07241820405912104,0.9422690980858884,0.9999150196613263
IQGAP2,7.064881243366936,-0.34488324096779455,0.6020550851937029,-0.572843331863617,0.5667507766609132,0.9999150196613263
IQSEC1,3.8121924186992384,0.5185194220711876,0.8246593862583762,0.6287679867730614,0.529500961238371,0.9999150196613263
IRAK1,2.1286092132800047,-0.07518342993224246,1.1216809443140656,-0.06702746472903569,0.9465598386688151,0.9999150196613263
IRAK4,0.7246434490364091,0.5439452783060527,1.6238012812720664,0.3349826635682492,0.7376381639271219,0.9999150196613263
IREB2,1.6089589573373273,-1.0780684283167778,1.1658759672967096,-0.9246853512354929,0.3551296014156159,0.9999150196613263
IRF1,3.3260075315578774,-1.2691831302785908,0.906946877742249,-1.399401840864254,0.16169251518097638,0.9999150196613263
IRF2,0.7244579333322776,-0.2587471037527757,1.5504049666586586,-0.16689001216915103,0.8674565920684392,0.9999150196613263
IRF2BP2,18.864435952773395,0.15472144778385957,0.39052398455889714,0.3961893607088431,0.6919653394551202,0.9999150196613263
IRF2BPL,2.12396070968398,0.13223047874842703,0.932547785974793,0.14179485570297762,0.8872420475671914,0.9999150196613263
IRF3,1.2338480130940357,-1.300688118258016,1.489454901276823,-0.8732645192164004,0.38251891501266555,0.9999150196613263
IRF4,18.769042997837527,0.25085602955193814,0.4467097737097039,0.5615637810399866,0.5744132631585577,0.9999150196613263
IRF5,1.3924485603287577,1.4114098581178132,1.8408364203800944,0.7667220414002818,0.4432467958420042,0.9999150196613263
IRF7,15.242465150852354,0.0616918424275152,0.4864118833099076,0.12683045900876866,0.899074587601811,0.9999150196613263
IRF8,23.742176706392954,0.14724688095152733,0.3816772346859051,0.3857890059193645,0.6996529382051565,0.9999150196613263
IRS2,3.161652501367712,0.1305965535054266,1.1305727502486105,0.11551362216779831,0.9080380238243002,0.9999150196613263
ISCA1,1.2095273515054688,0.18016359025663756,1.1784497076910319,0.1528818659640868,0.8784914366519153,0.9999150196613263
ISCU,5.692408587903509,0.1332251377476639,0.7003564046933002,0.1902247724942357,0.8491329998821068,0.9999150196613263
ISG15,3.2692092465955667,-1.4136035877261144,1.4134419974436976,-1.0001143239571975,0.31725518492395766,0.9999150196613263
ISG20,3.1326353689485185,-1.1064300257894089,0.9660754703402674,-1.1452832203675622,0.2520918544998144,0.9999150196613263
ISG20L2,3.2787888193976698,-0.16400550880610132,0.7238062330493852,-0.22658758838694784,0.8207444443277248,0.9999150196613263
IST1,2.646049217332617,-0.3583387349607255,1.1203282771715144,-0.3198515491061432,0.7490808680667453,0.9999150196613263
ISY1,0.8973119579345971,-0.5773372905981831,1.3171458196630443,-0.43832450589706085,0.6611510638931852,0.9999150196613263
ITCH,2.2167533220065545,-0.07772413296621823,1.0061218894169828,-0.07725120960369625,0.9384237039531031,0.9999150196613263
ITFG1,0.5560585384069432,-0.003149314693487813,1.6076401429124154,-0.0019589674389334953,0.9984369711250606,0.9999150196613263
ITFG2,1.615156075371438,0.876951570431723,2.109883567979499,0.4156397934657236,0.6776736033001152,0.9999150196613263
ITGA4,1.8738071024061311,-1.1455247715458787,1.0539351844482983,-1.0869024855124507,0.2770799077592033,0.9999150196613263
ITGAE,0.888404678337895,0.09686719966276171,1.7510721248753263,0.05531879486098181,0.9558844889585483,0.9999150196613263
ITGAL,1.1731703314623285,-1.0808042882082012,1.0864100164888704,-0.9948401356802782,0.3198140223269399,0.9999150196613263
ITGB1,0.7427004247135025,-1.4850653287786562,1.2890594295605577,-1.1520534233901978,0.24929912097096918,0.9999150196613263
ITGB1BP1,0.5696973449175206,-0.11173652304888522,1.2410028310140557,-0.09003728295896182,0.9282575876157592,0.9999150196613263
ITGB2,3.828096317262192,-0.08548235278926078,0.769680845048554,-0.11106207636474084,0.91156712131963,0.9999150196613263
ITGB3BP,0.37449131412088094,0.15910908415467515,1.8851122186893197,0.08440297748709118,0.9327360400433516,0.9999150196613263
ITM2A,0.9721978818278821,-0.053178430126482795,1.1399043808103544,-0.04665165870200307,0.9627908591297923,0.9999150196613263
ITM2B,5.873326376697991,0.13656866620619876,0.6266334890753427,0.21794026107305375,0.8274756572366544,0.9999150196613263
ITM2C,17.384165953382237,0.050827768237587986,0.41353932281948125,0.12290915381649303,0.9021790368937889,0.9999150196613263
ITPA,0.3688947913205676,-1.1907428552544257,1.421097689112573,-0.8379035898636946,0.4020848524380255,0.9999150196613263
ITPK1,0.5483937390197386,-0.04230595234686211,1.584180648409953,-0.026705257629125016,0.9786948196475858,0.9999150196613263
ITPR1,1.4450365551587483,-0.3084781113657155,1.0939862369348945,-0.2819762268947756,0.777961739140316,0.9999150196613263
ITPR2,2.3778018995505983,-0.15647971063422506,1.1257943827842216,-0.1389949292936001,0.889454155991106,0.9999150196613263
ITSN2,4.2769971720681115,0.049691821620739755,0.6694688757039441,0.07422573837878421,0.9408307660720935,0.9999150196613263
IVD,3.7021772297708235,-1.3746074291802768,0.8611035164116729,-1.5963323839489583,0.11041460357697974,0.9999150196613263
IVNS1ABP,2.599879911164523,-0.07234901085544769,1.0377528465950738,-0.06971699580765199,0.9444189139985257,0.9999150196613263
IWS1,2.1692036605398926,-1.912003377979428,1.3175314027478715,-1.4512013709819085,0.14672379525400867,0.9999150196613263
JADE3,0.7374701092514321,-0.288275855644375,1.3240647880366991,-0.21772035496225647,0.8276470031348804,0.9999150196613263
JAG1,0.6705692876515574,0.545031692117293,1.5855686581070503,0.34374524832496717,0.73103787916283,0.9999150196613263
JAK1,6.09610190650543,-0.13528761856143665,0.7565742970011552,-0.1788160384217098,0.8580821514192569,0.9999150196613263
JAK2,1.175846722974969,0.767342567973567,1.082633857925059,0.7087738503248282,0.4784648276926129,0.9999150196613263
JAK3,1.6123431410171625,-1.0071721573152397,1.2824041667047736,-0.7853781073584924,0.4322319127587324,0.9999150196613263
JAML,5.1673434881620945,-0.1616399083651407,0.7204964531537517,-0.22434518262735603,0.8224887214135482,0.9999150196613263
JARID2,2.3161827388100664,-0.2854633900783029,1.0521498151072521,-0.27131439456576234,0.7861492362805597,0.9999150196613263
JAZF1,1.1167752579625245,-0.26655487541264644,1.0757047370363222,-0.2477955764581205,0.8042925776901283,0.9999150196613263
JCHAIN,26.151693167260657,0.3174449023522238,0.43238806605961444,0.7341666601604515,0.4628471703144542,0.9999150196613263
JKAMP,1.4068796845571583,-0.07384973646270133,1.6289690140474873,-0.045335261644546224,0.9638400815932924,0.9999150196613263
JMJD1C,4.043131712106896,-0.09472703453232113,0.9148401734636409,-0.10354490027878727,0.9175305157104489,0.9999150196613263
JMJD6,1.306198609821774,-0.1290478283640917,1.4779941113048638,-0.08731281632114242,0.9304228669762743,0.9999150196613263
JMY,7.278381507849464,0.07658423498877259,0.5634719599887721,0.13591489981204855,0.8918885564342968,0.9999150196613263
JOSD1,7.77929401129314,-0.26083692075474374,0.6258453651285678,-0.41677534945259176,0.6768427345021177,0.9999150196613263
JPT1,0.900770610361938,-0.15227355169064455,1.1579087249569175,-0.13150738776608684,0.8953739427385089,0.9999150196613263
JPT2,0.6046679059966783,-0.9317592236318267,1.4136391761787035,-0.6591209690088834,0.5098180913903365,0.9999150196613263
JTB,6.104767814415943,-0.6384666444013292,0.6337757075712953,-1.007401572471135,0.3137418359839712,0.9999150196613263
JUN,7.484013310911814,0.8141027221144266,0.8997700229802833,0.9047897810797216,0.3655767664069304,0.9999150196613263
JUNB,20.482126571717565,0.12489709865167345,0.5040549339584428,0.24778469614577897,0.8043009964591482,0.9999150196613263
JUND,26.895628166193863,0.2083562128821888,0.3842740566663404,0.5422073368411168,0.5876756815873132,0.9999150196613263
KANSL1,0.3482603272183732,-1.0476719697029946,1.7974725489282302,-0.5828583976582478,0.5599886286588132,0.9999150196613263
KANSL2,1.467200509610607,0.06566228390724319,1.139868604210911,0.057605134192373654,0.9540631599723505,0.9999150196613263
KARS,2.347673482012866,-0.4070897268702637,0.8191883866945273,-0.4969427466042266,0.6192294261067104,0.9999150196613263
KAT2B,3.0868000156785405,-1.0289946025177679,1.020134339514657,-1.0086853884433753,0.313125541461974,0.9999150196613263
KAT6A,1.2991607737796151,0.4088947501835904,1.0335552715827097,0.3956196261835513,0.6923856563587523,0.9999150196613263
KAT7,1.296028904846317,-1.0884317587467005,1.031653459091699,-1.0550362131340023,0.29140876294425566,0.9999150196613263
KAT8,0.2351429694293222,0.12626213606414263,1.9059316035028995,0.06624693972862734,0.9471812263263676,0.9999150196613263
KATNA1,0.29856004812793546,0.007355620513491831,1.5827947179355655,0.004647235949261788,0.9962920555323045,0.9999150196613263
KATNAL1,0.8986165338102295,-0.23027158225832392,1.6138957236028202,-0.14268058269853484,0.8865424525626673,0.9999150196613263
KATNBL1,0.31374524355987327,-0.18359635166824692,1.5832683466972748,-0.11596035002609133,0.907683965837143,0.9999150196613263
KBTBD2,1.4363221117653027,-0.9909731525318298,1.0664933384615012,-0.9291883191332305,0.35279149987557146,0.9999150196613263
KCMF1,3.8203965833756053,0.9511738863635435,0.7455611839752635,1.2757824666943791,0.2020324272099443,0.9999150196613263
KCNA5,1.4880564254914825,1.4333123797673124,1.269828769637557,1.128744610327594,0.2590055846564284,0.9999150196613263
KCNAB2,2.8069503975907324,-0.831447626000763,1.0737548368817256,-0.7743365593726748,0.43873178924030287,0.9999150196613263
KCNK10,1.4756731279911175,-0.7847682163672407,1.2526068639361432,-0.6265079962129663,0.5309817937396829,0.9999150196613263
KCNK17,0.7738912566265757,-0.8968378564852665,1.975631792053406,-0.45394990103551786,0.6498648860061038,0.9999150196613263
KCNK6,0.2626194820709392,0.9118195907957578,1.647562412334285,0.5534355384473002,0.5799652094628188,0.9999150196613263
KCTD10,0.44284313393257,-0.5955043470850264,1.597554179829635,-0.3727600319311435,0.70932705219215,0.9999150196613263
KCTD12,0.868712870466114,-0.1021134057932767,1.2776216273319694,-0.07992460647877259,0.936297219289996,0.9999150196613263
KCTD13,0.49343150802678143,-0.23982135900019075,1.598403442867405,-0.15003806458898192,0.8807345839580712,0.9999150196613263
KCTD20,2.3964474010745747,0.367589223289682,0.9504581608736563,0.38674950505111755,0.698941662785624,0.9999150196613263
KCTD5,2.3962820877421622,0.22693846600742507,0.9200929272832591,0.2466473323270748,0.8051811700424213,0.9999150196613263
KCTD9,0.9415427816840002,-2.283221952008455,1.4851016772316472,-1.5374179337434792,0.12419099748506156,0.9999150196613263
KDELC2,1.2140824065008244,-0.34998126964451426,1.4613419425957086,-0.23949307102132442,0.810723268684243,0.9999150196613263
KDELR1,3.8552041396601595,-0.4735062053702425,0.913248237607415,-0.5184857587141517,0.6041193938159498,0.9999150196613263
KDELR2,1.8371612027645194,-0.22547319914798208,1.3696093350943612,-0.1646259216920771,0.8692384270302737,0.9999150196613263
KDM1A,1.2145821992180357,0.7057526258719384,1.1484815320092623,0.6145093379405309,0.5388788043832733,0.9999150196613263
KDM1B,0.6437163474044857,-0.5169634831705378,1.5508723018641462,-0.3333372338580994,0.7388797363801893,0.9999150196613263
KDM2A,3.418748375001719,-0.9837091469006125,0.807860089944023,-1.2176726628106782,0.22334838949087954,0.9999150196613263
KDM2B,2.0312796610461126,0.8056952390579623,0.8665173852778344,0.9298085101888977,0.3524702392926484,0.9999150196613263
KDM3A,0.556011071123145,0.3511235264427448,2.4875738670060765,0.1411509949914935,0.8877506587053138,0.9999150196613263
KDM3B,1.8123806429792175,0.3967700625919263,1.148083646187709,0.3455933406154061,0.7296483513681591,0.9999150196613263
KDM4B,2.923484148233543,-0.20995081134192495,0.7712030099726187,-0.27223806005292844,0.7854389788839415,0.9999150196613263
KDM4C,0.8894462376558477,0.5672461529987861,1.2611669159979646,0.44977880865985354,0.652869939396325,0.9999150196613263
KDM5A,3.7155920727535325,-0.39778297682912045,0.9597321164805332,-0.4144729242654128,0.6785277921063078,0.9999150196613263
KDM5C,2.40783389797198,0.9074479904070932,0.8653062095342632,1.0487015814846772,0.29431548615844627,0.9999150196613263
KDM5D,0.841619130980813,-0.45306430546100196,1.982019162190049,-0.22858724784496268,0.8191897369164074,0.9999150196613263
KDM6A,0.9088688837344756,0.5331219408646174,1.0952073493131043,0.4867771762114111,0.626416246382705,0.9999150196613263
KDM6B,16.575550531366233,-0.2244241462953636,0.484387497064824,-0.4633153160543483,0.6431383689976753,0.9999150196613263
KDM7A,1.7881999380885256,0.7617136722095907,0.9636407759807634,0.7904539649999165,0.4292626968793196,0.9999150196613263
KDSR,0.9973271347473545,0.32099767500900356,1.3786031172129032,0.2328427021534368,0.8158835525668444,0.9999150196613263
KHDC4,0.6600871077945759,0.5983590075298393,1.630685162554902,0.36693717540935417,0.7136658807133539,0.9999150196613263
KHDRBS1,6.151372585696683,-0.06497249821662039,0.6479749982473874,-0.10027006966681583,0.9201299186593224,0.9999150196613263
KHNYN,0.7582707704447581,0.3068122415729404,1.7634891683265004,0.17398022459309814,0.861881003693165,0.9999150196613263
KHSRP,4.030121847852401,-0.3969897284609666,0.8266065540230645,-0.4802644335794724,0.6310393754889818,0.9999150196613263
KIAA0100,1.0371231132694492,0.4151633785028123,1.6558030237836316,0.2507323471086153,0.8020210499725873,0.9999150196613263
KIAA0141,2.263880962289061,1.0246000200195198,1.1860502739085843,0.863875707935203,0.3876561727107629,0.9999150196613263
KIAA0232,1.089184801204122,-1.4777982358424968,1.5725085010379447,-0.9397712221377921,0.3473349232041615,0.9999150196613263
KIAA0319L,0.9939942799738629,0.9330766305858307,1.4153268295294554,0.6592658396054321,0.5097250744546171,0.9999150196613263
KIAA0355,0.36901569784343163,-1.4239964841533579,1.5643676913778894,-0.9102696840402699,0.3626803023226385,0.9999150196613263
KIAA0368,1.4874319981847666,-0.17598374952120616,1.071162433154659,-0.16429230905990602,0.8695010359106754,0.9999150196613263
KIAA0513,1.0255491401138797,-0.06826819708296532,1.1138660788717023,-0.06128941205581736,0.9511287229062715,0.9999150196613263
KIAA0930,1.4845810333877738,-0.3084554641357912,1.1975923537736308,-0.25756298724173016,0.7967441979956633,0.9999150196613263
KIAA1109,0.9317732802898304,-1.1528916086115457,1.5826734109055811,-0.7284456797387396,0.46634080918364895,0.9999150196613263
KIAA1143,0.8637297783105208,0.33729145660963555,1.1712849744195102,0.28796703106073523,0.7733719755688641,0.9999150196613263
KIAA1147,0.9600162210419647,-0.7968376697667104,1.149644009711132,-0.6931168805610789,0.4882362049012495,0.9999150196613263
KIAA1191,1.3029474242525065,0.524278835533214,0.9828382081241618,0.5334335104186161,0.5937335257192102,0.9999150196613263
KIAA1468,0.7140077794695805,-0.017854270879660655,1.5045039729985892,-0.011867214178288779,0.9905315552693216,0.9999150196613263
KIAA1551,1.9353215240395423,-0.2570679912457872,1.0448201660678635,-0.24604041881508823,0.8056509443003109,0.9999150196613263
KIAA2013,1.0681559242926741,-0.05301594209203617,1.1796373000653941,-0.04494257861216934,0.9641530782887816,0.9999150196613263
KIAA2026,0.9414724545626603,0.02232110709882234,1.4401538634779891,0.015499112744048468,0.9876339923362337,0.9999150196613263
KIDINS220,1.7850532674057749,0.9777257920171493,1.2183906851232535,0.8024731344020752,0.42227932289477343,0.9999150196613263
KIF1B,0.5913953068243436,1.2192834904050551,1.5246367149251645,0.7997206668769633,0.4238726561413446,0.9999150196613263
KIF20B,1.0804746455037002,-1.2048448031457448,1.147591195458415,-1.0498902465563613,0.2937685763725191,0.9999150196613263
KIF2A,0.7161638704961698,0.4779675327284264,1.4932914063312035,0.32007653074407094,0.7489103162874153,0.9999150196613263
KIF3B,0.71979678852854,2.6026154959465595,2.1752070811063913,1.1964909081772446,0.2315050444492479,0.9999150196613263
KIF5B,11.030928501420558,0.48529897188253596,0.5968033986911778,0.8131638877171659,0.41612410099389874,0.9999150196613263
KIFAP3,1.0919318525917254,0.37553405277147656,1.4225479336557307,0.2639869236647875,0.7917899948533378,0.9999150196613263
KIFC1,0.5739777089894766,-1.0530179344405934,1.648487149082387,-0.6387783702328191,0.5229671212193395,0.9999150196613263
KLC1,1.2842161641746312,-1.137540158550161,1.3979394127339122,-0.8137263662417991,0.41580172610791943,0.9999150196613263
KLF10,8.605052300925754,-0.06499988300243133,0.5444010713486095,-0.11939705195915822,0.904960796784963,0.9999150196613263
KLF12,0.43652190696979687,0.42456153753075115,1.3537143738442763,0.31362711790160125,0.7538042608798732,0.9999150196613263
KLF13,0.6929460515661753,-1.8632425739280356,1.2868081490007168,-1.447956772246861,0.1476291404953543,0.9999150196613263
KLF2,4.9273883444412325,0.5834770278729883,0.8522369098752415,0.6846418186210724,0.49356997144626136,0.9999150196613263
KLF3,2.754292807107001,0.3595187735416307,0.7794784536964705,0.4612299055050309,0.6446336681123697,0.9999150196613263
KLF4,8.385765266059227,0.8141233131884262,0.5973021619111304,1.3630007810176912,0.1728822644667104,0.9999150196613263
KLF6,11.430116057226396,0.09103589210044413,0.6288521869772193,0.14476516737269768,0.8848962848699526,0.9999150196613263
KLHL12,0.30649300816806063,1.0557354467221216,1.9911316121283533,0.5302188164214964,0.5959602264074552,0.9999150196613263
KLHL15,1.5134042354069162,0.3231899431860054,1.143331041111866,0.2826739864175382,0.7774267591120261,0.9999150196613263
KLHL18,0.40787257285341233,0.468331083430896,1.4800501023107695,0.31642920918670325,0.751676749337674,0.9999150196613263
KLHL20,0.30649300816806063,1.0557354467221216,1.9911316121283533,0.5302188164214964,0.5959602264074552,0.9999150196613263
KLHL21,0.7802217935355775,1.1837047424844538,1.7409158984405,0.679932180264887,0.49654740439160105,0.9999150196613263
KLHL24,1.5874699556728602,0.4738411511731484,0.9642571884916888,0.49140536034202725,0.6231397737438037,0.9999150196613263
KLHL42,0.3453664489961146,-0.1318855738873782,1.911701239487489,-0.06898859045712374,0.9449987013574733,0.9999150196613263
KLHL5,0.4355519019919583,-0.23177560624324253,1.9386067448668107,-0.11955782515301541,0.9048334306545947,0.9999150196613263
KLHL6,0.853484001238518,-0.18283345023891578,1.1682936011460778,-0.1564961496489915,0.8756419539870403,0.9999150196613263
KLHL8,0.40481879155949074,1.4182406254852924,1.5437438858707078,0.9187020194644343,0.3582514532525929,0.9999150196613263
KLHL9,1.5000651575436565,-0.8901112414023339,1.6696857615341272,-0.5331010552455625,0.5939636286375114,0.9999150196613263
KMO,0.7863278231861577,1.5806545382057768,1.7459836045250883,0.9053089239264183,0.3653017500543383,0.9999150196613263
KMT2A,1.4856010061807394,0.1755088633573264,1.1073712679987329,0.1584914368191168,0.8740695678107715,0.9999150196613263
KMT2B,0.5128151575566102,-0.6361364251907028,1.9271687030354225,-0.33008860313513,0.7413330144487382,0.9999150196613263
KMT2C,2.6530418709646812,-0.04525556773203003,0.826734438274659,-0.05474015069031774,0.9563454816744502,0.9999150196613263
KMT2D,0.3093049764162543,1.0457033540043776,1.8820533996895614,0.5556183231447434,0.5784718027461508,0.9999150196613263
KMT2E,4.47824278768282,-0.618964764289627,0.6626221965711158,-0.9341141415011394,0.3502450180116796,0.9999150196613263
KMT5A,0.3695755159688801,0.7723831148326605,2.0082683596678623,0.3846015454629785,0.7005326489308085,0.9999150196613263
KMT5B,0.8746605299822942,-0.9433667237233608,1.216875311773899,-0.7752369651975014,0.43819964906155884,0.9999150196613263
KPNA1,0.6460693235766563,0.0885515001478627,1.5680777187090673,0.05647137198069713,0.9549663009703871,0.9999150196613263
KPNA2,5.536611781224303,-0.17043700092540123,0.690793709494673,-0.2467263360722823,0.8051200232926452,0.9999150196613263
KPNA3,0.30954678946198233,0.09368831232049002,2.4038167481819053,0.03897481469473491,0.9689104683146893,0.9999150196613263
KPNA4,1.6061829797175458,-0.20045740645130286,0.9420292520075706,-0.21279318664904037,0.8314882783101748,0.9999150196613263
KPNA5,0.370562086764792,-1.4110421062180916,1.9013738187411457,-0.7421171430415029,0.45801636405220225,0.9999150196613263
KPNA6,1.3273514911602549,-0.22473050271770748,1.382917859390702,-0.16250459215034013,0.870908512329784,0.9999150196613263
KPNB1,3.0441755166036772,0.7719140205577658,0.9773636493462308,0.7897920298899059,0.4296492344206987,0.9999150196613263
KPTN,0.4396684461157844,0.3239512811014992,1.548031743993397,0.20926656210925929,0.8342401534290624,0.9999150196613263
KRAS,1.7793729785789933,-1.1909928923236608,1.0358590462121124,-1.149763470888086,0.2502413043696079,0.9999150196613263
KRBOX4,0.4567828036253986,-0.1921587972435354,1.6181178109959644,-0.11875451585645679,0.9054698446835341,0.9999150196613263
KRCC1,0.7860821328169434,0.28917196545107443,1.342511161401825,0.21539632128579586,0.8294583378869178,0.9999150196613263
KRT10,1.9468615781534393,-0.5492915465479101,0.9402285933448303,-0.5842106381745152,0.5590786051184221,0.9999150196613263
KRT5,10.074996899030829,-0.040800513667220276,0.8515595004815355,-0.04791269857731446,0.9617858190134285,0.9999150196613263
KRT7,1.204030107132973,-1.37262641100916,1.4822214242328382,-0.9260602960988761,0.35441464605032047,0.9999150196613263
KRT8,0.9196192496400456,1.9983458899608992,1.7240073596462275,1.159128398599741,0.24640385172746582,0.9999150196613263
KTN1,5.927818365515822,0.24707632412606775,0.7036574622617451,0.3511315339879971,0.725489671551476,0.9999150196613263
KYAT3,0.3462974574251541,-0.04778241903081962,1.3605928903939295,-0.03511882163149131,0.971984993177328,0.9999150196613263
KYNU,1.5312769479943202,0.3948173822433149,1.1468102427385074,0.3442743773377163,0.7306399517758103,0.9999150196613263
L3MBTL3,0.3482603272183732,-1.0476719697029946,1.7974725489282302,-0.5828583976582478,0.5599886286588132,0.9999150196613263
LAIR1,3.669588343049685,-0.08450363803409308,0.8662770657362786,-0.09754804943643583,0.9222911782098667,0.9999150196613263
LAMA5,0.8668067678965481,-0.1260731688238683,1.6447603683266687,-0.07665139022782477,0.9389008756849131,0.9999150196613263
LAMP1,6.0956450521897185,0.34294246601770273,0.6694338931871185,0.5122872766196263,0.6084499686053385,0.9999150196613263
LAMP2,5.530510228987186,0.3564963467357822,0.7042357110399722,0.5062173660709852,0.6127040651657523,0.9999150196613263
LAMP5,3.4508841610279353,0.40037441482026837,1.2664827866615296,0.3161309565648833,0.7519031107632829,0.9999150196613263
LAMTOR1,2.7504296734117233,0.1514298127888813,0.886843322420738,0.17075148333477516,0.864419179381563,0.9999150196613263
LAMTOR2,1.078232111045673,-0.05130543429383558,1.82627341490666,-0.028092964544664183,0.9775880053405113,0.9999150196613263
LAMTOR3,1.6521850516084196,0.5726885705978348,1.138379274564747,0.5030736094671077,0.6149125203551025,0.9999150196613263
LAMTOR4,0.7468988788113935,-2.031912085772224,1.4689379569967893,-1.3832524893879268,0.16658746032071836,0.9999150196613263
LAMTOR5,2.87392611327268,-0.05403162933920171,0.7599108238924506,-0.0711025920942123,0.9433161052016239,0.9999150196613263
LANCL1,0.29856004812793546,0.007355620513491831,1.5827947179355655,0.004647235949261788,0.9962920555323045,0.9999150196613263
LANCL2,0.7334853195284707,0.367139758439768,1.3439105222107328,0.273187650793762,0.7847089722990709,0.9999150196613263
LAP3,3.804255380118767,-0.3366503552665955,0.7413755759323148,-0.454088813005799,0.6497649047945754,0.9999150196613263
LAPTM4A,7.165886525430074,0.26551562073563195,0.7300857585719936,0.3636773045059329,0.7160989928881774,0.9999150196613263
LAPTM4B,1.3072127447372202,0.3651854761605963,1.2518610384496784,0.29171406805091316,0.7705052520942717,0.9999150196613263
LAPTM5,11.37976791295147,-0.21048344896146118,0.49990970945868823,-0.42104293031110895,0.6737237336495868,0.9999150196613263
LARP1,1.2975046338927145,-0.5832074538495267,1.1408147900538843,-0.5112201024514942,0.6091969439378752,0.9999150196613263
LARP4,0.952977650025082,0.15872578268987625,1.396586338640063,0.11365268175574218,0.9095131238675598,0.9999150196613263
LARP4B,2.4051895674877746,-1.3644023254603554,1.4676649168486253,-0.9296415754012873,0.3525566937319934,0.9999150196613263
LARP7,2.863430991588965,-1.4178483879835757,1.1990895090484381,-1.1824374888482996,0.23703215544951628,0.9999150196613263
LARS,1.5451703555815,-0.8030367433551481,1.2358530106885002,-0.6497833774809287,0.5158321576345076,0.9999150196613263
LASP1,1.2873890210133132,-0.8942003780034713,1.3965807140777056,-0.6402783376498196,0.5219916613710733,0.9999150196613263
LATS2,0.4278441891794879,1.17699522829656,1.8983035683208533,0.6200247673440725,0.5352414810383236,0.9999150196613263
LBH,0.8743538000759755,1.2329489128451412,1.175422929699045,1.048940667816328,0.2942054267299633,0.9999150196613263
LBR,2.326343222789402,0.3680480992572149,0.9110162509650627,0.4039972929871801,0.6862147097978638,0.9999150196613263
LCK,0.3118642837407192,-0.10088649888230189,1.8248697424629492,-0.05528421921563545,0.9559120341797502,0.9999150196613263
LCOR,1.2195641683351157,-1.6516646142092317,1.198040498897109,-1.3786383813650036,0.16800627654018374,0.9999150196613263
LCP1,17.16313745512584,-0.025861849524048144,0.4281804400188159,-0.06039941834547994,0.9518375219064509,0.9999150196613263
LCP2,0.48332830783797603,0.2378430943298317,1.4262970394963572,0.16675565309580742,0.867562313706694,0.9999150196613263
LDB1,0.6794970103898189,-1.3385146589260473,1.3868060918200815,-0.9651779486844801,0.33445568984653207,0.9999150196613263
LDHA,10.039272576703999,-0.3759499053538346,0.6235222323457515,-0.602945469866366,0.54654496585289,0.9999150196613263
LDHB,7.341187183835491,-0.21647829356393747,0.6045273587538238,-0.35809511419001294,0.7202721352630808,0.9999150196613263
LDLR,1.2569978050065478,0.63999628452696,1.2508469772133728,0.511650342676399,0.6088957454837628,0.9999150196613263
LDLRAD4,15.101202022832101,-0.36470494747708804,0.5288314095523134,-0.6896431280166055,0.4904186386755264,0.9999150196613263
LEMD2,0.4904596367069247,-0.3856857147497958,1.2657577061938736,-0.3047073803007296,0.7605890280981675,0.9999150196613263
LEMD3,0.8053271223400416,-2.2007715003117396,1.4485427614765942,-1.5193003333007231,0.12868691588585898,0.9999150196613263
LENG8,1.9541793454046053,-2.447101414039508,1.617717925163727,-1.512687333171412,0.13035909860417466,0.9999150196613263
LEO1,0.5055192483691395,-0.12487170097106265,1.382837651749851,-0.09030105653620961,0.928047980588665,0.9999150196613263
LEPROT,3.88584141881353,-0.043873116085051705,0.6812720672765837,-0.06439881831708806,0.9486526709219641,0.9999150196613263
LEPROTL1,1.5106757374265527,-0.18458744719966386,1.0349768563394242,-0.1783493476873726,0.8584486261416336,0.9999150196613263
LETM1,2.0984519945470086,-0.8368346708960985,0.9843636682676777,-0.8501275472395211,0.3952541776797187,0.9999150196613263
LETMD1,1.2392625095061593,0.9417153100690807,1.917076815710415,0.49122460944274027,0.6232675950541245,0.9999150196613263
LFNG,1.3349785377083636,0.056364139891943395,1.0647884715048002,0.05293458879423011,0.9577840251463271,0.9999150196613263
LGALS1,3.8698314957073214,0.8466164764765493,1.2449645077003368,0.6800326204000748,0.49648380636160294,0.9999150196613263
LGALS3,0.7157520668711703,0.8814440648084478,1.3050489141490447,0.6754107491696526,0.4994148380595993,0.9999150196613263
LGALS3BP,0.5612286142552824,1.2002997525234984,1.627453252267508,0.7375325533013851,0.46079855428474015,0.9999150196613263
LGALS8,0.9227598589247319,-0.7599385781587426,1.6124597092651427,-0.4712915143194955,0.6374325745711427,0.9999150196613263
LGALS9,5.313854742909129,0.5460382276425356,0.6720702505932652,0.8124719509017462,0.4165208749743745,0.9999150196613263
LGMN,5.696364412806494,-0.6707256518494839,0.5920448313900787,-1.1328967272202484,0.25725762455109724,0.9999150196613263
LHFPL2,1.285454727507662,-0.6845911748771554,1.334254375871745,-0.5130889485971314,0.6078891017202936,0.9999150196613263
LHPP,1.5822809248962388,-4.3884988822174575,2.4992908765522803,-1.7558976121544125,0.0791058927781003,0.9999150196613263
LIG3,0.4406665997644212,-0.0643766073125438,1.8469824376457937,-0.034855018651178786,0.9721953487159107,0.9999150196613263
LIG4,0.7829603245055391,0.5843332124478656,1.590480429575433,0.36739415435866074,0.7133250313417682,0.9999150196613263
LILRA4,9.334290447250247,-0.27699701453319664,0.6343795423898186,-0.43664241360889483,0.6623706982318406,0.9999150196613263
LILRA5,2.119436540141762,0.12830948889344498,1.1540344797956146,0.1111834101492091,0.9114709068448519,0.9999150196613263
LILRB1,1.2507139989192357,-1.3712495280409367,1.1918788942563425,-1.150494009625458,0.24994046007016735,0.9999150196613263
LILRB2,2.0673537744191433,0.03310791209434404,1.3434866721545673,0.024643275426951907,0.9803395009701243,0.9999150196613263
LILRB4,8.874169182390505,-0.38900353042465985,0.5371134029981803,-0.7242484143073558,0.46891324055275174,0.9999150196613263
LIMA1,1.0869960157966385,-0.6643193342170849,1.0650075102176884,-0.6237696240107241,0.5327788912122271,0.9999150196613263
LIMD1,0.5645879359783142,0.746923731882366,1.4474216882906867,0.5160374049420494,0.6058282847121221,0.9999150196613263
LIMD2,2.25282281236522,0.8596124766391539,1.2302519036310178,0.6987288327716112,0.48472151146344133,0.9999150196613263
LIMS1,0.9874173965617601,0.2901627837580848,1.2804131553935407,0.22661652806035246,0.8207219390952454,0.9999150196613263
LIN7C,1.7093472739799078,-0.025242129922232966,1.1432914745731388,-0.022078472973532326,0.9823853583691146,0.9999150196613263
LINC-PINT,3.5713225465252174,0.44607547545974335,0.7992646419709304,0.5581073552306187,0.5767710783548957,0.9999150196613263
LINC00665,0.35825420373703953,0.7453731362249272,1.5401984712781296,0.483946160267502,0.62842407943201,0.9999150196613263
LINC00865,1.3994702028594466,0.7700981279920762,1.165708342033474,0.6606267624787766,0.508851701761433,0.9999150196613263
LINC00909,1.1204046232765954,0.07934361839755356,1.2964190266574598,0.06120213971413562,0.9511982256839195,0.9999150196613263
LINC00996,5.1447157505081345,0.31470158052961994,0.8548281346625453,0.36814602581354267,0.7127643534463931,0.9999150196613263
LINC01184,0.649543100397802,-1.9253299181286283,1.3720129233887948,-1.4032884714913412,0.16053083458045425,0.9999150196613263
LINC01215,0.9221583545927916,0.7767555603439541,1.5751536704498625,0.49313001957587627,0.6219207207782746,0.9999150196613263
LINC01226,0.7888605147770876,0.08662804564516537,1.5521393448080996,0.055812028691197,0.9554915523717926,0.9999150196613263
LINC01578,2.7050283563479707,-0.5475821388956796,0.8595486606696086,-0.6370577536228145,0.5240872252529011,0.9999150196613263
LINC01679,0.7199512539829516,1.3754425555806689,1.7710026410516608,0.7766462475538154,0.437367508132117,0.9999150196613263
LINC01724,0.31517072595836965,0.05781869215662633,1.8358770162847031,0.031493771992219304,0.9748757589131578,0.9999150196613263
LINC02132,1.0097339208626464,-0.18973449466944664,1.2632401313267685,-0.15019669654586607,0.8806094321062159,0.9999150196613263
LINC02207,1.1637953232056337,-0.14611495392960142,1.0155293818652102,-0.14388057749863808,0.8855947730021428,0.9999150196613263
LIPA,1.0131168627936122,-0.5117897164881117,1.502870141565965,-0.3405415427009784,0.7334487435873004,0.9999150196613263
LITAF,8.729751156878201,-0.4529138943072767,0.754398535514307,-0.6003642279057516,0.5482635226288077,0.9999150196613263
LLGL2,0.4588774278194825,-0.00574503602483785,1.3549296901660102,-0.004240099000365067,0.9966169006084774,0.9999150196613263
LLPH,1.1050070332751574,-0.9436016534749618,1.5860473125177457,-0.5949391585154269,0.5518841407973836,0.9999150196613263
LMAN1,3.306440811444351,-0.218512511206465,0.8795568858505519,-0.24843476837221087,0.8037980353317924,0.9999150196613263
LMAN2,2.9325299851467617,-0.8907346209847424,1.1957872945526067,-0.7448938661938225,0.45633588349869547,0.9999150196613263
LMBR1L,0.45417982250527555,0.4139930066235301,1.5769821093627339,0.26252232296460654,0.7929187774586433,0.9999150196613263
LMBRD1,2.200068751980861,1.5012033447345208,1.1036851066133864,1.3601736000052616,0.17377499473009783,0.9999150196613263
LMBRD2,0.4343453728016481,0.9808400932416104,1.911917627943221,0.5130137820303307,0.6079416800649874,0.9999150196613263
LMF2,2.3154835623767793,-1.8130565871809277,1.060034851446727,-1.7103745076932917,0.08719664190659808,0.9999150196613263
LMNA,1.8013775222032389,0.21853389327017306,1.3373648349725182,0.16340634025618278,0.8701985111784454,0.9999150196613263
LMNB1,0.49823798250864315,1.264237714786913,2.0817178727273262,0.6073050202189954,0.5436485073458484,0.9999150196613263
LMO4,1.4775810470038613,0.6814109750276648,1.0267409890279986,0.6636639447624928,0.5069054207030597,0.9999150196613263
LNPEP,3.3036522410495617,-0.187088630243559,1.1339582456970099,-0.16498723030896192,0.8689540330515482,0.9999150196613263
LNPK,0.7559180731053622,-0.7530164353394667,1.3203777346261083,-0.5703037968545408,0.5684716661357132,0.9999150196613263
LONP2,0.8698354452929801,-0.9596589359215463,1.136875776106754,-0.844119433354373,0.3986026693226341,0.9999150196613263
LONRF2,0.7395214223179785,2.063448283416096,1.7776859095954016,1.1607496421489516,0.2457437274104355,0.9999150196613263
LPCAT1,0.7322298277092459,0.1598887665497133,1.5832110959289503,0.10099017557472235,0.9195582590585527,0.9999150196613263
LPGAT1,1.1401309768502261,-0.1733051790630867,1.2383591445948694,-0.13994742948321645,0.8887015266893626,0.9999150196613263
LPIN1,4.255971461357466,-0.11826239884682739,0.8799419789156709,-0.13439795086553208,0.8930879019076672,0.9999150196613263
LPIN2,0.5478679613634556,-1.0602382367624457,1.9115653488872724,-0.5546439923592533,0.5791381921434531,0.9999150196613263
LPP,0.9748889435532119,0.08956315180551518,1.0634838610227693,0.08421674751075289,0.9328841029030598,0.9999150196613263
LPXN,8.667122918478443,-0.397385802708575,0.8516015056986579,-0.4666335135029591,0.6407621052912528,0.9999150196613263
LRBA,0.5614704273010103,0.5086839218584536,1.6815159950365162,0.30251506578586357,0.7622594503168442,0.9999150196613263
LRIF1,1.1850668381604825,0.7820000802951061,1.1138751646834235,0.7020536098561456,0.48264573120560383,0.9999150196613263
LRMP,1.2865719866155572,0.13779379552654805,0.9967743438956016,0.13823970928868537,0.8900509728799452,0.9999150196613263
LRP10,1.7875539775499096,-1.5820410343684792,1.0264200796008192,-1.5413192569106249,0.12323910439509732,0.9999150196613263
LRP5,0.8152958561082964,-1.8082467463786138,1.5176332366646499,-1.1914912659350123,0.23346078337854526,0.9999150196613263
LRP8,0.8699416816031549,1.1738308205294208,1.5632185217987218,0.7509064178556105,0.45270897765479334,0.9999150196613263
LRPAP1,0.5699781545120477,-0.17713120441907673,1.5117909669228893,-0.11716646566529693,0.9067281403679265,0.9999150196613263
LRPPRC,0.9302006383030559,-0.089427976569548,1.260412814273254,-0.07095133876523749,0.9434364838692411,0.9999150196613263
LRR1,2.095375366082811,0.4686452291646582,1.54122447885378,0.30407331027676976,0.7610720399963308,0.9999150196613263
LRRC25,0.9209396309633592,-0.4869539484562946,1.2822600797887231,-0.37976223087014416,0.7041219209936188,0.9999150196613263
LRRC26,1.8636388695209136,0.40871605145982615,1.6191893034407094,0.25242017754892626,0.8007163055597504,0.9999150196613263
LRRC41,0.3854664726022028,-1.743458442642058,1.4869590324566295,-1.1724993120769855,0.24099664814407207,0.9999150196613263
LRRC47,1.6693119155989966,-1.12896059181674,1.129264017963495,-0.9997313062827398,0.31744055735918664,0.9999150196613263
LRRC58,1.0344084313361854,0.5120606694644013,1.060568667515632,0.48281708214508784,0.6292256207076061,0.9999150196613263
LRRC59,1.0019589682888004,-1.01536098698944,1.4713813833864968,-0.6900732865414602,0.49014810129656494,0.9999150196613263
LRRC75A-AS1,0.5981820987153831,-0.14596480765479838,1.2556974525473628,-0.11624201941215044,0.9074607357780404,0.9999150196613263
LRRC8A,0.7467493148827524,-1.4135366138702539,1.9221081047820092,-0.7354095278790608,0.4620901209128955,0.9999150196613263
LRRC8C,0.9721213821145667,0.6020445870129933,1.3637171757081379,0.4414732011425826,0.6588704584047953,0.9999150196613263
LRRC8D,1.044504660970476,0.4554537269323134,1.4142144127722653,0.32205422517190563,0.7474116152639549,0.9999150196613263
LRRFIP1,6.346596640661529,0.18834837361103254,0.5949604956930449,0.3165729068980173,0.7515676963321942,0.9999150196613263
LRRFIP2,0.6664245948569332,0.9629516416359388,1.3381967480487769,0.7195889864775247,0.47177809506129254,0.9999150196613263
LRRK1,1.2813919446871025,-0.9041737412426537,1.2337177918162532,-0.7328853869502426,0.46362833653699176,0.9999150196613263
LRSAM1,0.5039190981445123,-0.07868181625898497,1.5585336638609768,-0.050484515081994086,0.9597362888437407,0.9999150196613263
LSG1,0.9984358169229116,-0.4300383972837569,1.3896447995096293,-0.3094592211157173,0.7569722275758008,0.9999150196613263
LSM10,0.590655532039508,-1.2413687340884765,1.3994298065848991,-0.88705323285764,0.3750502412298943,0.9999150196613263
LSM14A,2.8677864443623307,-0.36335354566312644,0.9090370683432992,-0.39971257313558245,0.6893682304100124,0.9999150196613263
LSM2,0.47153146459775364,-0.21707658537368962,1.9678684456268596,-0.11031051687224977,0.9121631169092254,0.9999150196613263
LSM3,1.6785485928351653,0.5477475989303745,1.0570945122543478,0.5181633170739427,0.6043443263795987,0.9999150196613263
LSM4,1.9116355495890889,-0.5725117146207275,0.994347507241068,-0.5757662290613342,0.564773202872912,0.9999150196613263
LSM5,2.7320829505004776,-0.5334800059389008,0.7171221378108444,-0.7439179155275457,0.45692613611162514,0.9999150196613263
LSM6,0.4590802443164114,-0.998888569158438,1.4847332913612146,-0.6727730663617366,0.5010916751700208,0.9999150196613263
LSM8,1.727754397956146,0.12946872925892253,0.9563132926710713,0.13538317437510924,0.8923089265559734,0.9999150196613263
LSP1,5.002113332729863,-0.5356435020985721,0.7574600253531015,-0.7071574527630996,0.4794686357819654,0.9999150196613263
LST1,1.947833534934882,-0.6243372178226114,1.4372718717897033,-0.43439047968369504,0.6640049099488756,0.9999150196613263
LTA4H,3.2623914179346207,0.5404136143926067,0.9934314042479494,0.5439868440657082,0.5864505260375192,0.9999150196613263
LTB,12.2013198444524,0.11909087905141595,0.6299084277828354,0.18906062182815123,0.8500453040708549,0.9999150196613263
LTN1,1.123170672879195,-0.46201230457856873,1.2044713123274424,-0.38358099512208893,0.7012890281545137,0.9999150196613263
LTV1,0.400395090233945,-0.6711589082965597,1.6421803534700166,-0.4086998768913319,0.682759924142518,0.9999150196613263
LUC7L,2.3431876454682046,-0.4192654083528115,0.8431595684737327,-0.497255115199316,0.6190091594571732,0.9999150196613263
LUC7L2,2.6165453341912244,-0.15369781998673707,0.9048436727816612,-0.16986118664480548,0.8651193060391662,0.9999150196613263
LUC7L3,3.5432382659250297,-0.21329092893388338,0.7476578605310963,-0.2852787888598842,0.7754305619979994,0.9999150196613263
LY6E,2.146221348559098,0.4572767777764538,1.4356094530128403,0.31852449621085344,0.7500871162053456,0.9999150196613263
LY75,0.5473862308773837,0.9011321270390704,1.508054273876205,0.5975462174334474,0.5501427597078943,0.9999150196613263
LY9,4.352358703573988,-0.028891551249321835,0.8001893917925854,-0.036105891362292294,0.9711979247646908,0.9999150196613263
LY96,0.665733782701012,-0.3009074449120014,1.5707113286320247,-0.19157399544196954,0.848075913825652,0.9999150196613263
LYAR,0.4408022710417529,-0.7748922998278317,1.8998189320472814,-0.40787692277221016,0.6833640359943314,0.9999150196613263
LYN,8.342790299308644,-0.08264216876264811,0.5179279014743031,-0.15956307533809969,0.8732252678384007,0.9999150196613263
LYPLA1,1.3263996284638155,-0.7036455450254215,1.3880811225854355,-0.5069196126771133,0.6122112237511868,0.9999150196613263
LYPLA2,0.2984391416050715,0.41812982426317946,1.5718037427000695,0.2660191046147462,0.7902244956317694,0.9999150196613263
LYRM2,0.3782532337591891,-0.02036738869684266,1.8466701239770233,-0.01102925120864525,0.9912001091533149,0.9999150196613263
LYRM7,0.3856263756738658,-1.3719764296494315,1.5466051285986633,-0.8870890211598754,0.37503097445427513,0.9999150196613263
LYSMD2,0.5163359991239146,0.03797684698880556,1.4195527191043444,0.02675268517872781,0.9786569914533664,0.9999150196613263
LYSMD3,0.9022466721619582,1.373937516540684,1.4741349025002333,0.9320297038014583,0.3513211747815034,0.9999150196613263
LYST,0.9784032122682732,0.5742183397969141,1.2564759531928906,0.4570070269452755,0.6476659947637675,0.9999150196613263
LYZ,0.33363494991188386,1.7565875816395968,2.438140553931546,0.72046198436225,0.4712405979341817,0.9999150196613263
LZTFL1,0.2833358561471986,-0.3625983313444879,1.5134445038932318,-0.23958482151920907,0.8106521327860167,0.9999150196613263
M6PR,3.250777336057312,-0.18410224206131168,0.761123915053123,-0.24188208834360722,0.8088715295186645,0.9999150196613263
MACF1,2.3066613708884662,0.22583538689444652,0.8695436810984054,0.2597171272743559,0.7950819802294401,0.9999150196613263
MAD2L2,1.1682742541444289,-1.103208188759394,1.227117389516545,-0.8990241668680384,0.3686397883251582,0.9999150196613263
MAEA,0.6930067184753079,-0.3479014190812854,1.2583520804265604,-0.2764738299342682,0.7821841572860541,0.9999150196613263
MAF1,0.9539372347416892,-0.45559596800210594,1.2145018837759274,-0.37512989818150194,0.7075638624067756,0.9999150196613263
MAFF,0.6127442032903931,2.4526663053412756,2.420680833115601,1.0132134198726674,0.3109582318260409,0.9999150196613263
MAFG,0.5279581745380063,0.5660905619523305,1.8500226130348365,0.3059911581424929,0.7596113778898743,0.9999150196613263
MAGED1,2.9978458063065907,-0.21700210145071117,0.7776998162311041,-0.27903067086006106,0.7802212872176519,0.9999150196613263
MAGED2,0.8141987567854644,0.788270690946804,1.2182103928243275,0.6470727023755385,0.5175848914139065,0.9999150196613263
MAGEH1,0.46482508733566275,-1.5177667539272983,1.3280886061285753,-1.1428204013824361,0.2531131664997599,0.9999150196613263
MAGOH,2.2073195021368273,0.45576712317052404,1.0627769283818882,0.42884551875288074,0.6680356505506335,0.9999150196613263
MAGT1,2.5119385778404606,-0.13694396171236078,1.1017207749253308,-0.12430006298251223,0.9010776974359473,0.9999150196613263
MAK16,0.37143285558010014,1.733611560104345,2.0260821392020487,0.8556472250365474,0.3921929398824363,0.9999150196613263
MALAT1,31.567172322506597,0.26382912551713905,0.3944721869782592,0.6688155318075178,0.5036131577064065,0.9999150196613263
MALT1,6.307976649025015,0.04953246250655971,0.6093961966044354,0.08128121373673698,0.9352183138170826,0.9999150196613263
MAML1,0.4619312091134041,-0.6397968387710466,1.3447758228802997,-0.4757646797967425,0.6342420355020828,0.9999150196613263
MAN1A1,4.287692905578963,0.2927556331926163,0.7668944575098199,0.38174175119640585,0.7026529281518656,0.9999150196613263
MAN1A2,4.077706159447477,0.1844114035431333,0.8246376916979964,0.22362718245805036,0.8230474107259165,0.9999150196613263
MAN2A1,1.9971268427750886,0.3871735213880548,1.2695639406634163,0.30496575161526374,0.7603922368067442,0.9999150196613263
MAN2B1,0.5113849979112548,-0.7887464988279314,1.666920337816877,-0.4731758806548203,0.6360877039679379,0.9999150196613263
MAN2B2,1.760368257508799,0.713785567504214,1.4442998877547457,0.49420869831530495,0.621158797341125,0.9999150196613263
MANBA,0.8451824837522817,-0.07156092592474912,1.6457933251301302,-0.04348111323096472,0.9653180197443167,0.9999150196613263
MANBAL,0.3484202302900362,-0.7775047031592314,2.3511689021233004,-0.3306885789689887,0.7408797300678267,0.9999150196613263
MANF,3.275740460020058,0.2671330043306044,0.741792689012462,0.3601181412103627,0.7187587869399918,0.9999150196613263
MAP1A,8.376329436528687,-0.019546493128397263,0.6933145631895785,-0.02819282064186572,0.9775083632476919,0.9999150196613263
MAP1LC3B,8.486706609081088,-0.18229032590019598,0.7647088205647006,-0.23837874102927614,0.8115873544365745,0.9999150196613263
MAP1LC3B2,1.276680433298017,-3.49252951584858,1.6409885315159494,-2.128308302448752,0.03331153019247519,0.9999150196613263
MAP2K1,2.0282344024520342,0.3189443550480253,1.0460001922706224,0.3049180654122745,0.7604285563498523,0.9999150196613263
MAP2K2,0.4741835297742843,-0.43671996415524156,1.457140689515181,-0.2997102251674454,0.7643981984074845,0.9999150196613263
MAP2K3,2.54964809475336,-0.5429127810147453,1.255105690727284,-0.4325633968722975,0.6653319859268999,0.9999150196613263
MAP2K4,0.5668806994224679,0.11114016325358969,1.3752351520856299,0.08081538861556782,0.9355887697551398,0.9999150196613263
MAP2K6,1.1255203642982043,0.6502230856191008,1.639329567984714,0.39663963751867365,0.6916332185949643,0.9999150196613263
MAP3K1,1.0459100897812483,0.11968536000021249,1.4501323259747418,0.08253409558314828,0.9342220064571052,0.9999150196613263
MAP3K13,0.28976142381476244,1.6969931046103772,1.9627977333916238,0.8645786958791987,0.3872700697559619,0.9999150196613263
MAP3K2,6.259985697062428,0.6841403964182952,0.7900624649702581,0.8659320329109036,0.3865274353279786,0.9999150196613263
MAP3K5,1.3761681641568027,0.21951773302371425,1.4212613485245127,0.15445275652617116,0.8772527589747598,0.9999150196613263
MAP3K7,1.2447926570957502,0.35906639834772847,1.403187550869502,0.25589337514092725,0.7980331702307409,0.9999150196613263
MAP3K8,6.53881173272096,-0.2701730907018462,0.6550278146111189,-0.41246048591424206,0.6800019372323831,0.9999150196613263
MAP4,2.9297472508565914,0.4821331215576848,1.0797640701189224,0.4465171002630082,0.6552237630787825,0.9999150196613263
MAP4K1,2.891480891192141,-0.7583338656922646,0.8826126106241658,-0.8591921943603164,0.39023448911490666,0.9999150196613263
MAP4K4,4.933816780272988,-0.062152101476284756,0.6863575863105947,-0.09055352882507414,0.9278473587788124,0.9999150196613263
MAP4K5,0.8141217648280991,-0.2851706357444257,1.7804997769863389,-0.16016325271722498,0.8727524757367269,0.9999150196613263
MAP7D1,2.8104490899723924,-0.697486420561561,0.8800385177898882,-0.792563514507541,0.42803217304935925,0.9999150196613263
MAPK1,2.7145146109153218,0.1824539770648229,0.8550949786341734,0.2133727616507035,0.8310362243578547,0.9999150196613263
MAPK14,1.128525794549609,0.4413263938491964,1.319343088694904,0.3345046467676251,0.7379987850410206,0.9999150196613263
MAPK1IP1L,5.677453997999962,0.17029236965756403,0.6556587743374986,0.25972712685746274,0.7950742663266457,0.9999150196613263
MAPK6,0.8103073536919538,-1.0271445459860309,1.6786898779688995,-0.6118727225714888,0.540621970181342,0.9999150196613263
MAPK8,0.7338971231534704,-0.3472463215223362,1.6272186886638427,-0.21339868079285054,0.8310160093823961,0.9999150196613263
MAPK9,0.605134966270061,0.13333295369533235,1.652199733065645,0.08070026342876475,0.935680327315618,0.9999150196613263
MAPKAP1,1.8054123990836746,-0.14573831360706654,0.9716915402322491,-0.1499841334136066,0.8807771333551794,0.9999150196613263
MAPKAPK2,13.944493592429605,-0.2142781630613133,0.44904480143829734,-0.4771866022610151,0.6332292505970973,0.9999150196613263
MAPKAPK3,1.1653367021265122,-0.9027906292269843,1.1138174693779284,-0.8105373223596471,0.4176314234845858,0.9999150196613263
MAPRE1,4.933758555134138,0.32665930329098075,0.6560848351933347,0.49789186667410323,0.6185602602520002,0.9999150196613263
MAPRE2,3.9213509275811753,-0.5683845033635101,0.8223824199002763,-0.6911437910266047,0.48947518305194504,0.9999150196613263
MARCH1,1.2928896989229648,-0.12694939800661229,1.241935282179117,-0.10221901239802537,0.9185828370885165,0.9999150196613263
MARCH2,1.396450408113842,0.5038994038415535,1.3667165722376264,0.36869341755076207,0.7123562556703729,0.9999150196613263
MARCH6,1.967425715134294,0.18751639477827292,0.894732614902604,0.20957813726135935,0.8339969446248201,0.9999150196613263
MARCH7,1.2103946325511261,-0.1758105080224198,1.2397920233300141,-0.1418064519807139,0.8872328876320644,0.9999150196613263
MARCH8,1.4354598529728504,0.699098512131074,1.4343974294361204,0.4873813196987521,0.6259881290626039,0.9999150196613263
MARCH9,0.4770727307496838,-1.279471220421217,1.4646536892600288,-0.873565696658048,0.3823548141476646,0.9999150196613263
MARCKSL1,4.960967524437484,-0.6814836093181279,0.7263162446360933,-0.9382739465775988,0.34810364518577064,0.9999150196613263
MARF1,1.9659889602747025,-0.6299914167796753,1.1713563381140006,-0.5378307149419823,0.5906939249034202,0.9999150196613263
MARK2,1.2013638554044326,-1.5780151442039962,1.1740062583246953,-1.3441283920034812,0.17890687241476955,0.9999150196613263
MARK3,1.475128792403873,0.4730636388853583,0.9685871310405905,0.4884058684293357,0.6252623859837998,0.9999150196613263
MARS,0.5532028963630914,-0.17777328908600265,1.5969605534140425,-0.11131977474706699,0.9113627748826589,0.9999150196613263
MASTL,2.5521578385989443,-0.7140360288807438,1.3618168774345538,-0.5243260240876688,0.6000517992979248,0.9999150196613263
MAT2A,0.4552754112528373,0.40010703273941156,1.4677542952579894,0.2725981003987347,0.7851621723208668,0.9999150196613263
MAT2B,1.7712886759086146,0.30919993706962295,0.9932849905500353,0.31129025406736727,0.7555799756255015,0.9999150196613263
MATR3,6.245918000911063,0.6015278007546873,0.7947510012714957,0.7568758010903075,0.44912427433264457,0.9999150196613263
MAU2,1.231318098150072,-0.6752192141749226,0.9682560168885481,-0.6973560735978822,0.48557998423432114,0.9999150196613263
MAVS,0.724846265533338,-0.22541347927531397,1.4694826483253247,-0.1533964892557277,0.878085613291044,0.9999150196613263
MAX,1.9117650330442908,0.361828535840625,0.9486508175374093,0.38141382387662,0.702896204939131,0.9999150196613263
MBD1,0.5640734084211333,0.0009402482762854361,1.2823552610767064,0.0007332198064177423,0.9994149752892038,0.9999150196613263
MBD2,1.8234833997051432,-0.3310030879908121,1.1731540850197306,-0.2821480078511981,0.777830022983095,0.9999150196613263
MBD4,2.0636279246695195,-0.4120902358132565,1.0878771310949844,-0.37880218641830804,0.7048347636408693,0.9999150196613263
MBD6,0.755973730014013,0.062030151929050155,1.7016369733124612,0.03645322292703847,0.970920976593537,0.9999150196613263
MBNL1,6.119973006635393,-0.2282511811691155,0.6294282411519371,-0.36263257071431304,0.7168793762126554,0.9999150196613263
MBNL2,0.9444053293337179,-0.25553988430695335,1.3767066593488284,-0.1856167997529857,0.8527452782163527,0.9999150196613263
MBNL3,1.8228357967331261,0.420419868220626,1.2517423641585488,0.33586773145865545,0.7369706114923105,0.9999150196613263
MBOAT7,2.0111605143152023,0.16039796672984732,1.131516191706982,0.14175490187893314,0.8872736073299109,0.9999150196613263
MBP,3.585696305618269,0.19611674045479516,1.027637206441278,0.1908423899266456,0.8486490766254013,0.9999150196613263
MBTD1,0.5278256851624173,-0.6668104434194347,1.4227258456348475,-0.4686851268396626,0.6392947196125522,0.9999150196613263
MBTPS1,0.6195965236284205,-0.2603144989418996,1.5815815214358122,-0.16459126223577616,0.869265709142307,0.9999150196613263
MCC,0.5417453012675219,-0.7616054484877133,1.5452271169039233,-0.49287605696028386,0.6221001659517333,0.9999150196613263
MCCC1,0.3119032802895182,0.5483757473511941,1.5448064583325078,0.3549802270655451,0.722604404359118,0.9999150196613263
MCCC2,1.0228299297177519,0.26619904907547765,1.1374020492802484,0.23404129546269875,0.814952919647381,0.9999150196613263
MCEMP1,0.24646428166116274,0.22440349113716757,2.398445005567196,0.09356207485111775,0.9254570372967953,0.9999150196613263
MCFD2,0.5316810976275155,0.01428760020806517,1.999290232945113,0.007146336221039005,0.9942980971957793,0.9999150196613263
MCL1,22.435314817863393,0.06629742902563635,0.43366258635569427,0.15287790810540097,0.8784945578772511,0.9999150196613263
MCM3,0.6437163474044857,-0.5169634831705378,1.5508723018641462,-0.3333372338580994,0.7388797363801893,0.9999150196613263
MCM5,1.8583004452053358,-2.321246802687951,1.250082940855864,-1.8568742335598303,0.06332904919219341,0.9999150196613263
MCM6,1.9442696734284344,-0.8128735359212813,0.9387083825750957,-0.8659489475223177,0.38651815905349074,0.9999150196613263
MCMBP,1.961761619497614,0.007047216655731999,0.8324698400690722,0.008465431798883276,0.9932456433407508,0.9999150196613263
MCOLN2,2.2352240765421936,1.189875399847526,0.8643608979136873,1.3765955895500765,0.1686373152529611,0.9999150196613263
MCRIP1,0.6339136776443086,-0.9417488849645023,1.5246038995605076,-0.617700692774023,0.5367726552422079,0.9999150196613263
MCTP1,0.5069775566852931,-0.8153963028158143,1.4308544182527616,-0.569866712094657,0.5687681038653017,0.9999150196613263
MCTS1,1.4897085614563985,-0.9617018739284687,1.2032119603654399,-0.7992788516134599,0.4241287388699114,0.9999150196613263
MCUB,1.4199115772650335,-0.19776816855519785,1.230647891697749,-0.16070248028651427,0.8723277358410052,0.9999150196613263
MCUR1,0.5613541980250054,0.517513208859833,1.6055240532438524,0.32233289050651887,0.7472005186648427,0.9999150196613263
MDC1,0.3783351437332541,-0.8425119020862858,1.8251597240363682,-0.46160995719490133,0.6443610527873819,0.9999150196613263
MDFIC,8.319076378608782,-0.13815271437426926,0.5730652224329803,-0.24107677270614022,0.8094956146334871,0.9999150196613263
MDH1,3.130697129403314,0.8443615100732458,0.9331416718911928,0.9048588606722313,0.3655401639826297,0.9999150196613263
MDH2,3.2155726063366794,0.34559801637246634,0.8164753676178581,0.4232803953177183,0.6720906961575761,0.9999150196613263
MDM2,0.4036351222067223,0.28783512088893526,1.5650492317091236,0.18391441946819959,0.8540805926630832,0.9999150196613263
MDM4,1.306999813376181,0.6051885243968558,1.3310920742857153,0.45465564410456677,0.6493569962681742,0.9999150196613263
MDN1,3.58966212322196,0.2611157497722447,0.7703825703666843,0.3389429613496573,0.7346526995071216,0.9999150196613263
ME2,1.970583837133006,0.738010896808999,0.914156943409419,0.8073131229048376,0.41948610534606334,0.9999150196613263
MEAF6,0.5721662715329214,0.7107269905411507,1.711833469319351,0.4151846562643419,0.6780067303328514,0.9999150196613263
MECP2,0.8046757340283208,0.15957338264755033,1.211614079907932,0.13170314318208978,0.8952190992778623,0.9999150196613263
MED1,0.8251739152667863,-0.21783171160555265,1.5149138323636306,-0.1437914863221512,0.8856651259401382,0.9999150196613263
MED10,1.0898079840448323,-0.7406959924436705,1.151605351178477,-0.643185611881441,0.5201036682418312,0.9999150196613263
MED12,0.6783523375858497,-1.5769533497222648,1.571949570932961,-1.0031831675022083,0.3157724929469846,0.9999150196613263
MED13,3.2257014422200054,-0.02318468064368163,0.7385255044997965,-0.03139320240454609,0.9749559621764153,0.9999150196613263
MED13L,3.7653675911252154,0.6628614317989232,0.7939630510080546,0.834876926523623,0.4037870072851517,0.9999150196613263
MED14,0.47083417413136786,0.6756932082633715,1.4806123640603657,0.4563606414918625,0.6481306634153354,0.9999150196613263
MED19,0.3481784172443082,-0.17425107580033428,1.834166011181849,-0.09500289217989337,0.9243125296860005,0.9999150196613263
MED21,0.2760836207553859,0.9651619436080011,1.8567269092637901,0.5198190098891263,0.6031897284266479,0.9999150196613263
MED24,1.5490426542626747,0.09482789658556892,1.0577743876328654,0.089648508882673,0.9285665350548149,0.9999150196613263
MED25,0.5130179740535392,-1.7467032579640032,1.4286226301468339,-1.2226484595056968,0.2214625015774847,0.9999150196613263
MED28,2.251825029062353,0.405918061539819,1.2486477722330795,0.325086121616087,0.7451158923507152,0.9999150196613263
MED29,2.8189460339327095,-0.598030312745684,0.7894766918061784,-0.757502177014878,0.4487490621196778,0.9999150196613263
MED30,0.762200666187457,-0.4138831103610554,1.6741281933763077,-0.2472230692957594,0.8047355926097597,0.9999150196613263
MED4,2.2456556389347173,-0.23507425163910503,1.0565150884532986,-0.22249966347687997,0.8239249352105467,0.9999150196613263
MED6,0.8915671149153458,-0.30135297410169687,1.3876274597718006,-0.21717138269320158,0.8280747857726714,0.9999150196613263
MEF2A,1.8668562523551178,0.442616272736443,0.8995619917571274,0.4920353202916836,0.622694374777645,0.9999150196613263
MEF2C,6.874025097548488,-0.02168876727696794,0.6201823921959582,-0.034971594727434586,0.9721023911366368,0.9999150196613263
MEF2D,6.65062220489204,0.4032239301077306,0.6735160938785828,0.5986849219677611,0.549383013821688,0.9999150196613263
MEGF9,0.5883531352688616,0.11934363478069673,1.782034170939914,0.06697045249011711,0.9466052258712061,0.9999150196613263
MEPCE,2.1715791349494338,-0.8664039197048189,1.0814379265928096,-0.8011591774245619,0.4230395008098099,0.9999150196613263
MESD,1.5626505973704614,-0.16143689989848686,0.947457949178244,-0.17038951442489397,0.8647038178429243,0.9999150196613263
METAP1,0.3197318996248526,-1.3440831393414454,1.8584087831535485,-0.723244073922563,0.4695299454270946,0.9999150196613263
METAP2,2.4555210736099315,-0.5112110792833605,1.1373620282749832,-0.4494708514743589,0.6530920306090173,0.9999150196613263
METRNL,7.471789971478866,0.1320816174296546,0.5567813405149312,0.23722349837999387,0.8124834074656639,0.9999150196613263
METTL14,0.4756862448999865,-0.8846447459624162,1.5463457036649744,-0.572087304841169,0.5672628293256203,0.9999150196613263
METTL16,0.45148185517408,-2.0040924402204823,1.4633802839651635,-1.369495313132284,0.1708444988593122,0.9999150196613263
METTL21A,1.5096642892894347,-0.5558561920446611,1.14229498601076,-0.48661352702411764,0.6265322356308805,0.9999150196613263
METTL23,0.3526186843879272,-1.2317453435097327,1.5373056449375904,-0.8012364669094398,0.4229947635105754,0.9999150196613263
METTL26,1.1459132561245113,-0.055161580555198854,1.3361508455294409,-0.0412839468984817,0.9670695306788543,0.9999150196613263
METTL2A,0.3826545043540091,-1.5370389312151753,1.767114442425577,-0.8698015783886667,0.3844088487671532,0.9999150196613263
METTL5,0.3753203589881315,0.34563604864565595,1.8696120277276602,0.18487046698439594,0.8533306356125336,0.9999150196613263
METTL7A,2.2210231421075837,1.1478309380382223,1.00617682628474,1.14078451028984,0.25395960805901996,0.9999150196613263
METTL9,1.8594447523637538,-0.16341351484236716,0.8971518077567735,-0.1821470050324751,0.8554673610080146,0.9999150196613263
MEX3C,1.3849706881554549,1.3418684516608306,1.2748738956014423,1.0525499473246194,0.29254730740492807,0.9999150196613263
MFAP1,0.8896814778493325,0.002335395592074886,1.3515281952898874,0.0017279666086240772,0.9986212828075074,0.9999150196613263
MFF,0.7218314807882155,0.5569641797362286,1.6026442647562338,0.34752826437184686,0.7281944882421203,0.9999150196613263
MFN1,1.5411966141970963,-0.019953674384386,1.4889191252927474,-0.013401449444383193,0.9893075104567038,0.9999150196613263
MFN2,1.048022095096351,0.8839974752984031,1.450941792713057,0.609257710914407,0.5423536329450025,0.9999150196613263
MFSD1,3.807594543752446,0.5299206638340056,0.7366832070701795,0.7193331662079318,0.4719356653524647,0.9999150196613263
MFSD10,0.5546330560084469,-0.22603330790336287,1.2912518623595166,-0.1750497439673234,0.8610405469340935,0.9999150196613263
MFSD11,0.325246512451101,1.172260883549451,1.582685546421712,0.7406783275425819,0.45888850303176554,0.9999150196613263
MFSD14B,2.2298426214781446,0.29254899066352746,1.0229593567952595,0.2859830048185187,0.7748911383816882,0.9999150196613263
MFSD2A,0.4049396980823547,0.9183342654364788,1.4912063068365393,0.6158331420852442,0.5380046512471173,0.9999150196613263
MGA,2.3516141606849166,0.6846514919199995,0.98632424299086,0.6941444426468832,0.4875916298619519,0.9999150196613263
MGAT1,1.5959862867019505,-0.3891091499812127,1.0416670316096799,-0.3735446531123534,0.708743117983821,0.9999150196613263
MGAT4A,1.562941494472597,-0.2597370033830889,0.9554368355308931,-0.2718515695899089,0.7857361510466983,0.9999150196613263
MGAT4B,0.29822547723014176,0.015960630333469766,1.8291543728549553,0.008725687984748012,0.9930379966197724,0.9999150196613263
MGAT5,0.5430780258139524,-0.9591494298495736,1.8766101322067288,-0.5111074556129025,0.6092758156034341,0.9999150196613263
MGEA5,2.5510967702138085,0.6065579417910822,0.7824658301975554,0.7751877697176114,0.4382287140204597,0.9999150196613263
MGLL,0.829449602091883,-0.860360025695802,1.292805571152474,-0.6654983896215984,0.5057317732135884,0.9999150196613263
MGME1,1.1412249753895247,-0.29125201871300677,1.3572671233412466,-0.21458710205550277,0.830089250758353,0.9999150196613263
MGRN1,0.6267885194065017,0.9417841068259832,1.3360068563542769,0.7049246059978638,0.48085715646453053,0.9999150196613263
MGST1,0.24939715643222046,-0.22085367410214793,2.349842786938403,-0.09398657447628526,0.925119821540907,0.9999150196613263
MGST2,4.1734402579116665,-0.29615405205554557,0.7781264660095872,-0.3805988679119117,0.7035009214593753,0.9999150196613263
MGST3,1.6546946045290332,1.191804519720135,1.1112303143166982,1.072509005887751,0.28349147108483064,0.9999150196613263
MIA3,3.393525593431318,-0.3109633427459701,0.8318342127632536,-0.3738285081025786,0.7085319083164825,0.9999150196613263
MIB1,1.174288323584114,0.040002868948250066,1.256689076461493,0.03183195405890505,0.9746060638881887,0.9999150196613263
MIB2,0.5821412319762276,-1.1373186224903562,1.4230390696966142,-0.7992181287986897,0.42416394179088357,0.9999150196613263
MICAL1,2.600211742251194,-1.5258303587339066,1.1794966387948498,-1.2936284077018847,0.19579380513676647,0.9999150196613263
MICAL2,0.7066072888074785,0.36283288983333234,1.2815344701578395,0.2831237850267455,0.7770819494028266,0.9999150196613263
MICU1,0.5492544472131529,-1.3443537722979475,1.6376357195420244,-0.8209113640205069,0.4116967575641619,0.9999150196613263
MICU2,0.8072702444134446,0.418054539623023,1.538759402256062,0.2716828498400008,0.7858658893009564,0.9999150196613263
MID1IP1,0.6901712788031751,0.12083883678792426,1.9663448282299774,0.06145353299843059,0.9509980197161352,0.9999150196613263
MIDN,3.0197381500774436,0.5143184900568359,0.8775098636069375,0.5861113491565427,0.5578006900829116,0.9999150196613263
MIEN1,1.0774988573073767,-0.027260046828047127,1.3244072572276193,-0.020582828038190126,0.9835784388056116,0.9999150196613263
MIER1,0.7024254005276608,-1.1671433943818004,1.5546062064681119,-0.7507646563649177,0.45279430352107797,0.9999150196613263
MIF4GD,1.398090354810641,-0.12894052100831377,1.3523214073657086,-0.09534754112891473,0.9240387822701045,0.9999150196613263
MILR1,1.7119935408881446,0.5900442061893837,1.1893764180748354,0.49609543053194977,0.6198270829890932,0.9999150196613263
MIOS,1.0095183608823328,-0.7673979030440334,1.0859981262307614,-0.7066291225634865,0.4797969860890128,0.9999150196613263
MIR1244-2,2.4994886645672594,1.075431324324032,1.2735591691361656,0.8444298077281166,0.3984292715784675,0.9999150196613263
MIR22HG,1.5748425838758318,-0.2752183397192498,0.9947163832668601,-0.2766802119166614,0.7820256675306341,0.9999150196613263
MIS12,0.8661376261009607,-0.09322866516934425,1.5982299557203345,-0.05833244761535293,0.9534838220502351,0.9999150196613263
MIS18BP1,1.7671387994095245,-0.5485498796288693,1.216077259389859,-0.45108143861196165,0.6519308548791476,0.9999150196613263
MITD1,0.49712701742021653,0.26142654398549237,1.6856179624898329,0.1550924051612135,0.8767484695429667,0.9999150196613263
MITF,0.43225163040544956,1.9677665282315242,1.9399408866796322,1.0143435512612542,0.3104188496220315,0.9999150196613263
MKKS,2.3642998764902927,0.11765654995168986,1.0450377256893202,0.11258593547336496,0.910358836013448,0.9999150196613263
MKLN1,0.8895343182610544,1.3617327625540767,1.431817909756404,0.9510516339230238,0.3415781653059452,0.9999150196613263
MKNK1,0.34641836394801806,-0.3964945356295808,1.4945619828282817,-0.2652914634421932,0.7907849401737178,0.9999150196613263
MKNK2,9.253797241521031,0.29167787748668217,0.6785039544476147,0.42988382834724037,0.6672801497216424,0.9999150196613263
MKRN1,0.8938045948254018,0.4293162104671033,1.1622659998301603,0.369378619463908,0.7118455321450128,0.9999150196613263
MLEC,4.038136207260708,-0.08619227155341218,0.8089861873171392,-0.10654356391331442,0.9151510930806274,0.9999150196613263
MLF2,4.508085919439653,-0.020896369617600885,0.885639228998842,-0.02359467482173626,0.9811759198469114,0.9999150196613263
MLH1,0.7814645418714175,-0.3519216537958322,1.3327158319869044,-0.2640635350381958,0.791730961680942,0.9999150196613263
MLLT1,2.1627344318001804,0.030476079293143984,0.8200236993771054,0.03716487623015504,0.9703535439615167,0.9999150196613263
MLLT10,0.4155412891170837,-1.4198480275370138,1.4484146533414408,-0.980277315105502,0.32694924925656677,0.9999150196613263
MLLT6,3.0465856449782622,-1.0667120199108109,0.9201644136597602,-1.159262414494154,0.24634923719223878,0.9999150196613263
MLXIP,1.4607868474401213,1.1312312438306231,1.6666403628424225,0.6787494585222515,0.49729662259284024,0.9999150196613263
MMADHC,2.7963262820300807,0.2973870805163608,0.8336731245987932,0.3567190446009387,0.7213021467762586,0.9999150196613263
MMD,0.6238382239052002,-0.14149544297411162,1.5807728971873367,-0.08951029159588575,0.9286763749053706,0.9999150196613263
MMGT1,1.3650061657722208,0.16818809849352473,1.0532822851281458,0.1596799840539067,0.8731331689794511,0.9999150196613263
MMP15,0.6315196836522563,-0.1436373833306089,1.451144965356905,-0.09898210499960745,0.9211524784633776,0.9999150196613263
MMP2,0.5158151775472651,-1.2138986285022435,1.662672535901142,-0.7300888192300173,0.46533589517943286,0.9999150196613263
MMP24OS,0.4546399771727924,-0.11833827029517395,1.3565381069559457,-0.0872354928242477,0.9304843276880441,0.9999150196613263
MMS19,0.29822547723014176,0.015960630333469766,1.8291543728549553,0.008725687984748012,0.9930379966197724,0.9999150196613263
MNAT1,0.5800257923339809,1.3623755229918029,1.5808132037995686,0.8618194228877016,0.38878689499886476,0.9999150196613263
MNDA,0.7986118452361356,1.3690204128935457,1.5999427241863104,0.8556683887479747,0.39218123013632544,0.9999150196613263
MNT,0.37803956938425937,-0.3136272055752936,1.8329741518896892,-0.17110290685330304,0.8641428502417009,0.9999150196613263
MOAP1,0.30438680112125177,-1.5441843496174792,1.5142797932572085,-1.019748369154386,0.3078478154877732,0.9999150196613263
MOB1A,10.514844644039256,-0.1468332334048908,0.5920418000978088,-0.24801159881047768,0.8041254325668676,0.9999150196613263
MOB1B,4.886349373189575,-0.42957623353179464,0.7217722572276182,-0.5951686688289037,0.5517307311107416,0.9999150196613263
MOB3A,1.131365111545228,1.4223177042293234,1.608748284351836,0.8841145119246386,0.37663440012683713,0.9999150196613263
MOB4,1.6858783820522456,0.49200886478563727,1.2463198699523146,0.3947693338183415,0.6930131286626631,0.9999150196613263
MOCS2,1.3415519979780959,-0.1238405732372187,1.4782829593388502,-0.0837732535945658,0.9332367137890905,0.9999150196613263
MON1B,1.1608241848996672,-0.048889122550846896,1.2243345755668607,-0.03993117855730855,0.9681479940247061,0.9999150196613263
MON2,0.8425587043749835,-1.3510785832770067,1.343531902981484,-1.0056170458466789,0.31459982098415884,0.9999150196613263
MORC3,1.8891416644913106,0.19839123279072987,1.3522777791900704,0.14670893498638554,0.8833617658224536,0.9999150196613263
MORF4L1,4.677568726668072,0.37491479280956014,0.8063754138441406,0.46493827362899376,0.6419756608798876,0.9999150196613263
MORF4L1P1,2.251069506044592,-0.5272118259351952,1.0704700753356071,-0.4925049640177069,0.6223624135853256,0.9999150196613263
MORF4L2,6.611936908801933,0.7162253276744429,0.5758441433867056,1.2437832977897716,0.2135793291037228,0.9999150196613263
MOSPD1,0.27653909817604366,0.3695063109109759,2.4264642183912057,0.15228178850128107,0.8789646880655954,0.9999150196613263
MOSPD2,0.28040298137614095,0.1398844211223125,1.5569707014807195,0.08984396494377113,0.9284112104650192,0.9999150196613263
MPC1,0.4257769786814781,-0.3659677810288975,1.4969405019733977,-0.24447717230340604,0.8068612795284279,0.9999150196613263
MPC2,1.3152417473825724,0.5194656747183829,1.2411823363632806,0.41852486898938673,0.675563407787884,0.9999150196613263
MPDU1,0.3225438678730463,-1.549504778371076,1.5719360291407765,-0.985730175812586,0.3242655375669852,0.9999150196613263
MPEG1,14.584015436630219,-0.1665481244770878,0.4498901742765451,-0.3701972925834819,0.7112354937243839,0.9999150196613263
MPHOSPH10,1.08141107584905,-0.2940254631871035,1.092754952844157,-0.2690680672934327,0.787877303139129,0.9999150196613263
MPHOSPH6,0.40217681389056864,1.8509377895325718,1.9271807644264336,0.9604380780976957,0.3368347815476661,0.9999150196613263
MPHOSPH8,1.647511348312352,-2.5150295105463756,1.3321974761585844,-1.8878804047869155,0.059042007728096035,0.9999150196613263
MPHOSPH9,0.26567326336486086,-0.11873313018080837,1.8806258041538562,-0.06313490430608527,0.9496590801123906,0.9999150196613263
MPIG6B,0.31822450725229134,-0.6787400064033258,1.8711924380437814,-0.3627312683632408,0.7168056395093065,0.9999150196613263
MPV17,0.9016815652032535,-0.48814085609591235,1.2188907750791382,-0.40047957214560026,0.6888033264673293,0.9999150196613263
MPZL1,1.0378949516407159,0.734545844394477,1.393284941814051,0.527204322927729,0.5980517070012342,0.9999150196613263
MR1,0.7276195699863554,1.1847047930507106,1.7193497463553453,0.6890423519484805,0.49079661599755586,0.9999150196613263
MRC1,0.6430608328510021,1.5117482106483184,2.064494304743763,0.7322607803638145,0.46400941258954276,0.9999150196613263
MRE11,0.6886417884535108,-0.4039919714271796,1.292682523939071,-0.31252218850776486,0.754643702931729,0.9999150196613263
MREG,0.9763580997473665,0.347923410007021,1.2065536278785258,0.2883613309578059,0.773070164529629,0.9999150196613263
MRFAP1,3.102151030200439,0.7339630474985063,0.9284934179289965,0.7904881535246744,0.4292427379534769,0.9999150196613263
MRFAP1L1,0.6523013073427291,-2.005212842496754,1.836593531062661,-1.0918109034918189,0.27491622550639105,0.9999150196613263
MRPL13,0.910255369584173,0.3640092401816898,1.1140424181714768,0.3267463017962574,0.7438597768852351,0.9999150196613263
MRPL18,3.6434693106711555,1.5933328913396052,1.4611589170847976,1.0904583154572343,0.27551130582920125,0.9999150196613263
MRPL19,0.46504565731645836,0.939683839455996,1.5811826080001932,0.5942917881220973,0.5523169701148531,0.9999150196613263
MRPL21,0.8268628810713441,0.5633632957941463,1.20121988098236,0.4689926504824635,0.6390748893611553,0.9999150196613263
MRPL28,0.7319292433597694,-0.8279018017373099,1.4500466809259227,-0.5709483788540213,0.5680346353617862,0.9999150196613263
MRPL3,2.0662509824956623,0.8438641374390415,1.0859162056276266,0.7770987605358681,0.43710050519666277,0.9999150196613263
MRPL33,1.4981657709157616,1.5264383801829522,1.0866641781754995,1.4047011126711013,0.16011017477317335,0.9999150196613263
MRPL34,0.9117963482447836,0.1961444546112246,1.1541026546927833,0.16995407974643065,0.8650462502245898,0.9999150196613263
MRPL35,0.4141548032673864,-1.0751852081205937,1.468568026955369,-0.7321317013483295,0.4640881861741115,0.9999150196613263
MRPL36,0.6332306528921389,-0.14276052338049178,1.621787444336946,-0.08802665471297826,0.9298554909725865,0.9999150196613263
MRPL37,0.3179436976577643,-0.6363962618514925,1.5983726565999603,-0.3981526205567275,0.6905176882368878,0.9999150196613263
MRPL41,1.2025895272263862,-1.967657994817393,1.2516561638135242,-1.5720435465458555,0.11594045245484859,0.9999150196613263
MRPL42,0.40787257285341233,0.468331083430896,1.4800501023107695,0.31642920918670325,0.751676749337674,0.9999150196613263
MRPL43,0.6432605372302053,-1.5038516642538784,1.8280437364199682,-0.8226562823923536,0.4107034827915419,0.9999150196613263
MRPL44,0.9934944872566516,-0.685633586548484,2.200346611290657,-0.3116025370867875,0.7553426058628734,0.9999150196613263
MRPL45,0.7753418817754836,-0.35473985002633684,1.1808292846581814,-0.3004158642026096,0.7638599643384011,0.9999150196613263
MRPL47,0.43241621072397174,1.467769913247327,1.917904250714539,0.765298847792058,0.4440936099987698,0.9999150196613263
MRPL48,0.33014225701537764,-0.46106191652227235,1.5657323004693693,-0.294470463682749,0.7683984299580918,0.9999150196613263
MRPL51,1.7961335665152605,0.25455722836775907,1.0739606217321687,0.23702659410099136,0.8126361589353196,0.9999150196613263
MRPL52,1.6825322371576203,-2.3538672495018003,1.1652416368150826,-2.020067919934229,0.043376342877133135,0.9999150196613263
MRPL54,1.1638609730801146,-1.6805030250879707,1.3545192468634193,-1.2406638214845696,0.2147299645115669,0.9999150196613263
MRPL57,1.4133291520554183,-0.8862594896238605,1.249154890492956,-0.70948726724683,0.4780221501744589,0.9999150196613263
MRPS10,0.4154593791430188,-0.5640804568446187,1.6147493037718217,-0.34933005112744625,0.7268415402573489,0.9999150196613263
MRPS14,0.6921193838419265,-0.15602212194988627,1.6195127115195287,-0.09633893012392383,0.9232513930964399,0.9999150196613263
MRPS15,0.9663962193084864,-0.7367027134030242,1.7966963032997763,-0.4100318523781737,0.6817825819607823,0.9999150196613263
MRPS18B,1.492948991921435,-2.0743342528423825,1.389473143705958,-1.4928926566437872,0.13546528766932622,0.9999150196613263
MRPS21,1.750136904885136,-0.4465141008981521,0.826354901578547,-0.5403418071886512,0.5889613316456586,0.9999150196613263
MRPS23,0.673841410567268,0.06926288026860015,1.3089640146781234,0.05291427380120302,0.9578002114808103,0.9999150196613263
MRPS25,4.072523076513132,-1.6937201797942254,0.8481363848363618,-1.9969903544711258,0.04582623080759037,0.9999150196613263
MRPS27,0.6942232137457336,-0.5094744952341895,1.4035743102819231,-0.36298362794333,0.716617114465439,0.9999150196613263
MRPS30,0.28488224506855897,-0.4753600126692665,1.8073759202538455,-0.26301114634884715,0.7925419879471864,0.9999150196613263
MRPS33,0.9174909446161337,-0.4321305712720502,1.6309776654718329,-0.26495186318019703,0.7910465444904274,0.9999150196613263
MRPS34,0.9929957636571051,-0.28760676846445316,1.2623287805522418,-0.22783824063540037,0.8197719966966421,0.9999150196613263
MRPS5,0.9239798523595941,0.24187906799050976,1.7985396696607456,0.1344863680633382,0.8930179898735761,0.9999150196613263
MRPS6,2.138900159492782,0.8897439611158104,0.8880221728217266,1.001938902368409,0.31637310229143545,0.9999150196613263
MRRF,0.5358405551766074,-0.6311518330576582,1.5417540536722913,-0.4093725789494912,0.682266259789782,0.9999150196613263
MRS2,0.29529260245908406,0.4726099569569736,1.8223411727955008,0.2593421934444813,0.795371227050672,0.9999150196613263
MS4A4A,1.496366626528894,-0.27711690207829187,1.0372024841594196,-0.26717724485867944,0.7893326954806887,0.9999150196613263
MS4A6A,8.638015703576412,-0.10191775063333734,0.6336855611150651,-0.16083331684881333,0.8722246837687558,0.9999150196613263
MS4A7,0.6316186140962976,2.070005018577157,1.5452372257264528,1.3396033852368514,0.18037432266543973,0.9999150196613263
MSI2,1.6018906350905935,-0.28179208571135933,1.003831158386364,-0.28071661589418456,0.7789277633586643,0.9999150196613263
MSL1,3.2355244636087463,0.24482625168026945,0.8395932658073929,0.2916010187919181,0.7705916963902691,0.9999150196613263
MSL2,4.4637628997060865,-0.0189359785304945,0.6303451283259932,-0.03004065182637765,0.9760346323195934,0.9999150196613263
MSL3,2.054364524452195,-0.4261366139999372,1.4922032249763553,-0.28557545438000886,0.7752033054305265,0.9999150196613263
MSMO1,0.7827919487380431,1.9975372293695495,1.884700269599485,1.0598699759267523,0.28920375646054464,0.9999150196613263
MSN,4.3591889562843456,0.5283463985074227,0.7690391642398723,0.6870214458188834,0.49206921415079163,0.9999150196613263
MSR1,0.5772629081421947,2.344071465507475,1.8100235046730244,1.2950502904827883,0.1953028814442399,0.9999150196613263
MSRB2,0.7354481893216899,-0.5888219287560562,1.4311496379730457,-0.4114328181573044,0.6807551937185585,0.9999150196613263
MSRB3,0.8394511617777951,-0.8290610416672645,1.5516181703682757,-0.53432027124978,0.5931199696424255,0.9999150196613263
MT-ATP6,31.88629528185297,0.24371809893603433,0.34730381023090123,0.701743233896573,0.48283930567312017,0.9999150196613263
MT-ATP8,16.790459315047258,0.0753264104912374,0.5025020091706535,0.14990270509675907,0.8808413774761978,0.9999150196613263
MT-CO1,39.95512088781813,0.158289378831159,0.3236692547467569,0.4890466935298094,0.6248086395568826,0.9999150196613263
MT-CO2,36.3643960190135,0.14045125092256644,0.31663332298736685,0.44357697287650993,0.6573484571707388,0.9999150196613263
MT-CO3,34.2343689577524,0.23326375493013662,0.3398186604423479,0.6864359791969432,0.49243822264050974,0.9999150196613263
MT-CYB,34.156909006317946,0.3045035859537374,0.37035213247846865,0.8222001691091665,0.41096298254641617,0.9999150196613263
MT-ND1,34.404568234316706,0.25076533085199043,0.3481759981320348,0.7202257829297457,0.4713859917394483,0.9999150196613263
MT-ND2,36.80475804066225,0.24481883419086609,0.3563608254180109,0.6869970454908836,0.4920845902510148,0.9999150196613263
MT-ND3,34.35229359265899,0.28453544962716415,0.3444274033940029,0.8261115312641769,0.408740826979783,0.9999150196613263
MT-ND4,37.708507454835626,0.2019910434871411,0.34464081892609494,0.5860914679710537,0.5578140495469242,0.9999150196613263
MT-ND4L,14.085263252656967,-0.33334859874272543,0.46081428101751787,-0.7233903385256699,0.46944010526740176,0.9999150196613263
MT-ND5,27.94147133503442,0.2382421164304167,0.3662859027168261,0.6504266603309615,0.5154166608446475,0.9999150196613263
MT-ND6,21.306141148769974,0.2992697044817694,0.372315587312781,0.8038065412242705,0.4215087114467422,0.9999150196613263
MT-RNR1,18.37502501687258,-0.035515275833944863,0.5256195812888121,-0.06756840326774334,0.9461292084353728,0.9999150196613263
MT-RNR2,39.12339229420596,0.11090779508054427,0.37047282057906056,0.2993682368039629,0.7646590948297627,0.9999150196613263
MT-TF,0.9659319095526584,2.943922027645299,2.0572262069472904,1.4310152270584637,0.15242585112434162,0.9999150196613263
MT-TL1,1.9411781624137125,0.7111988369048019,0.9648697306133451,0.7370931166559753,0.46106572480056096,0.9999150196613263
MT-TP,0.3797606261317505,-0.6070812918533123,1.568656952564804,-0.38700704501434496,0.6987509924109295,0.9999150196613263
MT-TV,0.7373743066260576,0.6860283012595526,1.845680519396774,0.37169396005965755,0.7101207225133258,0.9999150196613263
MT1E,1.2008229510721424,2.5725291037445612,1.7855731531421946,1.4407301651111335,0.14966092938857686,0.9999150196613263
MT1G,1.808199644921515,3.7260641870476463,2.9533114901170294,1.2616563472957592,0.2070724710107137,0.9999150196613263
MT1X,1.373678871279846,2.77217611821311,2.1754951711536514,1.27427362513659,0.20256646035310377,0.9999150196613263
MT2A,4.019338342655283,1.4230758495352327,1.0742596442725068,1.324703815434625,0.18526940719917262,0.9999150196613263
MTA2,1.548735658512216,-0.1562479363149702,1.0888178863537776,-0.14350236001193156,0.8858934475208399,0.9999150196613263
MTAP,0.47735821759106994,-1.221440920577392,1.8090460129425479,-0.6751851041039181,0.4995581692917471,0.9999150196613263
MTATP6P1,12.301981745856486,-0.14048001115823666,0.5089572905341242,-0.2760153234288288,0.7825362968502865,0.9999150196613263
MTCH1,4.079987851491021,0.20104550975372013,0.7508899517911752,0.2677429752178006,0.7888971676292127,0.9999150196613263
MTCH2,0.8655663313201264,-0.0778761657842112,1.2070629760926594,-0.06451706938796296,0.9485585160202215,0.9999150196613263
MTCO3P12,0.846668300306288,0.404910124649156,1.188277629038536,0.3407538059744325,0.7332889287965714,0.9999150196613263
MTDH,7.825687924350705,0.10747744468857676,0.6111620829982872,0.17585751419869736,0.8604058838486426,0.9999150196613263
MTF2,0.694887678294462,-0.36811638344061115,1.4291189119752328,-0.2575827528108387,0.7967289419136248,0.9999150196613263
MTHFD1,0.5832433935760323,-0.6531259956242309,1.4685304446205647,-0.4447480118759023,0.6565018683618897,0.9999150196613263
MTHFD2,2.0262742869437886,-0.02506261348654612,0.8209551361343047,-0.03052860306661872,0.9756454820596292,0.9999150196613263
MTHFD2L,0.44821440950522856,-1.5300775275777148,1.456330348317242,-1.050639045835779,0.29342440087341803,0.9999150196613263
MTIF2,1.9089204572862875,-1.1048382434703687,1.6871016178565084,-0.6548735605351885,0.5125491643110183,0.9999150196613263
MTIF3,0.30300031527155447,-1.1177978748313768,1.547015704770888,-0.7225510842483153,0.4699557298982058,0.9999150196613263
MTM1,0.5748889965844148,0.03073077493539307,1.7680505867456828,0.017381162714329844,0.9861325368628521,0.9999150196613263
MTMR1,2.352946281793386,0.33567582417610836,0.772506205592079,0.43452832060919594,0.663904833791686,0.9999150196613263
MTMR10,1.575918802801852,1.0379110706024317,1.2117187927791828,0.8565610080387481,0.39168754269161155,0.9999150196613263
MTMR12,0.28240484771815905,-0.4404824261640286,2.337200020584866,-0.1884658661152165,0.8505114709159581,0.9999150196613263
MTMR2,0.43162616240552015,2.1805890520814213,1.779498306953792,1.2253954069864954,0.22042627663559056,0.9999150196613263
MTMR6,3.685575046964531,-0.3331155308448426,0.8560530118324952,-0.38912955884795564,0.6971803084926971,0.9999150196613263
MTND1P23,0.687150935013308,0.7472470846542612,1.7211009473575691,0.4341680746858691,0.6641663944927871,0.9999150196613263
MTND2P28,1.387694575798442,0.7259907378775965,1.2429775753124586,0.5840738821817422,0.5591706057847722,0.9999150196613263
MTPN,7.644131641945567,0.7702417345755431,0.7987126198012969,0.96435403107461,0.33486846064630116,0.9999150196613263
MTR,0.5532075736099505,-0.38890397441713803,1.237706699873117,-0.3142133547931884,0.7533590003208102,0.9999150196613263
MTRR,0.9657908452055649,-0.9757305487268483,1.3647346191463354,-0.7149599160437391,0.47463381212530686,0.9999150196613263
MTURN,1.393158619617952,-0.5055515229981588,1.2559063971776272,-0.40253917340836415,0.6872872647255055,0.9999150196613263
MUC21,0.3308229816636902,1.6743344102547266,3.1171164912868115,0.5371420718266214,0.5911694815396975,0.9999150196613263
MVP,0.7932737012996234,-1.5839048173017287,1.5888225234450815,-0.9969048109082129,0.318810716280187,0.9999150196613263
MX1,9.057447639089272,-0.8712003849663152,0.6547811008361513,-1.3305215801949657,0.18334648095513928,0.9999150196613263
MX2,4.214806603967748,-0.29459851519932917,0.7301717218013575,-0.40346470070430146,0.6866063977421631,0.9999150196613263
MXD1,1.773158480170445,1.5462853651059596,1.0335754294350064,1.4960546865468938,0.134639404882887,0.9999150196613263
MXD4,0.6481025204912153,-2.6677581033310322,1.6693645707944789,-1.5980680014440471,0.11002784404006362,0.9999150196613263
MXRA7,1.0596094793656123,0.10982983860925151,1.7064288886078676,0.0643623882263576,0.9486816777519155,0.9999150196613263
MYADM,9.383366017445544,-0.3613924459467542,0.6142408241223796,-0.5883562794171286,0.5562931772084676,0.9999150196613263
MYB,2.580965592097437,-0.7055729187507012,1.1216892329665573,-0.6290270941485783,0.529331318423014,0.9999150196613263
MYBL2,1.8815986364989916,-1.6531182586033593,0.8962853057095391,-1.8444107563435705,0.06512330090995146,0.9999150196613263
MYCBP,0.9916421037250651,-0.7911498284849935,1.1071330553723426,-0.714593268303167,0.4748604055675585,0.9999150196613263
MYCBP2,1.3238890455564207,1.1580116822581898,1.1160443087419982,1.037603680416145,0.2994546037584498,0.9999150196613263
MYCL,0.5563057617134206,-0.3291145456483062,2.081608762721825,-0.15810586097743448,0.8743733823113602,0.9999150196613263
MYD88,3.0080000953319574,-0.42362117274767763,0.7642897654591074,-0.5542677553626656,0.5793956142666419,0.9999150196613263
MYDGF,2.165195730502257,-0.19191680582963574,0.933650775537456,-0.20555523634536568,0.8371383469501021,0.9999150196613263
MYH9,5.815405903433866,-0.48037621929303476,0.7640758848619742,-0.6287022386262222,0.52954401227077,0.9999150196613263
MYL12A,12.10908693214568,0.304300002152545,0.5052384240157526,0.6022899045046846,0.5469811797044979,0.9999150196613263
MYL12B,11.557793707401219,0.4315118884778606,0.5660249592037733,0.7623548775744234,0.44584822918131106,0.9999150196613263
MYL6,13.829112992892538,0.31525133345891776,0.45584504442409596,0.6915756512329732,0.4892038569431807,0.9999150196613263
MYLIP,1.2269450707678287,1.0897813773377911,1.1420728295668865,0.9542135572484233,0.33997555351540654,0.9999150196613263
MYNN,0.3527395909107912,-1.477696367632947,1.8659085381631615,-0.7919446947210079,0.42839292458415923,0.9999150196613263
MYO1E,1.8116865564649207,-0.47916867682167147,1.4068871917922725,-0.3405878450078469,0.7334138812085103,0.9999150196613263
MYO5A,1.9782786749253292,-0.36923950126730554,1.1559275411395995,-0.31943135544921936,0.749399437038907,0.9999150196613263
MYO9A,2.1994468642850045,-0.800545318372168,0.9204600613281588,-0.8697230352580836,0.3844517805890534,0.9999150196613263
MYO9B,1.6107039942437362,-1.2445502153818018,0.9614292441090225,-1.294479258882076,0.19549992903884617,0.9999150196613263
MYOF,1.5169714097230858,-0.8769429519194086,1.2621901690442505,-0.6947787848668185,0.4871939454483618,0.9999150196613263
MYSM1,0.6062749618271712,0.7776151856648087,1.3074672357171104,0.5947492712796798,0.5520110813930397,0.9999150196613263
MZB1,4.114718738877105,-1.4678563134307068,0.863602542385838,-1.6996896620701494,0.08918931490912624,0.9999150196613263
MZT2A,0.38855925044492357,-1.809367857135467,1.5900378360912422,-1.1379401269993672,0.2551454840990711,0.9999150196613263
MZT2B,0.7366384315267014,0.2894328141876158,1.1641295297887153,0.2486259533680472,0.8036501308755055,0.9999150196613263
N4BP1,1.071231803563699,0.395614502743493,1.3527268601548936,0.2924570468706397,0.7699371965644205,0.9999150196613263
N4BP2,3.580711328252077,-0.36452333808494675,0.8188212057801124,-0.4451806273601034,0.6561892255619972,0.9999150196613263
N4BP2L1,8.959144636288784,0.4637368952494731,0.6736191526298362,0.6884259353954318,0.4911845961699277,0.9999150196613263
N4BP2L2,1.8836854180354028,-1.4722378796025042,0.9640161228578407,-1.527192175207643,0.12671323147784763,0.9999150196613263
NAA15,1.2015345414054477,0.14639787722010889,1.100273147404255,0.1330559393960383,0.8941491405015897,0.9999150196613263
NAA20,0.4412967450112097,-0.5357826166609521,1.5313821910989982,-0.3498686479280832,0.7264372771085376,0.9999150196613263
NAA35,0.6506591157959943,-1.3129013462729504,1.9543631722784114,-0.6717796184945298,0.5017240058412358,0.9999150196613263
NAA38,1.3050612082692217,-1.6664294628276466,1.3516497900340725,-1.2328855263504601,0.21761847614916496,0.9999150196613263
NAA40,0.37222290389855167,1.0613503156732944,1.670181557599897,0.635470024707067,0.5251219105883771,0.9999150196613263
NAA50,1.9105589329607966,-0.9477452528440102,1.236470126662391,-0.7664926409522428,0.4433832289436238,0.9999150196613263
NAAA,0.3154125390040976,-0.6224970231473717,2.3446174508088107,-0.2655004648765333,0.7906239517835574,0.9999150196613263
NABP1,1.646407757255486,-0.7813832041465415,1.3873363703722938,-0.5632254879448277,0.5732813491233784,0.9999150196613263
NACA,15.023879044178772,0.42105471691625757,0.45983037276519717,0.9156740003585201,0.35983790562213447,0.9999150196613263
NACA2,3.1294172843622645,0.7931457442648114,0.958216288663095,0.8277314356359039,0.40782261209769877,0.9999150196613263
NACA3P,1.1385772278205157,0.7110479770976129,1.6417740816400235,0.43309733357912633,0.6649440598179762,0.9999150196613263
NADK,3.9968658217741355,-0.08770911596859182,0.8286337539828211,-0.10584786770635242,0.9157030571448906,0.9999150196613263
NADSYN1,1.238303377745745,-1.553580061143826,1.5677185377324736,-0.9909814955629106,0.3216946160082178,0.9999150196613263
NAE1,1.1067770668651198,0.11331750097690334,1.297539370177161,0.0873326109260418,0.9304071332679167,0.9999150196613263
NAF1,4.440696915799814,0.845527845611178,0.804631920959401,1.0508256304361066,0.2933386819011101,0.9999150196613263
NAGA,1.284402907097537,0.8666589419853518,1.3313164261022084,0.6509789295717864,0.5150600884610355,0.9999150196613263
NAGK,2.4024115888166815,0.1296303512985428,0.9568415178691307,0.13547734800139874,0.8922344728053316,0.9999150196613263
NAMPT,4.521649653916246,0.4955981242210214,0.7493321569219156,0.661386435431818,0.5083645226758918,0.9999150196613263
NAMPTP1,2.11965484098348,-1.094511600236259,0.9779123423198152,-1.1192328318915024,0.26304082225155945,0.9999150196613263
NANS,1.402760546428774,0.09567623674030898,1.121137118368966,0.08533856847010746,0.9319922301487992,0.9999150196613263
NAP1L1,14.78151223149019,0.13592975255603126,0.5302093095567909,0.2563699846569212,0.7976651623140559,0.9999150196613263
NAP1L1P1,0.720859431420998,-0.40155714262898284,1.4970255573038636,-0.2682366648116452,0.7885171542983723,0.9999150196613263
NAP1L1P3,0.7703681441136089,-0.21039754388861343,1.3793178540072455,-0.15253738888201776,0.8787631033908023,0.9999150196613263
NAP1L4,1.3504927449933506,-0.22896690718371662,1.1163686720913555,-0.20509972458720127,0.8374942116072717,0.9999150196613263
NAP1L4P3,0.5545550629108488,-1.0483424960577046,1.5977690729051668,-0.6561289199017606,0.5117411782312328,0.9999150196613263
NAP1L5,1.4026842752325754,-0.8352213700930705,1.484659991388334,-0.5625674396412064,0.5737294689912964,0.9999150196613263
NAPG,0.5582076588790179,0.6142954381958273,1.4056288412530624,0.43702535133542597,0.6620929627645901,0.9999150196613263
NAPSA,0.9935239184563898,2.0673644470474444,1.7398524724306685,1.1882412329817962,0.23473838312605133,0.9999150196613263
NAPSB,11.942273722563755,-0.4576193325929265,0.7776534394040062,-0.5884617869672717,0.5562223758231194,0.9999150196613263
NARF,1.3006340480670966,1.0173092731271673,1.7501866794276058,0.5812575795970952,0.561066865995864,0.9999150196613263
NARS,2.6044144422117563,0.5085497837924657,0.7615933030926264,0.6677445583192254,0.5042966619245768,0.9999150196613263
NASP,2.7799675193859743,-1.0886458574612738,0.8351089021114386,-1.3035974765791718,0.19237086151135308,0.9999150196613263
NAT10,1.5433634611179043,-1.0197172308636846,1.4691419188543045,-0.6940903515018487,0.487625549008896,0.9999150196613263
NAXD,1.1157585344157193,0.13925791340708876,1.3484338206068691,0.10327382128728799,0.9177456520912496,0.9999150196613263
NAXE,1.5455635886082724,0.5826923051196835,1.262100090737852,0.4616847026601738,0.6443074426562572,0.9999150196613263
NBAS,0.6610899386900719,-0.01996316524698606,1.3375633099865119,-0.014925024556173998,0.9880919954359543,0.9999150196613263
NBDY,1.894032513400881,0.900390766584094,0.9643484608011357,0.9336778179083642,0.3504701106288144,0.9999150196613263
NBN,1.1247742305452515,-0.07472228387618259,1.122074116427186,-0.06659300199714704,0.9469057169776082,0.9999150196613263
NBR1,1.3897151169751925,0.7683950933566571,1.278757439898946,0.6008919826244604,0.54791193351362,0.9999150196613263
NCBP2,2.0200537798331015,-0.047759057723574624,0.9006567909764559,-0.05302692235495851,0.957710456947806,0.9999150196613263
NCBP3,2.2425218432721143,0.6855173854140411,1.0889176865049863,0.6295401332072146,0.5289955029950569,0.9999150196613263
NCF1C,1.2076139553224925,-0.033218526896711724,1.3418982992392652,-0.024754876666542927,0.9802504832206638,0.9999150196613263
NCF4,0.949375300704814,-0.7288925941641062,1.0806660827379218,-0.6744845663309987,0.5000032946275184,0.9999150196613263
NCK1,0.8400125293314358,-2.269428659714225,1.3428278163984595,-1.6900369742123464,0.09102088119471326,0.9999150196613263
NCK2,1.5166433729145423,0.4480107080121994,1.5824444902011063,0.2831130638618885,0.777090167596507,0.9999150196613263
NCKAP1L,5.275949692532654,0.25143635073659026,0.7673897415814429,0.3276514359162897,0.7431752265357354,0.9999150196613263
NCKAP5L,0.9405001766783254,0.6144146552045476,1.4635153763224482,0.4198211136998516,0.674616139581278,0.9999150196613263
NCL,12.64489632585364,0.018853922271680458,0.5637405148626273,0.033444327265133314,0.9733202613717352,0.9999150196613263
NCOA1,3.9328960598293605,-0.2661439933821083,0.8813386106884974,-0.3019770042460728,0.7626695930560035,0.9999150196613263
NCOA2,0.4979371193263921,0.7392068363128625,1.4912897225184167,0.49568291469515824,0.620118143213799,0.9999150196613263
NCOA3,3.082535883649608,0.451718876763677,0.7490006390000528,0.6030954491130217,0.5464451937375993,0.9999150196613263
NCOA4,4.829230302733159,0.48795198275542534,0.6746996741022391,0.7232136037485096,0.4695486623292823,0.9999150196613263
NCOA5,0.31479715851177686,-0.4899132982608467,1.5325939457237356,-0.31966281716550515,0.749223949513057,0.9999150196613263
NCOA6,0.9850856365688073,0.37266612180686953,1.1413108298915373,0.32652465222141563,0.744027440708251,0.9999150196613263
NCOA7,3.2216482648285183,0.7136266353607937,0.8157291049130798,0.8748328716759889,0.38166484854588856,0.9999150196613263
NCOR1,2.3099191170572535,-0.33519057333565744,0.9106509998130332,-0.36807797213693916,0.7128150953556095,0.9999150196613263
NCOR2,3.0792905628435743,-0.15827232699341853,0.848262476753747,-0.18658414268083373,0.85198670070774,0.9999150196613263
NCSTN,3.632307543839429,-0.028506400066869404,1.0468507664902837,-0.027230624439853225,0.9782757899868901,0.9999150196613263
NDEL1,2.6573944182103806,0.07856129424500682,0.8472818819615352,0.09272155573907734,0.9261247717776577,0.9999150196613263
NDFIP1,2.7234696824010087,-0.11456949460729282,0.9181502645524736,-0.12478294570130792,0.9006953892126337,0.9999150196613263
NDRG1,4.139550531532034,0.0686012257463391,0.7376800152007142,0.09299591195739998,0.9259068089351773,0.9999150196613263
NDUFA1,8.401917264016683,-0.07075566174895127,0.5051679167721663,-0.14006364893687911,0.8886097013656478,0.9999150196613263
NDUFA10,0.6210259229033837,-1.4842706904230196,1.4678751659146894,-1.011169563249688,0.3119352806727069,0.9999150196613263
NDUFA11,1.0004125793674399,-0.9932800932019719,1.4030999686258818,-0.7079182634254744,0.4789960174040556,0.9999150196613263
NDUFA12,2.8647499665735134,0.23270197246458652,0.8550491639165354,0.2721504005672608,0.7855063774420858,0.9999150196613263
NDUFA2,1.4237940706725831,-1.0638983107711166,1.046911862133769,-1.0162252900666602,0.3095221159132041,0.9999150196613263
NDUFA3,1.918228009931755,-0.7710297868041203,1.253972318497294,-0.6148698623013376,0.5386406672920858,0.9999150196613263
NDUFA4,8.020644450566861,0.22957624774049576,0.6898978801569606,0.33276844927870225,0.7393090760192276,0.9999150196613263
NDUFA5,1.8600381739682394,-1.2577667141550481,1.2036577990077757,-1.044953736179732,0.2960443521879209,0.9999150196613263
NDUFA6,2.038115805119902,0.061932701691828844,0.8696699241359244,0.07121403186773781,0.9432274139556993,0.9999150196613263
NDUFA8,0.49317884710305265,-0.9336586734390798,1.434379995568284,-0.6509144552515705,0.5151017096695498,0.9999150196613263
NDUFA9,0.7861137961431071,-0.8175241284025145,1.3578893598003898,-0.60205503673929,0.5471375028732504,0.9999150196613263
NDUFAB1,2.8889849762200632,-0.07708609820483761,0.7895989009760105,-0.09762690666052438,0.9222285581346854,0.9999150196613263
NDUFAF3,2.0747590719040336,-0.3520426001221038,1.1448050766029445,-0.3075131367924599,0.7584528254239682,0.9999150196613263
NDUFAF4,0.4212977149890601,0.07515910664133442,1.5342789392029217,0.04898659866919673,0.960929975830699,0.9999150196613263
NDUFAF8,0.32111838547454996,-1.7691169653761574,1.7180202455834497,-1.0297416284377692,0.30313130843905545,0.9999150196613263
NDUFB1,4.573868083245502,-0.5468905798828331,0.7344814375264683,-0.7445941475724837,0.456517106972835,0.9999150196613263
NDUFB10,2.7353765823252605,-0.6383775350611491,1.112266615036155,-0.5739429076007987,0.5660064362516107,0.9999150196613263
NDUFB11,3.584631014427684,-0.545230021002291,0.8123782018506719,-0.6711529430014335,0.5021231026464567,0.9999150196613263
NDUFB1P1,0.27931206987543833,-0.34170242803519024,2.378704413998569,-0.14365064697584398,0.8857763448730072,0.9999150196613263
NDUFB2,4.111155251533136,-0.18601643872945106,0.7421282080727253,-0.25065269950124613,0.8020826336755402,0.9999150196613263
NDUFB3,1.6544196347728588,0.8250430295094622,1.3950526250060897,0.5914063847633423,0.5542481634212348,0.9999150196613263
NDUFB4,2.5358656726272057,-0.03688622855611942,0.8484469189443608,-0.0434749985326287,0.9653228939585707,0.9999150196613263
NDUFB4P12,0.8814414551492662,0.6275526389778412,1.4971161246145805,0.41917432366136537,0.6750887357185482,0.9999150196613263
NDUFB5,0.9229967539537604,0.428900721818836,1.3220027275641668,0.32443255439351437,0.7456105766158525,0.9999150196613263
NDUFB6,1.3304455127126786,0.23834898635543397,1.0107013918337415,0.23582532712554324,0.8135682141580944,0.9999150196613263
NDUFB8,2.084149578399874,0.8124947990837555,0.9708799967287607,0.8368642899445234,0.4026688549670413,0.9999150196613263
NDUFB9,1.3983956164069768,-0.06746368335973153,1.3315167907889291,-0.0506667913062959,0.9595910393442207,0.9999150196613263
NDUFC1,1.5566696196925736,-0.020788267415241805,1.085385365648345,-0.01915289082861747,0.9847191383734453,0.9999150196613263
NDUFC2,0.30954678946198233,0.09368831232049002,2.4038167481819053,0.03897481469473491,0.9689104683146893,0.9999150196613263
NDUFS1,0.5359614616994715,-0.867012019683165,1.8495109986838378,-0.4687790558153773,0.6392275720462557,0.9999150196613263
NDUFS2,1.1745695607954107,-0.0006618417938025914,1.4231593386240042,-0.0004650510844713282,0.9996289429330906,0.9999150196613263
NDUFS3,0.8806696167779994,0.27190829437129704,1.2927218262715647,0.2103378227592304,0.8334040172167833,0.9999150196613263
NDUFS4,0.7035426596355561,-0.19548927902487406,1.519637589399228,-0.12864203964720206,0.8976408998341306,0.9999150196613263
NDUFS5,8.519188549434594,-0.06265499282347428,0.5870434207723982,-0.10672974196872255,0.9150033866892943,0.9999150196613263
NDUFS6,1.820680635205839,-0.6202433922242349,0.9597345119632548,-0.6462655916743588,0.5181073673741887,0.9999150196613263
NDUFS8,0.5718201177824027,-0.6164430693912913,1.5593566756189183,-0.39531883822963165,0.692607598391012,0.9999150196613263
NDUFV1,1.0975156968573025,-1.5940368084182779,1.2600248685455286,-1.265083609229321,0.2058413578603605,0.9999150196613263
NDUFV3,0.7452233914649447,-0.6821556399285339,1.2549891407272429,-0.5435550139766447,0.5867477236943854,0.9999150196613263
NEAT1,8.812679691540806,0.15182666667648384,0.5607946581383689,0.2707348660925057,0.7865949586441476,0.9999150196613263
NECAP1,0.7068807651793703,-1.3272509628155853,1.5590798241571122,-0.8513040463038121,0.39460047779071805,0.9999150196613263
NECAP2,1.5196463175461707,0.6776400500043975,1.299140565254738,0.52160641282995,0.6019443973971547,0.9999150196613263
NECTIN1,0.6658319508138272,0.4127943801089517,2.091685320991014,0.19735013482495303,0.8435535487895337,0.9999150196613263
NEDD1,0.45355435450534615,0.6207200793850868,2.045217769893881,0.3034982819542458,0.7615101565705001,0.9999150196613263
NEDD4L,0.6616207532325515,-1.300392276714558,1.3569803396197548,-0.958298538856463,0.3379122404003819,0.9999150196613263
NEDD8,2.4518866853067447,-0.0743843315448308,0.7638100255922117,-0.09738590624960407,0.9224199367095816,0.9999150196613263
NEDD9,0.7381848204480617,0.20033126950568206,1.212816340544368,0.16517857057876062,0.8688034317701184,0.9999150196613263
NEK6,0.4955806284988562,0.33279963730838547,1.7171457869313234,0.19380977424352827,0.8463248333886336,0.9999150196613263
NEK7,1.8294773288794772,-0.16626475304583843,1.2471789346403008,-0.133312669439683,0.893946108271739,0.9999150196613263
NEK8,1.2117799558093296,-0.5967180197448662,1.0144967837641625,-0.5881911399766288,0.5564040037044122,0.9999150196613263
NEK9,0.8255517323434687,0.04081491226414104,1.4527933652307778,0.028094093241992156,0.9775871051256552,0.9999150196613263
NELFA,0.688307217555717,-0.43798113628380403,1.3721640646431001,-0.3191900644896446,0.7495823906239187,0.9999150196613263
NELFB,0.3870518580723622,-1.0421466382693638,1.9217481720458596,-0.5422909481214246,0.5876180903731725,0.9999150196613263
NELFCD,1.144676317712526,0.857682840431128,1.4072324691008038,0.6094819862841652,0.5422050092661299,0.9999150196613263
NELFE,0.6071063067982791,-1.4503581079999317,1.322571420546571,-1.0966198766041315,0.27280759487122475,0.9999150196613263
NEMF,1.6762232442431944,0.7745786178704451,1.2380413257247807,0.6256484349720614,0.5315455622568435,0.9999150196613263
NEMP1,2.277144704149992,-2.2365687420023956,1.400445759849405,-1.5970406038737996,0.11025665658647758,0.9999150196613263
NEMP2,0.517902441632999,0.5717711535814783,1.7601924160816087,0.32483446034514046,0.7453063620399047,0.9999150196613263
NENF,0.3840799867525055,-1.3351072813695277,1.4549044650284597,-0.9176597594285417,0.35879702117587275,0.9999150196613263
NEPRO,0.9992895769238042,0.0019560334834869443,1.1576168800433504,0.0016897071191754691,0.99865180941887,0.9999150196613263
NET1,1.9351246018989765,0.7801244149998038,1.0920808771788808,0.7143467405226077,0.47501279657567985,0.9999150196613263
NEU1,1.1553869266989052,0.7773442100092036,1.429617541593273,0.543742775527833,0.5866184923198288,0.9999150196613263
NF1,1.0480097346822463,1.6372043554183804,1.3428300406868643,1.2192193396127347,0.2227609535070959,0.9999150196613263
NFATC1,0.7936906094668833,0.907208225705783,1.2971926513318246,0.699362754463922,0.4843253580431871,0.9999150196613263
NFATC2,0.4274590388801701,-1.1628709554508667,1.6137685480760675,-0.720593394162527,0.47115971933471934,0.9999150196613263
NFATC2IP,2.619139872530013,0.19789313535972655,0.9161987191791708,0.21599368261180332,0.8289926718898042,0.9999150196613263
NFE2L1,1.2810298285564719,-0.6885520678975378,1.9109646931739865,-0.360316478037016,0.7186104780607367,0.9999150196613263
NFE2L2,7.5280327914260186,0.1135645256323324,0.6139198294510168,0.18498266415972386,0.8532426329080334,0.9999150196613263
NFIL3,0.7602926903745002,0.8685578160558757,1.4803663695031177,0.5867181489318792,0.5573930166739723,0.9999150196613263
NFKB1,4.790342593862164,-0.8722785299363374,0.7650977554020956,-1.140087686543941,0.25424977137110905,0.9999150196613263
NFKB2,2.1463972684045722,-0.09402725457919077,0.9236886803804195,-0.10179539554437954,0.9189190804892864,0.9999150196613263
NFKBIA,7.743545542311507,0.49299364073414687,0.6267669048260806,0.7865661650896294,0.43153587241806124,0.9999150196613263
NFKBIB,0.9027187154006894,-0.36712091110711514,1.3495665671394546,-0.27202875356142364,0.7855999105747724,0.9999150196613263
NFKBID,5.242257904659743,-0.1775224915564999,1.028367787430159,-0.17262548839663672,0.8629458158228673,0.9999150196613263
NFKBIE,1.8851319004467892,0.20883033884472493,1.677408214316449,0.12449583653065881,0.9009226967030137,0.9999150196613263
NFKBIZ,5.959272828448105,0.31474078519757176,0.6202288104054893,0.5074591504251511,0.6118326916598773,0.9999150196613263
NFU1,0.9743646495864845,0.33656359897137345,1.6518430864599825,0.20375034513275306,0.8385485976005614,0.9999150196613263
NFX1,2.551741585673286,-0.4910318462524343,1.041071985677942,-0.4716598400567625,0.6371696067456576,0.9999150196613263
NFYB,0.7465496377009104,1.1062029238916973,1.5760783654906751,0.7018705085437213,0.48275992225297193,0.9999150196613263
NFYC,0.6603382753340221,-0.37527540714794283,1.5465134121498108,-0.24265900586421163,0.808269566923964,0.9999150196613263
NGDN,1.0870203421327485,1.696789050864217,1.1413882837727602,1.4866010760646915,0.13712020344901762,0.9999150196613263
NGLY1,2.916165381169364,0.3527421622841368,0.9936773888850142,0.3549866045356449,0.7225996265909966,0.9999150196613263
NHLRC2,0.30137201637612915,-0.07571999354545073,1.6216237424338262,-0.046693934951769885,0.9627571642823954,0.9999150196613263
NIFK,0.5775375471055801,0.04558196003800096,1.4772529784159576,0.030855893136785554,0.9753844653365769,0.9999150196613263
NIN,4.855530535288553,-0.09777281092363481,0.694220867015589,-0.14083819079647353,0.8879977718544779,0.9999150196613263
NINJ1,3.9481023336800902,-0.2477978418328431,0.868773786561051,-0.28522711627122704,0.7754701470457394,0.9999150196613263
NIP7,0.2523300312032781,-0.6405667443046626,2.3185467527695174,-0.27627941663867767,0.7823334640353204,0.9999150196613263
NIPA1,1.4408756022645397,-0.868042866516191,0.9285116779465434,-0.9348755509849025,0.34985243828769497,0.9999150196613263
NIPA2,1.071155305811217,0.7849410006870265,1.2476122367482487,0.6291546183715551,0.5292478358983146,0.9999150196613263
NIPAL3,0.5849987696254634,-0.3939424478172505,1.2455467610343585,-0.31628073721624295,0.7517894307640208,0.9999150196613263
NIPBL,3.8176646391908196,0.887628049377758,0.8219541835671131,1.0798996673094767,0.28018686144740357,0.9999150196613263
NIPSNAP2,0.47888804069435703,1.1713958799054014,1.6272901545518699,0.7198445075260629,0.4716207380256108,0.9999150196613263
NIPSNAP3A,0.8969676997894624,-1.2500865227361502,1.4615548282912785,-0.8553127796085772,0.3923780145496284,0.9999150196613263
NISCH,0.8610105679143929,0.8688717642521242,1.2021406140906834,0.7227704929588054,0.4698208984337383,0.9999150196613263
NKAP,0.5200789758011478,0.0607953600312811,1.2601650881198556,0.048243964703058646,0.9615218121930937,0.9999150196613263
NKAPD1,0.962739308761579,-0.2417375795831127,1.7163574478478618,-0.1408433772849747,0.8879936744756338,0.9999150196613263
NKG7,0.6961579348681544,-0.5233930619912618,1.4615451743115657,-0.3581093976365093,0.7202614465181355,0.9999150196613263
NKIRAS2,1.1999888854979774,0.7753804186611583,1.635039891007771,0.47422721789573324,0.635337886179417,0.9999150196613263
NKRF,0.6648175390264401,-0.6447313057015036,1.453280858360723,-0.44363847634293474,0.6573039830137604,0.9999150196613263
NKTR,1.9419639379837785,-0.4292046472989422,1.005119739014544,-0.4270184244115532,0.6693659080884352,0.9999150196613263
NLRC5,0.9014176541804224,-1.2168496591407738,1.0967086729104918,-1.1095468552386358,0.26719434307050305,0.9999150196613263
NLRP2,0.3242111633172706,-1.7892242966288827,2.3099909372603946,-0.7745590113660225,0.43860028550211605,0.9999150196613263
NMD3,0.6901994274739733,-0.4550693169044195,1.5053520083679761,-0.30230093318690415,0.7624226670209667,0.9999150196613263
NME1,1.72936295093834,-1.679565603388818,1.2265917360724898,-1.3692947327093015,0.17090716382702809,0.9999150196613263
NME4,1.2515199446691507,-1.5619531717949169,1.2965248032777847,-1.2047229392342471,0.22831027740536425,0.9999150196613263
NME8,0.8893515841983979,-0.19485645349231298,1.3273697403182902,-0.1467989269105896,0.8832907317096174,0.9999150196613263
NMI,0.5069494080144948,-0.06806427629136133,1.5595097078136804,-0.043644663415903014,0.9651876493392946,0.9999150196613263
NMT1,3.6373709831173255,-0.4632897787761093,0.88365418811355,-0.5242885565507853,0.6000778549432255,0.9999150196613263
NNT,1.371346646399345,1.2247310741385375,1.1685906503957575,1.0480411371798732,0.2946196541623727,0.9999150196613263
NOA1,1.3944984257516044,-0.1709724080110155,1.117094972798023,-0.1530509152527788,0.878358123670243,0.9999150196613263
NOB1,0.4736843785579684,-0.5344538751535793,1.371176044211188,-0.38977772213125317,0.6967009186144175,0.9999150196613263
NOC3L,0.4113428350191927,-0.9841351602334792,1.813593027810627,-0.5426438815887648,0.5873750195736456,0.9999150196613263
NOL10,0.6103350886719543,-0.900153419040444,1.6583650866005086,-0.5427956885450799,0.5872704820637296,0.9999150196613263
NOL11,0.8288801237542271,1.019187975654149,1.372314536791428,0.7426781166634621,0.45767658165455394,0.9999150196613263
NOL7,2.112870093481819,-0.16492933757439207,1.0280010786943496,-0.1604369304591262,0.8725369000905275,0.9999150196613263
NOL8,0.7900669225399045,-0.1489112738191837,1.2041620807644116,-0.12366381253647653,0.9015814650805756,0.9999150196613263
NOL9,0.3481394206955092,-0.7294396048191898,1.5048070270625622,-0.4847396321926289,0.6278610495151684,0.9999150196613263
NOLC1,2.835231453093781,-0.7287906793662046,0.9482938770228811,-0.7685282980569321,0.44217338535658346,0.9999150196613263
NONO,7.259379631882009,0.16824963084316819,0.591775447748345,0.2843133007348373,0.7761702940439918,0.9999150196613263
NOP10,3.7999745787915598,0.648813766490148,0.7853201052257158,0.826177455756932,0.4087034348098225,0.9999150196613263
NOP2,0.6452237397770471,-1.0881455157088114,1.3761858872611261,-0.7906966099430286,0.42912105480966223,0.9999150196613263
NOP53,3.7468548070804264,-0.5265583505228691,1.059796072822943,-0.4968487466841554,0.6192957168247193,0.9999150196613263
NOP56,2.908460139892255,-0.2398604453994984,0.9663540376128466,-0.24821176925179306,0.8039705606934269,0.9999150196613263
NOP58,6.45420785635933,-0.2469382912869827,0.6313379392200188,-0.39113488346995356,0.6956975371224694,0.9999150196613263
NORAD,7.625859051204603,0.17688010236023258,0.6224556054209853,0.2841650084275541,0.7762839297844079,0.9999150196613263
NOTCH1,1.2651358524892642,-0.9493570428673309,1.7965517752146487,-0.5284328879160209,0.5971989160412554,0.9999150196613263
NOTCH2,0.9494358730721681,-1.2628843578019318,1.294106321075791,-0.975873726319562,0.32912704359194256,0.9999150196613263
NOTCH4,0.9416629106454842,0.20358062011015646,1.233684106082279,0.16501843470825983,0.868929472175608,0.9999150196613263
NPC1,1.5297981319093266,0.1426481714744552,1.114345820070191,0.12801068474907548,0.8981405174039653,0.9999150196613263
NPC2,16.53278644755477,0.17749527564453702,0.4037157916646788,0.43965403214140886,0.6601877004486607,0.9999150196613263
NPEPPS,0.8237000818257726,-0.38193956623331077,1.4307420971112184,-0.2669520712394477,0.7895060638486395,0.9999150196613263
NPIPP1,0.4452112076128309,1.542063575212841,1.8791977239817725,0.8205967661270958,0.41187599032891586,0.9999150196613263
NPLOC4,0.5519138456123189,0.348473549537632,1.3510544114934238,0.2579271023973324,0.7964631676747037,0.9999150196613263
NPM1,13.582613208146793,0.22221687578962784,0.4670088636894137,0.4758301031678366,0.6341954217028043,0.9999150196613263
NPM1P27,6.8217238750100115,-0.6183122389874689,0.6539361804156137,-0.9455238255734623,0.3443915130063656,0.9999150196613263
NPM1P39,0.46780854150824447,0.36830244478542634,1.8324445131301461,0.2009896846242287,0.8407066399631473,0.9999150196613263
NPM1P6,0.3538958465674856,0.940707676330002,1.799297261983304,0.5228194897007135,0.6010998754714123,0.9999150196613263
NPTN,1.2654503817665415,0.8653187850109213,1.1203772254476476,0.7723459254227365,0.4399095716990792,0.9999150196613263
NPTX2,0.9982712366043892,-0.4150101100004225,1.419033312757328,-0.29245973739264447,0.7699351397098252,0.9999150196613263
NR1D2,0.9221302059219936,1.4967666018411212,1.2810111399453472,1.1684259060424558,0.24263501029858325,0.9999150196613263
NR1H2,3.231475560715986,-1.5707649596944626,0.81704416092509,-1.9224970140120454,0.0545432489591332,0.9999150196613263
NR2C1,1.0794933904267596,-2.3067774646952306,1.3938952865186085,-1.6549144595047995,0.09794185075888669,0.9999150196613263
NR3C1,11.810362451409777,0.2895662030647835,0.5912750997667896,0.4897317732118164,0.6243237152176389,0.9999150196613263
NR4A2,14.821775667095055,0.48347194446089886,0.49039078452809964,0.9858911702962389,0.3241865202202614,0.9999150196613263
NR4A3,25.233176732920615,0.15165164939851156,0.41714875478033436,0.3635433347472643,0.7161990475352387,0.9999150196613263
NRARP,0.5996902514583367,0.687185373377366,1.5794930223948114,0.435067052297238,0.6635137578463958,0.9999150196613263
NRAS,1.4180735539894416,0.7414949615619735,1.1192013867243666,0.662521482154477,0.5076370720054293,0.9999150196613263
NRBF2,1.522820991939387,-1.4213879811910268,1.6813871032848833,-0.8453662921608577,0.3979063585386202,0.9999150196613263
NRBP1,1.397935128985837,-0.37611884126100414,1.3074891610560087,-0.28766497839051103,0.7736032005138381,0.9999150196613263
NRDC,3.056943175139897,-0.05954266219638042,0.8571242278619001,-0.06946794905670774,0.9446171439488907,0.9999150196613263
NREP,1.5314346227069764,-0.6032391214347335,0.8884882010472734,-0.6789500645294861,0.4971695024089897,0.9999150196613263
NRF1,1.2088961650946797,-0.08572507221751856,1.3744310529355777,-0.06237131505026951,0.9502671377450833,0.9999150196613263
NRIP1,0.48752676193586697,-0.02804614022384114,1.2941487800328269,-0.021671496088053903,0.9827100012578712,0.9999150196613263
NRM,1.2179080535225149,0.2158903972901441,1.534919882141593,0.14065255118653072,0.8881444310107126,0.9999150196613263
NRP1,2.9066614228007888,-0.04307924126751714,0.7715986148487534,-0.05583115422772164,0.9554763161583868,0.9999150196613263
NRROS,3.355722913257327,-1.4339620020596477,0.801325662966879,-1.7894871814668405,0.07353639006273593,0.9999150196613263
NSA2,4.5213244643978845,-0.22719297775524058,0.7480288183023361,-0.30372222593089243,0.7613395235846048,0.9999150196613263
NSD1,1.0608430219917286,-0.7833569194275908,1.5954468410171418,-0.4909953119642513,0.6234297632985554,0.9999150196613263
NSD2,1.278144925668882,-0.43823269805032733,1.5015890737843098,-0.29184595552889303,0.7704044065603999,0.9999150196613263
NSD3,2.670235854045444,0.33962529420270254,0.8382407709694006,0.4051643703872051,0.6853566929553853,0.9999150196613263
NSF,1.243730321882615,-0.48511795002275565,1.0484004718370188,-0.46272198749846677,0.6435636558137183,0.9999150196613263
NSFL1C,0.8324431437720734,0.3127491715524821,1.158172914683445,0.2700366824222992,0.7871320330273104,0.9999150196613263
NSL1,0.9960062338234894,0.4764957326881406,1.266158150551501,0.3763319238442632,0.7066701489534175,0.9999150196613263
NSMAF,0.5172670075529542,0.12399949429380913,1.2720516812882392,0.09747991855820802,0.9223452809424156,0.9999150196613263
NSMCE1,0.9254235719026364,-0.7927692148506869,1.4706779197873958,-0.5390501918770163,0.5898522222182072,0.9999150196613263
NSMCE2,1.0000251192695377,-1.5838706574169135,1.473184095438905,-1.0751342363257266,0.28231463337705953,0.9999150196613263
NSMCE3,4.606793472026109,0.937097420764508,0.7502795180650103,1.2489977377781893,0.2116659012699369,0.9999150196613263
NSRP1,1.0988067128352483,-0.19125376994858082,1.661097776615265,-0.11513697305542661,0.9083365545009856,0.9999150196613263
NSUN2,4.808726069733048,0.262052543022807,0.6801986680773309,0.38525882998790967,0.7000456606791364,0.9999150196613263
NSUN4,0.34956490309400556,-0.5097741838894903,1.5155422283164797,-0.3363642228931927,0.7365962252886087,0.9999150196613263
NT5C,0.4843686399371546,-1.7527417635618776,1.685310813815005,-1.0400109874060741,0.29833479600808643,0.9999150196613263
NT5C3A,1.2413548880940044,-0.5611970974962693,1.1169121660147348,-0.5024541003064567,0.6153481316745706,0.9999150196613263
NT5DC1,1.00452985846599,-0.3173048181670568,1.1084173130028545,-0.28626837062607274,0.7746725814402415,0.9999150196613263
NTPCR,0.6209227698643863,1.8917452737359366,1.4193849238888054,1.3327922834018602,0.18259997875312228,0.9999150196613263
NUAK2,2.12014501108063,0.2760838947738356,1.21447728213775,0.2273273438988225,0.8201692122790742,0.9999150196613263
NUB1,3.118541510356681,-0.27215808114333373,0.7862283201375081,-0.34615654787878214,0.7292250681089012,0.9999150196613263
NUBP2,1.4891828226530373,-1.4882026626199425,1.1038260721965496,-1.3482220615232487,0.1775869709250567,0.9999150196613263
NUCB1,4.565452042112803,-0.308400593173683,1.0313441774459946,-0.29902781236172943,0.7649188246953957,0.9999150196613263
NUCB2,7.315195112599481,-0.415570802757818,0.5722446490803835,-0.7262117757250405,0.4677089540963655,0.9999150196613263
NUCKS1,4.745755064086506,-0.04951445086265295,0.7612547472461104,-0.06504320799545062,0.9481395980636502,0.9999150196613263
NUDC,2.408677989403903,-1.4065097195313419,1.0083415155808728,-1.3948743533792687,0.16305373221259833,0.9999150196613263
NUDCD2,0.6703992970722857,0.4166081644500139,1.8872057683262635,0.22075396940922765,0.8252840064126543,0.9999150196613263
NUDT1,1.2806405601638273,-1.1045656077746564,1.1638865539170005,-0.9490320203951987,0.34260432672652397,0.9999150196613263
NUDT16L1,0.8740153294927028,-1.475394827439394,1.3829512952234446,-1.0668451105510648,0.28604178438184924,0.9999150196613263
NUDT21,0.8238044225305633,1.3562676254085186,1.4028434364893831,0.9667989956189119,0.33364452665929356,0.9999150196613263
NUDT4,2.0604107525342834,-1.5604217374713336,1.3213374255590598,-1.1809411489356074,0.2376261031138125,0.9999150196613263
NUDT5,1.1947083902974882,-0.39809507016095397,1.1005664933819983,-0.3617183264753256,0.7175625305781248,0.9999150196613263
NUFIP2,4.598843332723575,0.3568661180293782,0.8513161372373039,0.41919341407938326,0.6750747849078089,0.9999150196613263
NUMB,1.4458440242074437,0.28338862370069656,0.9729308575685542,0.2912731377529863,0.7708424301641429,0.9999150196613263
NUP153,0.930561435380549,1.2765028189668872,1.4035379307023943,0.9094893633035391,0.36309186993154063,0.9999150196613263
NUP160,0.4815791024196867,1.6436158431553058,1.622855596427186,1.0127924177442682,0.31115932313534267,0.9999150196613263
NUP205,0.7533915916985545,-0.906224122610333,1.6223826575339346,-0.5585760661346184,0.5764510780088723,0.9999150196613263
NUP210,1.7008808830307518,0.020130446641756936,1.1021775961536362,0.018264249529302612,0.9854280474492376,0.9999150196613263
NUP214,1.0666848724931355,-1.0253502619281991,1.455530637883249,-0.7044511707560803,0.48115184862007276,0.9999150196613263
NUP50,2.232004088150767,-0.44492065161229233,1.1316953104290792,-0.39314526402305394,0.6942121942737262,0.9999150196613263
NUP54,0.9157559952173335,-0.1699078274587011,1.3412723542983993,-0.1266766044302594,0.8991963636002096,0.9999150196613263
NUP58,1.6161609460812385,-2.4452681011530943,1.3023971046275646,-1.877513465336171,0.060447753571025505,0.9999150196613263
NUP62,4.106273349901674,-0.47294162014527713,0.8782880947210564,-0.5384811919777678,0.5902448863654923,0.9999150196613263
NUP85,0.3197318996248526,-1.3440831393414454,1.8584087831535485,-0.723244073922563,0.4695299454270946,0.9999150196613263
NUP88,0.5369704632261091,-0.028664908794587184,1.5003279500499016,-0.01910576203931532,0.9847567348273095,0.9999150196613263
NUP98,1.6399922905191,-0.10120396181691568,0.9940488527152986,-0.10180984721271147,0.9189076093228113,0.9999150196613263
NUPL2,0.3912228984741792,-0.0676449025925908,1.5304118220256466,-0.04420045743181486,0.9647446174335357,0.9999150196613263
NUS1,2.5033005227033587,1.3411559139742206,1.2781234750559725,1.0493163924678623,0.29403252387981305,0.9999150196613263
NUTF2,3.632838018546568,0.3220501505987765,0.8158956155882527,0.3947197955789743,0.6930496918489626,0.9999150196613263
NUTM2B-AS1,0.5470462497188404,0.6097682772255578,1.5416275204842942,0.3955354124931568,0.6924477923482435,0.9999150196613263
NXF1,3.849172299224252,0.2753377400113814,0.7051187821863059,0.3904841949574276,0.6961785401848389,0.9999150196613263
NXPE3,0.4541025897780697,1.0315499298666766,1.518758584289806,0.6792059913518413,0.49700735161728116,0.9999150196613263
NXT1,0.7396029696239227,-1.3955613738863029,1.3728601011527894,-1.0165357509584925,0.30937433188967634,0.9999150196613263
NXT2,1.568368759707529,0.46698432176179466,1.2507758800200826,0.3733557140183234,0.7088837154328274,0.9999150196613263
OARD1,1.3606184973403748,0.8215423891613117,1.3207676889392097,0.6220188425575003,0.5339294781458326,0.9999150196613263
OAS1,1.1362269076241214,1.8434750665577089,1.137959250457644,1.6199833744629548,0.1052358483239602,0.9999150196613263
OAS2,3.3038378322802315,0.3209290960439893,1.0366160869504817,0.3095930114186235,0.7568704714416623,0.9999150196613263
OAS3,0.6132679634430119,-1.257560877768227,1.4709871381267043,-0.854909499324192,0.39260125131359813,0.9999150196613263
OAT,3.100514865439115,-0.31593663683957346,1.0813324594053906,-0.2921734514594175,0.7701540091145438,0.9999150196613263
OAZ1,15.061307916562718,-0.12764372521339795,0.453577773461994,-0.2814153000468693,0.7783918843655789,0.9999150196613263
OAZ2,1.9699984643413175,0.22180468886141552,1.1759788510244777,0.18861282128346601,0.8503962832510826,0.9999150196613263
OBSL1,0.40515336245728445,1.3485508297024775,1.908626178179775,0.7065557651465139,0.4798425864586888,0.9999150196613263
OCIAD1,4.581168265181358,-0.016844927192185354,0.6809958820174016,-0.024735725482338402,0.980265758977244,0.9999150196613263
OCIAD2,0.9680820980744484,0.48053192501380376,1.352273991026167,0.3553510074161482,0.7223266472079686,0.9999150196613263
ODC1,7.381498186682538,-0.4621236824197069,0.6654892028466126,-0.6944119911231993,0.48742387591667236,0.9999150196613263
ODF2,0.81594679961226,-0.049308890116052405,1.2674147727352798,-0.03890509340492859,0.9689660556952646,0.9999150196613263
ODF2L,1.1806478140817958,-0.4673534670801328,1.038778222600471,-0.4499068780149848,0.652777587955427,0.9999150196613263
OFD1,4.518487684196899,-0.3420102963225706,0.7860927182374705,-0.435076280937197,0.6635070593930394,0.9999150196613263
OFD1P17,0.5623523516736423,0.18533229273171745,1.5232097595125753,0.12167220671631168,0.9031586254923989,0.9999150196613263
OGDH,1.55743730190758,-0.46960777211260996,1.1792981907560307,-0.3982095247780812,0.6904757455498809,0.9999150196613263
OGFOD1,0.5056448321388625,-0.5354012615681214,1.4816751989185017,-0.3613486018790888,0.7178388655548356,0.9999150196613263
OGFRL1,0.7526907865768034,0.18661379656335156,1.9029284858678508,0.09806663673871295,0.9218793798193142,0.9999150196613263
OGT,4.934047116663331,0.2209648437275967,0.7841128392485548,0.2818023537777493,0.7780950659968026,0.9999150196613263
OIP5-AS1,3.7233301991665275,0.6895475692918321,0.8584997481356686,0.8032006658001523,0.42185876075163387,0.9999150196613263
OLA1,2.0577467448656908,-0.9046184715294419,0.9142796588375884,-0.9894330063949692,0.32245133233491996,0.9999150196613263
OLR1,1.6098576736628183,1.0611594334102106,1.2825463999651332,0.827384828680708,0.4080189768397602,0.9999150196613263
OPA1,1.2948760981063516,-0.6222715102192268,1.564456687847861,-0.3977556649876017,0.690810300749092,0.9999150196613263
OPA3,0.5698673354967922,-0.1022093427060716,1.440086309067653,-0.07097445622703297,0.9434180851871831,0.9999150196613263
OPN3,1.5225521905369825,0.7895241343004784,1.4675222259834448,0.5379980761595532,0.5905783767733107,0.9999150196613263
OPTN,3.4917605931362794,0.069157070034496,0.8468097349519115,0.0816677786993359,0.9349109016141758,0.9999150196613263
ORAI2,0.6482775210709687,-1.822872415148225,1.5597684598207568,-1.168681417854611,0.24253201138318836,0.9999150196613263
ORC3,0.783916463717783,-2.6963280809995056,1.5527997411771524,-1.7364300170191058,0.08248782857138644,0.9999150196613263
ORMDL1,1.8924856322354708,0.21517167465903034,1.1574079947348712,0.18590823256609693,0.8525167260964441,0.9999150196613263
ORMDL3,1.9157108531041678,-1.4425549427414242,0.9944637327627512,-1.4505857732325909,0.14689523919386988,0.9999150196613263
OS9,0.46143673514394734,-0.8102569399657087,1.5648995826837484,-0.5177692862414508,0.6046192499846024,0.9999150196613263
OSBP,1.6309521705342493,-0.6838564025898933,1.1692505095273347,-0.5848673120239561,0.558636939445368,0.9999150196613263
OSBPL11,1.062163097596553,-0.5304824242543861,1.3482526911228696,-0.3934591992637394,0.6939803532148208,0.9999150196613263
OSBPL3,0.8913534505404159,-0.5065280583035049,1.3655641302792927,-0.3709295280038638,0.7106900213930328,0.9999150196613263
OSBPL8,3.261360756156919,-0.050953891277665884,0.8553797041362019,-0.05956874009434354,0.9524991159304111,0.9999150196613263
OSBPL9,1.4501532973205902,0.10201914954151771,1.1238386314966349,0.09077740049357183,0.9276694676884334,0.9999150196613263
OSER1,1.89865285863138,0.6581070298562669,1.0314225810241844,0.6380576128193531,0.5234361773724903,0.9999150196613263
OSGIN2,0.4377828090497711,0.7296118787774565,1.4284700046532668,0.5107645777655343,0.6095159155044045,0.9999150196613263
OSM,0.5473089981501778,1.6135365354423539,1.5437958638176232,1.0451748014483406,0.29594218741041645,0.9999150196613263
OST4,8.02502615091816,-0.60359440446322,0.5938822252274848,-1.016353712610299,0.3094609792082552,0.9999150196613263
OSTC,5.351028423975473,0.2952616197060811,0.6241987097641818,0.4730250400831957,0.6361953146680075,0.9999150196613263
OSTF1,1.4205822819123823,-0.5496949730672434,1.0771167731018327,-0.5103392564245901,0.6098138048194014,0.9999150196613263
OSTM1,2.0646137089656276,0.5438955177291334,0.930637160834602,0.5844334834441427,0.5589287048519047,0.9999150196613263
OTUB1,1.5672005209378421,-0.728196276801005,0.9258818196583802,-0.7864894431879927,0.4315808013913245,0.9999150196613263
OTUD1,1.1953949528233199,0.45375706310601716,1.0674269828213758,0.4250942410193403,0.6707679759455483,0.9999150196613263
OTUD4,1.6121054695976,0.7970257912811818,1.1798692893856748,0.6755204143809617,0.4993451858821637,0.9999150196613263
OTUD5,2.5484883671773755,0.5350790258099476,0.7986340994351284,0.6699927115413773,0.5028624364068551,0.9999150196613263
OTUD6B-AS1,1.87098199022146,-1.3298830431617004,1.1855142343026195,-1.1217773727904718,0.2619571092443107,0.9999150196613263
OTULIN,0.7726999041065616,-0.3366099007267876,1.1885179011564277,-0.2832182000786578,0.7770095776368839,0.9999150196613263
OXA1L,2.2193703172054797,-0.4626245725556788,1.1649406181841524,-0.3971228793419474,0.6912768489680103,0.9999150196613263
OXCT1,0.3045467041929148,-1.145872011888524,1.87980767783725,-0.6095687475895772,0.5421475193941518,0.9999150196613263
OXR1,2.252266871563258,0.9254289678599682,1.316163828060112,0.7031259696780711,0.4819772492813984,0.9999150196613263
OXSR1,0.7161248739473708,0.10621590407511125,1.6804814349864834,0.06320563968382405,0.9496027539431116,0.9999150196613263
P2RX1,1.266212522184035,0.32423526610874726,1.2534160557547809,0.25868127715461536,0.7958811666474639,0.9999150196613263
P2RY14,5.7203535626335515,0.11615984811106005,0.6241283358377692,0.18611532507194753,0.8523543242111997,0.9999150196613263
P2RY6,3.936181951059524,0.059444349091486756,1.1797129522273688,0.050388824653702625,0.9598125417091367,0.9999150196613263
P3H2,0.9917738581259299,-0.18519370756924358,1.5997494534236811,-0.11576419493246513,0.9078394279808288,0.9999150196613263
P4HA1,1.6553918681097042,2.7384700580312025,1.1648946105153397,2.350830738945325,0.018731552431938536,0.9999150196613263
P4HB,1.0395551819886473,-2.5214004713047857,2.244086572046212,-1.1235754015522283,0.26119319635861427,0.9999150196613263
PA2G4,2.6269677695578886,-0.1727914637782177,0.9177557279620928,-0.18827609407778567,0.8506602243874125,0.9999150196613263
PABPC1,28.489417972826725,0.12335861401490093,0.3872271994856503,0.31856908341861534,0.7500533006939234,0.9999150196613263
PABPC1P3,2.5321009489854296,-0.1738552852684321,0.8704587639515003,-0.19972834150029753,0.8416930470340755,0.9999150196613263
PABPC1P4,2.1501233084471756,-0.34016460194049536,0.9430529541573824,-0.360705727542556,0.7183194426184165,0.9999150196613263
PABPC3,0.8785359960351165,-0.13471434033295282,1.4538689441246448,-0.09265920485980429,0.9261743073313488,0.9999150196613263
PABPC4,3.9185242498789585,1.2819642527715316,0.7940212986185756,1.6145212414350478,0.1064144132332382,0.9999150196613263
PABPN1,2.346637306069948,0.5547816015938554,0.8653416388568359,0.6411128006353104,0.5214493981068311,0.9999150196613263
PACS1,1.1925149844433582,-1.733155382908076,1.1861719664101111,-1.4611333196091139,0.14397885782860986,0.9999150196613263
PACS2,0.7801873796918591,-2.0339218748434207,1.3437183065334037,-1.513651979700002,0.1301141302010469,0.9999150196613263
PACSIN1,6.989455807200123,-0.3241995239695386,0.6410911967463077,-0.5056995410558269,0.6130675905172418,0.9999150196613263
PACSIN2,1.6274818986737418,-0.6211117808784911,1.0997388267911208,-0.5647811696262517,0.5722226165247701,0.9999150196613263
PAF1,1.271682765792882,-0.5516942045825477,1.4272938592820084,-0.38653161785483625,0.6991029909638524,0.9999150196613263
PAFAH1B1,3.453133349456415,0.09808303791219539,0.8367860667398281,0.11721399508279715,0.9066904768961124,0.9999150196613263
PAFAH1B2,0.9921049143683582,0.15748943569721208,1.6524359102735493,0.09530743959149424,0.9240706336165376,0.9999150196613263
PAFAH2,0.6110007158121763,-0.3407549360822562,1.600162017814766,-0.21295027146538723,0.8313657505827322,0.9999150196613263
PAG1,5.374156971127342,-0.26990106810671044,0.6785867794092348,-0.39773994468575025,0.6908218897908754,0.9999150196613263
PAICS,1.233945020576191,-1.3342228788034183,1.329208159374352,-1.0037727118914366,0.3154881802504299,0.9999150196613263
PAIP2,2.149335274603605,-0.01859214441361068,0.8707677765401971,-0.021351438253126964,0.9829653113834849,0.9999150196613263
PAK1,1.1571951822537174,0.7876450937439097,1.1401442666177017,0.6908293246787974,0.4896728047331217,0.9999150196613263
PAK1IP1,0.24646428166116274,0.22440349113716757,2.398445005567196,0.09356207485111775,0.9254570372967953,0.9999150196613263
PAK2,4.226533588012682,-0.046552519721283964,0.8293360118639823,-0.056132278178363915,0.9552364301984577,0.9999150196613263
PALD1,3.2345549770043696,-0.7372625290078155,0.779685201795311,-0.9455899987715394,0.3443577473153472,0.9999150196613263
PAN3,0.9150911426610606,0.7213774282795441,1.4264666963481243,0.5057092676094939,0.6130607613699937,0.9999150196613263
PANK3,1.0238431808744788,1.210171785518365,1.4744829052194308,0.8207431779877221,0.41179257078186615,0.9999150196613263
PAPD4,1.382507692891402,-0.06558699429673764,1.0161908251006584,-0.06454200596648858,0.9485386608912678,0.9999150196613263
PAPD5,0.7688997482898465,0.5282756651796282,1.1806897878099687,0.4474296895203212,0.654564843225363,0.9999150196613263
PAPD7,2.6660312273555777,0.01409560485466516,0.7723353852117583,0.018250626767282504,0.9854389150293107,0.9999150196613263
PAPOLA,6.695379929279994,0.06084544584755166,0.6540042626314987,0.09303524353607351,0.9258755623397711,0.9999150196613263
PAPSS1,0.681000088183642,0.27749904192961133,1.5528199415396202,0.17870651612991983,0.8581681524220244,0.9999150196613263
PARK7,11.785423007906118,-0.6625506618137155,0.4717145067842789,-1.4045585884784084,0.16015257814563244,0.9999150196613263
PARL,0.6302486940646735,-0.16455635203682,1.6010538698796708,-0.10278002204209871,0.918137561382187,0.9999150196613263
PARN,1.2681360058746194,0.4599911533695509,1.1395185808147736,0.4036714811974808,0.6864543137641749,0.9999150196613263
PARP1,2.62696139988334,0.04961544294187677,0.9176709795817304,0.05406670151484056,0.9568820217684725,0.9999150196613263
PARP10,1.5913467871842468,-0.7629207143289057,1.5678590340202796,-0.48660032424766936,0.6265415937342808,0.9999150196613263
PARP11,0.3840799867525055,-1.3351072813695277,1.4549044650284597,-0.9176597594285417,0.35879702117587275,0.9999150196613263
PARP14,2.755636129856853,0.3021771601552868,0.9333993212477956,0.32373835428905984,0.7461361307462463,0.9999150196613263
PARP15,1.1554435724950654,1.0635292764903066,1.476978964758375,0.7200706996286124,0.47148146672687186,0.9999150196613263
PARP2,0.3493512387190758,-0.7989272479743443,1.5012822080368833,-0.5321632693023406,0.594612920176468,0.9999150196613263
PARP4,1.7586419372674753,-2.606216685971023,1.4594164937112941,-1.785793635470994,0.0741326776206979,0.9999150196613263
PARP6,0.7300428732798658,-0.6751016492967195,1.2085092226689798,-0.5586234979703047,0.5764186998064631,0.9999150196613263
PARP9,0.7947815209675859,1.0746061050221234,1.205314637571238,0.8915565044389587,0.37263069250216263,0.9999150196613263
PARVB,2.5605814374522615,0.0682255048163063,1.0962634319119515,0.06223458963446111,0.9503760173215118,0.9999150196613263
PARVG,3.919505213720983,-0.49744853808081263,0.8566926526840712,-0.5806616136163599,0.5614685377396225,0.9999150196613263
PATL1,1.219909159494141,-1.2584030265934834,1.5018655252425925,-0.8378932770230654,0.4020906449238889,0.9999150196613263
PATZ1,1.1476125775630202,0.18422407920140815,1.9524058555242054,0.09435747115803719,0.9248251981220207,0.9999150196613263
PAXBP1,0.4590802443164114,-0.998888569158438,1.4847332913612146,-0.6727730663617366,0.5010916751700208,0.9999150196613263
PAXX,1.1459631401042918,-0.7247944137759202,1.2555503514903628,-0.5772722797740252,0.5637555364745084,0.9999150196613263
PBRM1,2.2040386026182097,-0.5757838013903864,1.0095710553307686,-0.5703251874646315,0.5684571605850246,0.9999150196613263
PBX2,0.31961099310198865,-1.068678942498091,1.5296152449243277,-0.6986586633758085,0.4847653728532205,0.9999150196613263
PBX3,2.101933877628448,-0.041841108962820825,0.9268880833017656,-0.045141489805084346,0.9639945310299824,0.9999150196613263
PBXIP1,1.486025957787597,-0.5555440651729333,1.0160423969435548,-0.5467725233160678,0.5845350222544318,0.9999150196613263
PCBD1,0.40087223801493627,0.8699457384512947,1.9304742544969895,0.45063835294605914,0.6522502198142587,0.9999150196613263
PCBP2,2.748178323212351,0.14459296484709477,0.8113382660564726,0.17821538918642654,0.8585538243640247,0.9999150196613263
PCDH9,1.1925995503931994,-0.7802802073970946,1.0829067718286103,-0.7205423658765227,0.4711911247305206,0.9999150196613263
PCED1B,0.3901709835222755,0.22766392037593197,1.411587476095797,0.16128219060543836,0.8718711494647293,0.9999150196613263
PCED1B-AS1,3.294681309917384,-0.7572542160796651,0.9311418962158924,-0.8132532959338454,0.41607284835397196,0.9999150196613263
PCF11,4.611472895449691,0.5617763606976013,0.7350318398971958,0.7642884705187375,0.44469535455928855,0.9999150196613263
PCGF3,2.047867869292899,-0.40179997678209434,1.1561608626987825,-0.3475294742672641,0.728193579456075,0.9999150196613263
PCGF5,1.9383776708209046,0.04838075895663949,0.8297063364972314,0.05831070202607876,0.953501143037263,0.9999150196613263
PCID2,0.5339483452583511,-0.7056809639633217,1.4906313428101168,-0.4734107915864576,0.6359201321903223,0.9999150196613263
PCIF1,1.0408996488782298,-0.04932920739717949,1.077751709538297,-0.045770474739782005,0.9634931918825932,0.9999150196613263
PCM1,4.590830441244394,-0.860508904607686,0.6784494421419701,-1.2683463957033054,0.20467427536175276,0.9999150196613263
PCMT1,0.9274370210973792,-0.07021628758794911,1.2784496394196005,-0.05492299846854068,0.9561998094020645,0.9999150196613263
PCMTD1,2.190069873610149,0.5460080818572485,1.035311133000013,0.5273855022451899,0.5979259091920563,0.9999150196613263
PCMTD2,1.3873172129028752,1.0060796293596186,1.1294326286480256,0.890783216139182,0.37304548099045154,0.9999150196613263
PCNA,1.4066026943198888,0.21081886783663376,1.0368870861801225,0.20331902156606801,0.8388856889632375,0.9999150196613263
PCNP,2.4804563823555608,-0.3600119638788826,0.9656321996992288,-0.37282514397409044,0.709278587719153,0.9999150196613263
PCNT,1.4180379775542298,-1.181937630495185,1.342942934776849,-0.8801100924601704,0.3787996722804079,0.9999150196613263
PCNX1,1.2806911395653513,-0.17222764371502808,1.1230523249865878,-0.15335674027217291,0.8781169575375009,0.9999150196613263
PCNX4,1.9239585032392168,0.6210529238277163,1.292145793321798,0.48063688094447743,0.6307745984917807,0.9999150196613263
PCYOX1,1.6469249326400073,0.7312680048959791,1.4414235636083772,0.5073234706010804,0.6119278729653271,0.9999150196613263
PCYT1A,0.5472209175449712,0.5591168356336302,1.2830682076915298,0.43576548174284657,0.6630068905972755,0.9999150196613263
PDAP1,2.1067519394867564,-1.026801394639659,0.9382786965604635,-1.094345846712391,0.27380332489423054,0.9999150196613263
PDCD10,1.6893791865227545,-0.43991942067094253,1.2826210642878884,-0.34298471537670083,0.7316099588563185,0.9999150196613263
PDCD11,0.6040868448062974,-0.33470649899530003,1.4308427556887184,-0.23392262892940544,0.8150450451849527,0.9999150196613263
PDCD2,0.6434811072110009,0.26476431131907796,1.1882041473959128,0.2228272909999007,0.8236699268085528,0.9999150196613263
PDCD4,1.3143358817039443,0.3586226704726337,1.123485807087228,0.31920534127832556,0.7495708069155801,0.9999150196613263
PDCD5,0.6453948929478123,-0.6490385909518724,1.5522243707759655,-0.41813451919158723,0.6758487679274697,0.9999150196613263
PDCD6,2.672338133350213,0.720197399758054,0.7912432498388939,0.9102098500109724,0.3627118504736264,0.9999150196613263
PDCD6IP,1.6797577548829556,-0.24455998274033494,0.9573710463977835,-0.2554495288535406,0.7983759208060369,0.9999150196613263
PDCD7,0.7489123280061366,-0.4999973658350331,1.4483459010515105,-0.34521958150468823,0.7299292987311495,0.9999150196613263
PDE12,0.5787984491855542,0.30432406634954784,1.3166002703202848,0.23114385832194612,0.8172030435100152,0.9999150196613263
PDE4A,1.337906735232562,-0.0022873442664845456,1.0109689207561432,-0.0022625267894227164,0.9981947663464903,0.9999150196613263
PDE4B,11.6560986517554,0.09180177148440773,0.5959379539603898,0.15404585473089283,0.8775735802148514,0.9999150196613263
PDE4D,1.8337955773272923,-0.6964227906967301,0.986120813770435,-0.7062246136291922,0.48004846597432527,0.9999150196613263
PDE4DIP,0.6391284284285387,-0.5887401537813469,2.0877035980800676,-0.28200370700264876,0.7779406678414864,0.9999150196613263
PDE6D,0.35693804500868226,-2.189457386423349,1.6987358472429452,-1.2888745416050686,0.19744170603062083,0.9999150196613263
PDE7A,3.353881795204416,-0.48165124831036177,0.9866879162794834,-0.48814953579905,0.625443926167356,0.9999150196613263
PDGFB,3.4070427285298095,-0.665232368978417,1.0605603981201688,-0.6272460957033034,0.5304979316901468,0.9999150196613263
PDHA1,1.6916483571154763,0.0044040641468555365,0.9875055002388389,0.00445978695388569,0.9964416166408911,0.9999150196613263
PDHB,1.6424117869009014,-1.5948728549651066,1.0180128619755575,-1.5666529515846128,0.1171958335856487,0.9999150196613263
PDIA3,9.717380782824467,0.18250933958321988,0.4967025596121772,0.36744191478643123,0.7132894113136619,0.9999150196613263
PDIA3P1,1.0352513860457329,-2.421751813844515,1.4186512539967326,-1.7070804449097483,0.08780710124752344,0.9999150196613263
PDIA4,4.61382471057666,0.8367525592060784,0.8170661808947358,1.024093982558163,0.3057908863499701,0.9999150196613263
PDIA5,0.7857194132483514,1.006335400875346,1.3691437304898015,0.7350107797048719,0.46233292908938595,0.9999150196613263
PDIA6,1.3623136087017746,-0.6625064074855587,1.2390321472678496,-0.534696705768636,0.5928595997996675,0.9999150196613263
PDK3,0.5740726952005492,2.2169853895490093,1.7328907964867442,1.2793566646229042,0.20077148682275914,0.9999150196613263
PDLIM1,0.8763993402136518,0.9817718104145947,1.6591619423832757,0.5917275374604752,0.5540330534025952,0.9999150196613263
PDLIM5,1.616886495461142,-1.60561626412513,1.3715820409889454,-1.170630859942902,0.2417471874010516,0.9999150196613263
PDPK1,1.5522073491136303,1.2182781257684052,1.0702055695485226,1.1383589848839495,0.2549706131744043,0.9999150196613263
PDRG1,0.31806460418062826,-0.9813131395088708,1.4898655453377905,-0.6586588585659131,0.5101148575832823,0.9999150196613263
PDS5A,3.0803582436901786,-0.45884067978481663,1.0364557567666963,-0.44270165589721405,0.6579815445664645,0.9999150196613263
PDS5B,1.0905759343861807,-2.3862552792757987,1.3017003825102214,-1.8331832050891028,0.06677533064943525,0.9999150196613263
PDSS2,0.3856098098557926,2.004153339385788,1.8743006427678601,1.0692806125415233,0.2849432439313384,0.9999150196613263
PDXDC1,0.7063943574464392,0.6536542416076587,1.767770757553685,0.36976188163232926,0.7115599194085629,0.9999150196613263
PDZD8,0.7798918998846429,0.8511061287348625,1.2299417085639528,0.6919889965586997,0.4889442391209379,0.9999150196613263
PEA15,7.870522226597643,-0.09849151181502157,0.5461369603979531,-0.18034214667187853,0.8568839697934142,0.9999150196613263
PEBP1,10.700118846820803,0.07109355194630668,0.5060997037877588,0.14047341149229542,0.8882859587289327,0.9999150196613263
PECAM1,3.4597032950707822,0.1736291257933126,0.7954732450613746,0.21827148414013128,0.8272175911700559,0.9999150196613263
PEF1,1.7130454558400483,0.4724829812162929,0.9808236732815221,0.4817206130797354,0.6300044308865987,0.9999150196613263
PEG13,1.3617969972022341,0.011851205800755207,1.3093611057652645,0.009051136274457071,0.9927783367124912,0.9999150196613263
PELI1,0.3057029598496091,1.679517942815725,2.2429237987299384,0.7488074020913044,0.45397329765130545,0.9999150196613263
PELI2,0.7377088775238514,0.5122501418676823,2.158900606401609,0.2372736106279045,0.8124445332709148,0.9999150196613263
PEPD,2.0611578488861944,0.15280984294913882,0.9421661758689295,0.16218990541472925,0.8711563088639329,0.9999150196613263
PER1,1.3811988673856799,-0.21958614315407524,1.1425193127864817,-0.19219468826179248,0.8475897064960488,0.9999150196613263
PER2,0.37214567117134584,1.8465699567076876,2.3175015928524805,0.7967933926789021,0.4255710330871135,0.9999150196613263
PEX11B,0.47091608410543284,-0.057815968189059895,1.2880483889709815,-0.04488648771592263,0.9641977872301263,0.9999150196613263
PEX19,0.5615141010966683,0.6328780826093728,1.9045569058080543,0.33229675662584574,0.7396651887311918,0.9999150196613263
PEX2,0.5650044168501728,0.04264943083411711,1.3481144694718827,0.031636357149126076,0.9747620490796551,0.9999150196613263
PEX26,0.7453524898900331,-1.9820018575453253,1.6291049685356347,-1.2166201047971155,0.223748789749597,0.9999150196613263
PEX5,0.4142757097902504,-1.317961507990607,1.7840214937045233,-0.7387587608341298,0.4600534974588836,0.9999150196613263
PFDN1,1.3396879666451358,-0.3380572390607944,1.1728880420951289,-0.28822634976900524,0.7731734800286685,0.9999150196613263
PFDN2,1.7952473693942426,-1.0631051903769957,0.9368299796812032,-1.134789890838851,0.25646336289689564,0.9999150196613263
PFDN4,0.8056577114127197,0.6954849971252282,1.5019500807403257,0.46305466875597956,0.6433251817186141,0.9999150196613263
PFDN5,8.240220946920765,-0.5577022182168719,0.7828839170098625,-0.7123689810195017,0.47623631845764236,0.9999150196613263
PFDN6,1.0537015939596108,-1.168547453359524,1.4849107156669477,-0.7869479565541898,0.43131233253095735,0.9999150196613263
PFKFB2,1.439824049980757,0.25068005303913105,1.0322693936874336,0.2428436361400402,0.8081265304213882,0.9999150196613263
PFKFB3,12.919638660256284,-0.14376061357435452,0.6599163350380614,-0.21784672683706635,0.827548536007636,0.9999150196613263
PFKL,1.0936128171084063,-1.6713413188850395,1.2354065017826836,-1.3528675107936576,0.1760979603326921,0.9999150196613263
PFKP,1.3873833569822398,0.7945744148602478,1.0332819373329358,0.7689812297611339,0.4419044534933174,0.9999150196613263
PFN1,17.69785337583094,-0.21006743364052957,0.4506089326850566,-0.46618568431121554,0.6410825954516577,0.9999150196613263
PGAM1,0.47442534282001225,-0.933242922021268,1.83922269997062,-0.5074115940588247,0.6118660523740663,0.9999150196613263
PGAM5,0.8023582397495839,0.3170010688137062,1.315201484960657,0.24102852105826889,0.8095330114446572,0.9999150196613263
PGAP2,0.4670132043565365,-0.3606942444998146,2.008419546110759,-0.17959108454121928,0.8574736043870186,0.9999150196613263
PGD,4.1598068773627785,-0.23866882492782787,0.8074305006058182,-0.2955905489683059,0.7675427921125269,0.9999150196613263
PGGT1B,0.29868095465079947,-0.35214638108312285,1.8763161995811863,-0.18767965717171,0.8511277781089868,0.9999150196613263
PGK1,5.325825794488211,0.189118072618325,0.7244727407759296,0.2610423580820646,0.7940598423309522,0.9999150196613263
PGLS,1.797837951247339,-0.5166954319220012,1.1282768658647773,-0.45795092282245425,0.6469877006620468,0.9999150196613263
PGM1,0.8053448758239082,0.13254505199307418,1.17063353791603,0.11322505950840245,0.909852128800031,0.9999150196613263
PGRMC1,0.5401552385505034,-1.13093543371414,1.461689815348624,-0.7737178037629026,0.43909768920743497,0.9999150196613263
PGRMC2,0.8368451747372855,0.3984795783240137,1.2571114054473813,0.31698032218727873,0.7512585335438392,0.9999150196613263
PHACTR1,2.6584858665026223,-0.27336806555807036,0.9812840183183366,-0.278582001189168,0.7805656270555299,0.9999150196613263
PHACTR2,0.611881144839692,-2.3794841663425568,1.4865826009191523,-1.6006403982337236,0.10945658915431426,0.9999150196613263
PHACTR4,1.4401466104090563,-0.7656803562427326,1.1737690730193213,-0.6523262316608411,0.5141907413522601,0.9999150196613263
PHB2,0.5340375884550514,0.2583317315571519,1.4909933511202977,0.17326149131587168,0.862445891336883,0.9999150196613263
PHC2,0.5954528008116466,0.5439257486799811,1.261434023970574,0.43119635140955226,0.666325606647125,0.9999150196613263
PHC3,2.4101559468093074,-0.07008163568721476,0.9727376355114998,-0.07204577383331463,0.9425654802209387,0.9999150196613263
PHEX,4.195710823257674,-0.32940737710241325,0.6958166767397501,-0.47341115571683606,0.63591987245538,0.9999150196613263
PHF1,1.8026595724849992,-0.20637565465694752,1.0061549911449654,-0.2051131848206607,0.8374836954381694,0.9999150196613263
PHF10,0.9493149396635895,1.277602754191663,1.4906916515856314,0.8570536722552192,0.39141522290137654,0.9999150196613263
PHF11,1.7572427430198967,0.41431086989376803,1.1131640364148419,0.3721921085666185,0.7097498211844324,0.9999150196613263
PHF12,1.432254301753274,0.5166053298587402,1.0338993153312932,0.49966696195480503,0.6173095992696818,0.9999150196613263
PHF14,1.549685182285561,-0.16891477105453767,0.9806518003714684,-0.17224744908493841,0.8632429963124086,0.9999150196613263
PHF2,0.5339939146593933,0.06680204241084532,1.5629286711176027,0.042741581010908976,0.9659075329856752,0.9999150196613263
PHF20,1.298261428676739,-0.27946306896762335,1.4105814937220895,-0.19811905246977718,0.842951918566677,0.9999150196613263
PHF20L1,2.0096253729349476,0.3170670818699392,0.8555641996204193,0.370594143619625,0.7109398446669486,0.9999150196613263
PHF21A,1.0359343547539932,0.5241374954677641,1.3352912863016089,0.3925267099731336,0.6946690799298926,0.9999150196613263
PHF23,0.6478220436503109,-1.4960671751591705,1.3690512069639502,-1.0927766379731658,0.27449188137933167,0.9999150196613263
PHF3,2.185330978439487,0.6249031143054574,1.2172075869352845,0.5133907486387379,0.6076780156940609,0.9999150196613263
PHF5A,0.4049396980823547,0.9183342654364788,1.4912063068365393,0.6158331420852442,0.5380046512471173,0.9999150196613263
PHF6,0.5456207673203441,0.4168025491511389,1.53065538820657,0.2723033233754175,0.7853888010595533,0.9999150196613263
PHF8,0.3438200600747542,-0.01632750452516668,1.6116128796334668,-0.010131157880098406,0.9919166438244144,0.9999150196613263
PHIP,2.425199356432926,-0.30528263122776494,1.1251248981854343,-0.27133221540125463,0.7861355311701558,0.9999150196613263
PHKB,0.9012650843313949,-0.053325923002484885,1.1673436324539948,-0.04568142706221209,0.9635641674108409,0.9999150196613263
PHKG2,1.3455208902695937,-0.00719980209044212,1.3908165667919425,-0.0051766726557256814,0.9958696312592364,0.9999150196613263
PHLDA1,0.7143219072258149,0.934813935785056,1.4143600631203566,0.6609448047639811,0.5086477111306318,0.9999150196613263
PHLPP2,0.8522331866661523,-0.4245500060611931,1.271864785836879,-0.3338012112520608,0.7385295693543295,0.9999150196613263
PHPT1,1.0228519057965744,-1.1321111782199595,1.3622455589230176,-0.831062484149333,0.40593833175328464,0.9999150196613263
PHTF1,0.3286348646428164,0.17680029542912584,1.5964486684003185,0.11074599448680311,0.9118177719548831,0.9999150196613263
PHTF2,0.47384428162963144,-0.2498001102645217,1.574631149941069,-0.158640396688374,0.8739521998448712,0.9999150196613263
PHYH,3.466553784430706,-0.04925858029500389,0.7637751457549913,-0.06449356275702296,0.9485772326183088,0.9999150196613263
PHYKPL,3.6428330898127452,1.0651599021574483,0.9419300521430235,1.13082696505336,0.25812792810436747,0.9999150196613263
PI4K2B,0.4098354426466314,-0.43460486009507526,1.5944340962968533,-0.2725762457692451,0.7851789738438981,0.9999150196613263
PI4KA,1.2545246130601162,0.015744292099620603,1.3796102531792753,0.011412130392143938,0.9908946349968137,0.9999150196613263
PIAS1,1.5599649459058813,-0.18742477892845097,1.0494059849861328,-0.1786008290499007,0.8582511434688488,0.9999150196613263
PIAS2,0.886748603078275,0.3136101254826286,1.3917897113328364,0.22532867065262496,0.8217235971555241,0.9999150196613263
PIBF1,1.4321077602359484,-0.6494378697916688,1.3042433606605728,-0.49794224711463486,0.618524748951685,0.9999150196613263
PICALM,3.41354377959861,0.9946628940890279,1.0003948070885391,0.9942703491072762,0.3200912670074707,0.9999150196613263
PIGA,1.4591053190384597,0.5518278464702566,1.3740542683369215,0.40160556914404716,0.6879743305964251,0.9999150196613263
PIGG,0.3415226193837414,1.2071674758134752,1.6267880845165443,0.7420557645479843,0.4580535496674719,0.9999150196613263
PIGK,0.8384850564854358,1.046469603348955,1.2090420542235798,0.8655361487992033,0.38674458403591994,0.9999150196613263
PIGN,0.5927227425375179,-0.10946046046645863,1.5431813618112584,-0.07093168902583363,0.943452122690645,0.9999150196613263
PIGP,0.7811573577839831,1.3907973532309916,2.1249662577979684,0.6545032647587677,0.5127876244745802,0.9999150196613263
PIGR,0.9576270261950519,2.9727686917139695,2.5081060978266527,1.1852643292442695,0.23591295235007703,0.9999150196613263
PIGS,1.7349192462036618,1.1334518577597104,1.0632518051256152,1.0660239204821302,0.2864128288645874,0.9999150196613263
PIGT,1.4700294978579898,-0.9075170755448732,1.0662302210769437,-0.8511455196123003,0.3946885220655769,0.9999150196613263
PIGX,1.1498737030204338,-1.9395877733116866,1.1601043517455838,-1.671908023095708,0.09454246046963147,0.9999150196613263
PIH1D1,1.4534122471753126,-1.3163006412304896,1.2346559161902075,-1.066127512912435,0.28636600400773937,0.9999150196613263
PIK3AP1,5.368240210799515,0.5583953406816673,0.6743447416379884,0.8280561947073553,0.40763867604635073,0.9999150196613263
PIK3C2A,0.3917173724436359,0.07724735218990379,1.6107529144456556,0.04795729468941465,0.9617502773207893,0.9999150196613263
PIK3C3,2.061250875564661,-1.9882570366247991,1.4901287927394757,-1.3342853626561748,0.1821103528172192,0.9999150196613263
PIK3CD,3.337852162919666,0.7044980060140003,0.8487756094783647,0.8300167890627373,0.4065292913714851,0.9999150196613263
PIK3CG,3.2226565455377445,-0.16555611942009915,0.8114487015918234,-0.2040253673403221,0.8383336755590877,0.9999150196613263
PIK3R1,3.214346053473143,0.7051637330241166,0.988943858551357,0.7130472846629207,0.47581649795891157,0.9999150196613263
PIK3R5,1.8902539902029336,-0.2048327107759873,1.1407359856556862,-0.17956189105251294,0.8574965248590124,0.9999150196613263
PIKFYVE,1.7842331844496238,-0.9128719974743043,1.2808809194605861,-0.7126907611823428,0.476037134695812,0.9999150196613263
PIM1,1.9530015644378385,-0.9917030929359422,0.8943060603824299,-1.1089079419990318,0.2674698973442927,0.9999150196613263
PIM2,16.308335061390906,-0.1476166412819493,0.47862737543408307,-0.308416628171489,0.757765330806492,0.9999150196613263
PIM3,7.663065382733134,0.5270097015285706,0.6927698898177578,0.7607283591196602,0.4468193325076909,0.9999150196613263
PIN4,0.6346778056509687,1.7791427100517943,1.5258589118033408,1.1659942451357506,0.24361677224307365,0.9999150196613263
PIP4K2A,5.758075480040569,0.5692918717226781,0.5716510960863271,0.9958729645061456,0.3193118727358173,0.9999150196613263
PIP4K2B,0.42414867978605275,0.514965113507202,1.5022178855241193,0.34280321015318777,0.7317465107811888,0.9999150196613263
PIP4P1,1.281070117272694,0.14520530015571492,1.2245524248458264,0.11857826354310355,0.9056094870120274,0.9999150196613263
PIP5K1A,2.2657191962636225,-0.6883788993533725,0.8550921941928502,-0.8050347132488516,0.42079964833588546,0.9999150196613263
PIP5K1C,1.0777897544095123,-0.2294552670438136,1.25792094674541,-0.1824083362610965,0.8552622841660201,0.9999150196613263
PITHD1,1.258685687381818,0.031172685930678252,1.3170502945240972,0.023668561527441276,0.9811169832441644,0.9999150196613263
PITPNB,1.5113980914811442,0.16780445234544383,1.3240288579516288,0.12673776053873162,0.899147958216435,0.9999150196613263
PITPNC1,0.4410502547186226,0.29459219111123847,1.6150520234336483,0.182404149734401,0.8552655694203412,0.9999150196613263
PITRM1,0.6586172185865311,-0.14216438894335404,1.2774523415831294,-0.11128743070537694,0.9113884223344836,0.9999150196613263
PJA2,1.7186532936881125,-0.01648221183505026,1.0950392357810115,-0.015051708921913383,0.987990927289678,0.9999150196613263
PKM,4.908367758261419,0.1009985941944041,0.6991867510297715,0.14445152750055984,0.8851439303679456,0.9999150196613263
PKN1,1.1309861987865344,-0.48188764542729634,1.2797555700691152,-0.37654662866696587,0.7065105571145962,0.9999150196613263
PKN2,0.6931210521459287,-0.9066078037674505,1.3589612006678073,-0.6671329566450716,0.5046872105969229,0.9999150196613263
PLA2G16,2.661808421582153,0.4120820810735158,1.2621924425796787,0.3264811824029775,0.7440603242880213,0.9999150196613263
PLAC8,19.265211690973207,-0.007585935030185409,0.38267784378983255,-0.01982329302124849,0.9841843363891528,0.9999150196613263
PLAGL1,0.7556337488554696,-0.14756013621569142,1.2477223261524224,-0.11826360170272805,0.9058587965937296,0.9999150196613263
PLAGL2,0.8418595026022727,-1.8343962270037877,2.133970273580994,-0.8596165793469587,0.390000432805255,0.9999150196613263
PLAU,0.8401732873152695,2.212371379122314,1.6894231519960399,1.3095424769741169,0.19035065905329573,0.9999150196613263
PLAUR,8.48214867578527,-0.028761115006714945,0.6566295933710827,-0.043801125165647395,0.9650629301942008,0.9999150196613263
PLBD2,1.7172369744175755,-1.1661567930304209,1.5149045801731749,-0.7697889413583479,0.44142510063040863,0.9999150196613263
PLCB2,1.2771177415515613,0.051751185470364065,1.0422372313605823,0.04965394049760225,0.9603981613088806,0.9999150196613263
PLCG2,1.8482969742130986,-2.5553480342061308,1.2232719098826246,-2.0889452406794184,0.03671265274607496,0.9999150196613263
PLD3,1.5903144267798155,-0.18869353225238683,1.408545314212861,-0.1339634091629027,0.8934315088280498,0.9999150196613263
PLD4,12.010102049592867,-0.4888170347290666,0.5753247229465708,-0.8496367620455311,0.39552706674312965,0.9999150196613263
PLEC,0.4229534275805594,-2.405548991992351,1.7115794696185718,-1.4054556242886176,0.15988583612432705,0.9999150196613263
PLEK,15.867872304057263,0.0708776983008665,0.44103071712191455,0.160709210377457,0.872322434901237,0.9999150196613263
PLEKHA2,2.4980958487203053,0.5716369123949999,1.0605292723321391,0.5390109705675086,0.5898792847957899,0.9999150196613263
PLEKHA3,1.9389952692774466,2.0354221781280706,1.3515749041881349,1.5059632816656283,0.13207659988137258,0.9999150196613263
PLEKHB2,4.381691905160299,0.6488097566621707,1.0614851855848064,0.6112282728700734,0.5410484684926156,0.9999150196613263
PLEKHG2,1.327688038781642,0.6839547048046913,1.317455189331068,0.5191483629526453,0.6036572847441863,0.9999150196613263
PLEKHM1,1.1861322741571507,-0.27627161361588387,1.2017127319115957,-0.22989821633695384,0.8181708623668603,0.9999150196613263
PLEKHO1,2.524145140292536,-0.9923334948495094,1.3076241387012912,-0.7588828207431816,0.44792265641561535,0.9999150196613263
PLGRKT,0.7979794170764772,0.3570162009811941,1.8777787413356037,0.19012687337553938,0.8492097122367257,0.9999150196613263
PLIN2,1.2824523977184228,0.649507728026725,1.3541148320873333,0.47965483623388533,0.6314728472532977,0.9999150196613263
PLIN3,0.6316405901751203,-0.31482065103342166,1.6316473607089086,-0.19294650217596052,0.8470008657620709,0.9999150196613263
PLK2,0.3436991535518902,0.3802000031012485,1.5859958500107385,0.23972320173389747,0.8105448469433355,0.9999150196613263
PLOD1,0.6269585099857733,1.214924165835291,1.6987332919203517,0.7151941812253921,0.4744890640554369,0.9999150196613263
PLOD3,0.9000412558383337,-1.4040557880648252,1.2015734815505044,-1.168514293651886,0.24259937704627998,0.9999150196613263
PLP2,16.8615727896789,0.05788551613891182,0.4262289819834848,0.13580849399197992,0.8919726760449078,0.9999150196613263
PLPBP,0.6695220499465129,0.49656487368957786,1.408662705866812,0.3525080004045537,0.7244573195955478,0.9999150196613263
PLPP5,0.6102987480989316,0.5965873736299065,1.344295812072837,0.4437917371103006,0.6571931629397718,0.9999150196613263
PLS3,0.58560226154657,1.8474394562062537,1.9812072749778133,0.9324816638516241,0.3510876584288194,0.9999150196613263
PLSCR1,7.548262589179292,0.6741032720583704,0.5718627402863399,1.1787850904936337,0.23848376270251181,0.9999150196613263
PLVAP,3.0383786084762683,-1.194483778485988,0.7976640394391976,-1.4974772829495697,0.13426911229211833,0.9999150196613263
PLXNA3,1.2809248194650713,-0.8073874657228755,1.1803113426060732,-0.6840461805104753,0.49394600507227815,0.9999150196613263
PLXNA4,2.331277961941644,0.3473190179216795,1.2695651751160393,0.2735732081576153,0.7844126255560926,0.9999150196613263
PLXNB2,3.0328577517839808,0.3527156946203049,0.8343651223861657,0.4227354250038498,0.6724883063520106,0.9999150196613263
PLXNC1,0.613329057968914,0.6443409700521158,1.415407725811192,0.4552334696935712,0.6489412839677834,0.9999150196613263
PMAIP1,4.205443782596838,1.4635378718027812,1.1043859324663083,1.3252051015666388,0.18510313377671828,0.9999150196613263
PMEPA1,8.525409033613203,-0.3193716158441093,0.6204541461157541,-0.514738466723899,0.6067357893602054,0.9999150196613263
PMF1,1.2924598341347755,0.4170931417598506,1.167559402984228,0.35723505004865685,0.7209158485590818,0.9999150196613263
PML,0.889724818891368,-0.8552455551930825,1.418855334004069,-0.602771498049448,0.5466607100761954,0.9999150196613263
PMM2,0.3883603508244614,-3.0036784340729685,2.160454680320484,-1.390299209436506,0.16443803783164945,0.9999150196613263
PMP22,0.7431412319214711,1.0026558990686214,1.735988467096903,0.5775705991557448,0.5635540614252228,0.9999150196613263
PMPCB,0.3975441254369522,-1.1213990437542052,1.4735878604464592,-0.7609991055534688,0.4466576014932184,0.9999150196613263
PMS1,0.5654653045315801,-0.09971857625652968,2.0389850420447,-0.048905987145708346,0.9609942175214066,0.9999150196613263
PNISR,6.986075392369063,-0.37477364042830186,0.5844455405256982,-0.6412464711274891,0.5213625612853607,0.9999150196613263
PNKD,0.613566193767783,0.277989854942818,1.3830865856038674,0.2009923730273512,0.840704537820079,0.9999150196613263
PNN,3.4427943869155766,-0.19939447399434404,0.7650743519130769,-0.2606210409429566,0.7943847619748995,0.9999150196613263
PNO1,0.853851398053969,-0.7495880857447489,1.486680709996319,-0.5042024697734895,0.6141191050530492,0.9999150196613263
PNOC,2.003124083115448,-1.2342756752338722,1.186137254843818,-1.0405841905677204,0.2980685716716581,0.9999150196613263
PNPLA2,5.726996977718021,0.006943491762971184,0.5659800475063091,0.012268085763029981,0.9902117293118166,0.9999150196613263
PNPLA8,4.605947525558379,0.30037802681114983,0.7002570739716959,0.4289539341708828,0.6679567489534598,0.9999150196613263
PNPT1,0.9586344124391266,-0.6706437613894075,1.1160125576249544,-0.600928508203026,0.5478876043718025,0.9999150196613263
PNRC1,11.26818722461749,0.02568504598741752,0.5226753053591369,0.049141495157818856,0.9608065349818679,0.9999150196613263
PNRC2,4.259581454608475,0.5019999194983515,0.7501149290500979,0.6692306739369327,0.5033483421342912,0.9999150196613263
PNRC2P1,0.5157159413847348,0.4179326040861822,1.34529409790971,0.310662631119513,0.7560571085134874,0.9999150196613263
POFUT2,0.3767068448378288,0.09005739989966724,1.5393286843657457,0.058504334268788004,0.953346910163026,0.9999150196613263
POGK,0.2882705972602744,-1.2225914207101987,2.335764931248847,-0.5234222863584669,0.6006804185514705,0.9999150196613263
POGZ,1.823726683016858,-1.3225897725678222,1.1131756837559115,-1.188123125457912,0.23478490467534907,0.9999150196613263
POLB,9.96372029703545,-0.04945701540884749,0.6218272603202647,-0.07953497468633852,0.9366071139373623,0.9999150196613263
POLD2,0.3870128615235632,-1.798693439592957,1.4939229370232368,-1.2040068433362434,0.22858693354310833,0.9999150196613263
POLDIP2,0.45711737452319234,-0.171791281165524,1.3018545066262208,-0.1319588942475025,0.8950168049902449,0.9999150196613263
POLDIP3,0.9691497789210524,-0.2012165649002179,1.3047681148457313,-0.15421634128759243,0.8774391578397336,0.9999150196613263
POLE,0.7228064037827536,-1.299579599588422,1.8681764088225523,-0.6956407293503416,0.4866538525317826,0.9999150196613263
POLE3,2.436133628631129,-0.20644474075110028,0.9642766451043298,-0.21409285582019255,0.8304746468710069,0.9999150196613263
POLE4,1.4796096728689005,0.7192437448736212,1.0954639094082732,0.6565654410852555,0.5114603762475256,0.9999150196613263
POLK,1.0541092310335638,-0.7355584217767788,1.0984816144688143,-0.6696137760416391,0.5031040298814508,0.9999150196613263
POLR1D,2.616688766307961,0.14492750192387185,0.8710006915965898,0.16639194816046837,0.8678485100665551,0.9999150196613263
POLR2A,7.6767829340384015,-0.25416194709427703,0.5466067679589364,-0.4649813394066333,0.6419448199254616,0.9999150196613263
POLR2B,1.1940729562174435,-0.6721381406526606,1.076190759783342,-0.6245529749651215,0.5322644914138062,0.9999150196613263
POLR2E,2.5745814813292593,-0.8098792904602569,1.171552031312757,-0.6912875133277387,0.48938487721648716,0.9999150196613263
POLR2G,1.7426845261631583,-0.7328547067610165,0.9669964524466086,-0.7578670065508644,0.44853060365696173,0.9999150196613263
POLR2H,0.5206506824978105,-0.2904547909753634,1.6205072434077985,-0.17923695938844433,0.8577516442057346,0.9999150196613263
POLR2J,1.3890969859653173,-1.8519134632412506,1.178501138361249,-1.5714142336904378,0.11608646190374011,0.9999150196613263
POLR2K,1.454916979804679,0.9604915246000162,0.9992572047644246,0.9612055034684014,0.3364488497644156,0.9999150196613263
POLR2L,3.1385129809324366,-0.31490649028288653,0.8582846363173767,-0.36690216387193997,0.7136919973171517,0.9999150196613263
POLR3C,0.44226674998904825,-0.043672141000922884,1.3017212648848941,-0.03354953335942056,0.9732363661337335,0.9999150196613263
POLR3E,1.886079865418583,-0.9399513801124479,1.1239345579757951,-0.8363043679387342,0.4029836965094772,0.9999150196613263
POLR3GL,0.43196073330331397,2.1701223204683124,1.79103623247243,1.2116574087798182,0.2256435490618669,0.9999150196613263
POM121,0.6002229616062001,-0.001552504380029743,1.6133227663154996,-0.0009623024062167959,0.9992321938857576,0.9999150196613263
POM121C,1.7679826090312425,-0.5415794254602964,1.002658595783172,-0.5401434024881332,0.5890981407420202,0.9999150196613263
POMP,7.362057686243129,0.3842512536089429,0.6507125931107219,0.590508402138086,0.5548498544214797,0.9999150196613263
PON2,0.6779142808954358,0.21455703550343977,1.2179268103233767,0.1761657873731114,0.8601636981182604,0.9999150196613263
POP4,0.45170710240173473,0.23240795752333596,1.4380516760386262,0.16161307788573062,0.8716105580426605,0.9999150196613263
POP5,0.3468738413686759,-0.7344390692070213,1.8886358997365806,-0.3888727675405608,0.6973702680919566,0.9999150196613263
POU2F2,0.6721040937201929,-0.7528294659908473,1.6604288130211904,-0.45339460510869833,0.6502646204968863,0.9999150196613263
PPA1,3.4408773852594687,-0.011874267827103747,1.033965252927525,-0.011484203935754566,0.990837132397421,0.9999150196613263
PPA2,2.254480182769694,-1.0605428463390174,0.9242122398724025,-1.1475100637981561,0.2511708762303283,0.9999150196613263
PPARA,0.43055181672289083,-1.2607135486937522,1.473439730986027,-0.8556261394214487,0.39220460662922574,0.9999150196613263
PPCS,0.5429181227422895,-1.2267577152967843,1.4287821463640065,-0.8586037545462492,0.39055916598105345,0.9999150196613263
PPDPF,8.688998835391464,0.04775999427532703,0.6665326960403434,0.07165439078840966,0.9428769536886668,0.9999150196613263
PPHLN1,2.1986155581668183,0.03588802740994387,0.7939713221354616,0.04520065953190803,0.9639473685588082,0.9999150196613263
PPIA,15.239993341485823,-0.014555608000137922,0.4505671512977176,-0.03230508029317062,0.9742287578328107,0.9999150196613263
PPIAP22,6.985895593432094,-0.5326837881829528,0.7408578382820836,-0.7190094518243216,0.472135096001964,0.9999150196613263
PPIB,0.38843834392205956,-1.4301206327879379,1.8190153275980903,-0.7862059275093264,0.43174685401206314,0.9999150196613263
PPID,0.547095333775248,1.1222936502981706,1.3885016610275038,0.8082767790624485,0.4189312669791737,0.9999150196613263
PPIE,0.4484280738801583,-1.289424982541871,1.4839196673699273,-0.8689317965757708,0.3848844367092338,0.9999150196613263
PPIF,2.4281708921197955,0.8293528657620115,1.1226173107077244,0.738767216442768,0.4600483620819986,0.9999150196613263
PPIG,4.1723774834262,-0.7799908752678991,0.7773841341907576,-1.0033532213515717,0.3156904657994275,0.9999150196613263
PPIH,0.2833358561471986,-0.3625983313444879,1.5134445038932318,-0.23958482151920907,0.8106521327860167,0.9999150196613263
PPIL3,0.5500328857931648,0.4969493477854961,1.3211252991504205,0.3761561057872941,0.70680084554734,0.9999150196613263
PPIL4,2.729337688670338,0.31710977130129436,1.1643890960022332,0.2723400385575976,0.7853605729167729,0.9999150196613263
PPIP5K2,1.9474386433051478,0.3531752651624114,1.1824271431059004,0.29868670321176854,0.7651791034856108,0.9999150196613263
PPM1A,0.5919716907678655,0.5456544105031611,1.5532511836985654,0.3512982421837668,0.7253646135488274,0.9999150196613263
PPM1B,1.064476674998823,0.5826049401850648,1.2407077910534274,0.4695746608396825,0.6386589317723419,0.9999150196613263
PPM1D,0.8067390448408511,-1.205608462821692,1.633267718996826,-0.7381572835849546,0.46041887720988706,0.9999150196613263
PPM1G,3.1741394704417396,-1.2179301385495147,0.78925039877941,-1.5431479546073916,0.12279488172610756,0.9999150196613263
PPM1J,1.0750739514548138,0.6047546499377824,1.173995723342208,0.5151250876929324,0.6064656126897316,0.9999150196613263
PPM1K,9.700768789203842,-0.25164479076406526,0.5851848988391816,-0.4300261186904301,0.6671766418517422,0.9999150196613263
PPM1M,0.9738643773487338,1.245595561762863,1.473043440755166,0.8455932305189178,0.3977797032588406,0.9999150196613263
PPP1CA,1.867485140468634,-0.9439873312362801,1.1798412956219015,-0.8000968729770546,0.4236546727753969,0.9999150196613263
PPP1CB,9.421757595648709,0.2441278095103155,0.668755546615682,0.3650479023998435,0.715075648997371,0.9999150196613263
PPP1CC,2.5993439002454197,1.0687577037701452,1.1170718755473585,0.9567492720613527,0.3386938221003173,0.9999150196613263
PPP1R10,2.9912336926364675,-0.5184211872875873,0.9755661957147749,-0.5314054438999417,0.5951378498762757,0.9999150196613263
PPP1R12A,0.9515251815472809,0.543060525601861,1.3322451903954369,0.40762806239943705,0.683546758672734,0.9999150196613263
PPP1R14A,0.8055801160173931,-0.5544324593015572,1.6066900387680587,-0.3450774237242874,0.7300361654534953,0.9999150196613263
PPP1R14B,10.385675801949311,-0.5618257568969407,0.7820148469883769,-0.7184336193367581,0.4724899637275364,0.9999150196613263
PPP1R14BP3,6.519455996212973,-0.6937276271227092,1.026796424267549,-0.6756233375253231,0.4992798205188138,0.9999150196613263
PPP1R15A,15.799812014453927,-0.039772022514345966,0.4865744929128426,-0.08173881511185196,0.9348544116198607,0.9999150196613263
PPP1R15B,5.295392851965669,1.2048326033932495,0.8022291538377586,1.5018559193834942,0.1331343229327428,0.9999150196613263
PPP1R16B,1.7740071513300184,0.007346132300396172,1.0159318142830225,0.007230930459226328,0.9942306025031825,0.9999150196613263
PPP1R18,2.3510839321816843,-0.07712830276263988,1.1044154107036992,-0.06983631522625722,0.944323942356409,0.9999150196613263
PPP1R2,2.6495229142963286,-0.1844177720955864,0.9277736078530361,-0.198774539968159,0.8424391127257352,0.9999150196613263
PPP1R3B,1.1711788853815415,0.11518621850452838,1.411652475608153,0.08159672475685284,0.9349674058766169,0.9999150196613263
PPP1R7,0.8402980161728218,-2.0232314762756745,1.453362969806124,-1.3921033618639467,0.1638911003751149,0.9999150196613263
PPP1R8,0.9955016723464242,0.46271491111608637,1.396248246122761,0.3313987411629691,0.7403433156325859,0.9999150196613263
PPP1R9B,2.297023611171651,-0.9425222249471676,1.06795077333839,-0.8825521255074936,0.37747830470990784,0.9999150196613263
PPP2CA,4.37934251642404,0.2589266779014217,0.889565840750826,0.2910708415724216,0.7709971399396931,0.9999150196613263
PPP2CB,1.5335087388108524,1.1569995840922296,1.1296334047187266,1.0242257171744287,0.3057286744459514,0.9999150196613263
PPP2R1A,1.7408832307680746,0.07642170640931986,1.024923389260493,0.07456333537715436,0.940562147012479,0.9999150196613263
PPP2R1B,0.3783351437332541,-0.8425119020862858,1.8251597240363682,-0.46160995719490133,0.6443610527873819,0.9999150196613263
PPP2R2A,0.712473038349594,-0.1468238041281695,1.2614311844452823,-0.11639462060130981,0.9073397985563335,0.9999150196613263
PPP2R2D,0.8928449454815142,-0.6888364010069878,1.714967435974903,-0.4016615047943501,0.6879331587029431,0.9999150196613263
PPP2R3C,1.029601544938495,-0.06461339192831003,1.225130464536401,-0.052740009165277144,0.9579390606642151,0.9999150196613263
PPP2R5A,1.1381897774173406,1.155357777845433,1.0405749590857942,1.1103071121954367,0.26686670938377255,0.9999150196613263
PPP2R5C,8.741760108075436,0.24884663267555004,0.6083520303434019,0.40905038573649766,0.6825026852621966,0.9999150196613263
PPP2R5E,1.4050458552227991,-0.5998734535033019,1.0333283412462795,-0.5805255014875571,0.5615602946892975,0.9999150196613263
PPP3CA,1.9835747449129286,-0.1813155151403815,1.027498729142646,-0.17646300671502801,0.8599302089583452,0.9999150196613263
PPP3CB,1.4292380236238689,0.1590598455241973,1.1134954309557732,0.14284732662770572,0.8864107590761963,0.9999150196613263
PPP3R1,1.8313108295632692,0.4367915253910106,0.8820320251912523,0.49521050587284565,0.620451535448443,0.9999150196613263
PPP4C,1.102166113720486,-1.2729095492732965,1.1018559479721288,-1.155241346762231,0.24799160730721437,0.9999150196613263
PPP4R1,1.2146506142430626,-0.06830033172875194,1.2919941492859506,-0.05286427323722762,0.9578400503996383,0.9999150196613263
PPP4R2,1.554377310429536,0.9461303988398616,1.2449180786241822,0.759994103295114,0.44725810960784773,0.9999150196613263
PPP4R3A,5.883828557866205,-0.09424995051923948,0.7172402986266189,-0.13140637900534943,0.8954538427058397,0.9999150196613263
PPP4R3B,3.7520525340418036,0.46715003456963705,0.7556408513121333,0.6182170190487372,0.5364322928369771,0.9999150196613263
PPP6C,2.5645500610202543,0.21705149577178764,0.8839831536473794,0.24553804546638383,0.8060398535518778,0.9999150196613263
PPP6R3,1.306652926611772,-0.5875526544266286,1.009888563708087,-0.5817994930740333,0.5607017455557671,0.9999150196613263
PPRC1,1.9765588580687696,-1.252571399598165,1.3349877080694235,-0.9382643690476794,0.3481085659008565,0.9999150196613263
PPT1,2.3768152225573473,-0.9596964526784112,1.1875840884337034,-0.8081082106313401,0.41902829141662545,0.9999150196613263
PPTC7,1.746299274750453,-0.9185033598715107,1.0141564921345543,-0.9056820786487134,0.3651041508549552,0.9999150196613263
PPWD1,0.9775579073014387,-0.7751020744213908,1.1066833220542256,-0.7003828999452583,0.4836882124673414,0.9999150196613263
PQBP1,1.4817609969422205,-1.5026286836098843,1.370143899177002,-1.0966940658659732,0.272775151381062,0.9999150196613263
PQLC1,2.5079681232943636,-0.036151178711613954,1.1417972489742572,-0.03166164460817423,0.9747418827089448,0.9999150196613263
PRCC,1.8874632082194596,-0.13295775777794855,1.0157369609341302,-0.13089782383784965,0.8958561361971681,0.9999150196613263
PRCP,1.4604744115144148,-0.000684460961641167,0.9548262047662837,-0.0007168435032726244,0.9994280416852118,0.9999150196613263
PRDM1,1.0544121386051941,0.04020610513400647,1.1231712888886722,0.03579694881070955,0.9714442660057481,0.9999150196613263
PRDM2,1.4556296466119298,0.9868273584507976,1.009471782903359,0.9775680461444566,0.3282880077267669,0.9999150196613263
PRDM4,0.34663202832294787,-0.0760074691784917,1.5253142460296556,-0.0498306951346824,0.9602573058800896,0.9999150196613263
PRDX1,1.0082312057369442,-0.010661428903128599,1.2863981297759102,-0.00828781436815818,0.9933873565743284,0.9999150196613263
PRDX3,3.2280143008219415,0.335848970052685,0.8346349181693933,0.40239026997492905,0.6873968296968125,0.9999150196613263
PRDX4,0.8343113601078426,-1.1987599864193348,1.3287426644536606,-0.9021761839131048,0.36696328409375467,0.9999150196613263
PRDX5,4.2500189679833635,-0.6121113193934372,1.033381429880433,-0.5923382225518233,0.5536241256079324,0.9999150196613263
PRDX6,4.781971657554606,-0.20827886758080327,0.6492343570813736,-0.3208069094142195,0.7483567229853786,0.9999150196613263
PREB,0.429604242475778,1.4735510745609328,1.967027992326628,0.749125625211869,0.4537814913529673,0.9999150196613263
PRELID3B,1.223836032825524,0.35884094384894577,1.085710043249923,0.3305126871395654,0.7410126078078436,0.9999150196613263
PREX1,3.061940481044861,-0.07708860250897215,0.7890224505139957,-0.09770140565550961,0.9221693993474088,0.9999150196613263
PRIM2,0.5578228413333229,0.3998218760780666,2.040132402630073,0.19597839608969939,0.8446270755221255,0.9999150196613263
PRKAA1,0.8281840227650498,-0.8310438296748686,1.2996192912317308,-0.6394517496637313,0.5225290928986531,0.9999150196613263
PRKACA,0.7171551185389409,-1.1340027591612716,1.2816295454283302,-0.8848132154929991,0.37625738057320124,0.9999150196613263
PRKACB,1.7764443915009593,-0.33441931954216975,1.0187208574560602,-0.3282737533982355,0.7427046873292966,0.9999150196613263
PRKAG2,0.48308649479224797,0.9534040978023857,1.403558019951944,0.6792765844015689,0.4969626300454043,0.9999150196613263
PRKAR1A,6.536091867361792,0.2727285545084252,0.5990873940472329,0.4552400154274034,0.6489365753146152,0.9999150196613263
PRKAR2A,1.006345568670931,0.12609937695070664,1.050956187704232,0.1199853794344798,0.9044947298023674,0.9999150196613263
PRKCA,0.7813173822831393,0.99900917138116,1.1971242485707656,0.8345075062792077,0.40399505926827517,0.9999150196613263
PRKCB,7.650986994928491,0.17673083063368888,0.6553658344903668,0.2696674457726659,0.7874161074737719,0.9999150196613263
PRKCD,1.399639097756707,-0.7952510889765241,1.1185939304854566,-0.7109381405559696,0.47712256971563627,0.9999150196613263
PRKCH,0.693132302245031,-0.6726203523560133,1.4619627758243614,-0.4600803546292352,0.6454585445741612,0.9999150196613263
PRKCI,0.5355940648840204,0.04834657629662145,1.3613186326196727,0.03551451889230741,0.9716694692769031,0.9999150196613263
PRKCSH,2.4506492703516507,-0.3003034507454981,0.8185384736826878,-0.36687762444983474,0.713710302522049,0.9999150196613263
PRKD3,0.654933292045821,0.7290115215469981,1.337566657481943,0.5450281804417959,0.5857341361571722,0.9999150196613263
PRKDC,2.2124868389303467,0.01536643645806741,0.8298781398505399,0.01851649744724555,0.9852268167621235,0.9999150196613263
PRKRA,1.1732746721671192,0.23697838831127815,1.1256392559114152,0.21052782857985872,0.8332557342530587,0.9999150196613263
PRKRIP1,0.5763963889569762,-0.7317635035710103,1.7531015648769452,-0.4174107868202004,0.6763779662729634,0.9999150196613263
PRKX,1.5907892513386532,-0.16575775589113542,1.2607451954324678,-0.1314760163208683,0.8953987580709241,0.9999150196613263
PRMT1,1.7284226559930143,0.05338652560583398,1.1562623804568801,0.04617163587449682,0.9631734496492129,0.9999150196613263
PRMT2,0.9509116021185657,-0.5586447651743984,1.2678312585179694,-0.4406302190619798,0.6594807220195134,0.9999150196613263
PRMT9,5.791712927019461,0.6775410023816572,0.5954504113701268,1.1378630183874432,0.2551776856180694,0.9999150196613263
PRNP,4.1789049839510675,-0.318810221186573,0.7671586975280098,-0.4155727129391411,0.6777226973652923,0.9999150196613263
PROC,0.41122192849632877,-0.7083104250671045,1.5028910484731683,-0.471298585341032,0.6374275257534595,0.9999150196613263
PROSER1,0.8174716127150653,0.7715017860526261,1.4118917419827295,0.5464312617688385,0.584769525871754,0.9999150196613263
PRPF18,0.28194937029750133,-0.04776647025770969,1.8055683158837121,-0.026455088870082997,0.978894354938648,0.9999150196613263
PRPF19,1.3013024376407276,0.5203303695299416,1.186594409136924,0.43850734970882493,0.6610185434814837,0.9999150196613263
PRPF3,0.8433035683225066,0.4898298057062307,1.2433421543893373,0.39396219614769573,0.6936089499063943,0.9999150196613263
PRPF31,0.41839225391407653,-0.849895233478152,1.9322787660811358,-0.4398409010113115,0.6600523419411922,0.9999150196613263
PRPF38A,0.8237866690466966,-1.0502572598861721,1.4999108428077526,-0.7002131259483043,0.4837942155437238,0.9999150196613263
PRPF38B,5.112877138416765,-0.13997954959834646,0.6555764918515263,-0.2135213073351763,0.8309203714467612,0.9999150196613263
PRPF39,1.2290175969848096,0.47507174419196363,1.399895897837131,0.3393621946645887,0.7343368947997846,0.9999150196613263
PRPF4,1.6146196463225655,-1.911033767180418,1.285563777991685,-1.4865336126425759,0.1371380329237086,0.9999150196613263
PRPF40A,5.312255357522371,-0.8800614276362018,0.6142718144276504,-1.4326905564700239,0.15194628945065103,0.9999150196613263
PRPF4B,2.715153988757548,-1.3208219309183353,0.9315157143095515,-1.417927696364566,0.1562118753092098,0.9999150196613263
PRPF8,2.2411373179764507,0.2829511422260736,1.2005429457091308,0.23568598127819695,0.8136763488108882,0.9999150196613263
PRPS1,2.000675197103968,-0.6948188400505133,0.9751047707552107,-0.7125581382525509,0.47611922351575964,0.9999150196613263
PRPSAP1,0.3611870785080973,0.28303763273543747,1.5512074538053677,0.18246278538766653,0.8552195570357155,0.9999150196613263
PRR13,4.148381155970973,-0.17657626556617817,0.8649527276364094,-0.20414556764124522,0.8382397462251082,0.9999150196613263
PRR14,0.321036475500485,-0.747416001256754,1.9001996061413686,-0.39333552056380583,0.6940716864715213,0.9999150196613263
PRR14L,0.4324934434511775,0.8344412799997416,2.0106245157954397,0.41501596814541053,0.6781302136510525,0.9999150196613263
PRRC1,0.39477115373755756,-0.5389142973116583,1.919304373248597,-0.28078626028423875,0.7788743425623442,0.9999150196613263
PRRC2A,0.7723371845379696,0.3055217150383045,1.1844585732529702,0.257942085892651,0.7964516037212027,0.9999150196613263
PRRC2C,8.464552950491388,0.08004926257959687,0.5685462551307161,0.14079639406153946,0.8880307918108494,0.9999150196613263
PSAP,18.863341743702847,-0.17278520628632196,0.5025826722824611,-0.3437945950297573,0.731000765292646,0.9999150196613263
PSD4,1.7049387650255994,-0.9782539033047233,1.2867836209358963,-0.7602318582460859,0.4471160050229208,0.9999150196613263
PSEN1,0.50263004739374,0.5291331468012156,1.5759439721344297,0.3357563188522288,0.7370546322827526,0.9999150196613263
PSENEN,2.3250224025151263,-0.1616368068697207,0.9265056640089752,-0.17445851995153577,0.8615051270963263,0.9999150196613263
PSIP1,2.875983865040466,-0.6622182364392423,1.0732233895775307,-0.617036716559002,0.537210508096715,0.9999150196613263
PSMA1,1.1765876872370127,0.4003936129534159,1.2606495786712413,0.3176089690010777,0.7507815698944806,0.9999150196613263
PSMA3,3.9805518509696918,-0.28393734948746213,0.7115958010723158,-0.39901493103190333,0.689882202596906,0.9999150196613263
PSMA3-AS1,3.14705121004899,-0.7863975961829726,1.0545374074167715,-0.7457275490201503,0.45583201383295524,0.9999150196613263
PSMA4,2.1751134149869316,-0.5842117365388767,1.0047659422440347,-0.5814406241060518,0.560943524783504,0.9999150196613263
PSMA5,1.9757523230944507,-0.3872073356464079,1.1001176547144353,-0.35196902257415164,0.7248614942474971,0.9999150196613263
PSMA6P1,0.34663202832294787,-0.0760074691784917,1.5253142460296556,-0.0498306951346824,0.9602573058800896,0.9999150196613263
PSMA7,2.480119111255869,-1.020469084741129,0.8308577500817281,-1.2282115496193537,0.21936756416977377,0.9999150196613263
PSMB1,3.2395091851979014,-0.24313578954336798,0.9678346933507888,-0.25121623683647404,0.801646931830168,0.9999150196613263
PSMB2,4.993485203907277,0.015597147765563734,0.744354550452237,0.02095392277253843,0.9832824118970276,0.9999150196613263
PSMB3,1.9117678104475604,0.9105377403774206,1.3742428341900383,0.6625741227998327,0.5076033479161051,0.9999150196613263
PSMB4,5.429707598079607,-0.05818490629251895,0.6452750854860684,-0.09017070021956577,0.928151567293314,0.9999150196613263
PSMB5,1.1805713143684804,0.05726808493977423,1.400317095082177,0.040896512040662816,0.9673783981112409,0.9999150196613263
PSMB6,1.2860740248764495,-1.6335731166749619,1.3075252140240425,-1.249362612019904,0.2115324767603357,0.9999150196613263
PSMB7,2.095248464598515,-1.2183223510291998,0.9587468886754146,-1.2707445160134074,0.20381955319321865,0.9999150196613263
PSMB8,2.1644668035954227,-0.45984993952783565,1.358156580365777,-0.3385838909707962,0.7349232196940811,0.9999150196613263
PSMB8-AS1,0.4136174158726637,0.06755136969055378,1.9265953954279942,0.03506256157928126,0.9720298545756759,0.9999150196613263
PSMB9,2.0861604092109878,-0.642469002260151,1.096109104510276,-0.5861359965139564,0.5577841281335376,0.9999150196613263
PSMC2,2.2542743446514373,-0.2849508631198556,0.7895594607715453,-0.3608985482124501,0.7181752889114077,0.9999150196613263
PSMC3,1.1887603980276853,-0.439535046255961,1.1092304360334813,-0.3962522411733516,0.6919189557265213,0.9999150196613263
PSMC4,1.9311466784940248,-0.6653518185978644,0.8567640402849008,-0.7765870033207907,0.4374024718327385,0.9999150196613263
PSMC5,2.4423517093511062,-0.26981933209604225,0.9921076692946498,-0.2719657759403003,0.7856483346365429,0.9999150196613263
PSMC6,0.5797193701069853,0.4047127971333955,1.9192192871367648,0.21087366089217266,0.8329858575358577,0.9999150196613263
PSMD1,1.9263466977022001,-0.5219163018520662,1.0882011342695024,-0.4796138190045381,0.6315020182896014,0.9999150196613263
PSMD10,0.862709526684781,-0.4096675938702771,1.6488144151113695,-0.24846191913151489,0.8037770305446574,0.9999150196613263
PSMD11,2.342799313267144,-0.4416682039737013,0.8577807964817459,-0.5148963532236179,0.6066254493519722,0.9999150196613263
PSMD12,0.769146971596324,0.17478879455894172,1.2717480195547284,0.13743980086569332,0.8906831729888325,0.9999150196613263
PSMD13,2.565134142661117,-0.9174473484636557,0.9950612423156545,-0.922000887431431,0.3565281127699399,0.9999150196613263
PSMD14,1.0936908102060046,-1.0034331333311144,1.249311726313444,-0.8031887576146545,0.42186564250724545,0.9999150196613263
PSMD2,2.60779760255057,-1.011909443320086,0.9839355266586863,-1.028430639918446,0.30374730183483434,0.9999150196613263
PSMD3,0.5760185718802937,-0.9117074164249961,1.4741663374320584,-0.6184562713683692,0.5362746144759969,0.9999150196613263
PSMD4,2.129633287240433,-1.3082109946493343,0.8277787659198453,-1.5803872344993322,0.11401821318288544,0.9999150196613263
PSMD5,1.2111293450589886,-0.5609646452630781,1.4229655373505217,-0.39422222853517686,0.6934169758001631,0.9999150196613263
PSMD6,1.8640654876188758,0.7614058004368901,1.0756695252257211,0.7078436104965554,0.47904238081984163,0.9999150196613263
PSMD7,0.7951420121771712,-1.1680617680731762,1.4506488196059901,-0.8051995440153688,0.4207045395699167,0.9999150196613263
PSMD8,2.2581539937462356,-0.6205442277279789,1.1176260656172186,-0.5552342118875673,0.5787344709666118,0.9999150196613263
PSME1,2.6717348297660823,-0.7655539791586327,0.8665031744419543,-0.8834981818175853,0.3769671644571245,0.9999150196613263
PSME2,2.055740201276814,-0.7488280752435632,0.8258721890579365,-0.9067118195343803,0.36455921141646874,0.9999150196613263
PSME3,4.544066153088121,-0.5290687579031307,0.7106021101313856,-0.7445358666403472,0.4565523509656342,0.9999150196613263
PSME4,1.1242477305815102,-0.4679382070821779,1.0357571675059558,-0.4517837015880339,0.6514248122606668,0.9999150196613263
PSMF1,3.0088723071178247,0.24445687781748143,0.8986029082332507,0.2720410490303328,0.7855904565744476,0.9999150196613263
PSMG2,1.1835532751567794,-0.07029943730366094,1.3200165219403446,-0.05325648288123319,0.9575275525956003,0.9999150196613263
PSMG3,0.5475071374002476,0.5735574687234286,1.6562447441719974,0.3462999479646143,0.7291173077165047,0.9999150196613263
PSPC1,1.3920746682769782,0.3121769550329397,1.2119059403801933,0.2575917359848942,0.7967220082638938,0.9999150196613263
PTAR1,1.0568643932051822,0.11201649426877909,1.1703864054344624,0.09570898444193492,0.9237517051082348,0.9999150196613263
PTBP1,7.4725419042901,-0.10738275276005947,0.5680828282695632,-0.18902657749250756,0.8500719864548102,0.9999150196613263
PTBP3,8.77841775160649,0.29752730071184297,0.5377551640054089,0.5532765106256615,0.5800740829312065,0.9999150196613263
PTCRA,1.4624041226363538,-0.48554379761701094,1.3082278355132282,-0.37114620591032466,0.7105286374855337,0.9999150196613263
PTDSS1,2.3374972052531153,0.25471574160434696,0.8654910617523915,0.29430198977285177,0.7685271523289746,0.9999150196613263
PTEN,2.302178229872562,-0.09490247286548084,0.8932079264270583,-0.10624902674688795,0.915384773336925,0.9999150196613263
PTENP1,0.5100804220356223,-1.4163973840446213,1.465202642601155,-0.9666904378019068,0.33369880872443647,0.9999150196613263
PTGDS,9.286556573056076,1.0550261207829117,0.6227037844928849,1.6942664346292673,0.09021466572113705,0.9999150196613263
PTGER4,0.8749564370849117,-0.28253332206418,1.274768690489914,-0.2216349712476841,0.824598056348387,0.9999150196613263
PTGES2,0.3839590802296415,-1.0458583190675512,1.4982287287233989,-0.6980631855582555,0.4851376798549377,0.9999150196613263
PTGES3,3.627516378035414,0.35515960098460436,0.9420187036659776,0.37701969143761016,0.7061589712535985,0.9999150196613263
PTGES3P1,1.2551980044857933,-0.1924173027573795,1.0069848596701685,-0.19108261748881167,0.848460865948743,0.9999150196613263
PTGS2,1.5890210218410796,0.26808367418204293,0.9976152097742199,0.26872452580460915,0.7881416769152907,0.9999150196613263
PTK2,1.0545217950289556,-0.16550201286169464,1.2593261327703096,-0.13142108986305046,0.8954422060546456,0.9999150196613263
PTK2B,2.7543747170810664,0.14487467392681683,0.7476093966330862,0.1937839125340994,0.8463450841727265,0.9999150196613263
PTMA,22.948807451522217,-0.10351623106824236,0.45017162150701123,-0.22994837107169835,0.8181318885831176,0.9999150196613263
PTMAP2,13.067007430382063,-0.4657346607058897,0.525020443461646,-0.8870790966445723,0.3750363172954836,0.9999150196613263
PTMAP5,2.7978000758618693,-0.12336426109223268,0.9311058037351174,-0.13249220507203235,0.8945949881245139,0.9999150196613263
PTMS,5.439597779918099,-0.4633920433755991,0.9696565553347766,-0.47789296202469517,0.6327263909007301,0.9999150196613263
PTP4A1,12.0446580493481,-0.2518036454533236,0.584068948615178,-0.4311197266184886,0.6663813178183474,0.9999150196613263
PTP4A2,5.751377098796052,0.48186772663864874,0.7650687927858988,0.6298358150042821,0.5288020104395361,0.9999150196613263
PTP4A3,1.3214881459585024,0.7755942296617071,1.3511287507072922,0.5740342874472156,0.5659445992357376,0.9999150196613263
PTPA,0.9344504493638506,-1.1880136977879359,1.656036002495044,-0.7173839795741345,0.4731372019382303,0.9999150196613263
PTPN1,10.369611444732397,-0.12768009501020125,0.5025289256084865,-0.2540751158863143,0.799437527341585,0.9999150196613263
PTPN11,1.928017892831904,0.6514294611363034,1.0990437998800973,0.5927238397663247,0.5533659842491725,0.9999150196613263
PTPN18,2.4719618128211085,-0.15185529351256535,0.9202994547836839,-0.16500639299874287,0.868938950148991,0.9999150196613263
PTPN2,2.287589193139096,0.03602643198819455,0.8377976227334789,0.04300135380027847,0.9657004546768763,0.9999150196613263
PTPN22,1.1934111476444913,0.24469631587476706,1.2278535600918314,0.1992878661006335,0.8420375702558194,0.9999150196613263
PTPN23,1.1731155021093465,0.5069108971364484,1.3231698038483675,0.38310343514651385,0.7016430727098085,0.9999150196613263
PTPN4,0.46155764166681135,-1.07756979434502,1.490961856197664,-0.7227346493578983,0.4698429236515832,0.9999150196613263
PTPN6,1.1294827232904399,-1.109410185461238,1.2156099278883679,-0.9126366608311524,0.36143366636409746,0.9999150196613263
PTPN9,0.6934123119161851,0.724521888731731,2.09220060748867,0.3462965674220867,0.7291198480201353,0.9999150196613263
PTPRA,1.9333131251545648,-0.793425572897204,1.0294944259399597,-0.7706943844526233,0.4408881012425181,0.9999150196613263
PTPRC,10.58262994231511,-0.06746028985017974,0.528442862010062,-0.1276586263150154,0.8984191335351007,0.9999150196613263
PTPRE,9.432704037114327,-0.0012359873298905361,0.5416925035040165,-0.0022817139279118184,0.998179457264441,0.9999150196613263
PTPRJ,2.1418875731284865,-0.48108742333182686,1.084435108625931,-0.4436295168840526,0.6573104616687042,0.9999150196613263
PTPRO,1.648353968456862,-0.5563355266349285,1.252786904529706,-0.4440783381622079,0.6569859471585939,0.9999150196613263
PTPRS,0.5491184431821985,-1.8922686907167166,1.480590102753443,-1.278050344384768,0.20123167562797095,0.9999150196613263
PTRH2,0.7604839240187042,-1.9829841221673463,1.2837661261755653,-1.5446615093940854,0.1224281596794103,0.9999150196613263
PTRHD1,1.4600042907667825,-0.13181375452813668,1.1254093600711663,-0.11712516281169132,0.9067608699286935,0.9999150196613263
PTS,0.8563882997220078,0.7328619174399361,1.5265691853530465,0.4800712109686982,0.6311767582663557,0.9999150196613263
PTTG1,0.6959886773027731,-0.42561314085876034,1.3815067906079388,-0.3080789350817937,0.7580222695642785,0.9999150196613263
PTTG1IP,4.83609089195631,-0.18260516711983427,0.7563169778402254,-0.24143999469810956,0.8092141181279456,0.9999150196613263
PUF60,1.8914600629299256,1.114836246891368,1.2796504156284358,0.8712037547722534,0.3836429101368135,0.9999150196613263
PUM1,3.33339682360738,-0.35930311319616015,0.7022622692794904,-0.5116366476085911,0.6089053319742674,0.9999150196613263
PUM2,2.0702485328929963,-0.3394074626657397,0.7993935572208906,-0.4245811835733293,0.6711420122700005,0.9999150196613263
PURB,1.7629716505447506,0.15768524797846042,1.3650264413649869,0.1155180904926499,0.9080344823246209,0.9999150196613263
PUS3,0.6752595597431289,-1.5273095045945961,1.6650073719894127,-0.9172989443102044,0.3589860104297252,0.9999150196613263
PWP1,0.5691290560570731,-0.7775856190563001,1.9689417637012951,-0.3949256567114325,0.6928977545421601,0.9999150196613263
PWWP2A,0.43232345287190593,0.6084802356758029,1.9029833631816486,0.3197506859221662,0.7491573333828696,0.9999150196613263
PXDC1,0.764585797929841,1.3593638693814152,1.2609053392472274,1.078085584277856,0.28099556428498285,0.9999150196613263
PXK,1.9778896743376582,0.34770304637837063,0.9989841179168201,0.3480566308736071,0.7277976538605149,0.9999150196613263
PYCARD,2.0064289874013266,-0.30952631376444406,1.015861032181483,-0.3046935594131022,0.7605995553625873,0.9999150196613263
PYCR2,1.1188821333959436,-0.3740578571565338,1.4498624691215198,-0.2579954065458206,0.796410452300337,0.9999150196613263
PYGO2,0.7785157696688965,0.1588052851323395,1.5152307122531277,0.10480600996807816,0.9165297410523173,0.9999150196613263
QARS,2.4856167874474875,-0.8080423658521136,0.8739872265351918,-0.924547111581358,0.35520153475603666,0.9999150196613263
QDPR,2.435582270212879,0.03484273308568753,0.8380215006572779,0.041577373681176005,0.966835610827898,0.9999150196613263
QKI,6.075856158373635,-0.014215888986631656,0.7036947682031377,-0.020201782973222154,0.9838824055698098,0.9999150196613263
QRICH1,2.1664442218524695,-0.29516469821303243,0.9461807935320952,-0.3119538044216496,0.7550756312956055,0.9999150196613263
QRSL1,0.29517169593622006,1.0185476476490993,1.605788686556935,0.6342974366278707,0.5258867290921997,0.9999150196613263
QSOX1,1.140437334128573,2.2341925567662164,1.522216937288677,1.4677228337412191,0.14217952572953899,0.9999150196613263
QTRT2,0.282244944646496,-0.6979950359213732,1.9045453417227238,-0.3664890620509007,0.7140001729655842,0.9999150196613263
R3HDM1,1.4050030363393118,1.3234323413621008,1.0320321250877513,1.2823557612119607,0.19971787544040687,0.9999150196613263
R3HDM2,2.119023974185536,-0.08050626065356199,1.0043727240768365,-0.08015576162480803,0.9361133740084817,0.9999150196613263
R3HDM4,1.2136161760653126,-1.4364302460309264,1.4177694386188209,-1.0131620889150246,0.31098274542363713,0.9999150196613263
RAB10,1.5873026771132743,-0.7079970151792474,1.2393762570954343,-0.5712526854746179,0.5678283693718218,0.9999150196613263
RAB11A,2.1400887749188104,-0.5471570722577418,1.2874638668702816,-0.42498829391448123,0.6708452083075609,0.9999150196613263
RAB11B,5.35251467778473,-0.1884527121947315,0.6409296202235416,-0.2940302745393535,0.768734769605918,0.9999150196613263
RAB11FIP1,10.258391246056302,-0.3669468040844625,0.802271218613487,-0.45738497850967746,0.6473943593976745,0.9999150196613263
RAB12,1.0834280396991587,-0.019124347778734566,1.8526136052067788,-0.010322901507894307,0.9917636625449266,0.9999150196613263
RAB14,2.236248207302835,-1.0364640173238993,1.0448377300432734,-0.9919856332915663,0.32120453373175506,0.9999150196613263
RAB18,0.8897035758264357,0.9450486780597739,1.1996090565497544,0.7877972185187295,0.4308153283017989,0.9999150196613263
RAB1A,5.7550660236816835,0.3671170076558034,0.6392415972879824,0.5743008734308241,0.5657642182373009,0.9999150196613263
RAB20,1.8655021902019766,0.6769976226184734,0.9509755287461521,0.7118980480087488,0.4765279110008316,0.9999150196613263
RAB21,3.9433513570872396,0.45044456565996666,0.6717107974979354,0.6705930101731782,0.5024798365700398,0.9999150196613263
RAB22A,1.03284666607396,0.03611906184367941,1.5600459278608774,0.023152563138449125,0.9815285775840701,0.9999150196613263
RAB27A,0.31235875771017596,0.09911337167653791,1.918996713282132,0.05164853644122225,0.9588087444344288,0.9999150196613263
RAB29,0.6707829520264872,0.7945617492013012,1.3987286562242736,0.5680599633571105,0.5699942522576222,0.9999150196613263
RAB2A,1.3873273673199664,-0.264281481250954,1.1125056447910753,-0.23755518229355602,0.8122261147929188,0.9999150196613263
RAB2B,1.2405447861878287,-0.7439157811185947,1.2233896585078472,-0.6080775458131135,0.5431360438792874,0.9999150196613263
RAB30,0.6180671278205345,1.7515143454083602,1.6356673848385306,1.0708255001252993,0.28424789879908985,0.9999150196613263
RAB31,1.6606271665371228,-0.17472605854354087,1.0814116794006992,-0.16157219481887902,0.8716427548894234,0.9999150196613263
RAB35,0.5115105816809778,-1.1896946584753698,1.4145929106045132,-0.8410155667802441,0.40033921370446657,0.9999150196613263
RAB3GAP1,0.5371404538053807,0.026515909980191068,1.604002425064252,0.016531090954634255,0.9868106984788606,0.9999150196613263
RAB3GAP2,0.5207260196196324,-1.7809276174230118,1.8411884151445248,-0.9672707055802419,0.33340872412077116,0.9999150196613263
RAB40B,1.2943616094020927,-0.9187729958917696,0.9802997187963681,-0.9372368248966323,0.3486367513575773,0.9999150196613263
RAB4A,1.538955779122102,-0.0015193336007429962,0.9990568438186102,-0.0015207679224094762,0.9987866032218561,0.9999150196613263
RAB5A,3.2074126484238477,-0.02453402921465605,0.7498309650749759,-0.03271941325096234,0.9738983426433344,0.9999150196613263
RAB5B,4.527899933710599,-0.23228904135490752,0.923052202361549,-0.2516532009355659,0.801309133193117,0.9999150196613263
RAB5C,2.5057099868314734,-0.8360690022329833,0.794843268941775,-1.0518664935617996,0.292860806535278,0.9999150196613263
RAB6A,3.690533051392195,0.03537100893731606,0.7279277908352747,0.048591370438994946,0.961244947234895,0.9999150196613263
RAB7A,7.942847503893557,0.46696291843906773,0.5804914002827616,0.8044269358884675,0.42115045014698393,0.9999150196613263
RAB8A,0.4501997100291734,0.8775631778249848,1.4270967505189889,0.6149290000876559,0.5386016100594242,0.9999150196613263
RAB8B,2.216045876366774,0.3841892138821499,1.3086417941947355,0.2935785908614957,0.769079937250158,0.9999150196613263
RAB9A,0.5653343105011075,0.184431316902207,1.2154793644428348,0.1517354570529864,0.8793955902716406,0.9999150196613263
RABAC1,0.6189374693404415,-0.4854073156476951,1.385722186290947,-0.35029194195623475,0.7261196120432394,0.9999150196613263
RABEP1,0.9750979306812826,0.47195181510318024,1.3028154245154153,0.3622553173859786,0.7171612453062775,0.9999150196613263
RABGAP1,1.8553926878452662,0.24569426971238037,1.1384779470120614,0.21580942376372392,0.8291363023076654,0.9999150196613263
RABGAP1L,5.221768408043171,0.4000033841040703,0.6642378841380823,0.6021989917409126,0.5470416867532378,0.9999150196613263
RABGEF1,1.021596013717082,-0.4819075194631669,1.0634469682397987,-0.45315613646519015,0.6504363150754778,0.9999150196613263
RABGGTB,3.216868016055569,-0.20033917756534453,1.0259105026663415,-0.19527939039971126,0.8451742305506537,0.9999150196613263
RABL6,1.0143773529577582,-0.32652928120164165,1.2484867963808055,-0.26154003562408984,0.7936760796073601,0.9999150196613263
RAC1,6.764643250260124,-0.37742869931140094,0.5930938994671058,-0.636372587292704,0.524533603713272,0.9999150196613263
RAC1P2,1.5228832217002808,-0.3635277231711908,1.1889521409528894,-0.30575471513919844,0.7597914102650091,0.9999150196613263
RAC2,15.583426088764178,-0.27548033935668415,0.5064267103154494,-0.5439688186768219,0.5864629302231261,0.9999150196613263
RACK1,15.072603805096229,-0.32441882996233845,0.5081327011794163,-0.6384529655527713,0.5231788620936826,0.9999150196613263
RAD1,0.45062147973428845,1.0165348535806713,1.9801289981186314,0.5133679949874507,0.6076939289916538,0.9999150196613263
RAD17,0.39407386327117183,0.3765961376216438,1.587584566747685,0.23721327701814085,0.8124913366660399,0.9999150196613263
RAD18,0.2833358561471986,-0.3625983313444879,1.5134445038932318,-0.23958482151920907,0.8106521327860167,0.9999150196613263
RAD21,4.968634303265419,-0.1456353810686104,0.6538625672405776,-0.2227308739865917,0.8237449709174912,0.9999150196613263
RAD23A,1.7604532772048216,-1.7053565763417466,1.2153467765086978,-1.4031851725815163,0.16056162792809658,0.9999150196613263
RAD23B,1.101148212352033,1.306280795827416,1.264080879593683,1.0333838735439915,0.30142429023669304,0.9999150196613263
RAD51C,0.7230359655891466,-0.8738154066552049,1.2394891057047368,-0.7049803040893847,0.48082249337050664,0.9999150196613263
RAE1,0.5330285869284137,-0.6201201763791306,1.8937431856371023,-0.32745737705216177,0.7433219756228098,0.9999150196613263
RAF1,0.5579824116513632,-1.1707848509320562,1.2626241608539752,-0.9272631454638065,0.35378992442039114,0.9999150196613263
RALA,5.250978564402667,-0.13321759451045456,0.6688322727064984,-0.1991793756772171,0.8421224320120073,0.9999150196613263
RALBP1,0.96460416993241,-0.6080346626731599,1.2499312645732388,-0.4864544794635246,0.6266449722460774,0.9999150196613263
RALGAPA2,0.7678532435986924,0.9350828009295337,1.260984363786058,0.7415498778446251,0.45836010113689085,0.9999150196613263
RALGAPB,0.4051096886616263,1.1545488183969488,1.6416516942382373,0.7032848822007186,0.48187823009928565,0.9999150196613263
RALGDS,0.7138977603776979,-1.2129134189274364,1.296195718153598,-0.9357486696956574,0.34940260555958713,0.9999150196613263
RALGPS2,2.207137490978791,-0.1923948006208628,1.43083919732901,-0.13446290888592644,0.8930365391116181,0.9999150196613263
RALY,1.5647664646294777,-0.9641619437079212,1.4706567676007458,-0.6555995694908957,0.512081802596481,0.9999150196613263
RAN,10.105698197071682,0.12611783895320747,0.5242898019681791,0.2405498609352352,0.809904014282376,0.9999150196613263
RANBP1,1.2544362536221352,-0.3860816846775624,1.1359581333242215,-0.3398731637650665,0.7339520470991115,0.9999150196613263
RANBP2,13.623061649208204,0.35514376842399775,0.5089331842750477,0.697820027062853,0.48528975288681897,0.9999150196613263
RANBP3,0.47246247302679323,-0.17316955060280392,1.316722181986513,-0.13151563250916487,0.895367421027258,0.9999150196613263
RANBP9,0.6989161418130814,-0.6216686727995713,1.2020774684374127,-0.5171619043884766,0.6050431429530813,0.9999150196613263
RANGAP1,0.8534168560189206,0.12531208117664988,1.355958144269336,0.0924158918225126,0.92636761361242,0.9999150196613263
RAP1A,3.4417115834817524,-0.9334970876489044,0.7118587493436077,-1.3113515687061028,0.1897390133258885,0.9999150196613263
RAP1B,3.5872898025676725,-0.4345149312016775,0.8781436149203721,-0.4948107847269131,0.6207336908650023,0.9999150196613263
RAP1GAP2,3.269466461061289,-0.3182252990287431,0.7213331102985324,-0.44116275058695376,0.6590951778050131,0.9999150196613263
RAP1GDS1,2.5231978849019656,0.21656045928665385,1.0880982480324195,0.19902656738787572,0.8422419625365983,0.9999150196613263
RAP2A,1.4570813820758404,0.45153334967811254,0.99194973369787,0.4551978132952868,0.6489669335327974,0.9999150196613263
RAP2B,5.3055610381708975,-0.007611798912293002,0.8349162150132169,-0.009116841636825206,0.9927259135812981,0.9999150196613263
RAP2C,2.07049763070364,0.5731524404816081,1.4108887720893166,0.40623502845858955,0.684569918796402,0.9999150196613263
RAPGEF1,3.563230231918836,0.24715285285683233,0.9797817245038121,0.25225297295884674,0.800845535063899,0.9999150196613263
RAPGEF2,2.169189696776747,-0.2705396094556219,0.8318404469510132,-0.3252301693759234,0.7450068768972697,0.9999150196613263
RARA,1.4764005423618483,1.3976842918225658,1.1873018829094062,1.177193696010682,0.23911820422965346,0.9999150196613263
RARRES3,0.5053102612410688,-0.5057058470593607,1.2752895157844457,-0.3965419936415733,0.6917052349655466,0.9999150196613263
RARS,1.3547479409754712,1.6600061370016597,1.6399524672632615,1.012228201816034,0.311428954878474,0.9999150196613263
RARS2,0.20259075556404132,-0.018378044508762268,1.8671500692780685,-0.00984283203110081,0.9921466830946608,0.9999150196613263
RASA2,0.30909131204132456,0.5539424354937219,1.854591731268143,0.2986869973344182,0.7651788790478158,0.9999150196613263
RASD1,3.300858959603308,0.7699225157494336,0.7930283953917443,0.9708637423620918,0.3316161355261026,0.9999150196613263
RASGEF1B,5.602238513209365,0.23301552889070717,0.6299953623747654,0.36986864159182997,0.7114803674855386,0.9999150196613263
RASGRP2,2.372874092787041,0.6422121183056227,1.049387223146881,0.6119877430752113,0.5405458670244254,0.9999150196613263
RASSF1,0.6567424293985187,1.4252793263948949,1.3836207102645592,1.0301084074712716,0.3029591189665982,0.9999150196613263
RASSF2,6.45255513249723,0.42408686422016073,0.6119180018683412,0.6930452494048479,0.4882811552306092,0.9999150196613263
RASSF3,1.3398015391553768,-0.7413611489495665,1.6043732702908602,-0.4620876965964184,0.6440184328189603,0.9999150196613263
RASSF5,8.937903159317553,1.0147870127973622,0.6093172616257362,1.6654493097565972,0.09582314871812214,0.9999150196613263
RB1,2.682206065391869,0.5793301717657332,1.0192711967396804,0.5683768692952608,0.5697790931983948,0.9999150196613263
RB1CC1,2.010552866708622,0.41460797597964316,0.9447644781700546,0.43884797275900017,0.6607716971410922,0.9999150196613263
RBBP4,2.96571380185266,-0.07376327705992164,0.9764477741789803,-0.0755424703814226,0.9397831075739489,0.9999150196613263
RBBP5,0.39591582654152696,-0.2652926111353706,1.3452405648361438,-0.1972083046482355,0.8436645320634553,0.9999150196613263
RBBP6,5.242003230902767,0.5819405079742505,0.7851285707639343,0.741204090188718,0.4585697037887372,0.9999150196613263
RBBP7,2.493793804593289,-0.027215790496712147,0.8092464021161329,-0.033631030580481315,0.9731713774332669,0.9999150196613263
RBBP8,3.5317940519852473,2.030601868796019,1.2430850693354063,1.6335180261489624,0.10236009265495682,0.9999150196613263
RBCK1,2.414870973643746,-0.23990284176370244,0.8898826221241296,-0.26958930964519773,0.7874762256029091,0.9999150196613263
RBL2,0.9741498641901197,0.7377454576672663,1.5427497755618613,0.4782016302018798,0.6325067023477039,0.9999150196613263
RBM10,0.6388928255669329,-1.2969142416037078,1.9629335934291643,-0.6607020461339458,0.508803411352502,0.9999150196613263
RBM12,3.883996436899278,-0.9371283082399146,0.7747296070898687,-1.2096198462842631,0.22642479914071711,0.9999150196613263
RBM14,0.5359614616994715,-0.867012019683165,1.8495109986838378,-0.4687790558153773,0.6392275720462557,0.9999150196613263
RBM15B,0.6884892186044831,0.7836914378135217,1.2723655989237173,0.6159325892467066,0.537939011641527,0.9999150196613263
RBM17,2.5080901924087216,-0.07098020394352492,0.9514875220016765,-0.07459919578787692,0.9405336140103631,0.9999150196613263
RBM18,2.04067676727991,0.5851252849903992,0.8878412611516378,0.6590426809308465,0.5098683614443689,0.9999150196613263
RBM22,4.6196311729798305,-0.6813497701205072,0.7959632710660699,-0.8560065456386504,0.39199415885601796,0.9999150196613263
RBM23,2.897762212418043,-0.8089778301459575,1.1259024637375876,-0.7185150190190052,0.4724397907120046,0.9999150196613263
RBM25,3.9367036277454,0.27976098499037066,1.0771270816251466,0.25972885629082243,0.7950729322049764,0.9999150196613263
RBM26,2.351188071825989,-0.1581249867024448,1.0245212562866677,-0.15434036700767134,0.877341370344767,0.9999150196613263
RBM27,0.45757285194385017,-0.4666482638254055,1.3133039660285521,-0.355323882281842,0.7223469658148363,0.9999150196613263
RBM28,0.8537455890391954,0.21207809665455196,1.4876057581690731,0.14256337439536068,0.8866350249452797,0.9999150196613263
RBM3,9.235613721667528,-0.29214200155245407,0.5986911009557412,-0.4879678369798434,0.6255726228685365,0.9999150196613263
RBM33,2.4810357598638495,-0.16545987013350041,0.8363926791954481,-0.1978255839023619,0.843181528668822,0.9999150196613263
RBM38,4.787899212274521,-0.16966467186969164,0.7133311373831306,-0.23784840304617832,0.8119986755087237,0.9999150196613263
RBM39,12.628864609259663,-0.24219648635144422,0.46923570623356614,-0.5161510156494544,0.6057489393666402,0.9999150196613263
RBM42,1.5820407674760422,-1.3944876704120421,1.0745763625079219,-1.2977092359983509,0.1943872687036149,0.9999150196613263
RBM47,1.59672873465355,-0.3184011949536592,0.9556222551909658,-0.33318729573751066,0.738992907324546,0.9999150196613263
RBM48,0.3826935009028081,-0.976238198317455,1.5516658377581507,-0.6291549214796953,0.5292476374794199,0.9999150196613263
RBM4B,0.9932336501316392,-0.15104123590285748,1.4114784454144913,-0.1070092401294184,0.9147816492863836,0.9999150196613263
RBM5,1.4624762778564329,-0.1918216126981939,0.9960106591050718,-0.1925899195401664,0.8472801401760661,0.9999150196613263
RBM6,3.6224327702220247,-0.03514286232590284,0.8636893508416901,-0.0406892388931913,0.9675436406113607,0.9999150196613263
RBM7,0.9638921147115566,0.08450140738016418,1.172052790737932,0.07209692946250447,0.9425247698022832,0.9999150196613263
RBM8A,3.379533803847197,-0.33673351443062133,0.7810864991493753,-0.43110912145752533,0.6663890286001997,0.9999150196613263
RBMS1,2.861716305776798,-0.1616079899728225,0.8912121006622019,-0.18133504903349276,0.856104596878638,0.9999150196613263
RBMX,9.407662819597736,0.14799915468780706,0.5480208920403582,0.2700611543052411,0.787113206436757,0.9999150196613263
RBPJ,1.7771262767799318,0.37227966267096896,0.918811572947037,0.4051751998256864,0.6853487332213934,0.9999150196613263
RBPMS,0.27653909817604366,0.3695063109109759,2.4264642183912057,0.15228178850128107,0.8789646880655954,0.9999150196613263
RBX1,4.381814572664691,-0.3263693782029524,0.8364806949843909,-0.39016964785904906,0.6964111040584187,0.9999150196613263
RC3H1,1.2269867569743207,-1.212666128307824,1.3788967390011349,-0.8794466576128627,0.3791591435664716,0.9999150196613263
RC3H2,0.9327989421763196,-0.24630843420312032,1.3474502147335443,-0.18279594415429096,0.8549581310898859,0.9999150196613263
RCAN1,0.27653909817604366,0.3695063109109759,2.4264642183912057,0.15228178850128107,0.8789646880655954,0.9999150196613263
RCAN3,1.840190201259014,-0.37634310231928036,0.9143281544044151,-0.41160616186474847,0.6806281144729871,0.9999150196613263
RCC2,1.6318874285933782,-0.8863481784649198,1.0612838980733617,-0.8351659533080475,0.4036242764354455,0.9999150196613263
RCN1,0.5173114143625026,0.7784057634121637,1.5812944924203893,0.49225856862418227,0.6225365652019845,0.9999150196613263
RCN2,0.5127830666136771,0.8646917809607705,1.3939450271576896,0.6203198577521468,0.5350472237373611,0.9999150196613263
RCOR1,1.6575949341760419,1.0031006485244771,1.0464815070986713,0.9585459864508588,0.33778751421094877,0.9999150196613263
RCOR3,0.39452934069182954,0.02611627909747498,1.5417931571232897,0.016938899343802567,0.9864853600239752,0.9999150196613263
RCSD1,1.0265844892477098,1.305352800274106,1.499467363883236,0.8705443224143118,0.3840030085084465,0.9999150196613263
RDH10,0.8095502355276651,1.672325635702873,1.319520553465226,1.267373692142299,0.20502170198849157,0.9999150196613263
RDH11,2.24796080085591,-0.3969080845361535,0.8669609878639882,-0.45781539203286714,0.6470850765864868,0.9999150196613263
REC8,0.5999421520116732,0.039671209596273786,1.3701421726978054,0.028954082566600592,0.9769012120283889,0.9999150196613263
RECQL5,0.44692068150759706,-0.6785531822770183,1.5489886316988666,-0.4380620802444556,0.6613412817019931,0.9999150196613263
REEP3,1.1291407631261012,0.9390512459569564,1.3345020772850256,0.7036716255005064,0.48163729466687444,0.9999150196613263
REEP4,0.8056573487445989,-1.1429872105587102,1.3922685366353982,-0.8209531282814811,0.41167296710215984,0.9999150196613263
REEP5,5.09978088879182,0.022716767169305454,0.6015286555398909,0.037765062329269156,0.9698750007118578,0.9999150196613263
REL,10.111285299523907,-0.45106947416652854,0.5052381982449866,-0.8927857706194414,0.37197190789419843,0.9999150196613263
RELA,2.1048718192002003,-0.5806565452086723,1.33095595252632,-0.43627029437489195,0.6626406318020986,0.9999150196613263
RELL1,0.3420990033272632,0.2561034168337136,1.843566989221435,0.1389173370596475,0.8895154708118624,0.9999150196613263
RELT,4.29708996108256,-0.024768837535233436,0.778500271442453,-0.03181609364032746,0.974618712264739,0.9999150196613263
REPIN1,1.6200203530949626,-0.4940330985191248,1.1734228148812382,-0.4210188282125107,0.6737413332124103,0.9999150196613263
REPS1,0.7878897767853584,-0.5604090603630659,1.52568539662521,-0.36731626428533776,0.7133831235902734,0.9999150196613263
RER1,1.9356349086726163,-0.23742947456149877,1.3398514570501978,-0.17720581883324657,0.859346725230665,0.9999150196613263
RERE,3.883946202974887,0.18319246543165982,0.7044325618782374,0.2600567823599912,0.7948199738959958,0.9999150196613263
REST,1.490511205735015,1.640148134271911,1.579505540982407,1.0383934033253128,0.29908693945647324,0.9999150196613263
RET,0.4902459723319949,-0.623566148210571,1.4188870634526904,-0.4394755328117504,0.6603170068630446,0.9999150196613263
RETREG2,1.0378068710355093,0.06542237098498437,1.0641008273056658,0.06148136464721648,0.9509758551843839,0.9999150196613263
RETREG3,0.9872072468421956,-0.16942830035519582,1.2668822792464125,-0.13373641981635256,0.893611004990811,0.9999150196613263
RETSAT,0.378209559963531,-0.36129923620671583,1.8601901067096307,-0.19422704964590667,0.8459981035952265,0.9999150196613263
REV3L,0.32851395811995243,0.5850733270294487,1.5563151250311882,0.37593500032181726,0.7069652193836884,0.9999150196613263
REXO2,0.7277354665087375,-0.6847825045922395,1.2953220102424474,-0.5286581245261692,0.5970426312512169,0.9999150196613263
RFC1,1.9394107758947874,0.036654906978976325,0.9580199916037291,0.038261108640975094,0.9694794988746308,0.9999150196613263
RFLNB,1.7906244559335438,0.9091621877091809,1.4415852903604944,0.630668330058937,0.5282574107022491,0.9999150196613263
RFTN1,3.6580974662731984,0.12985890950222073,0.7535336607889936,0.17233325630901597,0.8631755406948547,0.9999150196613263
RFWD2,0.7213878919387718,-0.8476089903391639,1.5171471927916547,-0.5586860618181058,0.5763759934118482,0.9999150196613263
RFX1,2.126782632045082,-1.4202703606551828,1.2547541606586428,-1.1319112581461037,0.25767174505457713,0.9999150196613263
RFX3,0.4559008792527666,0.053997135314030914,1.3052847894583994,0.04136808744736533,0.9670024535369477,0.9999150196613263
RFX5,1.9018316783844957,-1.5738276533005298,1.4301967559660056,-1.1004273689863817,0.2711459591318073,0.9999150196613263
RGCC,6.971192506533923,-0.005624458916195043,0.7205850529860653,-0.007805406027904119,0.9937722502765496,0.9999150196613263
RGS1,24.732212639399602,0.2091859747386332,0.42665652626717104,0.49029128083146106,0.6239277960234064,0.9999150196613263
RGS10,3.1686207676252485,0.6606357114175764,0.9026830440214421,0.7318578938565771,0.4642553084488663,0.9999150196613263
RGS13,2.2485043484869887,0.4962153652725855,1.2772312451696377,0.38850863314628653,0.6976396665194613,0.9999150196613263
RGS16,0.43241621072397174,1.467769913247327,1.917904250714539,0.765298847792058,0.4440936099987698,0.9999150196613263
RGS18,0.6018783684792104,1.955639864373869,1.6653055476579859,1.1743429709486026,0.2402576780098452,0.9999150196613263
RGS19,1.3569634970318427,-1.0594188454062938,1.1122918404117934,-0.9524648180589683,0.3408613003557015,0.9999150196613263
RGS2,33.36858900403711,0.27261447997835,0.40125120577434836,0.6794109925532789,0.4968774867441278,0.9999150196613263
RHBDD1,1.6008043709222521,-0.6828871462735375,1.0373678245291378,-0.6582883429833586,0.5103528670394515,0.9999150196613263
RHBDD2,0.9072015882902511,0.9379859762533933,1.3258076142703337,0.7074827193307527,0.47926654786253886,0.9999150196613263
RHBDF2,1.9852798743144584,-0.2799475062133671,0.8160532967876383,-0.34305051804259534,0.7315604555997272,0.9999150196613263
RHEB,2.029837306961635,-0.32392337936952803,1.1355531044601455,-0.285256037870219,0.775447990877033,0.9999150196613263
RHOA,16.016589194084347,-0.039468807860570845,0.42963213277416384,-0.09186651753843009,0.9268040940681757,0.9999150196613263
RHOB,4.8567928242368685,0.6458841543833784,0.9444563658866797,0.6838687076633826,0.4940580754870523,0.9999150196613263
RHOC,0.3811471119814478,-0.9154974453445612,1.4773238569930305,-0.6196998992543044,0.5354553820211408,0.9999150196613263
RHOG,2.0202848937848237,-0.6871273595859452,1.0452760088573445,-0.6573645178531231,0.5109465607939783,0.9999150196613263
RHOH,1.7251977503748759,-1.54786646440226,0.995310546302919,-1.5551593119874092,0.11990813195323438,0.9999150196613263
RHOQ,1.2169553204909254,1.106341279123178,1.61118875742618,0.6866614938962962,0.49229606744245413,0.9999150196613263
RHOT2,0.6552126062952315,-0.9494612096947714,1.396555378769363,-0.679859333993208,0.49659353288698804,0.9999150196613263
RIC1,0.4618218854432651,1.6575497953131286,1.5942832883105644,1.039683353307684,0.2984870370414774,0.9999150196613263
RIC8A,0.7417851552934487,1.4073301683684774,1.8542708103640497,0.7589668998198681,0.4478723575300757,0.9999150196613263
RICTOR,1.068434077911425,-1.9491827969089934,1.5654936290629868,-1.2450914910945121,0.21309812150280594,0.9999150196613263
RIF1,1.6017310647725533,0.5704135995256009,0.9964932505457802,0.5724209363316659,0.5670368353557389,0.9999150196613263
RILPL2,2.722833138005962,0.22568662587162178,0.848339930801687,0.26603324643500675,0.7902136043779223,0.9999150196613263
RING1,1.1969023451958811,0.16436479147170385,1.0384743023161473,0.15827526122227104,0.8742399010976172,0.9999150196613263
RIOK1,1.9176184393632891,-1.0108496350615086,0.860254665744455,-1.1750585905706545,0.23997127599647616,0.9999150196613263
RIOK2,1.3930902045929248,0.3092902441100683,1.3005981838820313,0.23780614792717716,0.812031450089777,0.9999150196613263
RIOK3,1.0474017162591092,0.20146992241685185,1.2350563139790385,0.16312610213518672,0.8704191485251593,0.9999150196613263
RIOX2,0.6230065461804695,0.4839036297336578,1.464326238803479,0.3304616259072583,0.7410511835374853,0.9999150196613263
RIPK1,0.9147346332765909,0.008169086092616686,1.1047386085854658,0.007394587307016075,0.9941000267226179,0.9999150196613263
RIPOR1,0.7889860985468106,-0.4206538543853084,1.387943571061831,-0.30307705814256686,0.7618311373507908,0.9999150196613263
RIPOR2,3.6671963538377863,-0.0645327021069895,0.7615368036300778,-0.08474009634120945,0.9324680183235552,0.9999150196613263
RIT1,0.3610661719852333,0.6841174117991755,1.6025830393871447,0.42688422065217524,0.6694636591606964,0.9999150196613263
RLF,1.9838625838181865,-0.6851481384584178,0.9663409674652674,-0.7090128241748621,0.47831651869837677,0.9999150196613263
RLIM,1.1828400872589304,0.9788962155967217,1.1394018150288598,0.8591316976021557,0.390267861167536,0.9999150196613263
RMDN1,1.5550845669760371,0.7284287229400409,1.1324578956063889,0.6432280844754891,0.5200761125216111,0.9999150196613263
RMDN3,1.882754901850413,-0.3391893421410469,1.1719202033454108,-0.28943040761033323,0.7722520283468118,0.9999150196613263
RMND5A,0.9900640514775412,0.05646600811354067,1.1510333204448349,0.04905679714964159,0.9608740328064641,0.9999150196613263
RNASE1,2.162172167342813,2.118479429570023,1.266204884177711,1.6730937118014593,0.09430884925728523,0.9999150196613263
RNASE6,7.963139115399394,-0.18094998150522287,0.6358830369194901,-0.28456488221769183,0.7759775192241606,0.9999150196613263
RNASEH2B,2.1161150815342302,-0.01855553641908827,0.8609331110774402,-0.021552820051102917,0.982804668923913,0.9999150196613263
RNASEH2C,1.012424982587976,-0.028110362064444082,1.3000671269785864,-0.02162223894528724,0.982749293564582,0.9999150196613263
RNASET2,9.996325033424423,-0.2537818057960423,0.5398925551236872,-0.47005983577214167,0.6383122684599256,0.9999150196613263
RNF10,3.015789303225233,0.44018655144623337,0.7277657372865549,0.6048464895962966,0.5452810005859157,0.9999150196613263
RNF103,2.0969229614072438,1.1385904200398722,1.2782301433075942,0.890755413648449,0.37306039944896374,0.9999150196613263
RNF11,8.09346638338373,0.5174770700411369,0.5535218391813623,0.9348810352387644,0.34984961164130457,0.9999150196613263
RNF113A,0.5319967255642343,0.1931113880920105,1.5768582294647528,0.12246591639221747,0.9025300375512528,0.9999150196613263
RNF114,1.9634220093359724,-0.8483755880832956,0.9139388855067098,-0.9282629304178647,0.35327119794380046,0.9999150196613263
RNF115,0.7428213312363664,-1.7679396171488555,1.4948537053339648,-1.1826840384717652,0.23693439237408287,0.9999150196613263
RNF122,4.655339341344678,1.0814296798765815,0.7425532329663287,1.4563665362502292,0.1452913211484667,0.9999150196613263
RNF125,0.736012963526772,0.474234370171277,1.1930272314479389,0.3975050675043804,0.6909950504037288,0.9999150196613263
RNF126,4.125476065642463,-1.1181169624731329,0.7040377284072075,-1.588149210416216,0.11225260278053435,0.9999150196613263
RNF13,2.924085985319106,-0.35145292347569934,0.907159996172131,-0.38742109987069157,0.6984444856723739,0.9999150196613263
RNF130,7.100580552554306,0.28946063736754263,0.6664347562700581,0.43434204870648285,0.664040073541805,0.9999150196613263
RNF138,3.4696704516194083,-0.44509257635705274,0.7624590985813995,-0.5837592825440393,0.5593822761526418,0.9999150196613263
RNF139,4.38809975326679,0.7175659324510849,0.7959296368018086,0.9015444321616124,0.3672989207368186,0.9999150196613263
RNF14,0.32264820857783705,1.8109594054980844,1.87912642744572,0.9637240895811922,0.33518427354286673,0.9999150196613263
RNF141,0.8626651198752325,-0.7945622534595954,1.2801882393940411,-0.6206604849265683,0.5348230339031659,0.9999150196613263
RNF145,1.2066235072030946,0.21490187872146835,1.1701369525724317,0.18365532192537598,0.8542838605622479,0.9999150196613263
RNF149,10.70422139922782,0.2716440678529705,0.49808091186428916,0.5453814056760815,0.5854912262987702,0.9999150196613263
RNF166,0.5702347323122434,-0.987128781879071,1.5169000254014207,-0.6507540149970299,0.5152052889872036,0.9999150196613263
RNF167,1.5071297531088366,-0.7093210523970184,1.093453763879064,-0.6486978012501216,0.5165337258666038,0.9999150196613263
RNF168,1.0426079621423363,-1.39431947227015,1.1431648452893564,-1.2197011463532381,0.22257818687761266,0.9999150196613263
RNF181,0.594115399018357,1.2746320219271619,1.6537716322638196,0.7707424635058832,0.4408595970323407,0.9999150196613263
RNF187,1.2994736743170752,-0.20626360911572103,1.3595432078800895,-0.15171537610587899,0.8794114291853763,0.9999150196613263
RNF19A,1.127636082773226,-0.8087724779877525,1.0035350880228355,-0.8059234675901524,0.42028697892250755,0.9999150196613263
RNF19B,1.5656441390506517,0.5293929327946342,0.9390796520342394,0.5637359212797981,0.5729338669274091,0.9999150196613263
RNF2,1.4499041510522268,-0.4298641110884145,0.9617617232973156,-0.4469548960782751,0.6549076263704227,0.9999150196613263
RNF213,6.800775677876422,-0.04500714758896382,0.5572352799242024,-0.08076866130063748,0.9356259312770032,0.9999150196613263
RNF216,0.661363842678733,-1.5879776486940544,1.350323951754274,-1.1759975423905,0.23959585813169926,0.9999150196613263
RNF216P1,0.7683349740847645,-0.4742440746410378,1.3602498773646026,-0.3486448207294497,0.7273559744512619,0.9999150196613263
RNF220,1.174727170559418,-0.11261807838359744,1.3273386510317,-0.08484502300604509,0.9323845993792246,0.9999150196613263
RNF38,1.1703645241505494,-0.8407409772283512,1.2752022046425275,-0.6593001283777052,0.5097030599930259,0.9999150196613263
RNF4,0.6555687530115804,-2.563640913533779,1.8329421594217379,-1.3986480153539402,0.16191856020885542,0.9999150196613263
RNF41,2.151955145357,-0.6567364032808474,1.2891722538682078,-0.5094248664678332,0.6104544500826595,0.9999150196613263
RNF44,1.8782419222940163,-0.2264769698040148,1.5484109060018145,-0.14626412725857502,0.8837128835607103,0.9999150196613263
RNF5,2.202094263870237,-0.4553403831666701,1.0840115018899525,-0.4200512470327051,0.674448016843148,0.9999150196613263
RNF6,0.8837160648492856,-1.4455889609666273,1.2792332901340724,-1.13004326272272,0.25845799526441815,0.9999150196613263
RNF7,2.1119224653138584,0.0889989471614392,0.9302793539967283,0.09566905551442799,0.9237834182611853,0.9999150196613263
RNFT1,0.3343797076620677,-0.3138927578914656,1.6201783462698633,-0.19373963280903053,0.8463797572575994,0.9999150196613263
RNGTT,0.9279395381850658,-0.6571869823515195,1.2387581133461345,-0.5305208299111159,0.5957508708048629,0.9999150196613263
RNH1,2.336485407871445,0.1306316953483935,0.8627827625235912,0.15140740059097046,0.8796543519371918,0.9999150196613263
RNMT,1.5065726740382075,-0.3052834719577732,1.100919797393642,-0.27729855769740225,0.7815508669480484,0.9999150196613263
RNPEP,0.3482603272183732,-1.0476719697029946,1.7974725489282302,-0.5828583976582478,0.5599886286588132,0.9999150196613263
RNPEPL1,0.4140338967445224,-0.808653517254842,1.4480656267384513,-0.5584370641240974,0.5765459693303552,0.9999150196613263
RNPS1,3.697645447694855,-0.5450137941382813,0.7134707267442607,-0.7638908979844358,0.4449322619990931,0.9999150196613263
RNU2-63P,0.673342259350952,0.1272041782639561,1.2560207659673899,0.10127553756325292,0.9193317345315196,0.9999150196613263
RNVU1-19,0.766559023357011,-0.5907893448817613,1.5416337666172677,-0.38322288838944,0.7015545086026194,0.9999150196613263
ROCK1,5.134667639297019,-0.061641409623123755,0.6633583960098938,-0.09292323726344212,0.9259645449493481,0.9999150196613263
ROCK2,0.5100147721611415,1.0989149496588284,1.4104055174270138,0.7791482209056911,0.4358924074417634,0.9999150196613263
ROMO1,2.5017495175735576,-0.4817091390075625,1.298687914622704,-0.3709198596396496,0.7106972227913464,0.9999150196613263
RORA,0.9662119587767931,1.1080609623358744,1.8154828111697068,0.6103395501838743,0.5416369028517791,0.9999150196613263
RPA1,0.9508888637085171,-0.019819012687877106,1.3715892433670003,-0.014449670543657126,0.9884712321535541,0.9999150196613263
RPA2,1.659524674144529,-0.8295846137825291,1.2881670564090586,-0.6440039043500378,0.5195729021928424,0.9999150196613263
RPA3,0.9917348615771309,-0.4679009502453733,1.2777341181983315,-0.366195864680468,0.7142189277169395,0.9999150196613263
RPAP3,1.5481927001055418,-2.080441182311505,1.6224242279457903,-1.2823040647917507,0.19973600261519886,0.9999150196613263
RPE,0.3119032802895182,0.5483757473511941,1.5448064583325078,0.3549802270655451,0.722604404359118,0.9999150196613263
RPF1,1.5704726438535528,-0.9309428514596325,0.9876464253443162,-0.9425871724641585,0.34589210358595635,0.9999150196613263
RPL10,12.9188500656574,-0.319130620053303,0.5568989500709549,-0.5730494194909908,0.5666112331686162,0.9999150196613263
RPL10A,16.89971702401104,-0.15233906389080618,0.41294680583607957,-0.36890723390478924,0.7121968712068014,0.9999150196613263
RPL10AP2,1.04946882055978,-1.3355001377209086,1.1340069269395872,-1.1776825220328266,0.2389231973098418,0.9999150196613263
RPL10AP6,8.492784297594438,-0.2755479287094504,0.6521551801338662,-0.42251896036904796,0.6726462643177813,0.9999150196613263
RPL10P16,0.7213145760880327,-1.867464278179015,1.2707642940873523,-1.4695599230069691,0.14168098128690143,0.9999150196613263
RPL10P9,3.2921496472029026,-0.8032271273232148,0.9035916579212879,-0.8889271168915374,0.3740422508343362,0.9999150196613263
RPL11,24.282232991069478,-0.17928429177205513,0.40994736020974226,-0.4373349097316483,0.6618684815191572,0.9999150196613263
RPL11P3,0.3266329983007983,0.8670219958518691,1.5698812747536428,0.5522850739065783,0.5807530553044218,0.9999150196613263
RPL12,9.097194921199312,0.07859095567928925,0.644235473382508,0.12199104042913625,0.9029061139749353,0.9999150196613263
RPL12P4,4.7727778645855095,-1.040637396684302,0.8155344443057084,-1.2760189394210457,0.20194882414115511,0.9999150196613263
RPL12P47,0.3115687093917245,0.5230589809680323,1.8769147451630726,0.2786802023458914,0.7804902570797806,0.9999150196613263
RPL13,15.894201382167473,-0.38071835542602506,0.591328619030132,-0.6438354971732309,0.519682112677786,0.9999150196613263
RPL13A,8.27844733651298,-0.8620322375374613,0.6581020095073924,-1.309876318692168,0.19023767956532056,0.9999150196613263
RPL13AP25,1.654138171483021,-0.49439889967042266,1.5462197369732602,-0.319746856056962,0.7491602368878378,0.9999150196613263
RPL13AP5,7.801315484044149,-0.9676142083853486,0.7770072974419754,-1.2453090357978358,0.21301817552234692,0.9999150196613263
RPL13P12,4.160367151792404,-0.7302080249391143,1.1434695470470766,-0.6385898311195267,0.5230897982873152,0.9999150196613263
RPL14,13.747738421772553,0.11888158702796067,0.47693336906125283,0.24926246461210105,0.8031577640075444,0.9999150196613263
RPL14P1,6.9852513038985835,-0.6035189405080206,0.7386066829018313,-0.8171046302166137,0.4138686371278819,0.9999150196613263
RPL15,19.151290422128895,0.07549956303321964,0.389848602898407,0.19366380300430247,0.8464391362135663,0.9999150196613263
RPL15P3,1.3972872302551818,-1.5782552697473682,1.2319143944037567,-1.2811403754326935,0.2001443643873102,0.9999150196613263
RPL18,10.931228301101473,-0.4247345100280892,0.9322394801150633,-0.45560665374916925,0.6486728575919114,0.9999150196613263
RPL18A,2.9241289490600293,0.1487133186783994,1.0887217837005445,0.1365944182479069,0.8913513887391906,0.9999150196613263
RPL18AP3,2.6903569403555445,-0.24138836377478098,1.1753163448280424,-0.2053816105229932,0.8372739867100101,0.9999150196613263
RPL19,16.972065761708347,0.01632948780905825,0.4665266096025385,0.035002264550290714,0.9720779351311974,0.9999150196613263
RPL21P75,0.9532886007149415,0.671605848968885,1.667355261017922,0.40279709110035067,0.6870975012666098,0.9999150196613263
RPL22,8.466856522675105,0.3738474686968007,0.5789566515349907,0.6457261829631235,0.518456700805789,0.9999150196613263
RPL22L1,2.220566581257638,0.4038864583978875,0.9778954628471985,0.4130159855961996,0.6795949017965397,0.9999150196613263
RPL23,28.15249505661766,0.129746052282207,0.3342626805076815,0.3881559619074059,0.6979006204667695,0.9999150196613263
RPL23AP2,2.288263169586824,0.15785057085927326,1.1808628064881475,0.13367392892042756,0.8936604218176913,0.9999150196613263
RPL23P8,6.6227092948630295,-0.4158955350256529,0.5688101801988461,-0.7311675309331894,0.4646768298918428,0.9999150196613263
RPL24,10.175798112776647,0.014289965095146118,0.5119719018469024,0.027911619843972064,0.9777326407596935,0.9999150196613263
RPL24P4,4.9198446627536025,-0.6116807744997506,0.7031021066917067,-0.8699743162168591,0.38431444026562134,0.9999150196613263
RPL24P8,3.232601057206395,0.17073928574245686,0.7824164038023896,0.21822048325252075,0.8272573263138119,0.9999150196613263
RPL26,18.911311493246544,0.1729340805442301,0.4289034208329538,0.40320051588393185,0.6868007202098745,0.9999150196613263
RPL26L1,0.41806926586900767,0.9419508891045655,1.869565402663652,0.5038341465682488,0.6143779300752622,0.9999150196613263
RPL26P19,14.170470571662,-0.29899158030600287,0.5981402307623805,-0.4998687012323393,0.6171675319735466,0.9999150196613263
RPL27,19.170638583759075,0.0639702075150217,0.3836136042860653,0.16675687931890532,0.8675613488313717,0.9999150196613263
RPL27A,22.5104759982201,-0.044860193467854095,0.3612149821580399,-0.12419250497263905,0.9011628564622388,0.9999150196613263
RPL28,18.041651867361086,-0.49616243026923923,0.46973411045582186,-1.056262296531482,0.2908483963970797,0.9999150196613263
RPL29,17.450756912086117,-0.2992667535158326,0.42994192037837814,-0.6960632107063612,0.48638924466568945,0.9999150196613263
RPL3,7.483134061570839,0.2124352905657555,0.7695630608290103,0.2760466313662587,0.7825122504873833,0.9999150196613263
RPL30,6.5207548695329365,0.03690299711535717,0.6490557818525393,0.05685643383381993,0.9546595589036049,0.9999150196613263
RPL30P4,2.7921641685052125,-0.0944466575112084,0.7342642490846931,-0.12862761278237655,0.8976523159641514,0.9999150196613263
RPL31,29.254021712577405,0.16244268950285745,0.36550327863898574,0.4444356562483946,0.6567276391031247,0.9999150196613263
RPL31P49,1.0853039626321164,1.6368771264739141,1.192951890926063,1.3721233344986288,0.17002504646197525,0.9999150196613263
RPL32,22.19680029225298,-0.14681635094902754,0.37120072166422785,-0.39551741788323164,0.6924610697083782,0.9999150196613263
RPL34,31.40307834131821,0.15375176426923398,0.35251162617374676,0.4361608323052938,0.66272004342415,0.9999150196613263
RPL34P18,11.417716695848798,-0.11421915080250755,0.5792105553561269,-0.197197978776958,0.8436726122634844,0.9999150196613263
RPL34P26,1.5554300253048123,-0.32713537522882125,0.8890190701849137,-0.3679734059706705,0.7128930640376789,0.9999150196613263
RPL34P27,7.9711531987181905,0.7264952382552126,0.7595129912222451,0.9565277311268912,0.33880568090616536,0.9999150196613263
RPL34P31,1.3745419088944528,0.0034128685552105202,1.2778236072471862,0.002670844814459844,0.9978689766918203,0.9999150196613263
RPL34P34,0.6848872020378379,1.1276941143799866,1.296195641101229,0.8700030139137902,0.3842987571392352,0.9999150196613263
RPL35,5.342728644061578,-0.30982943624562187,0.8722289803482722,-0.3552157096659528,0.722427996554074,0.9999150196613263
RPL35A,22.531192075011823,-0.0059085392695968665,0.37246636358724566,-0.015863282828256955,0.9873434623729924,0.9999150196613263
RPL35P5,1.5956567933112835,-0.785361798491473,1.3370504106065533,-0.5873838355392998,0.5569459475591834,0.9999150196613263
RPL36,13.929184096807168,-0.40326430291726684,0.6754283759113048,-0.5970496906843343,0.550474205268644,0.9999150196613263
RPL36AL,7.46407886468222,0.01370633009036214,0.5504526392529879,0.024900107862072966,0.9801346412003715,0.9999150196613263
RPL37,27.471640938545086,0.1513900123352736,0.3446455664716417,0.4392629038729572,0.6604710502915541,0.9999150196613263
RPL37A,27.21705401534492,0.16866610788984968,0.34163597462956713,0.49370125049837876,0.6215171819595045,0.9999150196613263
RPL37AP1,4.699073059057132,0.6808925035575102,1.1236240760391225,0.605978919531271,0.5445287516281996,0.9999150196613263
RPL37P2,5.461506488439585,0.48226050248726876,0.6600413083698266,0.7306520006730461,0.4649917409051969,0.9999150196613263
RPL37P23,4.980388338328585,0.7063618791198524,0.729298191453886,0.9685501587652244,0.3327696813365498,0.9999150196613263
RPL37P6,1.1684012663497858,0.6610518325842761,1.1430170928921959,0.5783394112782735,0.5630349911585532,0.9999150196613263
RPL38,20.67294060962639,0.009684797590914564,0.3713104311191463,0.026082751194799858,0.9791913349353297,0.9999150196613263
RPL39,18.417550394729318,-0.01598891431376403,0.44902281999783317,-0.03560824439577745,0.9715947344149978,0.9999150196613263
RPL39P3,20.786151446028676,-0.036605675542064384,0.38257874601438224,-0.09568141441053359,0.9237736023181096,0.9999150196613263
RPL3P4,15.610438959280275,-0.2035104978013138,0.4466669236763562,-0.4556202553040898,0.6486630750343816,0.9999150196613263
RPL4,16.732453376502775,-0.32149672389405143,0.4545217174297215,-0.7073297304957964,0.4793615939407616,0.9999150196613263
RPL41,4.205926711181404,0.3648437503387025,0.7964220126568764,0.45810354879767573,0.6468780494537606,0.9999150196613263
RPL4P4,6.741104048561251,-0.3452384239881796,0.636292313135722,-0.5425783352415572,0.5874201588492323,0.9999150196613263
RPL5,17.383809379049115,0.1114702828272563,0.4015735943598875,0.27758369671925537,0.7813319486237148,0.9999150196613263
RPL5P34,3.3899746227358882,0.24398865958970892,0.8670350664901869,0.28140575741346946,0.7783992026957964,0.9999150196613263
RPL5P4,0.7480148942095858,-1.3463619147409267,1.410252083390828,-0.9546959232307722,0.3397314921121517,0.9999150196613263
RPL6,6.384489260513966,-0.6456003670880867,0.8742482375195361,-0.7384634470866291,0.46023287160143067,0.9999150196613263
RPL6P27,18.540105059686958,-0.19346680510332073,0.39829214009566694,-0.48574095651712174,0.6271508412408613,0.9999150196613263
RPL7A,11.971708385635862,0.04301310578586427,0.49848353206445767,0.08628791729132258,0.931237543255806,0.9999150196613263
RPL7AP6,7.195643893935515,-0.31751906811298725,0.9476845094503307,-0.33504722821432675,0.7375894600749571,0.9999150196613263
RPL7L1,1.7884220731984541,0.45584805411606893,1.001506721099418,0.455162251548003,0.6489925154249141,0.9999150196613263
RPL7P1,2.1256056786339843,0.34306953113004285,1.091025223515451,0.314446929122885,0.7531816180224462,0.9999150196613263
RPL7P9,2.572674630044862,-1.1484030120017765,1.154627309395936,-0.9946092584650401,0.3199263427907115,0.9999150196613263
RPL8,12.709309436803506,-0.5007484183847664,0.6164008105187846,-0.8123746916609647,0.4165766637569247,0.9999150196613263
RPL9,4.215393415725006,-0.3752398929541099,0.7831354580996238,-0.4791506872446773,0.6318314326987149,0.9999150196613263
RPL9P9,9.0114028910872,-0.07097207761530631,0.6468667168401377,-0.10971669397676843,0.9126340604685724,0.9999150196613263
RPLP0,14.005743662599777,-0.11680833010924768,0.44142018583259385,-0.26461936689398835,0.791302699206822,0.9999150196613263
RPLP0P6,1.9042887282464713,-1.8024754034003219,1.0721192278347689,-1.681226636556613,0.0927189015518232,0.9999150196613263
RPLP1,21.266725035331344,-0.30711892626614307,0.4733346984044526,-0.6488409307439313,0.516441198211554,0.9999150196613263
RPLP2,18.425457585495977,-0.4945170591786261,0.5583739124376569,-0.8856378282784467,0.37581272034690616,0.9999150196613263
RPN1,4.590086859825811,-0.5671559646825953,0.7465070045634267,-0.7597463402426885,0.44740622329347013,0.9999150196613263
RPN2,7.392733510607695,0.3115459406400382,0.6475996317626064,0.4810780077068405,0.6304610578541204,0.9999150196613263
RPP14,0.5639969087078178,1.0106346869903995,1.6896393570003183,0.5981363317581677,0.5497489696843514,0.9999150196613263
RPP25,1.1336949866392287,1.2865505406088587,2.2346152965453654,0.5757369255450007,0.5647930125632334,0.9999150196613263
RPRD1A,0.49759787118173926,1.0288070143647785,1.587728270981362,0.6479742366298493,0.5170016137474003,0.9999150196613263
RPRD2,0.4009159118105944,1.0573033918645627,1.8804961851549378,0.5622470283168638,0.5739477238060002,0.9999150196613263
RPS10,3.405121929973196,-0.3249931293116169,0.7323964608443094,-0.4437393497737053,0.6572310424224961,0.9999150196613263
RPS11,21.980645732585728,-0.23097620601540853,0.4233447241180031,-0.5455984044601586,0.5853420213616403,0.9999150196613263
RPS11P5,5.677031147842989,-0.8087474874603877,0.8313173196983642,-0.9728505208502504,0.33062759933716324,0.9999150196613263
RPS12,25.95203303284703,-0.0197766111042031,0.3434481842966874,-0.05758251756287957,0.9540811755278112,0.9999150196613263
RPS13,27.752163144722832,0.1854162083104095,0.3637110432759491,0.509789877811693,0.6101986778739735,0.9999150196613263
RPS13P2,9.622439745451564,0.5291531691769782,0.5228445762446351,1.012065904895973,0.31150654307555026,0.9999150196613263
RPS14,20.406692087013685,-0.43845403829085045,0.5192478419731614,-0.8444022350188467,0.3984446738642793,0.9999150196613263
RPS15,9.722218154207932,-0.6296814775154996,0.7836327881884674,-0.8035415146055097,0.42166181169800676,0.9999150196613263
RPS15A,18.93616219181621,0.14948323330053503,0.3954850019859955,0.3779744681843292,0.7054495609034517,0.9999150196613263
RPS15AP1,2.460115219695864,0.009235805147963459,0.8914445453959315,0.010360493196872288,0.991733670320566,0.9999150196613263
RPS15AP11,1.483044731974022,-0.3570746150649742,1.2141408704608594,-0.2940965284608507,0.7686841435359354,0.9999150196613263
RPS15AP24,5.056723770873066,0.3339932791581352,0.8099983374558528,0.41233822801067016,0.6800915327067303,0.9999150196613263
RPS15AP38,3.715180613378576,-0.15699696519717554,0.7148913011096187,-0.21960956155641095,0.8261752441508147,0.9999150196613263
RPS16,22.32068884140214,-0.06309779360693397,0.37638185512488276,-0.16764302728142477,0.8668641193203895,0.9999150196613263
RPS17,15.75783993800234,0.05048837023330429,0.4101052201957314,0.12311077193605983,0.9020193813998177,0.9999150196613263
RPS18,23.385621051167643,-0.48922035275798226,0.5461691014229902,-0.8957305557626135,0.37039668685980487,0.9999150196613263
RPS18P12,2.9553651133717227,-1.015872415266543,1.14426677915743,-0.8877933308651773,0.3746519309807984,0.9999150196613263
RPS19,20.463007482187507,-0.5056633533229673,0.5490572502327341,-0.9209665351083642,0.35706789903759395,0.9999150196613263
RPS19P1,1.097110466084546,-0.7822406726715468,1.1987243453974719,-0.6525609291869118,0.5140393807786194,0.9999150196613263
RPS19P3,1.0496210404641972,-0.2553336134264547,1.177562627347122,-0.21683230046259566,0.8283390386172165,0.9999150196613263
RPS2,17.514982810918273,-0.4082841946300628,0.4870410800692951,-0.8382951897445141,0.4018649368112416,0.9999150196613263
RPS20,29.15453358477265,0.1367904090082305,0.33905196162594686,0.4034496905791158,0.6866174379600717,0.9999150196613263
RPS20P14,3.995392231534584,0.4395385975224011,0.93341903442963,0.4708909731961735,0.6377185945325097,0.9999150196613263
RPS21,18.911366833426605,-0.333213740424095,0.4524345028390254,-0.7364905601433568,0.4614322103132452,0.9999150196613263
RPS23,16.829626538513786,-0.10764900332056328,0.5062998140316174,-0.21261908524785833,0.8316240839291215,0.9999150196613263
RPS23P1,0.6842834312839567,-0.5142056807326577,1.7417673399748816,-0.295220646828797,0.7678253306314207,0.9999150196613263
RPS23P8,8.594376322266557,-0.0760940969374993,0.5468299714668146,-0.13915494926765773,0.8893277073315793,0.9999150196613263
RPS24,23.828051120121884,0.10451536199999541,0.3616511870080942,0.28899493698511275,0.7725852520342527,0.9999150196613263
RPS25,13.484467124794552,-0.19450861172919373,0.4540420293749818,-0.42839340665653225,0.668364724161954,0.9999150196613263
RPS27,4.8110135742584434,0.07995642471102603,0.8912901537286566,0.0897086368300304,0.9285187524206397,0.9999150196613263
RPS27A,25.96147245938513,0.23762617434804179,0.36148544447365866,0.6573602837426489,0.5109492826642635,0.9999150196613263
RPS27AP16,10.048867418569309,-0.020053673974091586,0.5839691576449886,-0.03434029642072772,0.9726057919088148,0.9999150196613263
RPS27L,1.223914025923122,0.9603659034549502,1.3256086524326385,0.7244716618985344,0.46877621857371665,0.9999150196613263
RPS28,13.729517744540548,0.3664645007613457,0.5685646911546247,0.6445431917644063,0.5192232590288357,0.9999150196613263
RPS28P7,20.27113426433401,-0.2799622903871442,0.524949186502835,-0.5333131236038828,0.5938168445941958,0.9999150196613263
RPS29,31.614784456469717,0.23862651421088032,0.3592445412507288,0.6642453449121023,0.5065332956359304,0.9999150196613263
RPS29P3,0.5472209175449712,0.5591168356336302,1.2830682076915298,0.43576548174284657,0.6630068905972755,0.9999150196613263
RPS29P5,0.9341402212930956,0.2965542632730354,1.2294857341074725,0.2412018741220407,0.8093986584368303,0.9999150196613263
RPS2P5,3.103744540928464,-1.1918300906945178,1.0489560638529802,-1.136205921072365,0.2558703930497669,0.9999150196613263
RPS2P55,0.48106219771950415,-1.925008197155707,1.7824478442323533,-1.0799800978102392,0.2801510428571521,0.9999150196613263
RPS3,17.14137850808636,-0.30683268223486354,0.43625168263602415,-0.7033386791332145,0.48184471147056074,0.9999150196613263
RPS3A,6.7005634908854,-0.03043074520928708,0.6771497908096733,-0.044939458923705496,0.9641555649276469,0.9999150196613263
RPS3AP26,6.8940484990514,-0.10911505184155774,0.6232638666572394,-0.17507039582893866,0.8610243196975353,0.9999150196613263
RPS3AP5,0.40971453612376746,-0.14322767156691812,1.5247576348537097,-0.09393471348688139,0.9251610183664816,0.9999150196613263
RPS3AP6,10.83237519435441,-0.3897987121379636,0.6520953765479308,-0.5977633428433184,0.5499978532899958,0.9999150196613263
RPS4X,20.76508858247084,0.11230507795919387,0.385476428542362,0.2913409735164963,0.7707905535399335,0.9999150196613263
RPS4XP1,1.0304483993335216,-1.2177098656987626,1.278612367315124,-0.9523682836384207,0.34091023862230174,0.9999150196613263
RPS4XP2,0.6645367294319131,-0.6129760041300936,1.6113597597425728,-0.38040915470547754,0.7036417200574403,0.9999150196613263
RPS4Y1,1.5357666225746107,-1.8335255684791156,1.607761963441314,-1.1404210387926883,0.25411093190051803,0.9999150196613263
RPS5,18.214992679698256,-0.22857901617095708,0.500448407827409,-0.45674841321463,0.6478518885707749,0.9999150196613263
RPS6,26.873541928886187,0.09013862931873902,0.3530891468520804,0.2552857546666559,0.7985024016543354,0.9999150196613263
RPS6KA1,0.9060503426340389,0.6855588431023608,1.280498859225668,0.5353841888753622,0.592384221099277,0.9999150196613263
RPS6KA2,1.0816088427925168,0.17997259032112034,1.4590708912799646,0.12334739278037411,0.90183201332651,0.9999150196613263
RPS6KA3,3.9534189293157533,0.5414456990889754,0.7549241368038396,0.7172186882000109,0.47323916981859515,0.9999150196613263
RPS6KA4,2.0591773047713136,-1.1925752210532539,1.0686196169120412,-1.1159960028615266,0.2644238455781994,0.9999150196613263
RPS6KB1,0.833521311789391,-0.9533818291617141,1.3298757662761587,-0.7168954073291514,0.4734386360099261,0.9999150196613263
RPS7,12.610725190550701,-0.1515319067395564,0.4808521572135784,-0.3151320098419586,0.7526614254398951,0.9999150196613263
RPS7P1,10.150120587538112,-0.6765671863127818,0.5807196600876706,-1.1650495631758724,0.2439989310803624,0.9999150196613263
RPS7P10,1.2829600039687965,-0.10912335752526343,1.0562863680699233,-0.10330849741501139,0.9177181317447493,0.9999150196613263
RPS7P11,3.795757490863448,0.20106105023618953,1.1345415970950417,0.17721787438292266,0.8593372561508316,0.9999150196613263
RPS8,27.004099742386817,0.08779482786977882,0.33638128015458807,0.260997959902619,0.794094080509413,0.9999150196613263
RPS9,13.742351556293507,-0.29789217372630805,0.7295472862644118,-0.40832469578722025,0.6830353108591445,0.9999150196613263
RPSA,4.367647078930638,-1.2349872443673082,1.169781291157086,-1.055742003828531,0.29108610128119883,0.9999150196613263
RPSAP58,3.4048473198563594,-0.8940950613158015,1.057530641864759,-0.8454554657056847,0.39785658749890296,0.9999150196613263
RRAD,0.49525690547906326,2.1860227918904545,2.367646397416318,0.9232893874169473,0.35585641692181247,0.9999150196613263
RRAGA,1.5626972770865062,-0.5442840082511649,1.1441621723827418,-0.47570529894174174,0.6342843452973235,0.9999150196613263
RRAGC,0.49309693712898767,-0.2295816256909462,1.6040724104065422,-0.14312422818416293,0.8861920706010672,0.9999150196613263
RRBP1,6.187906547390982,-0.4222217919918376,0.7277737493863864,-0.5801552918717235,0.5618098999043856,0.9999150196613263
RREB1,1.556860917964058,-0.24981957039756655,0.9405045906653954,-0.265622914419612,0.7905296362224408,0.9999150196613263
RRM2B,2.4862216908783648,-0.24617413586248174,0.8685627585490748,-0.2834269987280057,0.7768495345318575,0.9999150196613263
RRN3,0.3783351437332541,-0.8425119020862858,1.8251597240363682,-0.46160995719490133,0.6443610527873819,0.9999150196613263
RRP12,1.7948934286749076,0.09242952361010678,1.8077884103888129,0.051128507672104924,0.9592231198572357,0.9999150196613263
RRP1B,0.5492227838869892,0.11842770777113262,1.3450596633012062,0.08804643466927942,0.9298397698916313,0.9999150196613263
RRP7A,0.3721738198421441,0.38197399599007276,1.8647656133791881,0.2048375373556402,0.8376990582157202,0.9999150196613263
RSBN1,0.5478679613634556,-1.0602382367624457,1.9115653488872724,-0.5546439923592533,0.5791381921434531,0.9999150196613263
RSF1,2.272776272986328,0.1781220231071779,1.0076950039790429,0.17676184004469106,0.8596954642298998,0.9999150196613263
RSL1D1,4.891367279449153,-0.08322422335709208,0.7190968694344366,-0.11573437028386342,0.9078630657278663,0.9999150196613263
RSL24D1,5.183422111657183,0.2140085519313369,0.6520865506296882,0.32819040927109944,0.742767698917167,0.9999150196613263
RSPRY1,0.7216232266740351,0.5164887385409276,1.376718137392701,0.3751593913908044,0.7075419291965073,0.9999150196613263
RSRC1,1.3616564250991905,-1.2715330426910643,1.248726305311793,-1.0182640001113588,0.30855251178280985,0.9999150196613263
RSRC2,3.160067711783009,0.2962108141023302,0.7091959387653901,0.4176713344100523,0.6761874335588505,0.9999150196613263
RSRP1,4.619698653981833,0.4385045719971785,0.7977516835594014,0.5496755206340183,0.5825419498423712,0.9999150196613263
RSU1,3.2237648651014252,0.28991008782351896,0.9881941428118595,0.2933736148228865,0.7692365909478249,0.9999150196613263
RTCA,0.8170033918110227,-0.5615875831493359,1.473166274801176,-0.3812112676996558,0.7030464888557164,0.9999150196613263
RTCB,2.157384463919735,0.25237760854334,0.9448372191971733,0.2671122638011496,0.7893827254039736,0.9999150196613263
RTF1,1.2046969779828984,-0.13227718238116445,1.1374351432948306,-0.11629426359906074,0.9074193317514712,0.9999150196613263
RTFDC1,3.8899449359480562,-1.0545518360780544,0.7923033112509905,-1.330995113996169,0.18319061863391528,0.9999150196613263
RTL8C,1.6549209081508423,0.3092045844797493,0.9146928330862792,0.3380419888460887,0.735331545833856,0.9999150196613263
RTN3,4.533050042525553,-0.5232313393551332,0.6191857208152473,-0.8450313399770004,0.3980933412039077,0.9999150196613263
RTN4,6.286046878693855,-0.26481211297507734,0.6485556850856083,-0.40831052608863116,0.6830457123879312,0.9999150196613263
RTRAF,1.6246811902193774,-0.06621357649624815,1.0182070962101182,-0.06502957673611053,0.9481504512576806,0.9999150196613263
RUBCN,6.602810631770925,0.7086903405954751,0.7795385691276486,0.9091151723109006,0.36328933460144797,0.9999150196613263
RUBCNL,3.0421442675196406,-0.1840288550062723,0.7062903538439688,-0.2605569423463021,0.7944341979206586,0.9999150196613263
RUFY1,2.681313698396013,-0.10020404967156184,0.8152741961534866,-0.12290840326399469,0.9021796312417631,0.9999150196613263
RUFY3,1.3007435032739982,-0.3803728031898182,1.0254602831723394,-0.370928849641164,0.7106905266648398,0.9999150196613263
RUNX1,2.6851594213674206,0.6084212431695176,0.9934870146754973,0.6124098595976579,0.54026662012016,0.9999150196613263
RUNX2,4.837353681114542,-0.09815178168470569,0.9197899979119651,-0.10671107742802394,0.9150181942739887,0.9999150196613263
RUNX3,2.7068899851985058,-0.06654687871552771,0.8441665925287059,-0.07883145258826951,0.9371666863391768,0.9999150196613263
RUSC1,0.9117322089455732,-0.04344434580133231,1.3603480921022792,-0.0319361978405053,0.974522931650948,0.9999150196613263
RUVBL1,0.8726335208898646,-1.151356939990991,1.3555560223823124,-0.8493613845391258,0.39568023349594594,0.9999150196613263
RWDD1,1.579561859550372,0.23678434355674033,1.01227773519989,0.23391242869723258,0.8150529641492306,0.9999150196613263
RXRA,1.7297404314939813,1.30842161204852,1.0545600819695145,1.2407274221919053,0.21470646051610542,0.9999150196613263
RXRB,0.4112609250451278,-0.21127517777549915,1.8585589079495097,-0.11367687990508328,0.9094939408581082,0.9999150196613263
RYBP,2.430622503574531,0.07324372789457267,0.8871241136135877,0.08256311238821322,0.934198933144332,0.9999150196613263
S100A10,3.5722342617369245,0.641986812831474,0.7715793938765112,0.8320424546410604,0.4053849814055872,0.9999150196613263
S100A11,8.544157720640753,0.4607383203615098,0.6098134072246202,0.7555398338295312,0.4499251408853411,0.9999150196613263
S100A4,9.073358650066622,-0.8413313133860728,0.7000272420180436,-1.2018551034680833,0.2294196717414636,0.9999150196613263
S100A6,11.127537025603509,0.08637195169101146,0.5367456608155461,0.1609178387390697,0.8721581121242709,0.9999150196613263
S100PBP,0.6566987556028605,1.2494277006682561,1.4157286557173077,0.8825333128792312,0.37748847322491264,0.9999150196613263
SACM1L,0.5712047372900819,-0.5938058456059427,1.2196192339919585,-0.48687805919749705,0.6263447483900932,0.9999150196613263
SACS,1.6864138738415841,-0.5029852589877801,1.064024042453253,-0.4727198248529035,0.6364130807953312,0.9999150196613263
SAE1,0.5449034232662342,0.6174820644764728,1.5989366783632415,0.38618293821901756,0.6993611888319484,0.9999150196613263
SAFB,1.865934799636656,1.2124312986128243,1.2035651615689957,1.007366561717581,0.3137586540316559,0.9999150196613263
SAFB2,2.0589890770474963,-0.8733870859648578,0.9008216019749066,-0.9695450065252621,0.33227333608483167,0.9999150196613263
SAMD4B,0.9675713640054077,-0.43037678736178,1.1441633912926021,-0.3761497620331726,0.706805561419424,0.9999150196613263
SAMD8,0.8159471622803808,2.3334940547067227,1.7015205756226532,1.3714168891861949,0.17024503552654713,0.9999150196613263
SAMD9,1.7332971071767014,-0.7266172789783383,1.5711833071356076,-0.46246499417246195,0.643747900076437,0.9999150196613263
SAMD9L,2.8587587812893664,-0.06344005389723606,1.0382888899794265,-0.06110058049305826,0.9512791068498146,0.9999150196613263
SAMHD1,13.241039628434471,-0.10730522300033994,0.45937640931405027,-0.23358888446311418,0.815304157960888,0.9999150196613263
SAMSN1,0.39286204524760526,0.55099047080521,1.4301945461895857,0.3852556089471838,0.7000480468778394,0.9999150196613263
SAP130,1.007387396115226,0.07621308015864378,1.1260827261384676,0.06767982350638804,0.9460405109869151,0.9999150196613263
SAP18,8.048814085162984,0.30813330113195503,0.5418975486901008,0.5686191086798394,0.5696146541304987,0.9999150196613263
SAP30BP,1.4389745888576622,-1.0681326643295719,1.0934097782400356,-0.9768823048654732,0.32862742306259785,0.9999150196613263
SAR1A,2.6826643650749324,0.4822355934016934,1.0232426940182022,0.4712817362105838,0.6374395563183962,0.9999150196613263
SAR1B,0.9703949151063261,0.5410713880506419,1.1302810862859785,0.47870515981875195,0.6321483945647275,0.9999150196613263
SARAF,11.239664603021266,0.3661748445091356,0.5144952531164361,0.7117166626730104,0.4766402473497352,0.9999150196613263
SARS,0.9077891277910967,-1.1587490681005177,1.2906557889263401,-0.8977986834618764,0.3692928866900317,0.9999150196613263
SART1,0.760336764430426,-0.3770688018800728,1.419127165874966,-0.2657047310116075,0.7904666195033915,0.9999150196613263
SART3,0.812133163060064,0.457948434673123,1.436722385127742,0.31874524919607616,0.7499196990026202,0.9999150196613263
SASH3,0.6077170100437409,-1.3461594053927324,1.5784942868736567,-0.8528123393204777,0.39376338001775746,0.9999150196613263
SAT1,14.777139824741786,-0.18771915469709283,0.4903059629470737,-0.38286125171468954,0.7018226429298365,0.9999150196613263
SATB1,2.1453566035517713,0.02155553144064022,0.9370225739486426,0.023004281903054407,0.9816468573894298,0.9999150196613263
SAV1,1.059149045865321,0.7756108413692705,1.5331608922843607,0.5058900505958218,0.6129338372610935,0.9999150196613263
SBDS,3.9975003494169306,0.061709229542445836,0.8714567077122303,0.07081158363499941,0.9435477125620341,0.9999150196613263
SBDSP1,0.9396053873948156,0.10777491529633962,1.2810182625230304,0.08413222391074383,0.9329513044831469,0.9999150196613263
SBF1,0.7263107444806335,0.2915812802938706,1.936633171157394,0.15056092430742177,0.8803220878088492,0.9999150196613263
SBNO1,1.9441093554635123,1.2760990317204628,0.987447446254082,1.2923209600281929,0.19624601623561777,0.9999150196613263
SBNO2,0.5444363629928515,-0.5596994003704798,1.672293187943771,-0.33468975679957086,0.7378591291580672,0.9999150196613263
SC5D,6.339384446706528,1.1207121385287575,0.7737791088977216,1.4483618459604777,0.14751587948038458,0.9999150196613263
SCAF1,0.5340692517812151,-1.1151371148874796,1.5827547473118881,-0.704554585466511,0.4810874692195892,0.9999150196613263
SCAF11,5.266195706568617,0.31220588388798104,0.6788767792934336,0.459885937198973,0.6455980947121369,0.9999150196613263
SCAF4,0.7419193263902959,1.011265210299897,1.7797116274754667,0.5682185780481659,0.5698865580860225,0.9999150196613263
SCAF8,1.1014491024199988,-0.4283783339925432,1.3626587313625824,-0.31436949261990843,0.7532404238330436,0.9999150196613263
SCAMP1,0.9563504927928785,-1.1864203927750772,1.191358969123746,-0.9958546697706894,0.31932076293642375,0.9999150196613263
SCAMP2,2.503128370674563,-0.28152592689613487,1.1257132004352657,-0.25008672438706475,0.8025202822504212,0.9999150196613263
SCAMP3,2.6375630816410753,-0.6660578675302659,1.0975141206982573,-0.6068786314170687,0.5439314601207822,0.9999150196613263
SCAMP4,1.828860433993115,0.07460904892742269,1.1191475828302468,0.06666596083667677,0.9468476333200333,0.9999150196613263
SCAMP5,3.531458108440327,0.18772855805583566,1.1504605401276091,0.1631768770052842,0.870379171656951,0.9999150196613263
SCAP,0.3014539263501941,-1.0280177271413717,1.5064692963053168,-0.6824020440792462,0.49498476359718613,0.9999150196613263
SCAPER,1.0104697959620028,-0.27727437914347974,1.1723704307543183,-0.23650748250710985,0.81303890175703,0.9999150196613263
SCARB1,0.8500887434409367,-0.8847063495890106,1.6006650656265624,-0.552711725012067,0.5804608233073146,0.9999150196613263
SCARB2,7.041253543452459,0.10690711006814373,0.6061141416498541,0.17638115120881448,0.8599945116727902,0.9999150196613263
SCD,0.4080862372283421,0.8356770653318362,1.9171580259047596,0.4358936791021476,0.662913871401205,0.9999150196613263
SCFD1,1.708687898593867,-0.3430519866320341,1.1000409796759432,-0.3118538245121491,0.7551516162926164,0.9999150196613263
SCGB1A1,2.403669915305345,3.2977826830838177,2.1005018618208164,1.5699975053700452,0.11641569164156752,0.9999150196613263
SCGB3A1,0.7617240106505155,0.7396959746486509,2.1784536094613585,0.339550941748788,0.7341947279728976,0.9999150196613263
SCGB3A2,3.373288016436167,2.1666699968006276,1.3263676302719012,1.6335365454873676,0.10235620106246049,0.9999150196613263
SCLT1,1.4131472836113648,0.6602635237408184,1.1158549838273792,0.5917108704180506,0.5540442160829265,0.9999150196613263
SCN9A,3.6971849888551396,0.6163261885358097,1.042154407509348,0.5913962308222366,0.5542549652588304,0.9999150196613263
SCNM1,1.723054751986294,-3.031108568681004,1.5774273358521866,-1.921551947141504,0.05466215996733593,0.9999150196613263
SCO1,0.38411898330130456,-0.7019184107622799,1.8640074829242452,-0.37656415931394976,0.7064975270119283,0.9999150196613263
SCO2,1.588311800067405,-0.8119283927638995,0.9754075652256469,-0.8323991136731355,0.4051837021727476,0.9999150196613263
SCOC,0.41991122913936274,0.34410428194626586,1.5272984794533053,0.22530257613393131,0.8217438957239525,0.9999150196613263
SCP2,3.768995136488982,0.2808874948427291,0.7281425984485316,0.38575890964382786,0.6996752295683308,0.9999150196613263
SCPEP1,0.6256801871755552,-0.7407987985261081,1.4359284443424036,-0.5159023079770271,0.6059226420442168,0.9999150196613263
SCRN1,3.3956792677619254,0.07535132884425862,0.7326488703883337,0.10284780594054467,0.9180837627535188,0.9999150196613263
SCT,3.2866147625374564,-0.9714394302768539,1.340904234746295,-0.7244659276213371,0.46877973780591065,0.9999150196613263
SCYL2,2.1094990405928544,0.8976168848363224,1.2776478012564012,0.7025542437858324,0.4823335860275093,0.9999150196613263
SDAD1,1.7463281467966592,0.9428240121418024,1.6043505924085986,0.5876670701547524,0.5567557827428833,0.9999150196613263
SDC4,1.2844302558449623,2.082609884527675,1.5547822660027557,1.3394865185090705,0.180412340391093,0.9999150196613263
SDCBP,5.194346819296314,0.3738127691745753,0.7434675185008125,0.5027963695419557,0.615107446380607,0.9999150196613263
SDCCAG3,0.39419476979403584,0.03743308615675879,1.5499513270162932,0.02415113655782901,0.9807320541257586,0.9999150196613263
SDE2,0.8296701720726786,0.7512626108842557,1.384246436745125,0.5427231675963362,0.5873204204622933,0.9999150196613263
SDF2,1.4709473740061125,-0.11757526987446382,1.1884503174477488,-0.09893158186617516,0.9211925931989713,0.9999150196613263
SDF2L1,0.6805944947427647,-0.6729315882364744,1.2483563943322549,-0.5390540644416094,0.5898495501921113,0.9999150196613263
SDF4,2.9709736007396064,-1.6133791038318142,0.970439841379484,-1.6625235640968632,0.09640784264049362,0.9999150196613263
SDHA,0.6348589517875641,-0.8213908795685092,1.610064279748007,-0.5101603022315767,0.6099391612464173,0.9999150196613263
SDHAF2,0.38245168785708017,-0.3806389306033715,1.615179842455915,-0.23566349740014214,0.8136937970001745,0.9999150196613263
SDHAF3,1.7683287627817612,0.23489859087955461,1.1244308161701624,0.2089044408082168,0.8345228373849982,0.9999150196613263
SDHB,1.1442514378505189,-0.8129190800999793,1.1413651434054095,-0.712234016254019,0.4763198760131938,0.9999150196613263
SDHC,0.6275294836685457,0.28137616607732396,1.9161816601523451,0.14684211415265985,0.8832566426792019,0.9999150196613263
SDHD,1.88364840907577,0.1101837815605164,0.8912132509615994,0.12363346420357926,0.9016054951452508,0.9999150196613263
SDK2,0.7615821687420422,-0.05744858721559565,1.5185723234766737,-0.03783065602306698,0.9698227018887398,0.9999150196613263
SEC11A,4.287409037056476,0.6668944565442536,0.7602618350732077,0.8771904964557855,0.38038317712823677,0.9999150196613263
SEC11C,3.7188841890085373,0.4025487581563947,0.7326078499209194,0.5494737166682658,0.5826803970769212,0.9999150196613263
SEC13,2.52865234180041,-0.5545887703958168,0.8975532435521743,-0.6178895507089535,0.5366481474495475,0.9999150196613263
SEC14L1,1.722694073073347,0.6269462748224104,0.921504314808866,0.6803508836010699,0.4962823128960441,0.9999150196613263
SEC16A,3.930568598714205,-0.829431851220147,0.7791565638037029,-1.0645252696980554,0.2870908131999803,0.9999150196613263
SEC22B,0.7760816565603191,1.8279397284857462,1.5151398555134796,1.2064495048651855,0.22764421779988553,0.9999150196613263
SEC22C,0.33144683289101007,0.10808706983809276,1.5583720798343306,0.06935896198139241,0.9447038938113264,0.9999150196613263
SEC23A,1.771874640902138,-1.0657540880282628,0.9884688007944826,-1.0781868756724158,0.28095036771313775,0.9999150196613263
SEC23B,2.6937429801906796,-0.11583101684435854,0.862055251513728,-0.1343661170684417,0.8931130732945632,0.9999150196613263
SEC24A,0.5184506769057227,0.9708554936958937,1.4617483634613737,0.6641741615478458,0.5065788488185483,0.9999150196613263
SEC24D,0.934425345466361,-1.328304204857751,1.0925627400287359,-1.2157692699851863,0.2240728281090565,0.9999150196613263
SEC31A,6.2641199839074435,0.303145863005057,0.5803619907132315,0.5223392776506749,0.6014341263389695,0.9999150196613263
SEC61A1,1.237518418589981,-1.0701700246652621,1.0530943410245546,-1.0162147710565939,0.3095271239359455,0.9999150196613263
SEC61A2,0.7891722546838879,-1.4438075927058176,1.2874033375116285,-1.1214881542069766,0.2620801310186287,0.9999150196613263
SEC61B,15.315242384196264,-0.02313744984360666,0.40994332415534407,-0.05644060649427468,0.9549908091886089,0.9999150196613263
SEC61G,8.215298317875888,0.14841505076949202,0.5618288013837676,0.2641641909491827,0.7916534027180074,0.9999150196613263
SEC62,5.100427439576266,-0.38736645871186604,0.795923084244386,-0.48668830742560326,0.6264792325560264,0.9999150196613263
SEC63,3.2579411831645952,0.34569686863074034,0.7410961711433308,0.4664669473294057,0.6408813010004031,0.9999150196613263
SECISBP2,1.2943962913721532,0.46969096822221984,1.1607686125460461,0.4046378952235736,0.6857436990076745,0.9999150196613263
SECISBP2L,1.037576213547105,-1.0257154406897002,1.1102907257194485,-0.9238260006405574,0.3555769156565377,0.9999150196613263
SECTM1,0.5054420156419336,0.49267540872080223,1.658098411034327,0.2971327910588068,0.7663651306063034,0.9999150196613263
SEL1L,1.6897821455598607,0.8523272971714048,0.9904438979768038,0.8605508084935128,0.3894854886776563,0.9999150196613263
SEL1L3,7.415865103759962,0.4558772787738483,0.6958044337045478,0.6551801866893863,0.5123517493707642,0.9999150196613263
SELENBP1,0.7199949277786097,1.4697339621030914,1.6782328990811461,0.8757628115309797,0.3811589908505757,0.9999150196613263
SELENOF,7.019689243519092,0.5509915925580656,0.5831658158287086,0.9448283448766253,0.34474651840109294,0.9999150196613263
SELENOI,0.7294178594610524,0.09290306696058008,1.8130331151417456,0.05124179265380753,0.9591328498469822,0.9999150196613263
SELENOK,6.543775471456012,-0.5683879838580125,0.600482867530631,-0.946551541420986,0.34386734671268504,0.9999150196613263
SELENOS,6.620148022782178,-0.03943528894571196,0.6148621071814739,-0.06413680154479386,0.948861298760312,0.9999150196613263
SELENOT,6.177508023467168,0.6544785883211142,0.6452328592402157,1.0143292905010846,0.31042565206073924,0.9999150196613263
SELENOW,1.1848636889099307,0.25635930953952374,1.167772634861576,0.2195284440535907,0.8262384250564319,0.9999150196613263
SELL,19.166174083906824,0.09771071928059676,0.45396373157647085,0.2152390433070031,0.8295809520573566,0.9999150196613263
SELPLG,5.6257794649953405,-0.4377311264486064,0.8963691979511296,-0.48833798333225603,0.6253104614315652,0.9999150196613263
SEM1,4.582836108123554,-0.2961527820979728,0.7241489799456393,-0.4089666495424802,0.6825641360080145,0.9999150196613263
SEMA3C,0.7963325871358055,0.7589414264744022,1.1166910416089046,0.6796342033701063,0.4967361069481748,0.9999150196613263
SEMA4A,1.9693484257872202,-0.36880384424718426,0.8706291345083043,-0.42360613679149345,0.6718530790502399,0.9999150196613263
SEMA4D,3.7721137696948457,0.07066273304396473,0.6715789143717441,0.10521880829160495,0.9162021867040441,0.9999150196613263
SEMA5A,0.7960686761129744,0.30822076606327764,1.4437640503385045,0.21348416729936745,0.8309493371492699,0.9999150196613263
SEMA7A,10.426128336449784,-1.3095925113907858,0.6501377296362854,-2.014330889738437,0.04397480492133709,0.9999150196613263
SENP2,1.609805011808981,-1.2537556383171038,1.2694693406883168,-0.9876218338895109,0.32333788906931316,0.9999150196613263
SENP6,2.7974460898484628,-1.026841436367936,1.0477875081735781,-0.9800092369471423,0.3270815591435844,0.9999150196613263
SENP7,1.8041074082634299,-3.9273523197937132,1.519972909447062,-2.5838304718354563,0.009770980889014031,0.9999150196613263
SEPHS1,3.818239483977646,0.03263200665358662,0.8165102254102292,0.039965214933091284,0.968120858586764,0.9999150196613263
SEPHS2,0.34100809182656056,-0.030697879995611695,1.9631530522881289,-0.015637028381374624,0.9875239649128014,0.9999150196613263
SEPT11,3.571913491506658,-0.09777333163266146,0.7017504277200001,-0.1393277834547658,0.8891911359737589,0.9999150196613263
SEPT2,7.7347603637093885,0.19740644973960944,0.6324621045965358,0.312123759360318,0.7549464705290471,0.9999150196613263
SEPT6,10.800072928039707,-0.382084691607365,0.5326618351832089,-0.7173119348337528,0.4731816446916779,0.9999150196613263
SEPT7,4.625062312035954,-0.46228967467901394,0.6530546264253828,-0.7078882163494398,0.4790146779322587,0.9999150196613263
SEPT9,8.874263876628024,0.023989941246444754,0.628090700290249,0.03819502698473116,0.9695321858958064,0.9999150196613263
SERBP1,6.455745405216519,-0.6489670709062165,0.6581900021899446,-0.9859874333352961,0.32413927956185873,0.9999150196613263
SERF2,10.653379497227604,-0.15257836774905348,0.573862748260878,-0.2658795473507392,0.7903319771743942,0.9999150196613263
SERINC1,6.570007232942468,-0.13119898653746223,0.5708726864257299,-0.22982179679834994,0.8182302466287661,0.9999150196613263
SERINC2,0.38281440742567213,-1.2252902456206165,1.8746108314402947,-0.6536237949074506,0.5133542101824089,0.9999150196613263
SERINC3,5.278750209464885,-0.1205713106345894,0.6338980453656279,-0.19020615620457504,0.8491475872314761,0.9999150196613263
SERP1,7.862969285428862,0.008307917995814772,0.5916673209901308,0.014041536013704147,0.9887968433504838,0.9999150196613263
SERPINA1,2.4822602136840146,0.9617739593397483,1.3195759300083316,0.7288507902183967,0.4660929392027392,0.9999150196613263
SERPINB1,3.0492555428008656,-0.504376343640755,0.791833861648657,-0.6369724358473455,0.5241427982462535,0.9999150196613263
SERPINB8,0.6239274671019004,0.548383706845804,1.5500067009124991,0.353794410387366,0.7234929627877182,0.9999150196613263
SERPINB9,11.42706511069532,0.19798577209935814,0.9068389933490848,0.21832516417072964,0.8271757691652928,0.9999150196613263
SERPIND1,0.49747317117073525,2.2117924954193025,2.5400232256354736,0.8707764846779884,0.38387620731965943,0.9999150196613263
SERPINF1,12.49414073455515,-0.07053408302907835,0.4696567654720451,-0.1501821930706898,0.8806208744232195,0.9999150196613263
SERPING1,4.553291439083626,0.48784815129994835,0.9297683419871898,0.5246986042321818,0.5997927277612234,0.9999150196613263
SERPINH1,0.616976216319832,1.4308249797455919,2.0077436462414426,0.7126532226482898,0.4760603689100381,0.9999150196613263
SERTAD1,0.5927335904155187,1.161276813707641,1.6615456390799002,0.698913581664065,0.48460603916374,0.9999150196613263
SERTAD2,1.4219818439990872,1.0369750712401506,1.1592806185784843,0.89449875605761,0.3710550950342749,0.9999150196613263
SESN3,0.9492547269355727,0.8741509591689712,1.2513366934438919,0.6985737441800407,0.4848184569035897,0.9999150196613263
SET,8.961987302421903,0.21957581865900938,0.5027291922222099,0.4367675918886271,0.6622799043433324,0.9999150196613263
SETBP1,1.9831417251087113,-0.33297648027407983,0.8653143260949921,-0.38480407666049254,0.7003825785400182,0.9999150196613263
SETD1B,0.438363870240152,-0.21367665862541685,1.5864615415504866,-0.13468757548108326,0.8928588970028566,0.9999150196613263
SETD2,3.251799553700213,0.2548664996073568,0.7330337112919934,0.34768728324669695,0.728075048025227,0.9999150196613263
SETD3,2.8083204792299914,-0.49744773086389654,0.8401308745191104,-0.5921074274869791,0.5537786535384825,0.9999150196613263
SETD5,1.666684845145186,-0.12554774046531936,1.1337905983392278,-0.11073274081582722,0.9118282822116196,0.9999150196613263
SETD7,0.9451440206892655,0.1835900871074274,1.2881404633517344,0.14252334456579915,0.8866666412910431,0.9999150196613263
SETDB2,0.42414867978605275,0.514965113507202,1.5022178855241193,0.34280321015318777,0.7317465107811888,0.9999150196613263
SETP14,0.7091619188850843,-0.11765234030503254,1.1294663293774727,-0.10416631044670353,0.9170373688614709,0.9999150196613263
SETX,4.856697156973983,-0.2726535606376526,0.6885206992039032,-0.3959990759216189,0.6921057099278497,0.9999150196613263
SF1,6.89441219016014,0.2976192694899949,0.7486380028023856,0.3975476376779073,0.6909636648127083,0.9999150196613263
SF3A1,2.827287486280327,-0.28997806378010454,1.039004727560773,-0.2790921504860461,0.7801741068981056,0.9999150196613263
SF3A2,1.1192473664796683,-0.975698096916611,1.2803201022077757,-0.7620735589749185,0.4460161027656253,0.9999150196613263
SF3A3,1.8728830152838987,-0.34758155764234566,1.0203698967618142,-0.34064270099050353,0.733372579225278,0.9999150196613263
SF3B1,6.194703610162095,-0.5280131398817832,0.6872212642894918,-0.7683306197279683,0.44229078781391507,0.9999150196613263
SF3B2,3.896469645982953,-0.061622130227977606,0.6978839571430511,-0.08829853387122125,0.9296394042070781,0.9999150196613263
SF3B3,1.1969030782097714,0.5738194098171135,1.425635623149309,0.40250075159423576,0.6873155353386899,0.9999150196613263
SF3B4,3.836744564999841,-0.9662732130123735,0.7413472259397349,-1.3034016709073424,0.19243766636760207,0.9999150196613263
SF3B5,1.3395300241275054,-0.9443292680068681,1.2256753242597882,-0.7704562940248217,0.44102927140938586,0.9999150196613263
SF3B6,0.9336855437958107,-0.5377536211793685,1.4458186755348064,-0.37193711098001564,0.7099396735390107,0.9999150196613263
SFMBT2,1.1921490829730235,0.0757609827508956,1.0551642612266583,0.0718001789245793,0.9427609304284097,0.9999150196613263
SFN,0.3286348646428164,0.17680029542912584,1.5964486684003185,0.11074599448680311,0.9118177719548831,0.9999150196613263
SFPQ,14.875836297428767,0.32401539847026084,0.43925443270338743,0.737648557070013,0.4607280402748233,0.9999150196613263
SFSWAP,3.1950556965698413,-0.8819172068804138,0.7939251572442455,-1.1108316682413655,0.2666408124742087,0.9999150196613263
SFT2D1,4.873370001894035,-0.0793950816642224,0.6907071606635757,-0.1149475294102149,0.9084867117211541,0.9999150196613263
SFT2D2,3.7971989569874527,0.8948749447097424,0.9905723763265576,0.903391782464498,0.3663179997612972,0.9999150196613263
SFTA2,0.6184453725139865,1.8701515912248343,1.6941027317391733,1.1039186444761402,0.2696284303242312,0.9999150196613263
SFTPA1,2.926043987411283,0.7155716294530757,1.2574662913343768,0.5690582995220791,0.5693165765036832,0.9999150196613263
SFTPA2,4.513294398566406,0.37882871534030227,0.9903136003248425,0.3825340934589194,0.7020652453338112,0.9999150196613263
SFTPB,8.7838505802341,1.6214435245137022,1.0475241524363765,1.547881755988613,0.12165076786797832,0.9999150196613263
SFTPC,0.9332970526994223,2.4058280445870115,2.093851051065196,1.1489967461453883,0.25055732237783324,0.9999150196613263
SFXN1,0.4451606282113069,-0.8927672083144584,1.346346631614516,-0.6631035331843681,0.507264247970022,0.9999150196613263
SGF29,0.29258995788102937,-2.205122112889351,1.8271663544704437,-1.2068535015950683,0.22748856754897384,0.9999150196613263
SGK1,1.167062768874485,-0.38578435192219707,1.1110855028457283,-0.34721391912154426,0.7284306146318036,0.9999150196613263
SGMS1,0.7269639492355326,-0.27586304980242027,1.4966542875269215,-0.18431982061686247,0.853762565705579,0.9999150196613263
SGO1,0.41675310714065034,-1.4468163050820115,1.4810954959818614,-0.976855516073847,0.32864068709167227,0.9999150196613263
SGPL1,0.8185748846298727,-0.07582798287915996,1.4240733995164343,-0.05324724336885198,0.9575349142145795,0.9999150196613263
SGTA,1.3274937218662606,-1.8879837850421264,1.2938892953862395,-1.4591540341003775,0.1445227169569147,0.9999150196613263
SH2B3,10.354165233845448,0.4869146399729776,0.5577080204621987,0.8730637217113154,0.38262834640722376,0.9999150196613263
SH2D2A,1.2228857080608566,-1.2039114037583956,1.3704551318788145,-0.8784756069378957,0.3796856696953045,0.9999150196613263
SH2D3C,1.2537898482757628,-0.9747728677874571,1.0672259154282626,-0.9133706872141448,0.3610476168016561,0.9999150196613263
SH3BGRL,6.9061393492651355,0.6089274829897973,0.5924660613931786,1.027784581547017,0.3040511705884552,0.9999150196613263
SH3BGRL3,2.0789278540323455,-1.3039870943514296,1.0052847915567185,-1.2971320219936482,0.19458576523033566,0.9999150196613263
SH3BP1,0.8835951583264215,-1.2121823630285715,1.1422037564905088,-1.0612663074695852,0.2885688929600767,0.9999150196613263
SH3BP4,6.076095205568758,0.3060627489753528,0.6617418982340569,0.4625107610567209,0.6437150871706443,0.9999150196613263
SH3GL1,2.802462606960265,0.36329305491678554,1.3604538747465964,0.2670381272459193,0.7894398053473562,0.9999150196613263
SH3GLB1,2.1011276530457588,0.33485089032776333,0.8989267737052224,0.3725007421322709,0.7095200595463844,0.9999150196613263
SH3GLB2,0.44577600870362766,-0.909202016577992,1.5800736395193324,-0.5754174956393656,0.5650089744504191,0.9999150196613263
SH3KBP1,6.255133545436493,-0.1742205369023224,0.7112484084668449,-0.24495033637807256,0.8064948858288973,0.9999150196613263
SH3PXD2A,1.2104637701952576,0.35186620576132027,1.3394113372718501,0.26270212590406394,0.792780178090724,0.9999150196613263
SH3TC1,1.0669115880307731,-1.8406476748454625,1.3140283939688309,-1.400767048332993,0.16128374537184598,0.9999150196613263
SHD,1.0330671298574163,-1.1606858556785618,1.2209241276736684,-0.950661740046137,0.3417761162056602,0.9999150196613263
SHF,0.8368768380634493,-0.6619918226671802,1.501906734605898,-0.4407675972242627,0.6593812537877216,0.9999150196613263
SHISA5,2.3626168643990755,-0.29478163709149396,0.8259794586269026,-0.35688737051831176,0.721176124779862,0.9999150196613263
SHKBP1,0.3811471119814478,-0.9154974453445612,1.4773238569930305,-0.6196998992543044,0.5354553820211408,0.9999150196613263
SHOC2,1.606233226365447,0.022189139572186805,1.0830618701863337,0.020487416446827094,0.9836545501918084,0.9999150196613263
SHTN1,1.9875672006121476,0.6938491612674069,1.0815383919920254,0.6415390950564822,0.5211724889789238,0.9999150196613263
SIAH2,1.0663688849170794,0.37243661364648734,1.122892231868268,0.33167618679383626,0.7401337839225048,0.9999150196613263
SIDT1,5.00259312306306,-0.35012826325914687,0.79189487215764,-0.442139828870426,0.658388024515187,0.9999150196613263
SIK2,0.47218166343226614,-0.06788553535172392,1.5476271377729545,-0.04386427046595451,0.9650125959110049,0.9999150196613263
SIK3,0.40372788005878807,1.0472934291429086,1.840702829995012,0.5689638827500182,0.5693806506253134,0.9999150196613263
SIKE1,1.1521592105927432,2.1183091929580193,1.8073862302673525,1.1720290646701865,0.24118538730119699,0.9999150196613263
SIN3A,0.7726655848046217,-0.772537555441403,1.4022365038081026,-0.5509324235557952,0.5816799997718727,0.9999150196613263
SIN3B,0.3512321985382299,-0.8402293655310447,1.8829291673803403,-0.44623524882777676,0.6554273235072929,0.9999150196613263
SINHCAF,0.819457220918333,-0.5054723235226724,1.5429746138359928,-0.3275960077308183,0.7432171408845909,0.9999150196613263
SIPA1,0.9522316757625562,-0.17238732388092598,1.7214891450977556,-0.1001384901971815,0.9202343781344829,0.9999150196613263
SIRPA,0.7975498154201215,0.9306352839546669,1.4635883719294989,0.6358586210464205,0.5248685749623379,0.9999150196613263
SIRPB1,2.1255488340595403,-1.8672663066614479,1.0562616335468353,-1.7678066185092127,0.07709323808505505,0.9999150196613263
SIRT1,1.3460698985799755,1.0023735089570573,1.024632490293657,0.9782761316399208,0.32793777156208215,0.9999150196613263
SIRT2,1.9467012728606745,-0.20947701367326385,1.2235633261552585,-0.17120242916359135,0.8640645974995628,0.9999150196613263
SIRT7,0.5284674132619308,0.43378293235852033,1.6360566730532486,0.2651393069098176,0.7909021480238323,0.9999150196613263
SIT1,0.9478350824145954,0.40091363798871926,1.4034901641500115,0.2856547542900114,0.7751425620783556,0.9999150196613263
SIVA1,1.3496815753588283,-0.9748256203869347,1.6660736710248711,-0.5851035505454443,0.5584780916237262,0.9999150196613263
SKA2,0.7722378538336607,-0.33201220516755653,1.3746620518163215,-0.24152278352986722,0.8091499603591976,0.9999150196613263
SKAP2,6.263160107165931,-0.8148210461511101,0.7605967262807801,-1.0712918133837885,0.2840382396814718,0.9999150196613263
SKI,2.9172944217588492,0.6664713170291064,0.9889791311855212,0.6738982613618811,0.5003759975648245,0.9999150196613263
SKIL,9.385038263429085,0.5668351009889856,0.6279741551646572,0.9026408114524385,0.3667165591344089,0.9999150196613263
SKIV2L2,2.0112009838471243,0.7508263966249552,1.3272044289748337,0.5657202313624831,0.5715839798752955,0.9999150196613263
SKP1,4.3554371323020815,0.6945525631504004,0.6536135408676624,1.06263490537297,0.2879475512560322,0.9999150196613263
SLA,0.46952959825573554,0.17284754782559383,1.331007986909499,0.12986214171932425,0.8966754971198405,0.9999150196613263
SLA2,4.877306248262357,0.04505524019420961,0.6941507209438779,0.06490699906346756,0.948248047900839,0.9999150196613263
SLAIN2,1.2524908045591598,0.939724737078815,1.1132213944342995,0.8441490091522635,0.398586144167994,0.9999150196613263
SLAMF7,13.426127227434563,0.15854553004848929,0.49557874838614113,0.3199199533167936,0.7490290116033675,0.9999150196613263
SLBP,0.7710885983246107,2.6348227841128398,1.996634555476846,1.3196319661429372,0.1869579248028238,0.9999150196613263
SLC10A3,0.3115687093917245,0.5230589809680323,1.8769147451630726,0.2786802023458914,0.7804902570797806,0.9999150196613263
SLC12A2,1.3511433168907696,-0.11480884975632646,1.161192991024256,-0.0988714629211263,0.9212403271501254,0.9999150196613263
SLC12A3,1.7145854313995925,0.45675538926598996,1.2723057654488117,0.35899812896380884,0.7195964889781885,0.9999150196613263
SLC12A7,1.6801127390078106,-1.160098537623582,1.1668951718195841,-0.9941754543508787,0.3201374558150386,0.9999150196613263
SLC12A9,0.44284313393257,-0.5955043470850264,1.597554179829635,-0.3727600319311435,0.70932705219215,0.9999150196613263
SLC15A4,14.653624007821199,0.3123064100916522,0.47063493483613594,0.6635852695473828,0.5069557877945254,0.9999150196613263
SLC16A3,1.1487855286137172,0.13442117419596364,1.5975462289381261,0.08414227504722172,0.9329433131722025,0.9999150196613263
SLC16A7,0.5235835572688683,-0.6152414426650566,1.6204673137613876,-0.37966914694315795,0.7041910253775298,0.9999150196613263
SLC18B1,0.768905158550596,0.7432018271958524,1.3033828173442064,0.5702099316532439,0.5685353207569219,0.9999150196613263
SLC1A4,5.8646954558440365,0.43306355769773286,0.6609911649228979,0.6551729897149957,0.5123563825402156,0.9999150196613263
SLC1A5,2.137008044437673,0.2830565182195685,1.0765329859391533,0.2629334371697248,0.7926018836533911,0.9999150196613263
SLC20A1,10.659942600100209,-0.37227585139882846,0.5377336692720299,-0.692305266848561,0.4887456432392122,0.9999150196613263
SLC20A2,0.6379715043852344,-0.11687288211684485,1.6951517769771216,-0.06894537923044174,0.9450330970301838,0.9999150196613263
SLC23A2,1.1396692618889441,0.28840230033614006,1.355906373794274,0.21270074830395194,0.8315603830580683,0.9999150196613263
SLC25A24,0.6461902300995201,-0.1080753388823017,1.8767122185953304,-0.05758759271210651,0.9540771328529919,0.9999150196613263
SLC25A28,2.863361274726802,0.0010358412720615927,0.7712470578557311,0.0013430732234382882,0.9989283829331629,0.9999150196613263
SLC25A3,11.283027491556851,0.11682928391392654,0.48991309122537774,0.23846940611795336,0.8115170413453574,0.9999150196613263
SLC25A32,0.2489416790115627,0.25207523865087983,1.8111927392312517,0.1391763743255019,0.8893107773472428,0.9999150196613263
SLC25A33,0.8293456886824936,0.7749219672591712,1.355119852234304,0.5718475498543467,0.5674252602434627,0.9999150196613263
SLC25A36,1.043628546521699,0.444854416379222,1.2020154040454993,0.37009044549846976,0.7113151008896991,0.9999150196613263
SLC25A37,0.7981679775539173,0.19780684941334237,1.4993372257653381,0.13192952593594925,0.8950400344261805,0.9999150196613263
SLC25A38,0.3900666428174848,-2.5321356843359006,1.7392875370878134,-1.4558465063088977,0.1454350562379153,0.9999150196613263
SLC25A39,1.4579591782458758,-0.005051718906812939,1.2975112835022597,-0.00389339111809284,0.9968935311859404,0.9999150196613263
SLC25A44,0.603160513624117,-0.49142046353030766,1.4533682681483382,-0.3381252187075759,0.7352688268245089,0.9999150196613263
SLC25A45,0.42152794518206305,-2.6137412303193095,1.6929890571570418,-1.5438618573875749,0.12262180209739908,0.9999150196613263
SLC25A46,0.5802239315840505,0.4838310494910616,1.3571517541116696,0.3565047519742961,0.7214625940085695,0.9999150196613263
SLC25A5,8.631416298615818,-0.4085256779916553,0.5066803247399942,-0.8062789456079481,0.42008202760392854,0.9999150196613263
SLC25A6,10.98973717219098,-0.14724963503796473,0.5646967317351625,-0.2607587874388893,0.7942785279926892,0.9999150196613263
SLC29A1,1.8283099546604435,-0.9651005526665887,0.9133259836789331,-1.0566879404647007,0.2906540305934152,0.9999150196613263
SLC2A1,2.9899136884551254,-0.7523068592371314,0.8273822323289542,-0.9092615599437068,0.3632120762493859,0.9999150196613263
SLC2A11,1.1006486761056036,-0.9093272362932918,1.658867498308617,-0.5481614639025979,0.5835810399675339,0.9999150196613263
SLC2A3,4.208498538410402,0.022094614707559322,0.841568009794334,0.02625410477872002,0.9790546613605788,0.9999150196613263
SLC2A4RG,0.4801701858392636,-1.3351840981473957,1.4722466702432078,-0.906902440422453,0.364458390520245,0.9999150196613263
SLC2A6,3.3376245924698575,0.015855281501437536,0.8952315046409357,0.017710817167674253,0.9858695511500578,0.9999150196613263
SLC30A1,0.7089154285924972,0.7479399475362598,1.6912969934592916,0.4422286271593625,0.6583237725324886,0.9999150196613263
SLC30A5,1.6888634048610853,-0.2854794926779305,1.260274926070406,-0.2265215999877649,0.8207957614319206,0.9999150196613263
SLC30A6,0.3478048497977155,-0.7082578567790019,1.4602646100700483,-0.485020216127149,0.6276620052403661,0.9999150196613263
SLC30A7,0.925345911558661,-0.5869055823443252,1.3871902674404992,-0.42308946084751803,0.6722299914639231,0.9999150196613263
SLC30A9,0.6668784555049814,-0.1129718909628783,1.3747731886363965,-0.08217493030609094,0.9345076087256265,0.9999150196613263
SLC31A1,0.25187455378262036,-0.24037777097343554,1.8058377638162988,-0.13311149860186902,0.8941052015049031,0.9999150196613263
SLC32A1,4.704546386829442,0.4482444030801186,0.7657739617643256,0.5853481907995067,0.558313617580378,0.9999150196613263
SLC33A1,0.5446391794897804,-1.5213695855678373,1.4342424618298812,-1.0607478345235957,0.288804514882142,0.9999150196613263
SLC34A2,1.6136037624577773,2.495006556974384,1.6095327257470682,1.5501434155781584,0.12110709750945436,0.9999150196613263
SLC35A2,4.900377488343174,-0.9073120764187972,0.9915492417721182,-0.9150448996332541,0.36016805940769925,0.9999150196613263
SLC35A3,0.552397471703775,-0.6189116670091969,1.6418610375740856,-0.37695739946643914,0.7062052638021323,0.9999150196613263
SLC35B1,1.5914095879106078,-0.3646624219941984,0.9091998278478196,-0.40108061047195337,0.6883607757835963,0.9999150196613263
SLC35C2,1.569766870996607,-0.6853415864382849,1.1536290750160827,-0.5940744744394818,0.5524623025393341,0.9999150196613263
SLC35E1,2.9232461156921508,0.19540396360998183,0.928251876057929,0.21050748040479839,0.8332716139446774,0.9999150196613263
SLC35E2B,0.5833213866736304,0.12652684993880978,1.4797079557131592,0.08550798787712738,0.9318575453241269,0.9999150196613263
SLC35F3,1.7096247449004256,-0.27457922517462385,0.9561879934039186,-0.28716029386350433,0.7739895873991235,0.9999150196613263
SLC35F5,0.7712288523070231,-1.2462440458650854,1.3600941439500895,-0.9162924871109642,0.3595135074245267,0.9999150196613263
SLC37A1,0.4770727307496838,-1.279471220421217,1.4646536892600288,-0.873565696658048,0.3823548141476646,0.9999150196613263
SLC38A1,4.373836747395696,-0.1422729983890612,0.8164487681533573,-0.1742583294122105,0.8616624464478059,0.9999150196613263
SLC38A10,0.4410502547186226,0.29459219111123847,1.6150520234336483,0.182404149734401,0.8552655694203412,0.9999150196613263
SLC38A2,4.326399845143687,0.8146187576693364,0.7307840092484926,1.114718914699647,0.2649708929630403,0.9999150196613263
SLC39A1,1.1833388758071255,-0.3469007949849323,1.0569654059534466,-0.32820449281592795,0.7427570510570247,0.9999150196613263
SLC39A10,0.5905736220654432,-0.634499386581426,1.372769814829991,-0.4622037720577392,0.6439351984945909,0.9999150196613263
SLC39A3,0.725821680771926,0.2894282546830298,1.4759567803019316,0.19609534543675625,0.8445355393397993,0.9999150196613263
SLC39A6,2.5414157292839534,0.38161311561767647,0.8299487887890165,0.4598032080684045,0.6456574803206163,0.9999150196613263
SLC39A7,1.2750911443749602,-0.06197361794242314,1.4455463528503558,-0.04287210702045104,0.9658034836729649,0.9999150196613263
SLC39A9,0.4738489588764906,-0.41730745050842405,1.259431529500226,-0.3313458816407606,0.7403832382379201,0.9999150196613263
SLC3A2,6.9585685904769035,-0.2963943273297202,0.6599642744458077,-0.4491066241102394,0.6533547421840022,0.9999150196613263
SLC40A1,0.34956490309400556,-0.5097741838894903,1.5155422283164797,-0.3363642228931927,0.7365962252886087,0.9999150196613263
SLC41A2,0.9958795543717552,-0.7229892659745888,1.1024074866385825,-0.6558276088809042,0.511935050188423,0.9999150196613263
SLC43A2,0.5833751479768972,0.24695576837547645,1.3162521803235314,0.18762040592766602,0.8511742286984921,0.9999150196613263
SLC43A3,1.8933788967301532,1.3725613336198879,0.9873333056795928,1.3901701945273064,0.1644772019256464,0.9999150196613263
SLC44A1,1.0013465937168662,-2.8042946975853043,1.7211940009314473,-1.6292728745671448,0.10325526578738466,0.9999150196613263
SLC44A2,4.313461975142204,-1.0540877482538298,0.7357989197170782,-1.4325758301726466,0.15197909307420296,0.9999150196613263
SLC46A3,1.0262417533334063,-0.3219931765736271,1.3998325338677937,-0.23002264112546872,0.8180741763129016,0.9999150196613263
SLC4A1AP,0.47983561494146987,-1.3253208817943487,1.4297090128949217,-0.9269864495788521,0.3539335697778717,0.9999150196613263
SLC4A3,0.3855054691510018,-1.08862085929899,1.573509569107649,-0.6918425414574101,0.4890362175273727,0.9999150196613263
SLC4A7,2.287096082977992,0.6867945377181436,1.0501820283627021,0.6539766623019613,0.5131268413279313,0.9999150196613263
SLC50A1,0.9866764322997162,0.7541101701926328,1.2082730342443058,0.6241223207172528,0.5325472562126012,0.9999150196613263
SLC5A3,0.7027634591951054,1.2300723163329836,1.5012086639991173,0.8193879677300523,0.41256509761482296,0.9999150196613263
SLC6A6,1.3660031344673709,-2.1134724513117784,1.7850703880193335,-1.1839714923829034,0.2364243477553991,0.9999150196613263
SLC7A1,1.4190319761145551,0.2241987263472994,1.0719212058394447,0.2091559763217153,0.8343264781099731,0.9999150196613263
SLC7A11,2.514004503848697,-1.0687790799511634,0.8282942110106221,-1.2903374981301872,0.1969335027391591,0.9999150196613263
SLC7A5,21.359830971980255,-0.21888551633566572,0.4143335430405719,-0.5282833601387475,0.5973026790638067,0.9999150196613263
SLC7A6,2.5726444504082533,-0.2846827703886065,0.8468713632572602,-0.33615822040982907,0.7367515567144008,0.9999150196613263
SLC9A1,0.3162226409102732,-0.2595624810878399,1.4112831945666173,-0.18391948695141053,0.8540766172040927,0.9999150196613263
SLC9A3R1,0.72460445248761,0.18462928990635474,1.5507720077212173,0.11905637255966359,0.9052306944842671,0.9999150196613263
SLC9A7,1.1602373806949142,-0.4734418944702674,1.3139262052070946,-0.36032609182617364,0.7186032894971559,0.9999150196613263
SLC9A8,0.3645754306998127,-0.437696726911719,1.5937563321391592,-0.27463214927230256,0.7835988641547268,0.9999150196613263
SLF2,0.21345659037522416,0.6085519517043361,2.3815690953800575,0.2555256334510092,0.7983171479349933,0.9999150196613263
SLFN11,4.341003600226194,0.8347874720754314,0.8015449143723234,1.0414731066307614,0.2976560283838995,0.9999150196613263
SLFN5,0.41697835436830505,0.7466757058533107,1.5894966909720731,0.46975606183657637,0.6385293093340776,0.9999150196613263
SLIRP,1.9486656379990106,0.0893189109195273,0.9066768979928382,0.09851239302253935,0.9215254316179381,0.9999150196613263
SLK,1.0942165878622874,-0.3767324416852202,1.135125802976743,-0.3318860699820942,0.7399752893394046,0.9999150196613263
SLMAP,0.6092515103938871,0.5947924801872069,1.3499654049678254,0.44059831311112974,0.6595038242858147,0.9999150196613263
SLPI,1.2273008451775744,1.7796541201589597,1.7733707929281266,1.0035431547964417,0.3155988660775936,0.9999150196613263
SLTM,3.8870517561763243,0.6689304834063144,0.9892031403893462,0.6762316617222083,0.49889357330876016,0.9999150196613263
SLU7,2.4073085586388983,0.6107266488199093,1.012713047794548,0.6030599192435893,0.5464688287936537,0.9999150196613263
SMAD2,0.4436922323875446,0.1800677447895635,1.5992366317433029,0.11259606065506045,0.9103508083312858,0.9999150196613263
SMAD3,0.35716329223633697,0.5329021585002165,1.4637724335595148,0.3640607968031866,0.7158126105301152,0.9999150196613263
SMAD4,0.6184890463096446,1.9074334963720703,1.9848079743844242,0.9610166429141079,0.33654379975465964,0.9999150196613263
SMAD5,0.32582289639462275,0.19155637777084758,1.9354113930089076,0.09897450147435707,0.921158515554439,0.9999150196613263
SMAD7,0.29852105157913644,-0.5637000896646143,1.5817082058997942,-0.3563869034516005,0.7215508359103119,0.9999150196613263
SMAP2,5.334545893906755,0.10812850423726308,0.7420165738480109,0.1457224919876403,0.8841404648647702,0.9999150196613263
SMARCA2,2.886293420760637,0.5633211666063684,1.0333446968802054,0.54514352113782,0.5856548122407568,0.9999150196613263
SMARCA4,0.6177155638092664,-0.24779154316804233,1.2672416650852627,-0.1955361396291925,0.8449732483409597,0.9999150196613263
SMARCA5,5.002386389633419,-0.7600641410316484,0.6809874951165877,-1.1161205550500197,0.26437053469919447,0.9999150196613263
SMARCAD1,0.21638946514628182,0.057015671148983066,2.368884445175695,0.024068574246032648,0.9807979101762733,0.9999150196613263
SMARCAL1,0.370441180241928,-1.1737627422220411,1.662146693015729,-0.7061727747341093,0.4800806989844728,0.9999150196613263
SMARCB1,0.42446081995312074,-3.1567114727849455,2.032017885075582,-1.553486067209261,0.12030705530676515,0.9999150196613263
SMARCC1,0.9466070062522783,-0.4875213524774476,1.188809082010412,-0.4100922173752183,0.6817383015391909,0.9999150196613263
SMARCC2,0.8669685830645242,-1.3404998402880013,1.554048101505636,-0.8625858099175058,0.38836523501316,0.9999150196613263
SMARCD1,1.8473922034264945,-0.13283738071545745,0.9307635247519044,-0.14271872197706215,0.8865123300827091,0.9999150196613263
SMARCD2,0.8085195636406939,-0.5239592229347656,1.1434081263213391,-0.45824339610081977,0.6467775855680429,0.9999150196613263
SMARCE1,1.9021233889235027,-0.21615497827614902,1.0056892134890614,-0.2149321832002527,0.8298201926473996,0.9999150196613263
SMC1A,1.1872279691020515,1.766927153160301,1.3881882339009808,1.2728296566777668,0.20307849499702146,0.9999150196613263
SMC2,0.871082454721645,-1.0294879183139232,1.4017223447932403,-0.7344449648947965,0.4626775906500725,0.9999150196613263
SMC3,1.6226607405556217,-0.84102479013071,0.9287290072771366,-0.9055653301886636,0.3651659662971257,0.9999150196613263
SMC4,2.533644663672076,-0.9336048615802658,1.1147619865771343,-0.8374925525105948,0.4023157614417957,0.9999150196613263
SMC5,1.848791451211339,-0.09847287673255474,1.0583587620958863,-0.0930430022968272,0.9258693984802134,0.9999150196613263
SMC6,4.427519078093684,0.36741091511613994,0.7922935720169019,0.4637307787072416,0.6428406427121405,0.9999150196613263
SMCHD1,3.352440037476182,0.30827985916052314,0.906878237113416,0.3399352267419877,0.7339053075425116,0.9999150196613263
SMCO4,1.2693324475573213,-0.042650435719019004,1.1319556940532227,-0.03767853807625588,0.9699439879778159,0.9999150196613263
SMDT1,2.4647420589377695,-0.9792380581793596,0.9656470221960346,-1.0140745382846175,0.3105471864495819,0.9999150196613263
SMG1,2.769345058660866,1.1683702948548134,0.9081467584205339,1.2865434843228039,0.19825345306547348,0.9999150196613263
SMG1P2,2.5344667643921857,-0.6560639515110619,1.2359346437045746,-0.5308241458015808,0.5955406461371388,0.9999150196613263
SMG7,1.5713067932630633,0.9944227102374967,1.3152660220813968,0.7560620388138909,0.44961200059065365,0.9999150196613263
SMIM10L1,1.0014663899247276,-0.6984565869393872,1.1962487494453493,-0.5838723653949335,0.5593061867550844,0.9999150196613263
SMIM12,0.9661458816069113,-0.5627882624623339,1.1118660133836809,-0.5061655412504527,0.6127404431203686,0.9999150196613263
SMIM14,5.610009993714501,-0.04500726182186438,0.6147343764915039,-0.07321416134027836,0.9416356975118518,0.9999150196613263
SMIM15,0.3783351437332541,-0.8425119020862858,1.8251597240363682,-0.46160995719490133,0.6443610527873819,0.9999150196613263
SMIM19,1.1209389882600023,0.9525446313971176,1.1849567482247279,0.8038644725423066,0.4214752500973482,0.9999150196613263
SMIM20,1.4279379635438345,-0.66619696014223,1.0733948537734184,-0.6206448240368186,0.534833340357097,0.9999150196613263
SMIM26,0.8319057563773506,1.3156993089025515,1.4563056336102016,0.9034499891625873,0.36628711927619106,0.9999150196613263
SMIM3,10.15280129331029,-0.04538653202741745,0.5312011089475762,-0.08544133523617438,0.9319105325232461,0.9999150196613263
SMIM30,0.8186881079854911,0.4320728178671213,1.1307184085802944,0.3821223874913495,0.7023705867729988,0.9999150196613263
SMIM5,1.6277527287645843,-2.71051100530199,1.2582856618732543,-2.1541300894001734,0.031229971461169265,0.9999150196613263
SMIM7,1.2722537394756541,-0.9134498400099791,1.22770451663913,-0.7440306911231128,0.45685790779152347,0.9999150196613263
SMNDC1,2.150947183823517,-1.1727304136966672,1.2396283689762952,-0.946033862281747,0.34413131509589834,0.9999150196613263
SMOC1,0.4126474108948251,-0.5032849920955592,1.512892098242681,-0.3326641686344692,0.7393877997262434,0.9999150196613263
SMPD3,4.239088643928359,-0.08158523370909718,1.0779013341314798,-0.07568896254761069,0.939666557414671,0.9999150196613263
SMS,0.6433111166317294,0.22503776807957562,1.1886924069126237,0.18931539124075292,0.8498456329802946,0.9999150196613263
SMU1,3.10382323140864,-0.07515338888774724,0.8296324786327278,-0.09058636302619619,0.9278212681062066,0.9999150196613263
SMURF2,0.4977624515002614,0.8206707009927166,1.5273266250836637,0.5373249490414416,0.5910431747616234,0.9999150196613263
SNAP23,1.7792319500126317,-0.34494763825774455,1.2055687220937035,-0.2861285565361021,0.7747796605042622,0.9999150196613263
SNAP29,3.4339419993383036,0.06607133766823027,0.8613427015768508,0.07670737506369323,0.938856337377956,0.9999150196613263
SNAPC3,0.26567326336486086,-0.11873313018080837,1.8806258041538562,-0.06313490430608527,0.9496590801123906,0.9999150196613263
SNAPIN,0.5508510827824146,-0.5807521891268221,1.5615742983843246,-0.3719017338641489,0.7099660141471891,0.9999150196613263
SNCA,0.5553191909175088,2.205327406642468,2.031754519213057,1.0854300486540274,0.27773122974241193,0.9999150196613263
SND1,5.941595996837267,-0.16289026595231548,0.6375480008581238,-0.25549490506294303,0.7983408782375068,0.9999150196613263
SNF8,0.8280132322624052,0.3908167811887371,1.747144721219644,0.2236888429688391,0.8229994280081157,0.9999150196613263
SNHG1,2.01675786439539,0.138711629938222,1.0824412693809091,0.1281470264133191,0.8980326211102521,0.9999150196613263
SNHG12,0.6869381524362637,1.1329957570802496,1.3104367759547884,0.8645939871877797,0.3872616738980649,0.9999150196613263
SNHG14,1.4663420566619143,-0.0438302475406397,1.069557573508721,-0.040979792604200864,0.9673120054934815,0.9999150196613263
SNHG15,0.6989699031163481,-0.5579227911526785,1.4873134767198948,-0.37512118318400195,0.7075703435340273,0.9999150196613263
SNHG25,0.5598468056524442,1.0981987638966715,1.6470900676899747,0.6667508871794018,0.5049312684548299,0.9999150196613263
SNHG3,0.5397387576786445,-0.3360864501295582,1.4718962571897827,-0.22833569179069121,0.8193852793031237,0.9999150196613263
SNHG5,6.957996602201473,-0.27561241297869016,0.7447229702056437,-0.37008716530199687,0.71131754487275,0.9999150196613263
SNHG6,3.5508984855845847,-0.785916581970715,0.770038765258523,-1.0206195031062641,0.3074347456105857,0.9999150196613263
SNHG7,4.120289786644172,-0.4283550883059259,0.8583531190014254,-0.4990429682416224,0.6177491140023019,0.9999150196613263
SNHG8,6.340893871066325,-0.2544206632244768,0.6388752088341483,-0.3982321738368225,0.6904590517561191,0.9999150196613263
SNHG9,0.6432995337790043,-1.0396473951139056,1.8861602897721181,-0.551197796259147,0.5814980905951963,0.9999150196613263
SNIP1,0.32070190460269127,-0.7298637470210589,1.910552419251489,-0.3820171274374157,0.702448660530548,0.9999150196613263
SNN,0.8895605713264685,0.3321424838089286,1.219400207359847,0.27238184953901096,0.7853284272575995,0.9999150196613263
SNORD3A,6.475039220675033,-0.019311442984697988,0.5947598265385265,-0.032469313028570965,0.9740977877762631,0.9999150196613263
SNRK,0.8033008310313483,1.7941107886927177,1.6599474102979168,1.0808238728302375,0.27977546705435763,0.9999150196613263
SNRNP200,2.219307605906968,-1.4162778347298532,0.8827206003936483,-1.6044463379446063,0.10861570392808316,0.9999150196613263
SNRNP25,0.8233701881748379,-0.6328323552276977,1.0931786260454912,-0.5788919945470679,0.5626620522180543,0.9999150196613263
SNRNP27,2.9239240512816336,0.04731506822246593,0.8693653730754551,0.05442483642416627,0.9565966915709543,0.9999150196613263
SNRNP48,0.3767887548118937,-0.8089971338363356,1.9369253583002832,-0.4176707844572068,0.6761878357054227,0.9999150196613263
SNRNP70,2.785489065771753,0.19065410634118407,0.8269567994481478,0.2305490522218489,0.8176651517090414,0.9999150196613263
SNRPA,1.3271691573578661,-2.0804284358623857,1.2377726883496487,-1.6807839237721989,0.09280489236817083,0.9999150196613263
SNRPA1,0.824871007695156,-1.472188280072607,1.179601392089759,-1.2480387781371693,0.21201685652542412,0.9999150196613263
SNRPB,2.997974205542517,0.3522520438012372,0.9800323237151048,0.359429005837196,0.7192741789767457,0.9999150196613263
SNRPB2,3.268672994594976,-0.7815525147927621,1.0000963507098295,-0.7814772189080047,0.43452187032136036,0.9999150196613263
SNRPC,1.3435925012295755,1.012343588702709,1.0095605271119648,1.0027567060280236,0.3159782623899414,0.9999150196613263
SNRPD1,2.12454056601758,-0.4084368215261405,1.0774001790701202,-0.37909481496341785,0.704617456510152,0.9999150196613263
SNRPD2,6.063345111500916,-0.23829192529332077,0.7696976147723772,-0.3095916119784142,0.7568715357841794,0.9999150196613263
SNRPD3,2.1932933666505674,0.46058617914692085,0.896631721964619,0.5136849030254313,0.6074723086892234,0.9999150196613263
SNRPE,0.43313355477808146,1.3059621976210438,1.5479864533574172,0.8436522133566164,0.39886377813794116,0.9999150196613263
SNRPEP4,1.7025324125802759,0.12859276136479098,1.0275602394482446,0.1251437691223239,0.9004097328892146,0.9999150196613263
SNRPF,2.386047771624604,-0.6423701490133388,0.821748140446974,-0.7817117160300892,0.43438401468752863,0.9999150196613263
SNRPG,5.570156846126341,0.553881334276391,0.6550937225724971,0.8454993769461662,0.39783208039705076,0.9999150196613263
SNRPGP10,1.3542056751170297,0.8313149944581814,1.08186579004359,0.7684086160305396,0.4422444631677036,0.9999150196613263
SNRPGP2,0.47079517758256884,0.26113977704439584,1.308561628246693,0.1995624595795997,0.8418227900531139,0.9999150196613263
SNRPN,2.0524865671410626,-0.5957528423696449,1.2139903848302604,-0.4907393417724167,0.6236108171083097,0.9999150196613263
SNU13,4.549127638601579,-0.6700718097025544,0.7973425279994569,-0.8403813745941453,0.4006945887593053,0.9999150196613263
SNW1,1.1567142409845863,0.382828546472511,1.176868235466413,0.3252943149755329,0.7449583331024008,0.9999150196613263
SNX1,1.8927816042867367,-0.2509436792182939,0.9045209980560894,-0.2774326740425023,0.7814478956309694,0.9999150196613263
SNX10,1.8772391015077905,0.11777509848242577,1.0407624292656796,0.11316232712735716,0.909901862362159,0.9999150196613263
SNX11,0.7140074168014598,-2.4351833630387127,1.6098209742933338,-1.512704457157225,0.13035474691375623,0.9999150196613263
SNX13,0.878624076640323,0.38570819737939954,1.061740541359259,0.3632791462268259,0.7163963696948157,0.9999150196613263
SNX14,1.5660971617123929,0.4515621282976325,1.6621851853263925,0.2716677613806083,0.785877491969105,0.9999150196613263
SNX16,0.6714396291714643,-0.966626075094514,1.3513537216691778,-0.7153020409049881,0.4744224277313034,0.9999150196613263
SNX17,1.1007078054043322,-0.9118737444620616,1.132957864316143,-0.8048611278341508,0.42089982225349987,0.9999150196613263
SNX18,0.7426085217736075,2.0135047652258753,1.4012965478449022,1.436886980362941,0.15075010995091728,0.9999150196613263
SNX19,0.2652177859442031,0.3130326111157657,1.8363014257034869,0.17046907807951134,0.8646412505313197,0.9999150196613263
SNX2,1.3715773707972319,0.768125524121648,1.2504222583595757,0.6142929070451362,0.5390217887903808,0.9999150196613263
SNX3,7.1410284439755225,0.5151917221635268,0.6609575565774425,0.7794626402809925,0.43570723678782597,0.9999150196613263
SNX4,1.6967040992931943,0.8796564934337027,1.01842107893866,0.8637453717576526,0.3877277831896563,0.9999150196613263
SNX5,4.108153735337141,0.7053691047529164,0.8396862601349936,0.8400388790921939,0.40088658785112674,0.9999150196613263
SNX6,3.025776514907874,-0.16702132803184347,0.8538004323455459,-0.19562103941901895,0.8449067913641848,0.9999150196613263
SNX9,5.979452322006684,0.004507694413817414,0.6852002498850874,0.006578652612244937,0.9947510325112204,0.9999150196613263
SOCS1,1.1733919578372785,-2.11951812185211,1.6647866351842269,-1.2731470069842084,0.20296588108790703,0.9999150196613263
SOCS3,11.528504003940855,0.42801560303436903,0.6582006578112415,0.6502813358735888,0.5155105108073031,0.9999150196613263
SOCS4,1.2020498688860013,-0.282391341983931,1.169167809556839,-0.241531916698056,0.8091428826268964,0.9999150196613263
SOCS5,2.0420716693107437,0.32791295263303977,0.9522907721742235,0.3443412056638594,0.7305896992025762,0.9999150196613263
SOD1,5.900416670990575,0.27198621780721105,0.6041244902553199,0.4502155138459327,0.6525550510076155,0.9999150196613263
SOD2,6.070630024932113,1.1369073750783394,0.6306482832844188,1.8027598032255336,0.07142594556877775,0.9999150196613263
SOGA1,1.035254042021509,-0.7236389204543932,1.255183750521226,-0.5765203064124242,0.5642635483707297,0.9999150196613263
SON,10.137892571322135,-0.07818762841256006,0.5217055536321141,-0.14986926604138634,0.8808677599595982,0.9999150196613263
SORL1,2.9822850654436914,-1.752395818093239,1.1868453608537048,-1.4765157078532376,0.1398055015841009,0.9999150196613263
SORT1,0.7230487090725314,0.7811843525133227,1.6324748612855378,0.47852764599275815,0.632274702178981,0.9999150196613263
SOS1,1.4411329404351279,-0.5602232506111823,1.080169259787303,-0.5186439491172858,0.6040090552751298,0.9999150196613263
SOS2,0.785456664817014,0.4348407256957879,1.5123967280854163,0.28751763186255,0.7737160033421944,0.9999150196613263
SOX4,15.370641747821354,-0.4646714623950873,0.4557143111645645,-1.0196551896902974,0.3078920205867063,0.9999150196613263
SP1,1.5778839174450068,0.9452575265479092,1.613110938006037,0.5859842024977773,0.5578861308935319,0.9999150196613263
SP100,1.8988347670992012,0.10973559885986596,1.1642066839080447,0.09425783271704138,0.9249043453469052,0.9999150196613263
SP110,7.9182746933791845,-0.14274195847703514,0.6935546040404245,-0.2058121417484171,0.8369376564962561,0.9999150196613263
SP140L,0.8562673931991438,1.2465684820916085,1.6388191389243638,0.7606504296195806,0.44686589005121824,0.9999150196613263
SP2,1.2722641597368853,-0.3702845015145718,1.1194621768841915,-0.3307699975582809,0.7408182248919006,0.9999150196613263
SP3,1.4324404578903511,-0.06701314608542697,1.256152323545337,-0.053347945809860485,0.9574546793316165,0.9999150196613263
SPAG7,0.8265986372948902,-1.1803541522256256,1.2690355045008586,-0.9301190928380577,0.35230942626718786,0.9999150196613263
SPAG9,1.324909324067875,-0.10709807824551312,1.2871152035523619,-0.08320784180773311,0.933686277504105,0.9999150196613263
SPARC,0.7923596859840584,-0.2967746962945527,2.0077222217926107,-0.14781661181673583,0.8824874990239394,0.9999150196613263
SPART,4.137745241588324,0.14980819201609247,0.7998040875841617,0.18730610951063495,0.851420633064524,0.9999150196613263
SPATA13,0.4217531924097178,-0.2540810565706768,1.5815727584013273,-0.1606508807267931,0.8723683782992331,0.9999150196613263
SPATS2,0.9278688783101031,-0.012612087905024614,1.1110916191313407,-0.011351078244010908,0.9909433444081723,0.9999150196613263
SPATS2L,0.9502912655466113,-0.31090347654469785,1.4584270717311938,-0.2131772527889562,0.8311887101214951,0.9999150196613263
SPCS1,14.340520774456557,-0.07657113874860697,0.4301685722949563,-0.17800263357245905,0.8587209074802068,0.9999150196613263
SPCS2,2.3451909954997783,-0.2594608945350542,0.786296308533129,-0.32997852300628266,0.7414161902217118,0.9999150196613263
SPCS2P4,0.7880060060613634,-0.5645936868358848,1.5653999833395917,-0.3606705588634238,0.7183457359818947,0.9999150196613263
SPCS3,7.447657570370895,0.1771485753610484,0.6240988223823416,0.28384699507175465,0.7765276381579869,0.9999150196613263
SPEN,4.084125481747348,-0.3926750143512759,0.8861989657690558,-0.4431002850590184,0.657693199020624,0.9999150196613263
SPG11,0.7367983345983643,0.4180107732392767,1.4096781539254113,0.2965292269553001,0.7668259501698161,0.9999150196613263
SPG21,2.7091750258661884,-0.2990723034625319,0.8289078286973443,-0.36080284575491794,0.7182468352986484,0.9999150196613263
SPHK1,1.037756624387608,-0.28866303890837325,1.2089749523447537,-0.23876676547229037,0.811286442245784,0.9999150196613263
SPI1,1.0265316097423285,1.7697953190932645,1.7154336994293644,1.0316897235270495,0.3022174930664878,0.9999150196613263
SPIB,7.999498432886096,0.21024016359973985,0.5766398742863232,0.36459525775934765,0.7154135552868152,0.9999150196613263
SPIN1,0.8055866888696362,-0.2839728916235319,1.1394785299680832,-0.24921302521732108,0.8031960045583535,0.9999150196613263
SPINT1,0.979713198404655,1.513004906385419,1.822494268687348,0.8301836293154222,0.4064349695797673,0.9999150196613263
SPINT2,6.716888200174603,0.5219387224545424,0.6840089963043993,0.763058271564411,0.4454286445893544,0.9999150196613263
SPN,8.268627158944659,0.2407175331753795,0.5867231633781558,0.41027446707474174,0.6816046198953205,0.9999150196613263
SPNS3,0.4500906920775236,-1.5720482533598945,1.9418305634237916,-0.8095702493157254,0.41818721268989045,0.9999150196613263
SPOCK2,1.186840441659732,-0.6222842336580542,1.3378628011592513,-0.46513307128268166,0.6418361641855883,0.9999150196613263
SPON2,2.3393580699144865,-0.4887908930859596,1.090647392933152,-0.44816582907828817,0.654033521921513,0.9999150196613263
SPOP,1.6685824530714684,-0.28960056817550117,1.0817382541935823,-0.2677177839027183,0.7889165597757178,0.9999150196613263
SPOPL,0.4185131604369405,-1.224196076324293,1.5819516400208025,-0.7738517697723015,0.4390184537965912,0.9999150196613263
SPPL2A,3.1472320627198194,0.019161261438103313,0.8181813460454335,0.023419333049716454,0.9813157836912239,0.9999150196613263
SPPL3,0.7642574265097374,-0.6609645215590608,2.0000610699033894,-0.33047216982778826,0.741043217765166,0.9999150196613263
SPRED2,1.1423379848673303,1.0466618344253835,1.2313115159005443,0.8500382079671256,0.3953038441155483,0.9999150196613263
SPSB1,1.8001700992478362,-1.4527280808936311,1.0713458992992924,-1.3559841707928126,0.175104204534817,0.9999150196613263
SPTAN1,2.0818106174773514,0.8964738489279939,1.1045296575802035,0.8116340224779325,0.41700166291187835,0.9999150196613263
SPTBN1,1.006827299157003,-0.9120897345894506,1.1616491562963303,-0.7851679912525857,0.43235507986598554,0.9999150196613263
SPTLC2,1.0246497950110038,-0.8995778616569258,1.102747761287779,-0.8157603154926443,0.41463723452697543,0.9999150196613263
SPTSSA,1.0777762333647476,0.8018907948433281,1.2014868294968026,0.6674153849686141,0.5045068413660664,0.9999150196613263
SPTY2D1,3.1263862664032724,-0.0709306118406149,0.7997594134071274,-0.08868993681291851,0.9293283302783304,0.9999150196613263
SQOR,0.6531250364910085,0.6891870744232733,1.6237676190368833,0.4244370107787072,0.6712471338098059,0.9999150196613263
SRA1,0.4501343658731817,-0.963612398853131,1.8838696826462717,-0.5115069305110026,0.6089961367341559,0.9999150196613263
SRC,2.656868372427755,0.14420160241075589,1.1634154506710244,0.12394678300652151,0.9013574110312772,0.9999150196613263
SRD5A1,0.6081068375899178,0.2610751293445275,1.6995554885394468,0.1536137720156984,0.8779142773358212,0.9999150196613263
SRD5A3,0.6602342673828541,-1.061930119996267,1.5771171158831723,-0.6733362470684969,0.5007333976425559,0.9999150196613263
SREBF1,1.4972494326994115,-0.12358406826762854,1.1962508947619177,-0.10330948867731021,0.9177173450412309,0.9999150196613263
SREBF2,1.6013177493115083,0.7937916980505976,0.9896149179196428,0.80212179876926,0.422482506497764,0.9999150196613263
SREK1,2.924287626552384,0.6067698130003122,0.9408383637085126,0.6449246081001642,0.5189760438155175,0.9999150196613263
SREK1IP1,0.6670913595095188,-1.2360882158019235,1.382362738888882,-0.8941851375388408,0.3712228429291451,0.9999150196613263
SRF,1.0529360768051736,-1.1815241900411497,1.4544511708519723,-0.812350537247015,0.41659051963114735,0.9999150196613263
SRFBP1,1.1428377395216076,1.2835081732911457,1.914520264325534,0.6704072018497609,0.502598244899907,0.9999150196613263
SRGAP2,0.7752209752526197,-0.1770020704850934,1.1635349061212703,-0.15212441805905322,0.8790888055143558,0.9999150196613263
SRGN,23.31895983030645,0.30223106059531823,0.41746481495539656,0.7239677447490028,0.46908553767110706,0.9999150196613263
SRI,1.867817786597957,1.0093720084520221,1.0002999780276134,1.009069309830734,0.3129413953174852,0.9999150196613263
SRM,1.8330962440178185,-1.1323163604947182,1.3934579799475402,-0.8125945502406515,0.41645055716246526,0.9999150196613263
SRP14,10.672506604935627,0.035093676510686005,0.49428178346766904,0.070999332130923,0.9433982870332543,0.9999150196613263
SRP19,2.7478630340354693,0.3092658409739965,0.8964627774542961,0.3449845869253212,0.730105958092896,0.9999150196613263
SRP54,1.9392951582051796,0.5711302980110063,0.9814165015504827,0.5819448695927886,0.5606038160307973,0.9999150196613263
SRP68,0.7564284744207802,-0.4888386655852971,1.4957894266164147,-0.3268098148621668,0.7438117355234078,0.9999150196613263
SRP72,6.680005157602284,0.13424118946266317,0.6237528522879134,0.21521535167377445,0.8295994224533085,0.9999150196613263
SRP9,1.4628327979473346,0.33512851994025605,1.0423295832220454,0.3215187646351819,0.7478172944055045,0.9999150196613263
SRPK2,1.2586037774077528,0.42919096946656426,1.293220894152582,0.33187754033915706,0.7399817303366637,0.9999150196613263
SRPRA,3.5887792469568023,-0.050477958069950785,0.8817386284813892,-0.05724820988832999,0.9543474751651465,0.9999150196613263
SRPRB,2.7102353762072937,-0.883716158014755,1.098360580454606,-0.8045774527423311,0.42106355763847114,0.9999150196613263
SRRM1,5.95706473922284,-0.9800648152976483,0.6817301198099538,-1.437614074570831,0.1505435852163821,0.9999150196613263
SRRM2,9.928275503501823,-0.23729848756177838,0.5783667171784663,-0.4102907040007893,0.6815927104622468,0.9999150196613263
SRRT,2.0445131691278697,-1.2896520390805375,0.9281838200113222,-1.3894360268689083,0.16470020147374442,0.9999150196613263
SRSF1,2.8586705907194028,0.6815958819356377,0.7558230444174504,0.9017929354892543,0.36716687324088604,0.9999150196613263
SRSF10,3.8793850457094035,-0.38455592307399367,0.8699642023745306,-0.44203649072497986,0.6584628003114347,0.9999150196613263
SRSF11,6.129527344734923,0.03482391000276624,0.8058112275813373,0.043215965241997285,0.9655293785553727,0.9999150196613263
SRSF2,9.52268199756336,0.5411823328350813,0.8046395074336913,0.6725773813432583,0.5012161954988137,0.9999150196613263
SRSF3,10.73089822937012,0.3628551920152797,0.6121443498259455,0.5927608285830825,0.5533412261536556,0.9999150196613263
SRSF4,1.6110397277330237,-0.8658196639981739,0.9570462600274939,-0.9046790109950388,0.36563546367748856,0.9999150196613263
SRSF5,12.921298273108176,0.0012721465654641378,0.504969970403008,0.002519251916007717,0.9979899299176399,0.9999150196613263
SRSF6,6.2996064331669785,0.04394987304263344,0.6838866588344584,0.06426484926250323,0.9487593418003846,0.9999150196613263
SRSF7,14.865231969897215,0.3015713043406776,0.4503104138109132,0.6696964917789096,0.5030512885447654,0.9999150196613263
SRSF8,0.26567326336486086,-0.11873313018080837,1.8806258041538562,-0.06313490430608527,0.9496590801123906,0.9999150196613263
SS18,0.5013254715181075,0.01934902766131181,1.527379540064129,0.012668120237160841,0.9898925727912244,0.9999150196613263
SS18L2,0.4422277534402492,-0.5010512319261698,1.3650324023562064,-0.36706178627063835,0.7135729308625451,0.9999150196613263
SSB,2.279436358539918,0.2842709776212182,0.8492336518361792,0.3347382395958743,0.7378225528417205,0.9999150196613263
SSBP1,4.54743291306028,0.1582361060205481,0.6331013738902592,0.2499380234293671,0.802635277733136,0.9999150196613263
SSBP2,0.3990302747445812,1.895939948157406,1.8937167155103083,1.0011740048703635,0.3167426917499051,0.9999150196613263
SSFA2,2.4874172910676347,-0.5481731465269832,0.8949067054135176,-0.6125478144380244,0.5401753731423665,0.9999150196613263
SSH1,1.2211487538819021,-0.7381211374428618,1.2779830898187943,-0.5775672176910575,0.5635563449602219,0.9999150196613263
SSH2,1.9146337685161383,0.08526443439170525,0.9853973180488096,0.08652797488888828,0.9310467187166249,0.9999150196613263
SSNA1,1.6643256841283167,-2.194054826089691,1.4839714503274741,-1.4785020463874285,0.1392734497637597,0.9999150196613263
SSR1,8.727267131894488,-0.05928217457646146,0.6101459001839542,-0.097160653801965,0.9225988138783883,0.9999150196613263
SSR2,4.6681997491495935,-0.6144113049717326,0.970909888356263,-0.6328201127005951,0.5268511210481328,0.9999150196613263
SSR3,8.716715585119953,-0.07218168956923406,0.4859337477001579,-0.1485422445155492,0.8819148494208484,0.9999150196613263
SSR4,7.064766296504137,-1.013411274476505,1.0538149696519719,-0.961659592680857,0.33622062611734116,0.9999150196613263
SSRP1,1.1554370788050279,-0.3780111341244148,1.2760426595628889,-0.2962370664425148,0.7670490435684755,0.9999150196613263
SSSCA1,0.3811424347345887,-0.8176136626749435,1.8642282191496142,-0.43858024155857156,0.660965716337504,0.9999150196613263
SSU72,3.5260253137537805,0.7668209221136664,0.8419572103135199,0.9107599682270373,0.36242185930956505,0.9999150196613263
SSX2IP,0.8238306755959776,0.3104092062961091,1.3949469510835757,0.22252402218950867,0.823905975002287,0.9999150196613263
ST13,2.632286927956392,0.05000760541138812,0.9622927916314732,0.051967141234223656,0.9585548755175909,0.9999150196613263
ST14,0.5430108805943552,-0.7932042571802056,1.4713476842945057,-0.5391004897394717,0.5898175176920231,0.9999150196613263
ST3GAL1,1.419603682811218,0.32061510942572746,1.6864827553008452,0.19010873868587774,0.8492239224779434,0.9999150196613263
ST3GAL2,1.5599822720943466,-0.5328745230471781,1.1112497679294715,-0.47952722999443487,0.6315636013972548,0.9999150196613263
ST3GAL5,2.3165748875613184,-1.0057580208769556,1.0752005983943658,-0.9354143053667276,0.34957482741290147,0.9999150196613263
ST6GAL1,1.6280459222031585,-0.17285153458353353,0.9528529732748847,-0.1814042034097408,0.856050319772556,0.9999150196613263
ST6GALNAC4,3.848349814541979,0.497815415551915,1.0910000739144103,0.45629274227800737,0.6481794822443478,0.9999150196613263
ST8SIA4,2.278591026687369,1.0548230896180806,1.153281667785197,0.9146274661972218,0.36038723454464816,0.9999150196613263
STAG1,0.5126014931816805,-0.9611271895962914,1.4889483866052216,-0.6455073918227925,0.5185984296530428,0.9999150196613263
STAG2,4.054447915967983,-0.061049783680130754,0.6697507645356683,-0.09115298841421403,0.9273710291844275,0.9999150196613263
STAM2,0.6165037457856998,-0.18945772023203256,1.2478127812506674,-0.1518318477569539,0.8793195624556271,0.9999150196613263
STAMBP,0.43802929934235824,-0.18506242396274358,1.4899162738196186,-0.12420994871631875,0.9011490453054161,0.9999150196613263
STAMBPL1,0.6885664513316888,0.34884244473726417,1.202737995311267,0.29004026321375526,0.771785435250237,0.9999150196613263
STAP1,3.692948902120722,-0.5984170064256229,0.9306800204267718,-0.6429889900840606,0.520231243963194,0.9999150196613263
STARD3NL,1.1728218679132252,-1.2555196208704917,1.337360844910231,-0.93880393287181,0.3478314193170252,0.9999150196613263
STARD4,0.6587918864126618,-0.37309493365547564,1.9850882556502725,-0.18794878897374653,0.8509167961171157,0.9999150196613263
STARD7,2.6968422824279235,0.12992724773238715,0.9152337685232544,0.1419607232609293,0.8871110297112376,0.9999150196613263
STAT1,7.874949653148382,-0.13578608219757698,0.8797977058074675,-0.15433784528109695,0.8773433585695724,0.9999150196613263
STAT2,4.386527138955717,0.00671542747227504,0.6644058800682634,0.010107417278704808,0.9919355851139113,0.9999150196613263
STAT3,3.2872115926513215,-0.21077535051093682,0.8627407390544501,-0.24430902699916915,0.8069914927358897,0.9999150196613263
STAT5A,0.755973730014013,0.062030151929050155,1.7016369733124612,0.03645322292703847,0.970920976593537,0.9999150196613263
STAT5B,1.2700273213277247,-0.1392050012189732,1.0686626919715903,-0.13026093477835557,0.8963599862064139,0.9999150196613263
STAT6,1.1608786814990264,-2.0980345299634107,1.3972281489749268,-1.5015690397467505,0.13320844410445784,0.9999150196613263
STAU1,3.0232413327026593,0.5429103976304097,0.8689245655800647,0.6248072837807055,0.5320975495966245,0.9999150196613263
STAU2,0.29868095465079947,-0.35214638108312285,1.8763161995811863,-0.18767965717171,0.8511277781089868,0.9999150196613263
STEAP4,0.459679058990659,1.5579005052777462,1.988362110873225,0.7835094506973713,0.4333280061323971,0.9999150196613263
STIM1,0.8298559954561332,-1.0927948929235087,1.4526871680657745,-0.7522575520361652,0.45189618948107113,0.9999150196613263
STIM2,1.1208003282532717,-0.6614311672488609,1.1727705734103147,-0.5639902486003521,0.5727607685727067,0.9999150196613263
STIP1,2.496434030446313,-0.08827311564524773,0.9347281508389916,-0.09443720676007854,0.9247618611392207,0.9999150196613263
STK10,1.4088498883630003,-0.6392052247409208,1.1781921504420385,-0.542530540965751,0.5874530739607002,0.9999150196613263
STK16,0.517141423783231,0.6106802931162212,1.3973103702137928,0.437039834623703,0.6620824592979819,0.9999150196613263
STK17A,0.6386885156857214,-1.6949037374634621,1.4539193459063067,-1.165748115420348,0.24371630029557378,0.9999150196613263
STK17B,9.694025776870866,-0.3007893100249409,0.5466684585778215,-0.5502225440396827,0.5821667426973329,0.9999150196613263
STK26,0.4007022474356646,0.6873563318271028,1.6311110782982998,0.42140375414788156,0.6734602782892027,0.9999150196613263
STK38,1.2807969908454124,-0.565253944633849,1.1507604438653627,-0.4912003602897415,0.6232847441505143,0.9999150196613263
STK38L,1.0996346473874963,0.891407483750067,1.4029473073799883,0.6353820126108479,0.5251792965554087,0.9999150196613263
STK39,0.7383810640927475,-0.8931154681368023,1.3865245715617784,-0.6441396614636254,0.5194848735916082,0.9999150196613263
STK4,4.790652445892582,-0.14413494450541395,0.6736570357582179,-0.21395893882884554,0.8305790777329998,0.9999150196613263
STK40,2.128896961372326,-1.477419948857529,1.0850989435259315,-1.3615532092002465,0.1733389304526025,0.9999150196613263
STMN1,8.936112406456958,-0.45925958319989524,0.5570038556141766,-0.8245177812880589,0.40964541667604526,0.9999150196613263
STMP1,1.6632564007226602,-1.0284144553500971,0.9190546616998054,-1.118991609756953,0.26314371846005424,0.9999150196613263
STOM,0.5569420795521847,0.47389369765089406,1.6221071119081398,0.29214698226274144,0.7701742460924124,0.9999150196613263
STRAP,2.318921395117752,0.5585874888552017,1.2030762813768552,0.4642993112755317,0.6424333173606727,0.9999150196613263
STRBP,1.4260095745038164,0.49851329921518356,1.0943814148823097,0.45552061871298677,0.6487347374136254,0.9999150196613263
STRN3,0.6897326999542134,-0.2280164272327357,1.358342571199016,-0.16786371278304588,0.8666904979897181,0.9999150196613263
STRN4,0.5357586452025425,0.029957410592210784,1.5414400147624752,0.019434691136409228,0.9844943361046304,0.9999150196613263
STT3A,1.8247810157326936,0.10650872380010834,0.9322422419158134,0.1142500511253669,0.90903957656503,0.9999150196613263
STT3B,2.820927365620173,-0.022639377079919674,0.946710409718307,-0.023913729951122016,0.9809214224979466,0.9999150196613263
STX11,1.4299738541757356,2.5209556674769797,1.3151318809477315,1.9168843094734258,0.05525263085974957,0.9999150196613263
STX12,0.8907064067219316,0.44699462875498974,1.1821884090826786,0.37810777480201835,0.7053505328703213,0.9999150196613263
STX16,3.8777856420121655,0.6454900827190041,0.7272690154897373,0.8875533935463154,0.37478103318427436,0.9999150196613263
STX18,1.0048327660376204,0.37968698953560287,1.1515938218708277,0.32970564996500273,0.7416223842025654,0.9999150196613263
STX4,0.3797606261317505,-0.6070812918533123,1.568656952564804,-0.38700704501434496,0.6987509924109295,0.9999150196613263
STX5,0.9255957908409146,0.6457438291335129,1.4862525423101487,0.4344778634523339,0.6639414663265412,0.9999150196613263
STX7,3.8058213734053927,-0.2376792990360216,0.8552300774260181,-0.27791269894455056,0.7810793754188252,0.9999150196613263
STX8,1.2692057011961044,0.22304237016424253,1.2444327972940312,0.1792321535154322,0.8577554176374186,0.9999150196613263
STXBP1,0.926714587880582,0.7397771747462074,1.80572196045787,0.4096849852557727,0.6820370457275255,0.9999150196613263
STXBP2,1.3560611460085803,-1.3711164213413023,1.3013471418836238,-1.053613119214825,0.2920600802932348,0.9999150196613263
STXBP3,0.8933437071439945,0.5079095114735449,1.281197152473189,0.3964335313211474,0.6917852336515458,0.9999150196613263
STYX,0.8099284802211169,1.7942739023241996,1.36319696867423,1.3162249796294745,0.1880985419283795,0.9999150196613263
SUB1,10.676982556142935,0.027739822275939463,0.6277542855765389,0.04418898112413967,0.9647537652642321,0.9999150196613263
SUB1P1,0.6584626043481244,0.43371206122222455,2.0952363944571575,0.2069991063393076,0.8360105564228963,0.9999150196613263
SUB1P3,1.1568115272995163,0.4987926092549032,1.3486487098940712,0.3698462064996011,0.7114970846790376,0.9999150196613263
SUCLG1,0.7004726182420503,-0.9416629400835095,1.275476304375811,-0.7382833666552024,0.4603422720067706,0.9999150196613263
SUCLG2,1.1785366240696387,0.9522414841838736,1.4093193449180472,0.6756747415818996,0.49924717606654656,0.9999150196613263
SUCO,1.1283581040741946,-0.9404773997757815,1.3136625839310465,-0.7159200629445245,0.4740407093289032,0.9999150196613263
SUDS3,0.4603411463963856,-1.0713517534608115,1.3779561415032122,-0.7774933622285496,0.4368677491384966,0.9999150196613263
SUGP2,1.674940003416277,0.5748981318860104,1.2351321538140807,0.46545475325108193,0.6416058319398457,0.9999150196613263
SUGT1,2.764923380152694,-0.013188257270654712,1.1295237117897756,-0.01167594547418344,0.9906841550418108,0.9999150196613263
SULF2,4.54898471224239,0.19480825315328623,0.6757370791555296,0.2882900156918111,0.7731247492072676,0.9999150196613263
SUMF1,0.675298556291928,-0.8905476446294277,1.3901582775924641,-0.640608813387578,0.5217768719945596,0.9999150196613263
SUMF2,1.2302042887488935,-1.6810761987008955,1.8935579916192804,-0.88778701584065,0.37465532853082406,0.9999150196613263
SUMO1,3.151554468113883,-0.5448208286377555,0.7061767043850073,-0.7715077901248911,0.44040600673922914,0.9999150196613263
SUMO2,2.153481129989723,-0.11733957073171232,0.8232669392950982,-0.14252919087481078,0.8866620237500871,0.9999150196613263
SUMO3,6.342241821265636,0.6415242502537133,0.7427071245736528,0.8637647721798508,0.38771712352389454,0.9999150196613263
SUPT16H,1.8152791954195517,-2.1426081271319304,1.2383319851163623,-1.7302372488833002,0.08358789579497208,0.9999150196613263
SUPT20H,0.3899067397458218,-3.0438493060679392,2.0444932344656053,-1.4888038046570244,0.13653904016487586,0.9999150196613263
SUPT3H,0.7854721625853721,0.6806619030352895,1.6025044300178715,0.4247488433012935,0.671019773659761,0.9999150196613263
SUPT4H1,4.323853735748846,-0.29514787556973215,0.651025689995059,-0.45335826236284493,0.6502907856416407,0.9999150196613263
SUPT5H,3.108201442495349,-0.26849462015229963,0.8579079150402057,-0.3129643816606083,0.7543077230632834,0.9999150196613263
SUPT6H,1.5656216687669453,0.7926467095360409,1.1026227336412262,0.7188739043303219,0.4722186165066553,0.9999150196613263
SUPT7L,1.2796160585866296,0.8055482081552737,1.1733431940254981,0.686540998624285,0.49237201997148317,0.9999150196613263
SURF4,3.5286986189664598,-0.9289798109115381,1.0138399192905068,-0.916298316169722,0.3595104509395506,0.9999150196613263
SUSD1,1.1555414195098188,0.6528465825087717,1.2729856654944822,0.5128467666249629,0.6080585131122436,0.9999150196613263
SUSD6,3.4501018933959386,-0.8310499462252509,0.9845806150836999,-0.8440649079350427,0.3986331358876617,0.9999150196613263
SUZ12,1.7386185779317853,-0.7751281572032434,1.078806787256055,-0.7185050802051234,0.47244591662611257,0.9999150196613263
SUZ12P1,0.6893274691814569,0.3485526382138466,1.2817239386486556,0.27194049178899776,0.7856677760822232,0.9999150196613263
SVIP,2.833857260748706,-0.7536191441304819,0.787948838648703,-0.956431569114189,0.338854241694852,0.9999150196613263
SWAP70,0.3754022689621965,-0.5102129858280184,1.8847573648610196,-0.2707048638409969,0.7866180356442236,0.9999150196613263
SYAP1,7.266657432744561,0.02478959914664971,0.6880638697928915,0.036028049480510325,0.971259993217062,0.9999150196613263
SYF2,3.247106239812764,-0.2079293339576742,0.9045180325669875,-0.22987859442401468,0.8181861101062712,0.9999150196613263
SYK,7.557062540259313,-0.284287863249397,0.7095561088957762,-0.4006559307787664,0.6886734607471765,0.9999150196613263
SYNCRIP,3.4044664377817053,0.556091319942494,0.8653329616846167,0.6426327720833656,0.5204624128684165,0.9999150196613263
SYNE1,0.3782142372103901,-0.5269115020301549,1.530652302973138,-0.34423983879727776,0.730665924008238,0.9999150196613263
SYNE2,0.3975441254369522,-1.1213990437542052,1.4735878604464592,-0.7609991055534688,0.4466576014932184,0.9999150196613263
SYNGR2,8.827490695693987,-1.157462973063812,0.5835484501505154,-1.9834907842960872,0.047312635454198976,0.9999150196613263
SYNRG,2.676578257163667,-0.09483117269293018,0.8225240907787809,-0.11529288169923665,0.9082129803207146,0.9999150196613263
SYPL1,1.8924319781461396,-0.41501643501331714,0.946405162032431,-0.43851877785837307,0.6610102610103978,0.9999150196613263
SYS1,0.8342294501337777,-0.5557306581798632,1.321111879483404,-0.42065374387305576,0.674007942820609,0.9999150196613263
SYVN1,0.9171579904909497,0.36353221094752347,1.5028396530798493,0.24189687183361017,0.8088600740823477,0.9999150196613263
SZRD1,0.6809893052542899,-2.594979724860519,1.4500645727409547,-1.7895614951514967,0.07352443320377879,0.9999150196613263
TAB2,2.1212085930419735,-0.09213169710458752,0.962217815821375,-0.09574931537298696,0.9237196727910029,0.9999150196613263
TACC1,7.279542916549547,-0.45935193448264827,0.594108677161996,-0.7731782957234885,0.43941686926452816,0.9999150196613263
TACSTD2,1.5391937698331415,1.969396625428023,1.1409361565648717,1.7261234242566899,0.08432521053096217,0.9999150196613263
TADA3,0.6975903228725167,1.2193466692391317,1.3794606947293784,0.8839299835783594,0.3767340102771166,0.9999150196613263
TAF1,1.5596248978378553,1.1017195743555326,1.37992665618025,0.7983899502348789,0.4246442334190771,0.9999150196613263
TAF10,1.6686300417827598,-1.0359720911966084,1.2018602930530708,-0.861973806094335,0.38870193218928306,0.9999150196613263
TAF11,0.8755663956609221,-1.49068064232537,1.3103483920265933,-1.137621606128637,0.255278520661976,0.9999150196613263
TAF12,0.3944903441430305,-0.4469305528372,1.334353087228116,-0.3349417460153816,0.7376690303188123,0.9999150196613263
TAF13,1.5901540692056682,1.160416241721067,1.0588717778125818,1.095898734895226,0.27312309278891356,0.9999150196613263
TAF15,2.356460217754824,-0.03788852267679019,0.8411842506340653,-0.04504188309306872,0.9640739249323468,0.9999150196613263
TAF1D,2.7950286147377446,-0.9448081652064102,1.0256897055917877,-0.9211442408513677,0.3569751250600135,0.9999150196613263
TAF2,0.8281237831513183,0.815636896931465,1.2131069623713326,0.6723536524240952,0.501358581095529,0.9999150196613263
TAF3,0.5432136970912841,-1.678148538516715,1.7438224657327834,-0.9623390978688469,0.33587929530051,0.9999150196613263
TAF5L,0.4587846699674167,-0.5308984773607918,1.5033369911103498,-0.3531466866711471,0.7239784738919885,0.9999150196613263
TAF7,5.587510322174354,-0.7480217549867503,0.6537984147048613,-1.144116807509274,0.2525751981970611,0.9999150196613263
TAF8,0.4756862448999865,-0.8846447459624162,1.5463457036649744,-0.572087304841169,0.5672628293256203,0.9999150196613263
TAF9,0.8716384120145362,-1.8611719649003364,1.258786915276189,-1.4785440985394884,0.1392622027351156,0.9999150196613263
TAGAP,1.5255204952366295,1.5362478943955036,1.1807762317974775,1.301049134480711,0.19324163693730023,0.9999150196613263
TAGLN2,16.67077700591828,-0.2523419228167686,0.46031877639332025,-0.5481895063979632,0.5835617866859646,0.9999150196613263
TALDO1,3.1330744529262446,0.4084132588787406,0.8741467932346308,0.46721358705381405,0.6403470736576773,0.9999150196613263
TANK,2.09483418972367,-1.131010269418867,0.90836961584218,-1.2450991861614278,0.2130952932563026,0.9999150196613263
TAOK1,3.691618926006701,0.5662537724783878,0.80041045406975,0.7074542437560952,0.4792842378625959,0.9999150196613263
TAOK3,5.294351095954578,0.11053940792499177,0.6364613755700005,0.17367810862991515,0.8621184428198212,0.9999150196613263
TAP2,2.5778979684678625,0.31095768214513086,0.7975795787836893,0.3898766849313545,0.6966277351100302,0.9999150196613263
TAPBP,5.484853738398872,-0.28826616016569634,0.6920279749112661,-0.41655275598166197,0.6770055717604134,0.9999150196613263
TAPT1,1.6704131662427213,-0.595405776765451,1.046295135994217,-0.5690610194796337,0.5693147307079529,0.9999150196613263
TARBP1,1.5632911628784811,0.3368147254544779,1.062952315252524,0.31686720149291114,0.751344369986154,0.9999150196613263
TARDBP,1.9773666079110734,-0.43136957705833984,0.9947134617527401,-0.43366214859326707,0.6645337970280143,0.9999150196613263
TARS,1.1643570369364662,1.2578893811988,1.1602263442845893,1.0841758484413926,0.2782868379081923,0.9999150196613263
TASP1,0.4179483593461437,1.4900768250685192,1.6174408420443862,0.9212558421519247,0.35691686967162684,0.9999150196613263
TATDN2,0.46835677678096793,0.6750929781705457,1.8839061064048426,0.3583474653409672,0.7200833011402823,0.9999150196613263
TATDN3,0.5295748905807067,-1.5916194234417957,1.4889215558338482,-1.0689746663990187,0.28508108492138173,0.9999150196613263
TAX1BP1,6.0372201879560095,0.7167880784138398,0.6688078551672343,1.0717399218264387,0.28383686429031185,0.9999150196613263
TAX1BP3,1.835891040732606,0.9942284340474421,1.3831848838793792,0.71879648601925,0.4722663231164349,0.9999150196613263
TBC1D1,1.6153729421521659,-1.294050850417467,1.1731336124690788,-1.1030720087321473,0.26999589538219915,0.9999150196613263
TBC1D10B,0.8967606778885651,0.3012408845066685,1.689903429425839,0.1782592302383918,0.8585193955091974,0.9999150196613263
TBC1D13,0.8672371414197162,-0.7051843172916483,1.3092195066833505,-0.538629552715796,0.5901424917191579,0.9999150196613263
TBC1D15,2.4744279115247574,-1.0316073255399525,1.2413015579927507,-0.8310690652866942,0.4059346141429895,0.9999150196613263
TBC1D22A,0.7918799767690692,-0.9855996493584588,1.7282547334627,-0.5702860986144843,0.5684836679242864,0.9999150196613263
TBC1D23,1.2778204422786965,-0.5314518549272051,1.3677338101321836,-0.38856380604925117,0.6975988453667972,0.9999150196613263
TBC1D2B,0.7600925470443352,-0.9007284287564087,1.6219987725111091,-0.5553200434066541,0.5786757716199143,0.9999150196613263
TBC1D32,0.24939715643222046,-0.22085367410214793,2.349842786938403,-0.09398657447628526,0.925119821540907,0.9999150196613263
TBC1D4,2.839105088924802,0.40560982633542286,0.8608535099069812,0.47117171698498467,0.6375181142599691,0.9999150196613263
TBC1D5,0.496606195843567,-0.9954334071975381,1.631972760234605,-0.6099571214990372,0.5418902119154383,0.9999150196613263
TBC1D9,0.520480691918539,-0.297007759657768,1.855675144097022,-0.16005374680075968,0.8728387360704886,0.9999150196613263
TBC1D9B,1.7223595290612679,-0.8200140689278029,1.045611743890989,-0.7842433615715912,0.4328973262313752,0.9999150196613263
TBCA,2.910747120012753,-0.4100743623792982,0.8275958028710613,-0.4955007758095016,0.6202466745211757,0.9999150196613263
TBCB,2.1052275763627133,-0.6107580115896729,0.9327531173328155,-0.6547906409963232,0.5126025571605686,0.9999150196613263
TBCC,0.8038266355733461,-0.3914668529411593,1.209498935649742,-0.32366035339325333,0.7461951898276518,0.9999150196613263
TBL1XR1,3.6000223777540703,0.40154910723840076,0.7544792874756965,0.5322201866957622,0.5945735032390341,0.9999150196613263
TBL2,0.5636132537536164,0.48464674450600603,1.5702670561503755,0.3086396945078584,0.7575956221753641,0.9999150196613263
TBRG1,0.6165856557597648,-0.7791282982536533,1.308922153897242,-0.595244183111916,0.5516802603022347,0.9999150196613263
TCAIM,0.6436410102826639,0.39179457012340824,1.3848922812474764,0.2829061692585141,0.7772487653152426,0.9999150196613263
TCEA1,3.542408057676298,0.09791879597068479,0.7867709585318807,0.12445654597292438,0.9009538041024535,0.9999150196613263
TCEA1P2,1.7356736919012452,-0.6274041078721753,1.2061625241133311,-0.5201654796341727,0.6029482432296027,0.9999150196613263
TCEAL8,0.9011758411346944,-0.8211585712472637,1.1576274712263765,-0.7093461339314435,0.4781097060845938,0.9999150196613263
TCEAL9,0.7683349740847645,-0.4742440746410378,1.3602498773646026,-0.3486448207294497,0.7273559744512619,0.9999150196613263
TCERG1,1.3973347491824564,-0.13858295509514268,1.390647313788813,-0.09965355969197824,0.9206193709303907,0.9999150196613263
TCF12,1.6646139214872575,0.8583846187716804,1.100629521731011,0.7799033206211471,0.4354477837720334,0.9999150196613263
TCF25,5.350621218195778,-1.3467800252167759,0.8465675385975471,-1.590871328999808,0.11163853616473123,0.9999150196613263
TCF3,3.4352461932126053,0.3921759307170729,0.8448541392812517,0.46419365483693,0.6425090068219217,0.9999150196613263
TCF4,19.13054727282867,0.05980383081726341,0.39117020137676295,0.15288442372854016,0.8784894195624049,0.9999150196613263
TCIRG1,1.3439640810870022,-0.7422272216016332,1.3447676232252628,-0.5519371590918368,0.5809914083515795,0.9999150196613263
TCL1A,3.5028166438576083,0.7740237849546604,1.071665381777591,0.722262562658106,0.4701330652806316,0.9999150196613263
TCOF1,0.6571804860889325,-0.33789053555816545,1.3984370312341599,-0.2416201287661609,0.8090745236467063,0.9999150196613263
TCP1,2.4962137932191397,-0.28934092380567933,0.8819846161434813,-0.3280566559888946,0.7428688255018387,0.9999150196613263
TCP11L1,0.9016703151041511,-0.6981116884894246,1.5835329709410786,-0.44085705905734535,0.659316482463298,0.9999150196613263
TCTA,0.7825689744168847,-1.5990932808498088,1.5681946861815421,-1.019703289993606,0.30786920088542435,0.9999150196613263
TDG,1.5399338522973003,1.007556272759368,1.2367880989855777,0.8146555368585555,0.4152695110984962,0.9999150196613263
TDRD3,1.3997869903588755,-2.5088831165616026,1.6801700238173718,-1.4932316854822718,0.13537655070799803,0.9999150196613263
TECPR1,0.6359599507958753,-1.0339182077988405,1.6380935782914245,-0.6311716384830987,0.5279283040796137,0.9999150196613263
TECRP1,2.8959188465763415,-0.727050812092337,1.1822003356247837,-0.6149979746944466,0.5385560579459714,0.9999150196613263
TEP1,1.0438816077056954,0.11905814281516502,1.4076524177729233,0.08457921949477375,0.9325959202999026,0.9999150196613263
TEPSIN,1.1779651842385432,-2.0117880928754057,1.721440052920481,-1.1686657862191248,0.2425383117410166,0.9999150196613263
TERF1,1.3061271220697739,0.9586342171413355,1.126507915224086,0.8509786786102103,0.3947811968640398,0.9999150196613263
TERF2,1.305436431341346,-0.47618653027990543,1.109903379198419,-0.429034219738849,0.6678983218100392,0.9999150196613263
TERF2IP,4.177695864263324,0.12598452424476744,0.7461770570224274,0.16883998651405976,0.8659225051227342,0.9999150196613263
TES,0.6720485313533204,0.9030115131859812,1.239846609358146,0.7283251866563233,0.4664145479248123,0.9999150196613263
TET2,1.7588633064715853,-0.08275934421862488,1.082934176075323,-0.07642139849954147,0.9390838458449474,0.9999150196613263
TET3,0.6850135188214512,1.1743410613219412,1.417888590974398,0.8282322523766931,0.4075389817140801,0.9999150196613263
TEX10,1.351052431582036,1.1179221391025431,1.5774276404438927,0.7086994740297289,0.478510991315101,0.9999150196613263
TEX2,2.3752024719387625,-0.04427224462213572,0.850455668268306,-0.052057086893526935,0.9584832062723102,0.9999150196613263
TEX261,0.850890374612113,-0.08856006936936983,1.4861296314971089,-0.05959107973653382,0.9524813230830755,0.9999150196613263
TEX30,0.47229789270827105,-0.2197037018101336,1.3452680337296903,-0.1633159313248645,0.8702696909219761,0.9999150196613263
TFAM,1.801131645457883,0.8416435826389008,1.0709919924483715,0.7858542254035324,0.4319528942607691,0.9999150196613263
TFCP2,0.6376709200357579,-0.9607507388941726,1.4040139713011925,-0.6842885886696565,0.4937929513394641,0.9999150196613263
TFDP1,1.3194869200494301,-0.3094189751647632,1.098624670556114,-0.2816421144157796,0.7782179442000657,0.9999150196613263
TFDP2,0.6887364419109605,0.4515928442078675,1.4212191176965498,0.31775033039225475,0.7506743300207382,0.9999150196613263
TFE3,0.4584219503988247,0.33534610302602336,1.6151112633129672,0.20763034141570585,0.8355176115869948,0.9999150196613263
TFEC,2.391001033388141,-0.2587339919521148,0.9134013562076176,-0.28326429580350226,0.7769742446834277,0.9999150196613263
TFG,1.1791516718083368,-0.1294623219380595,1.1528724387593803,-0.11229544361158937,0.9105891544253061,0.9999150196613263
TFRC,6.1033448819453024,0.254866567124578,0.6020298737979562,0.4233453823756797,0.6720432877357743,0.9999150196613263
TGFB1,2.636614691334714,-1.1155724255866615,0.7941556391981929,-1.4047277013772543,0.16010226512019454,0.9999150196613263
TGFBI,8.575413053615435,-0.1480081632580597,0.6382187304754172,-0.2319082098198631,0.8166093078335186,0.9999150196613263
TGFBR1,3.5982081512386848,0.44241480133194266,0.7755363866846233,0.570462983978408,0.5683637212876596,0.9999150196613263
TGFBR2,6.276579458762287,0.2746192311792488,0.6243381336626649,0.43985657189991195,0.6600409912350889,0.9999150196613263
TGFBRAP1,1.098547890975105,-1.435536484471712,1.6615574562116582,-0.8639704146883534,0.38760414312946434,0.9999150196613263
TGIF1,1.7545694500085876,-0.13003148539901932,1.141691188581442,-0.11389374526099671,0.9093220238622621,0.9999150196613263
TGIF2,0.6269306689942981,-1.698070881835272,1.2779707832299974,-1.328724337142901,0.18393893261122785,0.9999150196613263
TGOLN2,2.635752823266943,-0.31150287068284466,0.9834014415164996,-0.31676064070282156,0.7514252315608115,0.9999150196613263
TGS1,1.4357592488665456,-1.9561252963153892,1.4155001928844204,-1.381932200467819,0.1669925197470138,0.9999150196613263
THADA,0.4516027616969439,-2.199611975429724,1.6851230012578822,-1.3053124156443148,0.19178648808418997,0.9999150196613263
THAP11,0.5757659109565649,-1.579439657495477,1.3831133673543274,-1.141945190304024,0.25347680291917973,0.9999150196613263
THAP12,0.5202388788728108,0.1877883140984645,1.4797517312476294,0.12690528426693154,0.8990153642202536,0.9999150196613263
THAP2,2.7683506750704265,-1.485319945155593,1.305046713503313,-1.1381354627286466,0.2550639221042832,0.9999150196613263
THAP9-AS1,0.781059311098661,0.1781674059039733,1.4799379677656381,0.1203884282886293,0.9041754576199093,0.9999150196613263
THBD,14.130950331820287,0.17370920596083628,0.5559690650641226,0.3124440133027933,0.7547031055514385,0.9999150196613263
THEMIS2,12.423861608247401,-0.01768778678832133,0.4948342541536051,-0.03574487141876547,0.9714857911773092,0.9999150196613263
THOC1,0.47012603578698137,0.18457697763056435,1.7210972240866116,0.10724378323747491,0.9145955816952313,0.9999150196613263
THOC2,3.1899279993723066,0.3896852487406951,1.0635455751864504,0.36640202153290824,0.7140651115010184,0.9999150196613263
THOC7,1.267604817957587,-0.05172218419827581,1.0555340955355628,-0.04900096019355274,0.9609185307367392,0.9999150196613263
THRAP3,2.3398669606546343,0.4373782103387021,0.9306302002236915,0.4699806757115462,0.6383688238782632,0.9999150196613263
THUMPD1,0.5389333330193282,-0.7082883693058187,1.6282625146298324,-0.43499642283839,0.6635650239437001,0.9999150196613263
THUMPD3-AS1,0.3991948550631033,1.4724927942674755,1.6374900233156902,0.8992377194982123,0.3685260530347769,0.9999150196613263
TIA1,1.42397139447449,-0.10167651778008684,1.3303692980808721,-0.07642728821746006,0.9390791602335316,0.9999150196613263
TIAL1,3.140533911377507,0.08686696394040752,0.7961852018249863,0.10910396694298548,0.9131200285097445,0.9999150196613263
TIGAR,0.312237851187312,0.5069090652798768,1.8600821147234063,0.27251972440757216,0.7852224271133224,0.9999150196613263
TIMM10,1.3452408805984397,-0.958592268368705,0.924577917151193,-1.0367890586466924,0.2998341758008721,0.9999150196613263
TIMM10B,0.8851909939723104,0.4823992643583834,1.4743006140161932,0.32720549647216307,0.7435124639268457,0.9999150196613263
TIMM13,2.575390275367071,-1.0773212188884056,1.2056837978928245,-0.8935354533014721,0.371570494931477,0.9999150196613263
TIMM17A,1.7459794686071273,-1.133517685847868,1.0438301211056629,-1.0859216101631604,0.2775136751707231,0.9999150196613263
TIMM21,0.4128289843268217,1.9430209715192293,2.013718303291269,0.9648921442207234,0.3345988365797393,0.9999150196613263
TIMM23,0.5746749994558624,-1.7432898934886532,1.7643309123854285,-0.9880742219336126,0.323116299452065,0.9999150196613263
TIMMDC1,0.6166246523085638,-0.4086676122818773,1.2602787697147846,-0.3242676319734906,0.745735422785488,0.9999150196613263
TIMP1,0.5367005015095828,1.615009262822524,2.65021225804049,0.609388647238628,0.5422668610821,0.9999150196613263
TIMP2,2.855063923791613,-0.17158283114636172,0.8129891651222962,-0.21105180549429692,0.8328468467396497,0.9999150196613263
TIMP3,0.40782889905775416,0.17830022555010772,1.5622991048097694,0.11412681797050515,0.909137263446503,0.9999150196613263
TINF2,2.3401962951520368,1.1130738479420477,1.3322095446500273,0.8355095881214792,0.40343085071697293,0.9999150196613263
TIPARP,5.8036491105688786,-0.012552021340905736,0.7998495220002678,-0.015692978486147716,0.9874793286650659,0.9999150196613263
TIPRL,0.42100214064006536,0.5356634391540452,1.868348482867778,0.2867042439169812,0.7743387877788219,0.9999150196613263
TKT,3.4023702659660144,-0.2925749126762387,0.7308628961090916,-0.40031436023613354,0.6889249923633508,0.9999150196613263
TLCD1,0.6631408890884977,0.05876411184440911,1.6860026541791644,0.034854103994882854,0.9721960780628931,0.9999150196613263
TLE3,3.5413407547279685,-0.42533199201624405,1.0137475439363866,-0.4195640172549054,0.6748039792939489,0.9999150196613263
TLE4,0.6683256082638114,1.807497983074155,1.4085564271520696,1.2832272447392803,0.19941247354136238,0.9999150196613263
TLK1,1.9658619054826896,-0.3412428444990597,0.8718601206062809,-0.39139632199459196,0.695504310554548,0.9999150196613263
TLK2,0.8581039462087495,0.2627670167776067,1.2099616309954213,0.21716971021753093,0.8280760891151348,0.9999150196613263
TLN1,7.414818605553366,-0.08223405265978609,0.5906527902410029,-0.13922570758741745,0.8892717946175449,0.9999150196613263
TLNRD1,0.5537020475794072,-0.2184309476566827,1.5824001596272546,-0.13803774369444932,0.890210587909247,0.9999150196613263
TLR1,0.34750927544872073,-0.15128248499460348,1.9350586495448712,-0.07817979317070589,0.9376850355270968,0.9999150196613263
TLR7,4.088929308090223,-1.1219941112951073,0.7979123237929641,-1.4061621532069901,0.1596759797248104,0.9999150196613263
TM2D1,0.4775834648187247,0.5439482043913793,1.7148736461150496,0.317194334185299,0.7510961487908547,0.9999150196613263
TM2D2,0.9708364864521053,-1.3937086814609732,1.4936878549609718,-0.9330655510333443,0.3507861243241799,0.9999150196613263
TM2D3,0.9633945802678502,0.762980932985479,1.3498210538023703,0.5652459863744194,0.5719064618068248,0.9999150196613263
TM4SF1,0.8947863314399602,2.370305026671333,2.065562795901151,1.1475347209849558,0.25116069166635,0.9999150196613263
TM7SF3,1.8629972476187393,1.6770002000606097,1.3093866571419586,1.2807524736207816,0.20028062223445853,0.9999150196613263
TM9SF2,8.393996578048673,0.4341069163834091,0.6307338227231895,0.6882569171717399,0.49129100709264606,0.9999150196613263
TM9SF3,6.7424783592272455,0.36105499436073735,0.644982938252801,0.5597899928001226,0.5756226902625761,0.9999150196613263
TM9SF4,1.2341868336219193,-1.7174196522400864,1.2695190681359878,-1.3528112301312205,0.1761159441527661,0.9999150196613263
TMA16,0.6933459666199607,-0.4907533370043277,1.5024856823226251,-0.3266276296528125,0.7439495433133596,0.9999150196613263
TMA7,1.344354252093234,1.391643635615099,1.1321597771951164,1.2291936735845221,0.21899920032741327,0.9999150196613263
TMBIM1,1.2363022859876762,0.22850564456874367,1.3710776010639893,0.1666613504526788,0.8676365179994902,0.9999150196613263
TMBIM6,14.649830730575214,0.19834631536801703,0.4657202867176777,0.425891508325588,0.6701869028577178,0.9999150196613263
TMC8,2.3505009480294174,-0.35285735024837506,1.1568373584218117,-0.30501897927099486,0.7603516973158999,0.9999150196613263
TMCC1,0.5967855253580772,0.19613441325793693,1.5436454222740896,0.12705923940032343,0.8988935121686167,0.9999150196613263
TMCO1,2.570092087542577,0.42226035733841627,0.7827826912845681,0.5394349696791012,0.5895867571153379,0.9999150196613263
TMED10,13.268002817358491,0.23747379302508423,0.492500867960392,0.4821794406343714,0.6296784805044011,0.9999150196613263
TMED2,5.835825116452437,0.6973381958795201,0.7181186135866322,0.9710626944992767,0.3315170594361182,0.9999150196613263
TMED3,0.5719020277564676,-1.2191603085856697,1.8040488113422595,-0.6757911986198326,0.4991732235251123,0.9999150196613263
TMED4,3.8942757209990586,-0.1847121903513999,0.7311255285716061,-0.2526408710037394,0.8005457437982031,0.9999150196613263
TMED5,4.525924086325207,0.165823988429768,0.6595448408832014,0.25142185663633104,0.8014879711549704,0.9999150196613263
TMED7,1.8587150274943802,-0.00663078062502671,0.9169013542040684,-0.007231727376804532,0.9942299666715754,0.9999150196613263
TMED8,0.8922079592561403,0.36718170372889036,1.3842620603201365,0.26525447330686264,0.7908134336465563,0.9999150196613263
TMED9,4.70713571218288,-0.11968647649022084,0.6788943994495772,-0.17629616121043018,0.8600612777129029,0.9999150196613263
TMEM106A,0.5039944352663341,-1.4263006853122666,1.6119700227547875,-0.884818368318525,0.3762546009806168,0.9999150196613263
TMEM107,0.38069163456079,-0.6071196493082277,1.3572620302754743,-0.4473120412754822,0.6546497740840153,0.9999150196613263
TMEM109,3.413830173577305,-0.093529425895703,0.8387180219287169,-0.11151474446754181,0.9112081741291894,0.9999150196613263
TMEM123,4.351858564797383,0.4523007988336936,0.7652381984427162,0.5910588359992222,0.5544809997203777,0.9999150196613263
TMEM126A,0.5387734299476651,-0.9078336697500956,1.4960716146561772,-0.6068116398015687,0.5439759225972358,0.9999150196613263
TMEM126B,1.6654270681667416,0.25141072826579974,0.9294807584736027,0.27048513481727965,0.7867870515614834,0.9999150196613263
TMEM127,1.75036798999031,0.4406755071402925,1.1199042730881206,0.3934939063364192,0.6939547238120456,0.9999150196613263
TMEM128,0.44100117066221495,-0.07284077353460604,1.5447374955224298,-0.0471541435005896,0.9623903750224423,0.9999150196613263
TMEM131,2.3029836438254465,-0.08142495349039852,0.9394175710493378,-0.08667599585075478,0.930929057130199,0.9999150196613263
TMEM138,0.4544371606758635,1.018046714195806,1.5968454368044052,0.6375361639465328,0.5237756615824272,0.9999150196613263
TMEM141,0.35249777786506326,-0.931460099569193,1.566421529370254,-0.5946420437311446,0.5520827698958011,0.9999150196613263
TMEM147,0.835507280699946,-1.228866001745663,1.624743299526652,-0.7563447112560348,0.44944254758209357,0.9999150196613263
TMEM14B,1.0506189152800596,-0.32011602021240165,1.3700730228318512,-0.23364887482474678,0.8152575811094891,0.9999150196613263
TMEM14C,1.399196671498757,-1.455974601666554,1.2151022308827821,-1.198232185458812,0.23082663870077114,0.9999150196613263
TMEM159,2.0463737134377604,1.1006491838846748,1.312557174315695,0.8385533258454063,0.4017200115750219,0.9999150196613263
TMEM161A,0.5728821202419149,-1.3200000062792647,1.4207249778397069,-0.9291031176817908,0.3528356489178188,0.9999150196613263
TMEM165,1.4903456511619746,-0.12508511928582258,0.9573743292398185,-0.1306543485296327,0.8960487472694747,0.9999150196613263
TMEM167A,2.7119154521298876,-1.01671894361215,0.9830008397512338,-1.034301195377869,0.3009953782102638,0.9999150196613263
TMEM167B,3.2555038934679845,-0.4107786544461259,0.855773156878243,-0.4800088097464949,0.6312211287427965,0.9999150196613263
TMEM168,0.5838085274204519,-1.649085247181538,1.8846092373435133,-0.8750276792158981,0.38155884534932716,0.9999150196613263
TMEM170A,1.1780058364128736,-0.4620445402479703,1.1558519859415803,-0.39974369198455756,0.6893453076324567,0.9999150196613263
TMEM170B,2.1147269400590014,-0.28862024636436256,1.1279799083436073,-0.25587357029097235,0.7980484632631484,0.9999150196613263
TMEM173,1.543355806007219,-1.0651396139613334,1.26394716291703,-0.8427089717129678,0.39939122829955087,0.9999150196613263
TMEM175,0.5071522245114237,-1.0403502368299724,1.5377641894440934,-0.6765343112886912,0.49870146923749825,0.9999150196613263
TMEM176B,0.4469596780563961,-0.11973214290444155,2.004235505620559,-0.059739557835729304,0.952363065383433,0.9999150196613263
TMEM18,0.5965047157635501,0.35325099451145914,1.2342140636673407,0.28621533728258614,0.7747131974486998,0.9999150196613263
TMEM183A,0.7454586316584294,-1.5907238143919444,1.533910232886449,-1.0370384004796591,0.2997179612122062,0.9999150196613263
TMEM184B,2.5167090597330763,-0.25354361573136447,0.8127049971549286,-0.31197496830824906,0.755059546989428,0.9999150196613263
TMEM184C,1.8332245884143663,1.199727028699439,1.252379423084422,0.9579581128414678,0.3380838807884601,0.9999150196613263
TMEM19,4.0292336294602995,-0.40854607723922737,0.7824892394817969,-0.5221107928714608,0.6015931922654773,0.9999150196613263
TMEM192,0.6749860833712372,0.3457594402965902,1.367166888580029,0.25290214617156503,0.8003438309697943,0.9999150196613263
TMEM2,0.46062663323777175,-1.047989876234308,1.4891348386910412,-0.7037575436456094,0.4815837778156319,0.9999150196613263
TMEM203,0.5477470548405916,-0.5844519126138809,1.6272693654494497,-0.35916113522634646,0.7194745490933774,0.9999150196613263
TMEM205,0.7318130140837646,-0.7335090524698021,1.3929615393614927,-0.526582415768657,0.5984836057332088,0.9999150196613263
TMEM206,0.6974694163496528,1.6043874333660488,1.3370553909630223,1.199940888171042,0.23016229864339055,0.9999150196613263
TMEM208,1.0103256811470331,0.07373408901345732,1.4420238748854826,0.05113236354655561,0.9592200473334516,0.9999150196613263
TMEM214,2.2268731302787206,-1.09435262995221,1.1238819817472114,-0.9737255759282709,0.33019281476857465,0.9999150196613263
TMEM219,2.5664739768513303,-1.2611329989667641,1.1612381534236604,-1.086024425953096,0.2774681857908521,0.9999150196613263
TMEM222,0.6632664728582207,-0.4812396916695272,1.327221639510543,-0.3625918063293485,0.7169098319267128,0.9999150196613263
TMEM230,4.056138405071322,0.7086095879927454,0.7318201439830081,0.968283797349528,0.33290265445856393,0.9999150196613263
TMEM242,0.5157596151803929,0.6688365727964386,1.2769497835274637,0.5237767228001992,0.6004338452143367,0.9999150196613263
TMEM243,0.6557387167051374,1.4420019570567004,1.8574583537603457,0.7763307070316967,0.4375537467194903,0.9999150196613263
TMEM245,1.004750095693163,0.0012427310151539139,1.0772145996659945,0.0011536522207731311,0.9990795189086893,0.9999150196613263
TMEM248,3.179611264384501,0.215636223441177,0.7060648876487216,0.3054056747663388,0.7600572002885948,0.9999150196613263
TMEM256,0.6265467063607737,1.8216401304065746,1.5897856765958465,1.1458400696546658,0.2518613322160025,0.9999150196613263
TMEM258,9.380167399558887,0.3541903497515184,0.5270062778181407,0.6720799441287537,0.501532803706941,0.9999150196613263
TMEM259,0.9629378756284184,-1.0613742747762898,1.5086495895255956,-0.7035260421938309,0.481727983249146,0.9999150196613263
TMEM260,0.8896096553828762,0.8023487433408848,1.560145851105983,0.5142780354619423,0.6070576159459591,0.9999150196613263
TMEM263,0.8958211044943943,0.4987311032233616,1.365302157722763,0.365289910663595,0.7148950089516695,0.9999150196613263
TMEM268,1.2887940901847483,0.1672961465414851,1.0693221931555876,0.1564506447283128,0.8756778198930939,0.9999150196613263
TMEM30A,2.8833941049211274,0.45029496916291584,0.9068634240375508,0.4965411077647237,0.6195126918974554,0.9999150196613263
TMEM33,2.0652249604990485,-0.5450774765400767,0.8277513150913284,-0.658503908846024,0.5102143861398619,0.9999150196613263
TMEM38B,1.2478352182050676,-0.012162744145344503,1.1358751696295046,-0.010707817611077546,0.9914565609098992,0.9999150196613263
TMEM39A,0.9266032989832698,-0.023830896807394825,1.2297053258882913,-0.019379355611215485,0.9845384791522036,0.9999150196613263
TMEM39B,0.8176743346702158,-2.506257387313665,1.6323856679281428,-1.5353341042834918,0.1247017809864625,0.9999150196613263
TMEM41A,1.3609405647346364,-0.6691303354469577,1.6013155321876902,-0.41786288960352685,0.6760473666890752,0.9999150196613263
TMEM41B,2.1331471051867434,-2.246466952294555,1.4732045484335763,-1.5248846161133363,0.12728787961917848,0.9999150196613263
TMEM43,0.9862708281524066,-0.36452430700765687,1.638358215538132,-0.222493654654105,0.8239296123426205,0.9999150196613263
TMEM50A,8.384254888095903,-0.48968202451155135,0.6185557618666464,-0.7916538082739923,0.42856256289602446,0.9999150196613263
TMEM50B,3.374315354594348,-1.255464202521985,0.8910165368396453,-1.4090245810420114,0.1588278998054684,0.9999150196613263
TMEM57,0.5654988908196297,0.16111344592003524,1.2689281836440578,0.12696813578318988,0.8989656183603166,0.9999150196613263
TMEM59,6.7390120134334595,0.22186415221491684,0.6558126191580164,0.3383041828316195,0.7351339719204518,0.9999150196613263
TMEM63A,1.1386610207326988,0.6466361310213335,1.3296999676771681,0.48630228377829626,0.6267528602595898,0.9999150196613263
TMEM65,0.7360836234017347,-0.043837924190709046,1.373641785351901,-0.03191365074809413,0.9745409124625097,0.9999150196613263
TMEM70,2.294814561793951,-0.005849941252220014,1.3730921613512348,-0.004260414134520435,0.9966006916229903,0.9999150196613263
TMEM80,0.4569917907534692,0.3924939501202729,1.7050172132466876,0.23019940624111784,0.8179368232207023,0.9999150196613263
TMEM87A,2.160947392424586,0.3455845639004486,0.9526601190400836,0.36275745881822513,0.716786073145856,0.9999150196613263
TMEM8A,1.6355495909785576,1.1898178928544787,1.4545659522250785,0.8179882741201184,0.413363882869773,0.9999150196613263
TMEM8B,1.2552737692243847,-0.8873104902828188,1.4410196704135616,-0.615751823865227,0.5380583279224622,0.9999150196613263
TMEM9,0.8053664516424632,-0.750457242204103,1.2883514357284427,-0.5824942025851737,0.5602338453926671,0.9999150196613263
TMEM94,0.8429890778981516,-1.9631985612810703,1.267884648061389,-1.5484047103834127,0.12152488785326643,0.9999150196613263
TMEM9B,1.7994006226302761,0.6562205197610682,0.9759934409921069,0.6723616083874637,0.5013535173926369,0.9999150196613263
TMF1,1.5356910066200145,-1.080785421654188,1.1139262854524772,-0.9702486024155293,0.3319225898752516,0.9999150196613263
TMIGD2,0.9536618354079116,-0.24013834039800566,1.680377358813426,-0.14290738871153075,0.8863633231235795,0.9999150196613263
TMOD3,0.5521556586580468,-0.17568584732052092,1.3344870249040632,-0.13165047246012082,0.8952607616759373,0.9999150196613263
TMPO,1.9465022137497858,-1.0445896406589161,1.0276164919197324,-1.016517006950205,0.3093832529949736,0.9999150196613263
TMPRSS2,0.48963296898267594,2.1934638730161526,2.3812365318649675,0.9211448941186231,0.3569747840399513,0.9999150196613263
TMSB10,11.438292698509178,-0.782429388383484,0.5924537695283244,-1.3206589756470055,0.18661509877467586,0.9999150196613263
TMSB4X,29.88612168438239,0.10145432301039216,0.33561003235099995,0.3022982426946209,0.762424717842188,0.9999150196613263
TMSB4XP8,3.169702449827144,-1.0052866956589361,1.079983556546928,-0.9308351868552305,0.35193882517614405,0.9999150196613263
TMUB2,1.0919481776399582,-0.10405212761350852,1.1212650752679423,-0.09279886612774751,0.9260633518240622,0.9999150196613263
TMX1,3.8501743418519356,0.7641608648800097,0.7270182839810038,1.0510889226824127,0.29321775119956683,0.9999150196613263
TMX2,1.2960954096329687,-0.025238698809593875,1.2531652368775659,-0.020139960850238375,0.9839317224535921,0.9999150196613263
TMX3,2.1284229645619828,-0.6025044968807599,0.8825340348445294,-0.6826983131442623,0.49479749586476285,0.9999150196613263
TMX4,2.574571263924353,0.8242648885341807,1.5106616734963647,0.545631694373005,0.5853191333059292,0.9999150196613263
TNFAIP2,0.4865620457912847,0.3951675623527886,2.030701791895704,0.19459654978877577,0.8457088042944614,0.9999150196613263
TNFAIP3,3.181213310214512,0.44511854061014045,0.8530973721964291,0.521767567357657,0.6018321737541514,0.9999150196613263
TNFAIP8,0.939180103034335,0.11977291201587177,1.2968459658227052,0.09235708416603595,0.9264143355156319,0.9999150196613263
TNFRSF14,0.3465111218000839,0.31072908296911966,1.6096726856610335,0.19303867533884048,0.8469286791507095,0.9999150196613263
TNFRSF1B,5.193422277522178,-0.04392595255532295,0.7326967015265687,-0.05995107179246681,0.9521946036032445,0.9999150196613263
TNFRSF21,5.349101987341051,0.33167757435569684,0.8116345638940407,0.4086538315524442,0.682793719613563,0.9999150196613263
TNFSF12,0.3811471119814478,-0.9154974453445612,1.4773238569930305,-0.6196998992543044,0.5354553820211408,0.9999150196613263
TNFSF13B,2.369089834401789,0.7915143630567049,0.8867528608674404,0.8925986010154269,0.37207216863061643,0.9999150196613263
TNFSF15,0.8515265417060482,0.7636912941367,1.7662499868009172,0.43238007068292733,0.6654652003145528,0.9999150196613263
TNFSF9,5.201434034085569,0.2767397363975388,0.627729464172575,0.44085828719592757,0.659315593295597,0.9999150196613263
TNIP1,1.4353347363728775,-0.7802569410006136,1.3327004625484626,-0.5854706011796256,0.55823132872056,0.9999150196613263
TNK2,0.8173228652007261,-1.2775883644888002,1.2251124137654628,-1.0428335801137212,0.2970253759292252,0.9999150196613263
TNKS2,2.5687399128463833,0.6632957625797665,1.1232449483916358,0.5905174677433749,0.5548437784402331,0.9999150196613263
TNPO1,1.9998071384969305,0.9670919564591075,0.9311748729434652,1.0385717920009025,0.29900393034860495,0.9999150196613263
TNPO2,0.6932250600970967,-0.2915124768595058,1.5198158803849169,-0.1918077581777049,0.8478927936563563,0.9999150196613263
TNPO3,0.7861748906690091,0.7805876372316237,1.6545688040173028,0.4717770789201104,0.6370859131118374,0.9999150196613263
TNRC6A,0.5341194984291163,-0.3889756135105115,1.4725409722798557,-0.26415265913333574,0.7916622882880852,0.9999150196613263
TNRC6B,2.746716745248878,-0.5762712978747931,0.9599859906606272,-0.6002913620418818,0.5483120744733272,0.9999150196613263
TNRC6C,1.3631186331008236,0.1186556396915995,1.0011347070958125,0.1185211528984018,0.9056547356310999,0.9999150196613263
TNS3,0.3912618950229782,0.42907689743928656,1.5253628157631958,0.2812949765165237,0.7784841629867091,0.9999150196613263
TOB1,6.163389532069321,0.15481956708381558,0.640238330720586,0.2418155234622812,0.8089231098464731,0.9999150196613263
TOB2,6.125932584372162,0.6807099682072789,0.6625330102536038,1.027435550640288,0.3042154186573054,0.9999150196613263
TOGARAM1,0.4140338967445224,-0.808653517254842,1.4480656267384513,-0.5584370641240974,0.5765459693303552,0.9999150196613263
TOLLIP,2.053759910753351,-1.1397729330477846,1.0757702451695732,-1.059494755655863,0.28937451637013845,0.9999150196613263
TOMM20,3.2731089994363476,0.24175613751418568,0.8922869752948522,0.27093989289073556,0.7864372620500577,0.9999150196613263
TOMM22,1.9325888329079335,-0.09004630962482417,1.090811212010752,-0.0825498570543998,0.9342094733903494,0.9999150196613263
TOMM34,0.6936576776802127,0.9995093519062438,1.713312422739412,0.5833783369807884,0.5596386377280249,0.9999150196613263
TOMM7,11.892365613079946,0.22361492367897937,0.5134579223271581,0.4355077874063835,0.6631938877043584,0.9999150196613263
TOMM70,0.496446292771904,-1.3115203391217445,1.3085882505895443,-1.0022406502051957,0.3162273791720587,0.9999150196613263
TOP1,5.703029335407994,0.1207693671601336,0.8718055754568474,0.13852786740535297,0.8898232469251877,0.9999150196613263
TOP2B,5.779678200443339,-0.6728154707707342,0.7308510632452806,-0.9205917656918438,0.3572636028729067,0.9999150196613263
TOP3A,1.1888059151522363,-1.5470564464827423,1.2453906844087714,-1.2422258058058158,0.21415326094649945,0.9999150196613263
TOPBP1,0.9779643006656887,-1.0802338942830407,1.2162544676703457,-0.8881643792455346,0.37445233646610376,0.9999150196613263
TOPORS,2.0393354658011416,-0.19324731329581912,0.8732165431319674,-0.22130514454375616,0.82485484452427,0.9999150196613263
TOR1A,0.56896915298541,-0.970531994512272,1.8384631154221347,-0.5279039793460449,0.5975659826303038,0.9999150196613263
TOR1AIP1,1.8189878490274265,0.6024397114227831,0.984994087908721,0.6116175912302642,0.5407907965957446,0.9999150196613263
TOR1AIP2,1.2418176987372975,0.19025013035223853,1.1199713641375983,0.16987053101909902,0.8651119571003449,0.9999150196613263
TOR3A,2.219989918481341,0.7756369583403793,0.8979754679539478,0.8637618576682068,0.38771872490650716,0.9999150196613263
TOX2,1.1081752005161911,-0.2335493857770103,1.1168813042284387,-0.20910851036077674,0.8343635312589959,0.9999150196613263
TOX4,2.0337821891797168,-0.5240834616031219,0.9402711131387537,-0.5573748403837055,0.5772713517180701,0.9999150196613263
TP53,1.157255421867449,-0.5556956445190908,1.029731229195804,-0.5396511524206915,0.5894376329378972,0.9999150196613263
TP53BP2,0.7617950727465798,-1.0337594803350898,1.205978051678571,-0.8571959322943112,0.3913366101570469,0.9999150196613263
TP53I11,0.8323287155596739,-1.10377052309107,1.2672423869310812,-0.8710018970909772,0.383753117254256,0.9999150196613263
TP53I13,1.076911625485854,-0.633540878900092,1.4469615710893495,-0.43784222854179106,0.661500656849464,0.9999150196613263
TP53INP1,0.573042023313578,-1.0617983316059751,1.325505331696757,-0.801051724361444,0.4231017022283452,0.9999150196613263
TP53INP2,2.215556145349128,0.18374637840856586,0.9646319547398003,0.19048340406484832,0.8489303467422596,0.9999150196613263
TPCN2,1.021787580114909,-1.7735494525423763,1.621724371969847,-1.0936195343652098,0.27412187817279554,0.9999150196613263
TPD52,0.5338386888345893,-0.3396997101453933,1.604802650862551,-0.21167693732485493,0.8323590817362618,0.9999150196613263
TPD52L2,0.835173202046202,1.0226499102877809,1.554260314969566,0.6579656576432663,0.5105601989081199,0.9999150196613263
TPGS2,0.6542213582524606,1.3234450716967316,1.6382872001356716,0.8078223840039359,0.4191928374080832,0.9999150196613263
TPI1,3.613962104247111,0.15046169010013624,1.192776904471467,0.12614403375525413,0.8996179119429996,0.9999150196613263
TPK1,0.5113849979112548,-0.7887464988279314,1.666920337816877,-0.4731758806548203,0.6360877039679379,0.9999150196613263
TPM2,3.3007812868571906,-1.3974612994427136,0.7350296842826856,-1.90123110579744,0.05727174845816002,0.9999150196613263
TPM3,9.025751504679619,0.0016210204058962638,0.6352201383853147,0.0025519033606472,0.9979638779178216,0.9999150196613263
TPM4,14.29199790493869,0.09535201358580972,0.6616257674791202,0.14411774491358345,0.8854074925851455,0.9999150196613263
TPMT,0.5763210518351544,0.3429232745158631,1.4308922718969745,0.23965694780169575,0.810596213011309,0.9999150196613263
TPP1,10.820803470532692,-0.11129270409089598,0.5152575658476695,-0.21599431326700502,0.8289921803016773,0.9999150196613263
TPP2,0.6001886423042603,-0.624120823525216,1.5108819361205743,-0.4130837814685533,0.6795452316113555,0.9999150196613263
TPR,3.562036206932117,0.11993742507243614,0.8429428421980514,0.1422841728624069,0.8868555475576191,0.9999150196613263
TPRG1L,0.8369486605299055,-1.0324267433256284,1.1546399287345552,-0.8941547209935239,0.37123911459705394,0.9999150196613263
TPRKB,1.9049570275320302,0.4289007919508705,1.0448250340251766,0.4105001105290663,0.6814391224266019,0.9999150196613263
TPSB2,2.2711770426225204,0.8961269405415989,1.103377778625068,0.8121669276847983,0.4166958538236193,0.9999150196613263
TPST2,2.21630644840395,-0.25382223543081356,1.0761466449767496,-0.2358621258688192,0.8135396583254755,0.9999150196613263
TPT1,35.1718445449276,0.29785726906508686,0.3760139880225202,0.7921441184449969,0.4282766478135154,0.9999150196613263
TPT1P4,2.134324227868033,0.4852175428648067,1.169359546528457,0.4149429867873393,0.6781836402486046,0.9999150196613263
TPT1P9,4.515454656747813,0.03429481243365222,0.7441400661101443,0.04608650171589613,0.9632413046474984,0.9999150196613263
TRA2A,5.679432379404542,-0.3492826974753312,0.6487068898984438,-0.5384291471453494,0.5902808082667184,0.9999150196613263
TRA2B,9.890538480904235,-0.09501863888598165,0.4843405717658506,-0.1961814566546728,0.8444681414840763,0.9999150196613263
TRABD,1.993507181484804,-1.215781470433358,1.1390133238264493,-1.0673988135178354,0.28579178401379,0.9999150196613263
TRAC,2.0726629147726863,0.07082913259120079,1.016403839300838,0.0696860144093145,0.9444435736032395,0.9999150196613263
TRADD,0.6405698082584983,-0.4392371234717784,1.5450813718400276,-0.284280900331284,0.7761951219212462,0.9999150196613263
TRAF1,2.542972164142864,-0.18962497568433523,1.0910761558151874,-0.1737962787232379,0.8620255690371348,0.9999150196613263
TRAF3,2.2649439358179344,0.2909763702130667,0.9185588236312344,0.3167748898897763,0.7514144186854403,0.9999150196613263
TRAF4,1.111556219485271,-1.793610932267228,1.0832136685324487,-1.6558237625428365,0.0977575141146412,0.9999150196613263
TRAF6,0.3579196328392458,0.7049653594017491,1.9159523588103649,0.36794514026406666,0.7129141405850448,0.9999150196613263
TRAFD1,1.3395601246019078,-2.2830763566860166,2.067159734723226,-1.1044508647957483,0.2693976066273933,0.9999150196613263
TRAK1,1.1817444985113685,0.9830796436134447,1.1304479022734821,0.8696372841564303,0.3844986556502782,0.9999150196613263
TRAM1,11.132832399219213,-0.005781484922736919,0.5792494325421076,-0.009980993675495129,0.9920364514668333,0.9999150196613263
TRAPPC1,4.500583615957823,-0.45192952330158814,0.6288764057123265,-0.7186301142745034,0.4723688534768259,0.9999150196613263
TRAPPC10,0.5144047926568592,-0.26196240602799803,1.6885324593876876,-0.15514206112625958,0.8767093236115365,0.9999150196613263
TRAPPC12,1.0151314495007193,-1.8135503944725933,1.1977143898693061,-1.5141760087482015,0.12998120481156641,0.9999150196613263
TRAPPC2L,1.6396832220110555,-1.1968982989009742,1.0794874296974142,-1.1087653880661408,0.2675314054937308,0.9999150196613263
TRAPPC3,2.0721159716673854,0.09829115494052348,0.8195305620711469,0.11993592367332655,0.9045339068840236,0.9999150196613263
TRAPPC4,2.51948233884667,1.702846427589265,1.1611448892389409,1.4665236383250813,0.14250568621466714,0.9999150196613263
TRAPPC6B,0.42881419415732647,2.1745013212483744,1.861339478319325,1.16824542034203,0.2427077841050751,0.9999150196613263
TRAPPC8,2.355776994970952,1.406231229955444,1.0221603310010468,1.3757442813088427,0.1689008172909786,0.9999150196613263
TRBC1,0.7784494243726721,-0.7178420442337626,1.2013533808537087,-0.5975278012899484,0.5501550512458262,0.9999150196613263
TRBC2,2.6973190409764474,-0.24232618774879502,0.9639308929470967,-0.251393735299751,0.8015097107293663,0.9999150196613263
TRERF1,0.7142222437678831,-0.8953347932678004,1.2956928119455449,-0.6910085361386024,0.48956017670405083,0.9999150196613263
TRIAP1,0.3242111633172706,-1.7892242966288827,2.3099909372603946,-0.7745590113660225,0.43860028550211605,0.9999150196613263
TRIB1,4.910112154572655,1.807526437762233,0.9040851551473098,1.999287818709642,0.04557722139693435,0.9999150196613263
TRIB2,0.3016138294218571,-0.7426384870515568,1.8727304234686493,-0.3965538647447455,0.6916964793903795,0.9999150196613263
TRIM14,2.9671300785414325,0.24961968212688718,0.9420682786159909,0.26496984113891175,0.7910326949366695,0.9999150196613263
TRIM22,8.262236884304457,0.014785449016945082,0.5813943183506157,0.0254310173840202,0.979711170808904,0.9999150196613263
TRIM24,0.442562324338043,-0.5358377161686911,1.5576767196942352,-0.3439980256454456,0.7308477708953718,0.9999150196613263
TRIM25,0.5471390075709062,1.306567174760003,1.4992017090376286,0.8715085947965721,0.3834765150530387,0.9999150196613263
TRIM26,0.48907315085722736,-0.1394756988025753,1.3234573673137369,-0.10538737570797124,0.9160684330049066,0.9999150196613263
TRIM27,0.438402866788951,0.2398095709377247,1.8809458857607053,0.1274941361966611,0.8985493139476654,0.9999150196613263
TRIM28,3.3184272991884636,0.2528506734790484,0.8836103831793464,0.2861562950055639,0.7747584161720076,0.9999150196613263
TRIM33,1.7507522584917423,0.9656457264138337,1.0384829243016043,0.9298619205156844,0.35244258126556494,0.9999150196613263
TRIM38,1.653976378677038,0.8905915872629273,0.9315009512742344,0.9560823164427844,0.33903064813006345,0.9999150196613263
TRIM39,1.2155465258087823,1.3746533882086278,1.1259705357791603,1.2208608880314809,0.2221386953839165,0.9999150196613263
TRIM4,1.1621094578632407,0.336200589156039,1.219565022726682,0.27567254134951136,0.782799587515624,0.9999150196613263
TRIM41,0.607358967722008,-0.7484735667543441,1.5717128553415673,-0.4762152095470928,0.633921064898767,0.9999150196613263
TRIM44,3.5914559215404234,0.09401663803002136,0.8740934967324172,0.107559017864198,0.9143455073333528,0.9999150196613263
TRIM52-AS1,0.7845067403126141,-2.961218706083024,1.4819537272960661,-1.9981856731019438,0.04569653419749714,0.9999150196613263
TRIM56,0.5232255149471352,-0.018831498798346454,1.420429110212858,-0.013257612550283812,0.9894222654985966,0.9999150196613263
TRIM69,0.679617916912683,-1.5945832774323716,1.3218426857797194,-1.206333623952967,0.2276888779402444,0.9999150196613263
TRIM8,2.383263890132235,-0.5016200298732152,1.4301061280727165,-0.3507572060747854,0.7257705044578913,0.9999150196613263
TRIO,1.6120610227642835,-0.39217514585376423,1.4494011868325603,-0.2705773594064744,0.7867161110358911,0.9999150196613263
TRIOBP,0.28672420833891404,-1.1906904027849003,1.851717444056524,-0.6430194879929826,0.5202114546996981,0.9999150196613263
TRIP11,1.3524246621123033,-1.049268896617714,1.4354069063576271,-0.7309905588236677,0.46478491970757363,0.9999150196613263
TRIP12,2.9600224474963324,-0.2123466292252341,0.8882155294511316,-0.23907106122818259,0.8110504809879504,0.9999150196613263
TRIP6,0.31798269420656333,0.016522908089970853,1.9537668736042615,0.008456949656173562,0.9932524108692075,0.9999150196613263
TRIR,6.083797212040472,0.05619367869657212,0.7177832450049493,0.0782878105439542,0.9375991134796132,0.9999150196613263
TRMT10C,1.6686531129464313,-0.7895499131184816,1.180392617437441,-0.6688875391584075,0.5035672195682614,0.9999150196613263
TRMT112,2.045601035855264,-0.8683464567896946,1.0717632573884157,-0.8102036068166859,0.41782316486042026,0.9999150196613263
TRMT6,0.8492716410657484,-2.510413464027562,1.935547927703105,-1.2970040307948583,0.19462979990646478,0.9999150196613263
TRNAU1AP,0.31961099310198865,-1.068678942498091,1.5296152449243277,-0.6986586633758085,0.4847653728532205,0.9999150196613263
TROVE2,5.179818802923115,0.23587089528013355,0.8984261264871991,0.26253788522644245,0.792906781179984,0.9999150196613263
TRPC4AP,0.7010150156372548,-0.7596883529160499,1.73556882998932,-0.43771721396997243,0.6615912893985274,0.9999150196613263
TRPM7,1.9294898033110313,0.14487080996714677,0.9834629870556729,0.14730682483625157,0.8828898458063398,0.9999150196613263
TRPV2,0.8008385041539053,-1.708676694156361,1.9108722660914865,-0.8941867672041218,0.37122197113413824,0.9999150196613263
TSC1,0.7469104616641185,-0.24182410972336763,1.6553441916572995,-0.1460869050328789,0.8838527837819102,0.9999150196613263
TSC22D1,0.9082670359424804,0.3577086870942045,1.6451173549437588,0.21743657740844474,0.8278681283487593,0.9999150196613263
TSC22D2,1.3548295263443493,0.2742102063598441,1.02501331567989,0.2675186772358765,0.7890698356783427,0.9999150196613263
TSC22D3,6.785052856837918,0.2640821239704061,0.556381175285718,0.4746424496385814,0.6350418442147148,0.9999150196613263
TSC22D4,1.7187605341159502,-1.4007857445750755,1.0814093824387918,-1.295333448481857,0.19520522528766682,0.9999150196613263
TSEN34,1.8450418851909336,0.36898117092866534,1.1305034783345758,0.32638658615384136,0.7441318850518229,0.9999150196613263
TSEN54,2.951554854346458,-0.645221494782794,0.7346853243488866,-0.8782283698869585,0.37981979911276176,0.9999150196613263
TSG101,1.4195194795294974,0.5160500914492899,1.2628233850170694,0.4086478739402776,0.6827980923134668,0.9999150196613263
TSHZ1,0.4245651606579115,-0.26927380581799726,1.3413106802232153,-0.20075423970618486,0.8408907458133399,0.9999150196613263
TSN,0.5418272112415868,-1.3974481140322543,1.7741810748464866,-0.7876581110263339,0.43089671388697026,0.9999150196613263
TSNAX,0.5299800944677484,0.8594989530944622,1.9908778534652933,0.4317185766060086,0.6659459642413734,0.9999150196613263
TSPAN13,13.915966039547362,0.415112966229412,0.5523080301677354,0.7515968328458715,0.4522935485438174,0.9999150196613263
TSPAN3,3.7277229724620025,0.39183063659268647,0.8973048011267872,0.4366750697206196,0.6623470117322974,0.9999150196613263
TSPAN31,1.1215423739837698,0.19778591524198125,1.4273125617578264,0.1385722514754549,0.8897881718345056,0.9999150196613263
TSPO,0.802351334143718,-0.8756781494847106,1.5998651156364272,-0.5473449861030099,0.584141743079061,0.9999150196613263
TSPYL1,1.6008827373944028,0.8380876378475591,1.0212943691698768,0.8206131974748565,0.41186662791327544,0.9999150196613263
TSPYL2,12.108474206503509,-0.013344329070259633,0.5480788296014154,-0.024347463082936734,0.9805754542721116,0.9999150196613263
TSR2,0.6844654323327227,0.8304839915040199,1.6454292905365484,0.5047217746033998,0.6137542651358966,0.9999150196613263
TSTA3,1.865626868551046,-3.724818641489424,1.7252687595435914,-2.1589787799060365,0.03085181324952263,0.9999150196613263
TSTD1,2.3693033672399557,1.5603398314253822,1.552130607048609,1.0052890036054267,0.31475770854498286,0.9999150196613263
TTC1,2.4340265567122987,0.44811355475533166,1.017705661245606,0.4403174432643616,0.6597072088225381,0.9999150196613263
TTC13,0.8817488804773282,0.9987005730814917,1.6357974805110758,0.6105282499698346,0.5415119356657178,0.9999150196613263
TTC14,1.3300950443834216,0.49633272368595527,1.1494447409708168,0.4318021615086554,0.665885208410905,0.9999150196613263
TTC17,3.2109318732185423,-0.1145855457853803,0.892682498168726,-0.12836091893864204,0.89786335742352,0.9999150196613263
TTC19,0.7931253810806854,-0.658170960094411,1.1970466025770048,-0.5498290197536996,0.5824366523400285,0.9999150196613263
TTC21B,0.2919042502673686,1.5978378260174828,2.3188930776753844,0.6890519625075874,0.4907905682974263,0.9999150196613263
TTC3,4.45678216582051,0.21707019154882923,0.8586662932294936,0.252799246063818,0.800423350336601,0.9999150196613263
TTC37,1.7703940080525977,-0.29486857444809755,0.9907791849606243,-0.29761280709567617,0.7659986986443956,0.9999150196613263
TTC39A,1.2648257955644975,1.3252760128764722,1.422222723794514,0.9318343679255903,0.35142213035004555,0.9999150196613263
TTC39C,1.7733435036305265,1.2010410986686304,1.092578518161703,1.0992721151880407,0.2716493914442625,0.9999150196613263
TTC3P1,0.7035974220790555,-0.9537985285941288,1.7586542996606451,-0.5423456609853207,0.5875804057201819,0.9999150196613263
TTC7A,1.486376627333714,-0.4045380433690402,1.0767603615279568,-0.37569923431708424,0.7071405071847043,0.9999150196613263
TTC9C,0.4096708623281093,-0.5372992728909035,1.537511288321059,-0.34946037598047613,0.726743713283813,0.9999150196613263
TTF1,0.9436945447082822,-1.9086848769631517,1.4340271928225377,-1.3309962924805943,0.18319023086159159,0.9999150196613263
TTF2,0.33795431053263886,0.8250758274879083,1.9439659783563181,0.4244291498277839,0.6712528656951631,0.9999150196613263
TTLL5,0.8202665229011358,1.4045767605482302,1.470834083851216,0.9549525510521906,0.33960169262479223,0.9999150196613263
TTN,0.5865814991198466,-2.465710891403307,1.548520536330531,-1.5923010599821985,0.11131707490045799,0.9999150196613263
TUBA1A,2.1429519104657127,0.09688264008184098,1.3646743301728894,0.07099323108801131,0.9434031427083176,0.9999150196613263
TUBA4A,0.8858373154833366,-0.5451877430171308,1.1585404147326703,-0.4705815490631211,0.6379395862592161,0.9999150196613263
TUBB,3.954679058201696,0.3202165751347351,0.9847591586154731,0.3251724772836285,0.7450505377032961,0.9999150196613263
TUBB2A,0.5052283512670037,0.18649120991607535,1.3038406237869478,0.1430322130740334,0.8862647403916233,0.9999150196613263
TUBB4B,2.472576252158566,0.5037198230314539,1.546977496000422,0.32561548201817964,0.7447152971054691,0.9999150196613263
TUBB6,2.200800203118982,-0.623068281654369,1.3477838474794368,-0.4622909547548018,0.6438726852643832,0.9999150196613263
TUBG1,0.47963279844454093,-0.2778578422970984,1.9418818429597224,-0.14308689444956185,0.8862215551504755,0.9999150196613263
TUBGCP2,0.7632568957180988,-2.8764947859040415,1.5753879609321395,-1.8258961330401762,0.06786590879708215,0.9999150196613263
TUBGCP3,1.020013284222699,0.4240530832746322,1.1263865302850262,0.37647208296012546,0.7065659660822439,0.9999150196613263
TUBGCP6,0.6790666368666509,-0.5513642681367855,1.8161692776526763,-0.30358638642395774,0.7614430244289537,0.9999150196613263
TUFM,4.853095235965713,-0.7483491395477185,0.851165433123306,-0.8792052759963377,0.3792899842884967,0.9999150196613263
TUG1,2.4870217744279333,-1.4162691897362758,1.089798564557757,-1.2995696964521157,0.19374849145071416,0.9999150196613263
TULP4,1.6739467677843396,-0.12856964309958602,0.9317462594302416,-0.13798782855131153,0.8902500369333375,0.9999150196613263
TUSC2,1.2205082530011628,0.43334448645061346,1.1553541891161405,0.3750750120896927,0.7076046801839241,0.9999150196613263
TWF1,0.8127646974546296,-1.6731430524014423,1.9195980836534314,-0.871611128730172,0.3834205574590186,0.9999150196613263
TWISTNB,3.6197085490691117,-0.5855757909675248,0.7956493138214987,-0.7359722189101224,0.4617476047669954,0.9999150196613263
TXLNA,0.9325413408738983,-0.3561968492374451,1.4582161748949924,-0.24426889193098902,0.8070225744777949,0.9999150196613263
TXLNG,0.7992654619068631,0.450147221184317,1.0845271107426075,0.41506313371556747,0.6780956865720964,0.9999150196613263
TXLNGY,1.1301350559421808,-1.5902879694134624,1.5845637051069283,-1.0036125176211503,0.3155654186303639,0.9999150196613263
TXN,10.591157543237578,0.41528607587921496,0.6620008860373341,0.6273195166929045,0.5304498127125297,0.9999150196613263
TXN2,1.2664223092354787,-0.2328625839939945,1.3196081910700317,-0.1764634272277236,0.8599298786212333,0.9999150196613263
TXNDC11,1.0877497235420672,0.06434387173193157,1.1537562996948054,0.055769031769492376,0.9555258056022613,0.9999150196613263
TXNDC12,2.5909089818003532,-0.35506989662287564,0.9680432339573388,-0.36679136237682064,0.7137746511040066,0.9999150196613263
TXNDC15,0.925786624224851,-0.4752577689258497,1.3470065515394072,-0.3528251353957471,0.7242195387784967,0.9999150196613263
TXNDC17,0.5971200962558709,0.1896468620000541,1.51101867425955,0.1255092774369499,0.9001203807848501,0.9999150196613263
TXNIP,1.4959723274694845,2.7624561667531773,1.4929158226998311,1.8503763740392767,0.06425932177820651,0.9999150196613263
TXNL1,2.595520309528963,-0.8640606835039102,0.9529314122275575,-0.9067396377291159,0.36454449706706793,0.9999150196613263
TXNL4A,2.0502801101242243,-0.8119387962156474,1.0577809489211614,-0.7675868969314958,0.44273264940498913,0.9999150196613263
TXNP4,2.5309543760523545,1.001715223023582,1.0226734872109053,0.979506397252478,0.32732982927120646,0.9999150196613263
TXNP6,2.8773831602616036,1.4067342717998523,1.006319011125979,1.3979009203312627,0.1621428222755542,0.9999150196613263
TXNRD1,0.8888698537123259,1.1227014017417523,1.2165864387655356,0.9228291274403418,0.35609625905920483,0.9999150196613263
TYK2,4.000353707847854,0.31663645488488484,0.8258981518023777,0.3833843848589337,0.701434779574646,0.9999150196613263
TYMP,0.9037572464362624,-0.2856513135622768,1.4743953341505698,-0.19374133039212751,0.8463784279655696,0.9999150196613263
TYROBP,16.189129834650753,-0.04444492608320185,0.4402410688924203,-0.10095588354584577,0.9195854810131994,0.9999150196613263
TYW3,0.7920398798407322,-0.8395863075984206,1.52288407880311,-0.5513133397903024,0.5814188954777587,0.9999150196613263
U1,1.7140112930060651,-0.38083586361522626,1.0666704295239786,-0.357032362643803,0.7210675783607503,0.9999150196613263
U2AF2,1.2490985526819653,-0.3146819595159333,1.33335167340687,-0.2360082233308216,0.8134262891095241,0.9999150196613263
U2SURP,2.6219525757529305,0.2673254939815662,0.8684049342576579,0.3078350702948103,0.7582078343012151,0.9999150196613263
U3,0.48463288371360835,0.7425374905310279,1.5494585262645728,0.4792238565566087,0.6317793842743227,0.9999150196613263
UAP1,0.7954332420329295,-0.2853112347784715,1.4669374559243515,-0.19449447802032585,0.845788719076833,0.9999150196613263
UBA1,4.322292971626854,-0.5185954042979688,0.6617594127376398,-0.7836615457460374,0.4332387320534802,0.9999150196613263
UBA2,1.0509700251102119,0.30805132852030814,1.2062413910261534,0.2553811623544504,0.7984287187934629,0.9999150196613263
UBA3,0.6091587525418213,0.07860775851353302,1.5559608976245802,0.05052039458931144,0.9597076976229877,0.9999150196613263
UBA5,1.0843323408816683,0.5545840636365925,1.3345153617777068,0.4155696363793306,0.6777249490326167,0.9999150196613263
UBA52,15.322359566506009,-0.250879817929065,0.5821261852447448,-0.43097153896897283,0.6664890650299902,0.9999150196613263
UBA6,1.4560832284272034,0.7314390855040894,0.9779909765539117,0.7478996259059747,0.45452070323534743,0.9999150196613263
UBA7,0.5784685555346196,0.07190802723347316,1.5720571805503771,0.04574135605442682,0.963516400924079,0.9999150196613263
UBAC2,2.0390642342791856,0.804646412241428,0.9964927052282546,0.8074784772831,0.4193908695789902,0.9999150196613263
UBALD1,0.3177690298316336,-0.36765386464284555,1.6061719021343401,-0.22890069497187293,0.8189461003987448,0.9999150196613263
UBALD2,4.067020022268134,0.5033810908643092,0.9373535419567156,0.5370237251288414,0.5912512260013767,0.9999150196613263
UBAP1,1.2662835447271188,1.7306520143285333,1.890784630642791,0.9153089073609515,0.3600294842769496,0.9999150196613263
UBAP2,0.5386088496291429,-1.081520323770653,1.4556546163356094,-0.74297866515425,0.4574945972954364,0.9999150196613263
UBAP2L,2.365642337531772,-0.481752208502748,0.8684731464627712,-0.5547116919675528,0.5790918776341905,0.9999150196613263
UBB,2.301255413345747,-0.3553491347202631,0.9511893575790198,-0.3735840102592217,0.7087138319402531,0.9999150196613263
UBC,20.273743507145632,0.20211646048294934,0.4296502301325693,0.4704209291836896,0.6380543141909756,0.9999150196613263
UBE2A,3.5605403974122805,0.5954000252569711,0.8529466653794702,0.6980507098788898,0.48514548160436854,0.9999150196613263
UBE2B,3.5648006667972405,0.9339601037763468,0.7262219723672995,1.2860532169411973,0.19842448971350557,0.9999150196613263
UBE2D1,1.185279620737527,0.370182260302071,1.4399128984732563,0.2570865645377413,0.7971119490079525,0.9999150196613263
UBE2D2,5.723396521445141,0.00660151787622856,0.6171251763042522,0.010697210435916343,0.9914650237264986,0.9999150196613263
UBE2D3,6.8329153938658065,-0.4045964285920026,0.863428809241421,-0.4685926902849897,0.6393608031689622,0.9999150196613263
UBE2D3P1,1.6368793376611623,0.07429994194458112,0.9869113769592381,0.0752853231599233,0.9399876987620918,0.9999150196613263
UBE2E1,2.173589910977413,0.5301431474786271,0.8338964289281903,0.6357421966178963,0.5249444683792854,0.9999150196613263
UBE2E2,1.2134862478023531,-0.4728003950970582,1.187743005444587,-0.39806624238555977,0.6905813572556591,0.9999150196613263
UBE2E3,2.1215712334483596,0.3571845990764977,1.0806068699076943,0.3305407443014021,0.7409914114659256,0.9999150196613263
UBE2F,1.6318202022555717,-0.8977754514492878,1.0629919890103503,-0.8445740520444752,0.3983487016571189,0.9999150196613263
UBE2G1,0.7019587675496791,1.1917406542599824,1.3088007375846773,0.9105592776936211,0.36252763516241915,0.9999150196613263
UBE2G2,1.9007075937723472,0.13396078287696803,0.9493728865019989,0.1411044962222923,0.8877873917213598,0.9999150196613263
UBE2H,4.05133456344694,0.1554690931049334,0.7014330840123947,0.22164493898064574,0.8245902962137465,0.9999150196613263
UBE2I,2.9937726678520797,-0.089992435248544,0.7914147639763247,-0.11371083702860532,0.9094670215404753,0.9999150196613263
UBE2J1,7.9657279385489295,0.16696046222010172,0.5527904644163932,0.3020320952829201,0.7626275963030158,0.9999150196613263
UBE2J2,0.7496821896538101,-1.7938217458636476,1.9121441436232949,-0.938120565777306,0.3481824540374511,0.9999150196613263
UBE2K,4.670527810067042,0.2774082721941525,0.7516452652693956,0.3690680764079944,0.7120769831620585,0.9999150196613263
UBE2L3,1.555725599653807,-0.55506822164931,0.9673280472297926,-0.5738159078907089,0.5660923827218418,0.9999150196613263
UBE2L6,3.403057217289378,-0.7113634766289686,0.8539570066590657,-0.8330202470169248,0.4048333104558687,0.9999150196613263
UBE2M,0.6208621029552538,-0.28380073764290153,1.3842670002832214,-0.20501878437096008,0.8375574489384038,0.9999150196613263
UBE2N,3.063928039086008,0.6560042128088239,0.8401760985056832,0.7807937097658183,0.434923834253909,0.9999150196613263
UBE2Q1,2.5126014820954246,-0.029204272130680838,0.8974927082612156,-0.03253984334564746,0.9740415424459951,0.9999150196613263
UBE2Q2,0.6356853137933238,0.46692807785121476,1.9160393078062117,0.24369441480082613,0.807467499331169,0.9999150196613263
UBE2R2,3.755158033795904,0.26103211232072016,0.7502379321022565,0.34793243736593926,0.7278909239473577,0.9999150196613263
UBE2V2,0.9876457042636643,0.7349354707524803,1.1735996636060126,0.6262233140850698,0.5311684772818474,0.9999150196613263
UBE2W,1.8279011423228393,0.5923219777074633,1.1672620167442744,0.5074456027958204,0.611842195217974,0.9999150196613263
UBE2Z,1.5180415065656134,-0.15222688252882638,1.0501656046108396,-0.14495512123084356,0.8847463055217478,0.9999150196613263
UBE3A,3.3215281598615354,-0.33118115559688666,0.7887215914810655,-0.41989614481707416,0.6745613241944173,0.9999150196613263
UBE3C,0.9199746359860025,0.06911779002827129,1.4613296485394642,0.04729787703777278,0.9622758200693364,0.9999150196613263
UBE4A,0.8426501924216195,-0.14570114047854243,1.4437248192000303,-0.10092029903543227,0.9196137290748356,0.9999150196613263
UBE4B,1.4009076830039269,-2.3114927913533734,1.7723031824412525,-1.3042310222393305,0.19215482562220532,0.9999150196613263
UBL3,2.5088021262020823,-0.18461502618887995,0.9383391802439645,-0.19674658170074577,0.8440258555395217,0.9999150196613263
UBL5,5.310233102332363,0.5079658434142353,0.880874244497073,0.5766610235088139,0.5641684671277301,0.9999150196613263
UBL7,1.3184608584998354,-1.2110599766542336,1.316210545875859,-0.9201111330165996,0.3575146871279202,0.9999150196613263
UBLCP1,0.8291702878424725,0.4574569461436046,1.1840202202850976,0.3863590657543455,0.6992307617426506,0.9999150196613263
UBN1,3.597492333460786,-0.2632136959075174,0.9089007489008595,-0.289595642016825,0.7721256013727054,0.9999150196613263
UBN2,0.8962819921758016,0.43244629215790265,1.2387295879689064,0.3491046765638067,0.7270107258015335,0.9999150196613263
UBP1,3.1328461213160557,-0.24008721943948189,0.7830427204645711,-0.3066080727971529,0.7591417082296391,0.9999150196613263
UBQLN1,1.8070639286331982,0.009001257293317697,1.132860823767186,0.007945598527615377,0.9936603963144242,0.9999150196613263
UBQLN2,1.6447504682006613,-0.6922047862375759,1.026697946417403,-0.6742048999445067,0.5001810548632486,0.9999150196613263
UBR1,0.457408271625328,-0.6000387871311555,1.3477129236612067,-0.44522744910769707,0.6561553920051333,0.9999150196613263
UBR2,0.836378849438627,-0.3049831559603404,1.25052280565799,-0.24388452140212416,0.8073202574082995,0.9999150196613263
UBR3,0.3611870785080973,0.28303763273543747,1.5512074538053677,0.18246278538766653,0.8552195570357155,0.9999150196613263
UBR4,0.5243983364219029,-0.5264253769957671,1.5393746436140108,-0.34197352748377813,0.7323708145295531,0.9999150196613263
UBR5,0.8569441758966898,-0.7737590490320917,1.6234450822913928,-0.47661547499960905,0.6336359618152819,0.9999150196613263
UBR7,1.2158910896724062,-0.2914234538841849,1.0869028092463429,-0.2681228269952284,0.7886047755205791,0.9999150196613263
UBTD2,0.325246512451101,1.172260883549451,1.582685546421712,0.7406783275425819,0.45888850303176554,0.9999150196613263
UBTF,0.7277354665087375,-0.6847825045922395,1.2953220102424474,-0.5286581245261692,0.5970426312512169,0.9999150196613263
UBXN1,0.9329353738240437,0.20315654168936131,1.242256035123018,0.16353838173886848,0.8700945556521164,0.9999150196613263
UBXN2A,0.777955283156838,0.578401172880989,1.5284084085481295,0.37843365009384217,0.705108474464023,0.9999150196613263
UBXN4,6.013472956615716,0.08794967217499923,0.7232262239064976,0.12160741586490068,0.9032099400731417,0.9999150196613263
UBXN6,1.7877663052099275,0.5953773396912254,1.9989935629146387,0.2978385477255533,0.7658263921145857,0.9999150196613263
UBXN7,0.8808105768885874,0.5129874142187549,1.3002612803557112,0.3945264093985922,0.6931924331736403,0.9999150196613263
UCHL5,2.6823852789280966,0.5867721367018999,0.8611007497341656,0.6814210031556063,0.4956051367384935,0.9999150196613263
UCK2,0.7845458314031916,0.3163202025703211,1.4071186636960147,0.22479994810065074,0.8221349064539857,0.9999150196613263
UCKL1,0.3673873989480063,-0.5073978964344372,1.6315452042569651,-0.31099223920400987,0.7558065215244218,0.9999150196613263
UCP2,17.13301637156705,0.12957821451930843,0.40951069705808735,0.3164220506330957,0.7516821821341609,0.9999150196613263
UFC1,2.2210417388914667,-0.36415058115527227,0.8478337294970517,-0.42950707017906936,0.6675542497401579,0.9999150196613263
UFD1,0.5886170462916926,0.6114534544027486,1.6722758172054708,0.36564150967903397,0.7146325965244409,0.9999150196613263
UFL1,0.8599308119710141,-0.9691681638839721,1.469703135692943,-0.6594312418249171,0.509618885659164,0.9999150196613263
UFM1,5.115691494514393,0.3018323234511617,0.5986564078599577,0.5041828993865353,0.6141328561839737,0.9999150196613263
UFSP2,0.6285914861280577,-0.004136320080836829,1.390208629771759,-0.002975323266059656,0.9976260390052147,0.9999150196613263
UGCG,9.921572116929964,-0.07353574711935924,0.5304798344355367,-0.13862119226003344,0.889749495990822,0.9999150196613263
UGDH,0.5142085490121734,1.0539922117538179,1.3927953417824837,0.7567459339754329,0.4492020897078831,0.9999150196613263
UGGT1,1.5089786219850576,0.03396783170409748,1.1459794139415713,0.02964087425206519,0.976353466683764,0.9999150196613263
UGP2,0.9575824974872229,-0.5746492024743518,1.3709320790713224,-0.4191667926128205,0.6750942392554029,0.9999150196613263
UHMK1,3.5685482403931115,0.4007263467355018,1.0163888085208719,0.39426481615698816,0.693385536512412,0.9999150196613263
UHRF1BP1L,2.422074457732774,-0.1049346343093859,0.878104539274697,-0.11950130037599004,0.9048782098687713,0.9999150196613263
UHRF2,0.6319307542633656,-0.7337145041088521,1.5367238820944051,-0.47745370047146696,0.6330390826142538,0.9999150196613263
UIMC1,0.46803877170124747,-1.7598123201784217,1.5907350316627096,-1.1062887816954563,0.26860154584314067,0.9999150196613263
ULK1,3.131669942908342,-0.09091364506580359,0.8164679511783214,-0.11134992492307579,0.9113388671563348,0.9999150196613263
UMAD1,0.4827082500987962,0.7301791136037292,1.4006103678209911,0.5213292221588436,0.6021374475308814,0.9999150196613263
UNC119,0.7825689744168847,-1.5990932808498088,1.5681946861815421,-1.019703289993606,0.30786920088542435,0.9999150196613263
UNC50,0.4544653093466617,0.0095908739040198,1.837342130447969,0.005219971689040524,0.995835084095839,0.9999150196613263
UNC93B1,3.0176015279378956,-0.6316014507622881,1.1689777634380023,-0.5403023654656418,0.5889885273459818,0.9999150196613263
UNK,0.7757536854004833,-0.7135613161364951,1.3392899846648794,-0.5327907505520877,0.5941784372965067,0.9999150196613263
UPF1,0.9460259450618975,-0.0674464596151754,1.0335773935950212,-0.06525535488018078,0.9479706881836403,0.9999150196613263
UPF2,1.2886055162837389,-0.920212922307957,1.1234590263083934,-0.8190889927972819,0.4127356414796496,0.9999150196613263
UPF3A,1.3363680294784475,-0.7788798622286758,1.2435401050726955,-0.6263407662136828,0.5310914526792857,0.9999150196613263
UPF3B,0.6341616613211785,-0.25283183374271345,1.261899125621711,-0.20035819710878125,0.8412004504373203,0.9999150196613263
UQCR10,2.100235373039176,0.7897758992601401,1.034261299620039,0.7636135080663692,0.4450975970613229,0.9999150196613263
UQCR11,1.2196765752764323,0.7959188589857293,1.1693354671866882,0.6806591276159918,0.49608720419598695,0.9999150196613263
UQCRB,7.442726706581305,0.3997480451321499,0.580818469768719,0.6882495408441969,0.4912956513816129,0.9999150196613263
UQCRBP1,0.4825873435759321,1.2246277972498982,1.4597410036121858,0.8389349851922424,0.4015057942119358,0.9999150196613263
UQCRC2,1.5450196679142874,-0.661474304665223,0.8881633135215655,-0.7447665250239608,0.4564128748040782,0.9999150196613263
UQCRFS1,1.3757229453897413,0.9366518352827095,1.1061619360707065,0.8467583314337062,0.397129838102541,0.9999150196613263
UQCRH,3.950391972493501,0.3177476289934926,0.6847569736551169,0.46402978168650044,0.6426264085302353,0.9999150196613263
UQCRHL,2.860722682137317,-0.1298059921581732,0.9162674376800277,-0.1416682366087783,0.8873420653554254,0.9999150196613263
UQCRQ,4.319498756862526,0.09646757641408411,0.7362960239499781,0.1310173806135314,0.8957615581803373,0.9999150196613263
URI1,2.3657184375819824,-0.5943748940170468,1.1435036689003728,-0.5197839851170879,0.6032141426877407,0.9999150196613263
URM1,1.2417198786082588,-2.6595430293955804,1.451374962956232,-1.8324300041517132,0.06688738126786666,0.9999150196613263
UROD,1.0334856148093703,0.10910952002043446,1.4640600380924527,0.07452530441483465,0.9405924071376639,0.9999150196613263
USB1,0.5982210952641821,0.25297996492074887,1.2128934981765345,0.20857558004975643,0.8347795755832101,0.9999150196613263
USF2,6.219084781783609,-0.04122677061823764,0.7083059504728726,-0.05820474978462938,0.9535855373576879,0.9999150196613263
USF3,1.2792110959402154,0.6397166814646262,1.36121228239063,0.46996099707616756,0.6383828834848155,0.9999150196613263
USMG5,4.18988981397879,-0.5710707157070064,0.8856714039668235,-0.6447884770234696,0.5190642702728216,0.9999150196613263
USO1,3.230849704708512,-0.9035320590627484,0.8949169329595758,-1.0096267327009687,0.31267415693510203,0.9999150196613263
USP1,0.9446441364590594,-0.01584733932666694,1.1156162854159866,-0.014205008956782884,0.988666423821071,0.9999150196613263
USP10,0.8379689121556454,-0.18770145030550706,1.1920242261168323,-0.1574644593566424,0.8748788157555517,0.9999150196613263
USP11,3.336181057061438,-0.19337203054813562,0.8679543560477045,-0.22279055252245025,0.8236985212223572,0.9999150196613263
USP12,1.5723922671465145,0.6065425391504928,1.1125472434136636,0.545183625002224,0.5856272325492902,0.9999150196613263
USP14,2.676049796645893,0.2433077449589716,0.8584870173967059,0.2834145887223585,0.7768590464735403,0.9999150196613263
USP15,3.6615924485671294,-0.23625103760571564,0.776773039041183,-0.3041442296933146,0.7610180114885354,0.9999150196613263
USP16,1.6637852885358353,0.4263321099812392,1.0399013884030857,0.40997359435776115,0.6818253178602136,0.9999150196613263
USP22,0.40959362960090345,0.18145464485472304,1.5462861760024802,0.11734868206855908,0.906583748777556,0.9999150196613263
USP24,3.401013496633385,-0.7815411238473398,0.9199386895592568,-0.84955783762261,0.3955709613553473,0.9999150196613263
USP25,1.0820412210958388,-0.6983211786756943,1.340024735219911,-0.5211255884475096,0.6022792865135488,0.9999150196613263
USP33,1.0347255815037348,-0.46860607940961774,1.2442721108252204,-0.3766106105993415,0.7064630013194813,0.9999150196613263
USP34,0.3721738198421441,0.38197399599007276,1.8647656133791881,0.2048375373556402,0.8376990582157202,0.9999150196613263
USP36,8.823803350107639,-0.13370532403691418,0.6280486530789945,-0.2128900736932192,0.8314127049627174,0.9999150196613263
USP38,1.6478201596495565,0.9490069761958381,1.203161585508128,0.7887610339512682,0.4302516879023457,0.9999150196613263
USP39,0.7536555027213857,-0.1467558119883452,1.557724317071892,-0.09421167171878471,0.9249410133234701,0.9999150196613263
USP4,0.4334846914939485,-1.6440535912245242,1.4772629708590044,-1.1129051656040183,0.265749161288082,0.9999150196613263
USP42,0.5655479748760373,0.5236407587919342,1.396182794330229,0.37505172024636857,0.7076220021534454,0.9999150196613263
USP47,2.0331420674580274,0.22031081566321967,0.9031121692319082,0.24394623743204877,0.8072724583952156,0.9999150196613263
USP48,1.1258377932985288,-0.3349256040913275,1.1086499940454706,-0.3021022016779001,0.762574154119773,0.9999150196613263
USP5,0.5860943583730251,-0.31622480062633185,1.2193423926462401,-0.2593404465664929,0.7953725747647413,0.9999150196613263
USP7,5.197198479044263,0.3447824125186661,0.6575870985156563,0.5243144418388513,0.6000598537617139,0.9999150196613263
USP8,1.2697473116565705,-0.7723153037507404,1.1211369782488032,-0.6888679249141204,0.49090638581101276,0.9999150196613263
USP9X,1.8188279459557632,0.5436052841920643,0.9410011106937961,0.5776882492638786,0.5634746139745402,0.9999150196613263
USP9Y,0.880963146737615,-0.6794966824748542,1.6968162955989377,-0.40045388781170754,0.6888222404803366,0.9999150196613263
USPL1,0.835775839055138,-0.6563071485995419,1.546929081308404,-0.4242645358017528,0.6713728999335964,0.9999150196613263
UST,0.8726288436430054,-1.1132506227818104,1.5860086742636745,-0.7019196306089888,0.4827292858595048,0.9999150196613263
UTP11,1.3539093829842983,-1.6043447140224651,1.2593168883567922,-1.2739801465823897,0.20267045230976877,0.9999150196613263
UTP14C,0.4603411463963856,-1.0713517534608115,1.3779561415032122,-0.7774933622285496,0.4368677491384966,0.9999150196613263
UTP18,1.5743287400848334,1.0718268922991052,1.2201879827080546,0.8784112837436077,0.37972056308799373,0.9999150196613263
UTP23,0.3222092969752526,-1.4623435940421905,1.7969449374416593,-0.813794325898574,0.41576278618800633,0.9999150196613263
UTP3,1.52974559195377,-0.18886852702442603,0.9931138271546133,-0.19017812647474291,0.8491695508602701,0.9999150196613263
UTP4,3.0768385079141547,0.3765561020551259,0.8821013840939739,0.42688528648200125,0.6694628828115848,0.9999150196613263
UTP6,1.3465466190655657,-0.40958021775464104,1.0707665518394556,-0.38251121782897374,0.7020822097673161,0.9999150196613263
UTRN,5.4043221411539255,-0.36972229344917873,0.6568446828227044,-0.5628762828075967,0.5735191312997838,0.9999150196613263
UVRAG,5.269227722639058,0.2649129723170332,0.7546363083698963,0.35104721225152363,0.7255529292256822,0.9999150196613263
UVSSA,0.5339166819321873,0.5378587517166797,1.467493360758274,0.36651528797292865,0.713980606932886,0.9999150196613263
UXT,2.841021082516565,1.5387051763538264,1.1085240276273782,1.3880665984725504,0.16511676639320638,0.9999150196613263
VAMP2,4.429651995266386,-0.1327909937812488,0.8833133209803211,-0.15033283278675605,0.8805020305091312,0.9999150196613263
VAMP3,1.546698173904633,0.7512766337293286,1.2160706523143914,0.6177902840591706,0.5367135888587834,0.9999150196613263
VAMP5,0.6920757100462684,-0.2929960061848682,1.6794642748301705,-0.17445801650916112,0.8615055227186624,0.9999150196613263
VAMP7,0.7044307546393297,0.82276426129364,1.2450008136605768,0.6608543964517837,0.5087056941801635,0.9999150196613263
VAMP8,11.490902856794616,-0.4551917777096301,0.5155945500624664,-0.88284831105077,0.37731823412042453,0.9999150196613263
VAPA,5.218697060968743,-0.31553886291850486,0.6851216492873637,-0.46055888504868564,0.6451151152477305,0.9999150196613263
VASH1,0.6715439698762551,0.7677773298030668,1.2570108260411401,0.6107961155920375,0.5413345653121132,0.9999150196613263
VASH2,1.1324827432810949,-1.3681456001525645,1.3826720435713689,-0.9894939342367237,0.3224215361634911,0.9999150196613263
VASN,1.7280471540881157,-0.5520708619028647,1.2100198886625784,-0.45624941133245545,0.6482106375344381,0.9999150196613263
VASP,1.638310230320408,0.2929049292861358,0.9154003458481391,0.3199746762327829,0.7489875275927653,0.9999150196613263
VAV1,1.9445868739116416,-0.45127062365170256,1.1584937176083467,-0.3895322147998598,0.6968824847476742,0.9999150196613263
VAV3,1.4821414431089646,1.5377612958860087,1.3302011627874903,1.156036649872992,0.24766616629525462,0.9999150196613263
VBP1,1.2888156660033034,-0.40553157119964256,1.1369417160053659,-0.3566863327211477,0.7213266383358459,0.9999150196613263
VCL,1.765138977456885,0.04916942591316022,1.0473539460705803,0.04694633184668092,0.9625560013053474,0.9999150196613263
VCP,3.953701074454347,-0.5918806910056836,0.7213087212349507,-0.8205650002294805,0.4118940905737828,0.9999150196613263
VCPIP1,0.8992905667368021,1.1596035240896156,1.3903554275370613,0.8340338744487732,0.4042618955098912,0.9999150196613263
VDAC1,2.39222611598569,-0.13050828135491946,0.8215789047760992,-0.15885057490672333,0.873786601638542,0.9999150196613263
VDAC2,1.3748463270413533,-0.7364461848083452,1.0383004589287748,-0.7092804192421761,0.47815047697949276,0.9999150196613263
VDAC3,3.0417598350040596,0.490138752498096,0.8589554127964413,0.5706218800139875,0.5682559836018772,0.9999150196613263
VEGFA,1.2608899411139487,2.350749488420677,1.2657610315447978,1.857182698658139,0.0632851656218349,0.9999150196613263
VEGFB,8.420375285836444,0.4554789024484274,0.6870883967466542,0.6629116495127967,0.507387140277707,0.9999150196613263
VEZF1,1.498330380080832,-0.48526893931189036,1.474129279860132,-0.3291902182133805,0.7420119160274354,0.9999150196613263
VEZT,1.3532491777603868,-1.3197451527132953,1.2811283316353388,-1.0301428202970602,0.30294296672894017,0.9999150196613263
VHL,1.3860169516059813,-0.6251199484511911,0.9685180344880241,-0.6454396574882993,0.5186423107581373,0.9999150196613263
VIM,21.88035556366907,0.1461103991565393,0.4096966965033838,0.3566306499504141,0.7213683289817189,0.9999150196613263
VIRMA,0.5043792528120292,-0.5400440893211751,1.547382338009969,-0.349004946001714,0.7270855963938063,0.9999150196613263
VKORC1,1.0353247964382504,0.34986806255587927,1.4058825066852558,0.2488601009630505,0.8034689992892847,0.9999150196613263
VKORC1L1,0.7816782062463472,-0.026663559575742405,1.2550210212126227,-0.021245508342146828,0.9830498120559628,0.9999150196613263
VMA21,1.342308005827382,-0.7535442746428151,0.9164544427874826,-0.8222386618049875,0.4109410788640312,0.9999150196613263
VMP1,4.512809270569511,-1.1322958944943482,0.8307785420173025,-1.3629334861549254,0.17290347404412054,0.9999150196613263
VOPP1,2.3929214439372095,0.15162378290644907,1.1390059168569757,0.13311939882177837,0.8940989536425502,0.9999150196613263
VPS11,0.31235875771017596,0.09911337167653791,1.918996713282132,0.05164853644122225,0.9588087444344288,0.9999150196613263
VPS13A,1.667749612755244,0.0683395638792965,0.9959028017337667,0.0686207165602147,0.9452915283043607,0.9999150196613263
VPS13C,4.074911000343129,0.2724542615427236,0.6815849450807604,0.3997363256174045,0.6893507338226785,0.9999150196613263
VPS13D,1.0593619772263603,0.49465777666126104,1.2990723442955947,0.38077769789601895,0.7033682093213434,0.9999150196613263
VPS25,1.138469091666751,0.09436959042005776,1.2946294957120195,0.07289312558737619,0.9418911643788986,0.9999150196613263
VPS26A,3.404012248774614,-0.2786964702122092,1.19553144255993,-0.23311513214194587,0.8156720048224764,0.9999150196613263
VPS26B,0.7655230058365707,-0.4641606165237818,1.450896515914921,-0.31991297203652513,0.7490343039814895,0.9999150196613263
VPS28,1.311016694042075,-0.7339567767067827,1.103364300560048,-0.665198952271919,0.5059232505456045,0.9999150196613263
VPS29,1.2674333320331987,-1.0910937554658136,1.045185995809899,-1.0439230527771672,0.2965209915879857,0.9999150196613263
VPS35,1.3327382761568325,-0.13675445151048687,1.241088990277335,-0.11018907796444764,0.9122594240490671,0.9999150196613263
VPS36,1.3302937047240897,-0.7385146007245671,1.693307211276697,-0.43613739775415694,0.662737045018071,0.9999150196613263
VPS39,0.5388943364705291,-1.1237095061399778,1.809942268251945,-0.6208537840410039,0.5346958317292492,0.9999150196613263
VPS41,0.43043091020002683,-1.0356809607585042,1.3072480179321464,-0.7922604942226517,0.42820880178725973,0.9999150196613263
VPS4A,0.412608414346026,-1.0116356219552503,1.5019810106231748,-0.6735342289950262,0.5006074801485587,0.9999150196613263
VPS4B,0.7968483041701946,-1.0145757425043802,1.4504562697850583,-0.6994873017817554,0.4842475459647738,0.9999150196613263
VPS53,0.8284409333188683,-0.47027966719317577,1.423026089054613,-0.3304785982564845,0.7410383611982361,0.9999150196613263
VPS54,0.44876955038381794,0.891221156347483,1.6677530262230376,0.5343843736658255,0.593075627988698,0.9999150196613263
VPS72,0.34968580961686957,-0.8134853779663648,1.5449577370011316,-0.5265421561274519,0.5985115699084427,0.9999150196613263
VRK2,0.6328505125933028,-1.068319937523782,1.6132090489068809,-0.6622327950910525,0.5078220395147635,0.9999150196613263
VRK3,0.739610302846558,0.38989591373788335,1.38759832664765,0.2809861515759012,0.7787210215577797,0.9999150196613263
VSIG4,0.27653909817604366,0.3695063109109759,2.4264642183912057,0.15228178850128107,0.8789646880655954,0.9999150196613263
VSIR,0.5039627719401705,0.14339385413373096,1.4875652191051214,0.09639500325235677,0.9232068604719662,0.9999150196613263
VTA1,0.4681531999136468,0.34284085789108554,1.6376289061285871,0.20935198237406147,0.8341734746447032,0.9999150196613263
VTI1A,1.951120153849934,-1.5897625941135025,1.2740543464710976,-1.247798101012614,0.21210500430645685,0.9999150196613263
WAC,5.3204494474146395,0.28749824086256415,0.6947447835603134,0.41381849517349467,0.6790070378680173,0.9999150196613263
WAPL,1.8174247723897123,0.24367166133885146,0.9463905884874143,0.2574747300988105,0.7968123203419002,0.9999150196613263
WARS,0.8847081678042273,-0.00965161396615971,1.2131045246887813,-0.007956127250152501,0.9936519958747931,0.9999150196613263
WAS,4.986394221971911,0.10445610981012651,0.6425632470773669,0.16256160041090806,0.8708636231705515,0.9999150196613263
WASF1,1.4621930522659823,-1.9337580522699571,1.4670555239346537,-1.3181219256675465,0.18746283584150625,0.9999150196613263
WASF2,5.037808345224709,-0.2470288760966297,0.9710385558107395,-0.2543965681057642,0.7991892020300344,0.9999150196613263
WASHC2A,0.5472209175449712,0.5591168356336302,1.2830682076915298,0.43576548174284657,0.6630068905972755,0.9999150196613263
WASHC2C,1.0228634886492993,-0.14325583176427717,1.202767412985657,-0.11910518211386352,0.9051920252382336,0.9999150196613263
WASHC3,0.2523300312032781,-0.6405667443046626,2.3185467527695174,-0.27627941663867767,0.7823334640353204,0.9999150196613263
WASHC4,0.9138801245608668,-0.42560456071008823,1.2924219052792367,-0.32930775853581146,0.7419230804121157,0.9999150196613263
WASHC5,0.9079043163738884,0.9297001417943629,1.6593630065654106,0.5602753213829194,0.5752916577804208,0.9999150196613263
WBP11,4.3533023131869735,-0.627060829315484,0.7995950540697879,-0.7842229965328859,0.432909273676393,0.9999150196613263
WBP1L,1.4001238575931083,0.6053624920283058,1.0983281031529533,0.551167260757966,0.5815190208882367,0.9999150196613263
WBP2,2.1959449776459823,0.14240342125426542,0.9841240483132473,0.1447006822954278,0.8849472004350447,0.9999150196613263
WDFY1,1.0021231209905528,-1.344121299389309,1.599012537741059,-0.8405945967679295,0.4005750867349711,0.9999150196613263
WDFY2,2.735261900670863,0.5802179324425647,0.8241096830413445,0.7040542592598757,0.4813989839361795,0.9999150196613263
WDFY4,2.4792955305702167,-0.6810872808589834,0.8552412072691419,-0.7963686443895206,0.42581779765564887,0.9999150196613263
WDR1,4.68112556338751,-0.05419324170488091,0.6809005573525521,-0.07959053803038833,0.9365629209006917,0.9999150196613263
WDR12,0.8138259223527619,0.9934474600540077,1.545282150164304,0.6428906591255056,0.5202950508900062,0.9999150196613263
WDR13,0.7038223066385895,-0.5231414541364571,1.598877452548681,-0.3271929648532766,0.7435219415535803,0.9999150196613263
WDR26,2.794194648876364,1.1572489832592732,0.9153389802457965,1.2642846073795704,0.20612789236881157,0.9999150196613263
WDR33,1.7177202408696939,-0.3518236878185186,1.0021525451036344,-0.3510679981181267,0.7255373356160436,0.9999150196613263
WDR36,0.45832919254675897,-0.25843636571290685,1.6501370803496966,-0.15661508900711393,0.8755482099944817,0.9999150196613263
WDR41,1.9513565032389286,2.1218670803678523,1.5600775819380617,1.360103564677782,0.17379715320326172,0.9999150196613263
WDR43,1.25268894380923,0.4873175645979761,1.0390895108414842,0.4689851639473605,0.6390802406607013,0.9999150196613263
WDR44,0.6751842226213071,-0.3230246256951147,1.3271665493922193,-0.24339418880248676,0.8077000451438014,0.9999150196613263
WDR45,0.8010420810212265,-1.2293937353491935,1.329789031119191,-0.9245028396079477,0.3552245737289067,0.9999150196613263
WDR45B,1.8523624806654984,1.9482586844191598,1.123796517967851,1.7336400792041735,0.08298196446926755,0.9999150196613263
WDR47,0.39092732412518444,0.41220005279600297,1.9012279647862216,0.2168072742620066,0.8283585427530453,0.9999150196613263
WDR48,1.0525971614141434,-0.248819476734253,1.0582725500282857,-0.235118520959088,0.8141167439420964,0.9999150196613263
WDR55,0.22225521468839718,-0.8845553758338567,2.3149033774889873,-0.3821133030586132,0.702377324777977,0.9999150196613263
WDR59,0.7361327074581423,0.40501509666168084,1.5980489702758904,0.2534434827687153,0.7999255298061909,0.9999150196613263
WDR60,1.3239923998122778,0.05163565477619664,1.644386815064533,0.03140116078720214,0.9749496154347912,0.9999150196613263
WDR61,0.4984745067211148,-0.5091179719852296,2.47765220611705,-0.20548403473589777,0.8371939704020477,0.9999150196613263
WDR70,0.6101388450272685,0.5272810635131062,1.2347991549708361,0.4270176744051625,0.669366454361062,0.9999150196613263
WDR82,2.6754399030185314,-0.12591428217279999,0.7720007971363771,-0.16310123336641671,0.8704387287155929,0.9999150196613263
WDR83OS,1.1773308846934316,-0.2665179660881605,1.4556206063388093,-0.18309576336550293,0.8547228799286245,0.9999150196613263
WFDC2,0.7036090698804291,-0.6295874478740344,1.5906513445785806,-0.39580480664091366,0.6922490306188729,0.9999150196613263
WHAMM,0.6958623605191598,-0.18478644211150458,1.1831948093692537,-0.1561758390488646,0.8758944206777566,0.9999150196613263
WIPF1,5.348185580668928,0.05118294805097691,0.5883311640289275,0.08699683304292938,0.9306740294302168,0.9999150196613263
WIPF2,1.175672832710218,-0.9389742992302184,1.180383915900598,-0.7954821194880555,0.42633310795555324,0.9999150196613263
WIPI2,2.415756396180815,0.1386923830216802,0.9054838564878479,0.1531693602574366,0.8782647194950256,0.9999150196613263
WIZ,0.7151142556481238,-1.260977845645748,1.4443338302439084,-0.8730515198365211,0.3826349968501266,0.9999150196613263
WNK1,3.6725595186264304,0.06526876435902833,0.6875079821603781,0.09493528228418849,0.9243662318576933,0.9999150196613263
WNT10A,1.2663381059537582,0.009419931976920315,1.342163305076044,0.007018469318371511,0.9944001176644587,0.9999150196613263
WRB,0.577170150290129,1.2334918771790981,1.3520128510246605,0.912337391056795,0.3615911368079304,0.9999150196613263
WSB1,6.778776715180573,0.3121601276313285,0.5960536859604417,0.5237114289937393,0.6004792651855559,0.9999150196613263
WSB2,0.5412732580287908,2.4432859236785847,1.774441769993571,1.3769321512801385,0.1685332257792066,0.9999150196613263
WTAP,5.2023967070116175,0.23452018822420015,0.7243791603521883,0.32375336158232104,0.7461247680099274,0.9999150196613263
WWP1,0.7816345324506889,-0.3218593281761397,1.2857605555719778,-0.2503260243762563,0.8023352324500636,0.9999150196613263
WWP2,0.9323918157981793,-0.11676833300634175,1.129338087955849,-0.10339537314082581,0.917649184165535,0.9999150196613263
XBP1,11.50813042584206,-0.04944610779973473,0.4705409430655217,-0.10508353954833104,0.9163095205199056,0.9999150196613263
XIAP,0.3797606261317505,-0.6070812918533123,1.568656952564804,-0.38700704501434496,0.6987509924109295,0.9999150196613263
XIST,1.2337932899383932,3.332237558740558,2.0372954443696067,1.6356182251080629,0.10191951362559329,0.9999150196613263
XPA,0.39477115373755756,-0.5389142973116583,1.919304373248597,-0.28078626028423875,0.7788743425623442,0.9999150196613263
XPNPEP1,2.289390487044132,1.1747471323425303,1.0299324189574264,1.140606034648075,0.25403390486232547,0.9999150196613263
XPO1,2.2861663667163756,0.5787929382649808,0.9423886879396641,0.6141764493485067,0.5390987340777047,0.9999150196613263
XPO6,0.8004166130212971,-0.9234992867576743,1.3179757246040342,-0.7006952173076827,0.48349324143078776,0.9999150196613263
XPO7,0.6362501148841206,-1.194930028181399,1.4764865027539653,-0.809306435211292,0.4183389055981237,0.9999150196613263
XRCC5,8.376006833933168,-0.1094316809039047,0.5285918392628155,-0.2070249155880277,0.8359904001698284,0.9999150196613263
XRCC6,4.582747610386293,-0.5492235941158192,0.7088833541935392,-0.7747728746440141,0.43847388039213964,0.9999150196613263
XRN1,2.340010176009944,0.1351430349602138,0.8488354814912563,0.1592099269021966,0.8735034830845372,0.9999150196613263
XRN2,1.792165730617917,-1.1675631428736424,1.2549286901556165,-0.9303820623695037,0.3521733026049362,0.9999150196613263
XXYLT1,0.3454873555189785,-0.4527119620914271,2.369162979862918,-0.1910851916644508,0.8484588492105289,0.9999150196613263
YARS,0.5617369711813214,0.23405827793949113,1.9392711530954776,0.12069394089933518,0.9039334583736316,0.9999150196613263
YBEY,1.0361283254921827,0.5346869415489448,1.4940341536588155,0.35788133774554154,0.7204321173220842,0.9999150196613263
YBX1,12.195939214010577,0.2119590651917965,0.4966296943925809,0.4267949894760923,0.669528656290304,0.9999150196613263
YBX1P1,3.2123593667788515,-0.9351324142514204,1.141916770007702,-0.8189146869654197,0.4128350897935391,0.9999150196613263
YBX3,1.128310234569295,-0.02446431274290486,1.140543595297376,-0.021449695429245068,0.9828869314501468,0.9999150196613263
YEATS2,0.7231958686608096,-0.7366021477691777,1.3666605705347015,-0.538979585458432,0.589900940832331,0.9999150196613263
YES1,0.3300213504925137,-0.09985906728778095,1.3891508360411626,-0.0718849708015595,0.9426934506673236,0.9999150196613263
YIF1A,1.46544433060902,-2.0456123766477385,1.7320079848978922,-1.181064056565729,0.23757727734746803,0.9999150196613263
YIF1B,0.8565915438357063,-0.5106305146954842,1.252201958771155,-0.40778606926680583,0.6834307419181014,0.9999150196613263
YIPF1,1.4070783168412655,-0.44001625244327425,1.6330904198573637,-0.2694377770470945,0.7875928187666569,0.9999150196613263
YIPF3,2.5478676973129435,0.6419162291429037,1.3204979110378559,0.4861168077413955,0.6268843507427564,0.9999150196613263
YIPF4,1.417785289744786,0.30310113334509065,1.382856933359933,0.21918473707084404,0.826506144474831,0.9999150196613263
YIPF5,0.7456835461324614,-0.9595312200472474,1.2805962693259372,-0.7492847223054245,0.45368561406553964,0.9999150196613263
YKT6,1.2086805239961567,-1.036023896146777,1.1841252319304116,-0.8749276412747379,0.38161327805714973,0.9999150196613263
YLPM1,2.3487133768567925,0.28079317384626645,1.0342871605170039,0.2714847332204219,0.786018240079098,0.9999150196613263
YME1L1,5.776987739017335,0.6832887216462619,0.6683975170054902,1.0222789646309374,0.3066488862627479,0.9999150196613263
YPEL3,2.3691257311884812,-0.766030785277575,0.8047143579846245,-0.9519288150842355,0.34113308471860204,0.9999150196613263
YPEL5,22.4028305694171,0.1933226948217749,0.40216445338826684,0.4807055750278677,0.630725768275584,0.9999150196613263
YRDC,0.4950208103734076,-1.4612801748822752,1.4413259923021744,-1.0138443229960967,0.3106570420403483,0.9999150196613263
YTHDC1,3.9356672674601336,-0.6668633580567533,0.8857962941045119,-0.7528405373731136,0.4515457438262994,0.9999150196613263
YTHDC2,0.5143731293306956,0.860150857497435,1.455662615231204,0.5908998750791004,0.5545875097050925,0.9999150196613263
YTHDF1,1.2780654219960135,0.4656048710460079,1.2110816884910551,0.38445372882,0.7006421846284095,0.9999150196613263
YTHDF2,1.2228706105527662,-1.5567461236385818,1.2025957090979646,-1.2944883403968372,0.1954967941130754,0.9999150196613263
YTHDF3,1.9293792747841114,0.33135205645407695,0.8957160405124077,0.36992980081558224,0.7114347962544978,0.9999150196613263
YWHAB,11.063575853543853,0.09785641750993314,0.508428441493482,0.19246841742858642,0.8473753046356403,0.9999150196613263
YWHAE,7.6982376631419935,0.19847617719011132,0.6527414937394516,0.30406551306103285,0.761077980216849,0.9999150196613263
YWHAG,4.242057925070566,-0.022342126427525238,0.7098567057999533,-0.03147413589950862,0.9748914184852503,0.9999150196613263
YWHAH,0.7020742638117938,0.5763024968342645,1.275337161946004,0.45188246216780775,0.6513536593939364,0.9999150196613263
YWHAQ,3.128168367361008,-0.2391100772668903,0.8646256280164147,-0.2765475247540903,0.7821275627706699,0.9999150196613263
YWHAZ,21.390025225793718,-0.08177486383924197,0.4331185907176703,-0.1888047883230835,0.850245818803439,0.9999150196613263
YWHAZP3,2.395751528602515,-1.144720607557904,0.8444086907198409,-1.3556475911943224,0.17521132188552857,0.9999150196613263
YY1,3.900460981672443,0.6911661709664042,0.8575052208869292,0.8060197817239197,0.42023144308165394,0.9999150196613263
Z74021.1,4.524998303430986,-0.38327666922557385,0.7494404855764942,-0.511417085948786,0.6090590333930711,0.9999150196613263
ZBED1,0.8326030468437362,0.49798836114797956,1.3910539027510551,0.35799357606712395,0.7203481209576617,0.9999150196613263
ZBED5,0.6361682049100555,-0.611422167326054,1.4555920087359493,-0.4200505111710659,0.674448554397238,0.9999150196613263
ZBTB1,2.742349823870496,0.3160692780574134,1.057213231417432,0.29896455006872313,0.7649670941404819,0.9999150196613263
ZBTB10,2.908039036006032,1.3351369874527008,0.8709040530891309,1.5330471625627615,0.12526423490232896,0.9999150196613263
ZBTB11,0.3940348667223728,-0.11888288740893672,1.4269396229295257,-0.08331318683608253,0.9336025151695891,0.9999150196613263
ZBTB18,9.366395322707113,0.17940066266541496,0.6336558648348803,0.28312002243073003,0.7770848335775173,0.9999150196613263
ZBTB21,2.0799129276765567,0.04098473353992242,0.9192320219704618,0.044585841833564205,0.9644374280175261,0.9999150196613263
ZBTB33,1.2939702324277236,-0.3024395673252011,1.0571344728860763,-0.2860937516298307,0.7748063171159373,0.9999150196613263
ZBTB4,3.260993415820312,0.5407268763435479,0.7558675115927026,0.7153725594108049,0.47437886377622784,0.9999150196613263
ZBTB43,1.0746795558365476,-1.8522171799735347,1.4521750584837096,-1.2754778903223483,0.20214014495567323,0.9999150196613263
ZBTB44,2.0418799860091457,-1.4308613365608762,1.248769451927773,-1.1458170556238392,0.2518708565611312,0.9999150196613263
ZBTB46,0.3300213504925137,-0.09985906728778095,1.3891508360411626,-0.0718849708015595,0.9426934506673236,0.9999150196613263
ZBTB7A,2.7135348783808584,0.19139105315111152,0.822296288499539,0.2327519360452748,0.8159540373827181,0.9999150196613263
ZBTB8OS,1.0322710151443286,0.7560637849194077,1.3631924963328739,0.5546273082879315,0.579149606281268,0.9999150196613263
ZC3H12A,3.7120116305132282,0.06287410959918431,0.9631450675825035,0.0652799995716102,0.9479510664024988,0.9999150196613263
ZC3H13,1.6304151853606281,-0.6435509532489229,1.0649547651709732,-0.6042988625395783,0.5456449624455547,0.9999150196613263
ZC3H15,3.5337292749084637,-0.5706938368971655,0.8069485215534412,-0.707224589492442,0.47942691996529885,0.9999150196613263
ZC3H18,1.0732818721642394,0.009641282770608692,1.0899755750232252,0.008845411761087633,0.9929424745536759,0.9999150196613263
ZC3H4,0.5097505283846878,-1.3567390541979434,1.4240185710137987,-0.9527537644625258,0.3407148454409097,0.9999150196613263
ZC3H6,0.7555479391959254,-2.7159833356430263,1.883039293561009,-1.4423402341789904,0.1492064151440422,0.9999150196613263
ZC3H7A,2.2342659377735767,-0.6021936781250657,1.0006683052662837,-0.6017914976979496,0.5473129353738905,0.9999150196613263
ZC3H7B,1.3625588149753751,-0.8631279560827768,1.086148742390542,-0.7946682828938225,0.4268064867732776,0.9999150196613263
ZC3H8,0.495416048180334,0.46027925547875753,2.0103884619716337,0.22895040644401188,0.8189074622179411,0.9999150196613263
ZC3HAV1,16.07856857394718,0.25214191633780847,0.5446371673010585,0.4629539287362522,0.6433973907620093,0.9999150196613263
ZCCHC10,0.9392728608864007,0.4595915341649499,1.2304728087623162,0.3735080782705266,0.7087703340725722,0.9999150196613263
ZCCHC11,2.8189927824161742,-0.6817924306794931,0.8127417459919315,-0.8388795506589637,0.40153690419259314,0.9999150196613263
ZCCHC17,0.5713209665660869,-0.7281174646811891,1.3517862735156927,-0.5386335687427266,0.5901397200776233,0.9999150196613263
ZCCHC2,0.34100809182656056,-0.030697879995611695,1.9631530522881289,-0.015637028381374624,0.9875239649128014,0.9999150196613263
ZCCHC3,1.3710236852399909,-0.05921129629466234,1.1682397847677517,-0.05068419777060893,0.9595771688163238,0.9999150196613263
ZCCHC6,1.597903159477358,-1.5461828995467526,1.2687680287611005,-1.2186490079329444,0.22297743963691852,0.9999150196613263
ZCCHC7,1.3549569534429657,-0.748175795886553,1.2289317257137236,-0.6088017586591614,0.54265584777848,0.9999150196613263
ZCCHC8,1.3154831873653938,0.010141277825223094,1.2819026058615433,0.00791111413523286,0.9936879100139404,0.9999150196613263
ZCRB1,0.6972994257703811,1.3227244348183123,1.4814042627759163,0.8928855330412894,0.3719184752179012,0.9999150196613263
ZDBF2,0.6424117715288534,-1.0865667518400188,1.624380597007538,-0.6689114323587162,0.5035519770420431,0.9999150196613263
ZDHHC14,1.580028788286992,1.2773152405663908,1.5595433428506038,0.8190315751222768,0.41276839894729445,0.9999150196613263
ZDHHC17,4.241750660654911,0.024570718411207882,0.7774420971068708,0.03160456386738506,0.9747874037696356,0.9999150196613263
ZDHHC2,1.1443854206103907,0.8947272881934392,1.263292945341471,0.7082500472220972,0.47878999176935333,0.9999150196613263
ZDHHC20,0.61012875751966,0.498703651958996,1.5472591421629063,0.32231423836466105,0.7472146475796293,0.9999150196613263
ZDHHC24,0.536650657082783,-0.37809171829448324,1.5823101399152129,-0.23894918496492923,0.8111449859197714,0.9999150196613263
ZDHHC3,0.6231911800867156,1.0529785686143636,1.5326512954418925,0.6870307497510514,0.4920633512567679,0.9999150196613263
ZDHHC5,1.0091521266583752,0.05842278259063419,1.1079500978872276,0.052730518009828926,0.9579466229878557,0.9999150196613263
ZDHHC6,1.29134682465697,-0.35226652689616383,0.9728078396148029,-0.3621131661887601,0.7172674651766267,0.9999150196613263
ZDHHC7,1.2557530807371025,-0.32605631957328607,1.2008926593219869,-0.27151162682381164,0.7859975585397676,0.9999150196613263
ZEB1,0.366082823072374,-1.0267818157505817,1.5562219110659559,-0.6597913886505256,0.5093877102202875,0.9999150196613263
ZEB2,4.6512398719351085,0.03103009589309853,0.7872887137470449,0.03941387111395639,0.9685604209533349,0.9999150196613263
ZER1,1.0971988794433756,0.7757213546356536,1.295695972202329,0.5986908744627333,0.5493790436652366,0.9999150196613263
ZFAND2A,2.3103890358521153,0.7784205429148244,1.167724271322708,0.6666133110627988,0.505019164382589,0.9999150196613263
ZFAND3,1.3759631035999258,-0.7140198335911843,1.230503840355689,-0.5802662374339198,0.561735091814577,0.9999150196613263
ZFAND5,7.617203419928659,0.10148494386624272,0.6330689025307972,0.16030631651711202,0.8726397833644334,0.9999150196613263
ZFAND6,2.8635445999746967,0.5570461244410939,0.7943596314177332,0.7012518038547678,0.48314588570940864,0.9999150196613263
ZFAS1,2.3004413848683773,-0.260099998045179,0.8554173158646282,-0.30406211473785555,0.7610805691952877,0.9999150196613263
ZFAT,6.12024625524647,0.16210712702649877,0.8415438646930579,0.19263063261191407,0.8472482528540413,0.9999150196613263
ZFC3H1,0.7412042824400434,-0.7020510477096995,1.3481012846851526,-0.5207702534558912,0.602526827521813,0.9999150196613263
ZFP30,1.264015159844213,-1.0435707578701572,1.3653661626169642,-0.7643156732916029,0.4446791474704286,0.9999150196613263
ZFP36,31.92953357278431,0.18603883127139603,0.403086312318894,0.46153596782074546,0.6444141224445976,0.9999150196613263
ZFP36L1,4.287045863306769,0.6495512382577364,0.7669650210016526,0.8469111634444887,0.3970446396345979,0.9999150196613263
ZFP36L2,10.10264549905763,-0.4306606791988822,0.5621008259959694,-0.7661626869802363,0.44357950708995364,0.9999150196613263
ZFP91,3.2123665359873383,0.8580788125228417,1.1131750365809785,0.7708390723154888,0.44080232460114044,0.9999150196613263
ZFR,2.400870610156071,0.1487860679664234,0.8380790201888749,0.17753226650738974,0.8590903227429907,0.9999150196613263
ZFY,0.6647838313108975,-0.23241034124004867,1.9947452080645491,-0.11651129191860576,0.9072473373903794,0.9999150196613263
ZFYVE21,0.46237012071598865,2.116017607660169,2.3460347523398757,0.9019549286512941,0.36708081068058207,0.9999150196613263
ZFYVE26,0.4004770002080099,-1.5209675185606975,1.4724834927063368,-1.032926702468664,0.30163820152500576,0.9999150196613263
ZFYVE27,0.5607294630389663,1.4763487170767529,1.516245052302048,0.9736874094561941,0.33021177064369633,0.9999150196613263
ZHX2,1.884885079361413,-0.08569125846089691,0.9026807132832124,-0.09492975445240473,0.9243706225995997,0.9999150196613263
ZKSCAN1,1.4817875961848266,-0.4147101391159416,1.2238750334964354,-0.3388500686472656,0.734722680824544,0.9999150196613263
ZMAT2,2.5488738520417304,-1.1661362260741717,0.9826853432102994,-1.186683239076878,0.2353525887239747,0.9999150196613263
ZMAT3,0.5955300335388524,0.06147163162802889,1.3316188833735452,0.0461630819415054,0.9631802674306129,0.9999150196613263
ZMIZ1,3.013427295939609,-0.6996407553250167,0.7508103378895883,-0.9318475252906061,0.3514153296432211,0.9999150196613263
ZMIZ2,2.4230508216787303,-0.4404376405205536,1.074358728563934,-0.40995398353515927,0.6818397038540158,0.9999150196613263
ZMPSTE24,1.34999713351153,0.9031712556951159,1.4331379267473892,0.6302053967303265,0.528560208838849,0.9999150196613263
ZMYM2,2.8891583600272077,0.05290438693633592,0.7575413596887408,0.06983696171793619,0.9443234277870285,0.9999150196613263
ZMYM3,0.44834616390609333,-0.3824309055705953,1.9976276996364224,-0.19144253237988215,0.8481789002167844,0.9999150196613263
ZMYM4,0.8188090145083549,0.19114764660907319,1.08702122138034,0.17584536791871164,0.8604154264843945,0.9999150196613263
ZMYM5,1.2174417282238563,-0.6744737886519185,1.4718566361185337,-0.4582469325481241,0.6467750451288696,0.9999150196613263
ZMYND11,2.8708401211546235,0.8983133856102196,0.959050563566971,0.9366694726388008,0.34892860382354907,0.9999150196613263
ZMYND8,0.7648106178620946,-0.6529789654757513,1.2093434940799768,-0.5399449938518197,0.5892349672149335,0.9999150196613263
ZNF10,1.1542232163920823,-0.9144949033542448,1.1147776237459133,-0.8203384099882883,0.4120232156384026,0.9999150196613263
ZNF106,1.859379880050653,-0.5441959272536816,0.9373366538384934,-0.580576813064059,0.561525703285235,0.9999150196613263
ZNF107,0.7049429992836408,-0.11088925264706073,2.1612646243398466,-0.05130757770161144,0.9590804299267603,0.9999150196613263
ZNF121,0.5939064118902863,0.6868751609164464,1.2929735637297992,0.5312368173522741,0.5952546827013175,0.9999150196613263
ZNF131,1.0989662831532887,-1.2469463294144498,1.224881321207866,-1.0180139968048703,0.30867130440248924,0.9999150196613263
ZNF146,2.5461947099681286,-0.7887975339809512,1.0150925527975188,-0.777069570461417,0.43711772581631225,0.9999150196613263
ZNF148,0.8879102043684383,-0.1536354382472394,1.3411030636540906,-0.11455900922978315,0.9087946716266939,0.9999150196613263
ZNF154,0.7666630013936809,0.15066842100889413,1.4357331186247033,0.10494180224331683,0.916421988683983,0.9999150196613263
ZNF165,2.253396163451288,-1.5605569553121013,1.0553958941430204,-1.4786460360254394,0.13923494201877695,0.9999150196613263
ZNF207,4.455499427944073,0.5672764212605023,0.896005191331434,0.6331173376546495,0.526657021101586,0.9999150196613263
ZNF217,0.31386615008273727,-0.5578821728111789,1.890322723364195,-0.2951253592393576,0.767898118163078,0.9999150196613263
ZNF22,0.963772824961302,0.8439866934832817,1.4069887147261202,0.5998532075273748,0.5486040695349186,0.9999150196613263
ZNF24,1.719176649342258,-0.08363279489104883,1.0566473319293137,-0.07914920367834098,0.9369139473613732,0.9999150196613263
ZNF256,0.3640809567303559,-0.6500353537506152,1.5335547299852477,-0.4238748973483772,0.6716570522291664,0.9999150196613263
ZNF263,0.47833831007651706,-1.358699677665999,1.6184333519400187,-0.8395153720956897,0.40118016669272294,0.9999150196613263
ZNF264,0.4289235178274655,-0.46938616100212643,1.3410168887670684,-0.3500225574591237,0.7263217687780168,0.9999150196613263
ZNF266,0.6109504691642751,-1.0523647543498769,1.9166452834752834,-0.5490659974607909,0.5829601589183984,0.9999150196613263
ZNF267,1.141439802355948,0.0737895427067897,1.061460515794111,0.069516992491789,0.9445781073210336,0.9999150196613263
ZNF271P,0.37637227394003503,0.13308937063982784,1.344129193928956,0.09901531135619565,0.9211261131411079,0.9999150196613263
ZNF277,0.9053823634299449,0.4035084961092174,1.5225897602892038,0.2650145867476307,0.7909982248628781,0.9999150196613263
ZNF280D,0.5202926401760776,0.34557901718155465,1.413787466324074,0.24443491360132039,0.80689400453681,0.9999150196613263
ZNF281,0.43933387521799055,0.3693246933438497,1.3020392365007742,0.2836509707160657,0.7766778716682107,0.9999150196613263
ZNF292,0.9429230797115683,0.13183888316227563,1.1543158363573904,0.1142138737161505,0.9090682542429097,0.9999150196613263
ZNF317,0.7809016789726604,-1.2423001269197826,1.4305826414631997,-0.8683875303066437,0.38518221893439364,0.9999150196613263
ZNF326,0.930014081905711,1.6757350838726464,1.2853242411148504,1.3037450242276343,0.19232053256189652,0.9999150196613263
ZNF330,0.5656735586457604,-0.017282607025949196,1.5842248591842814,-0.010909188128033811,0.9912958998684759,0.9999150196613263
ZNF331,21.311948156742346,-0.11544191801209788,0.4768358617078506,-0.24209990749988353,0.8087027498743888,0.9999150196613263
ZNF335,0.3723438104214157,0.5581933368721287,1.9413895560947403,0.2875225815034151,0.7737122140101464,0.9999150196613263
ZNF33A,0.682651617733166,0.5288592059280319,1.579461482950784,0.334835139467919,0.7377494515686791,0.9999150196613263
ZNF354A,0.43749191194763554,0.9968563193997659,1.5328540551726932,0.65032696102791,0.515481045306967,0.9999150196613263
ZNF37A,0.3839053189263748,-0.9714614991908077,1.848774092538102,-0.5254625230371605,0.5992616994493216,0.9999150196613263
ZNF394,2.0759794444979454,0.17715595310093438,1.2136198448169229,0.14597318415443242,0.8839425575907072,0.9999150196613263
ZNF395,0.5668806994224679,0.11114016325358969,1.3752351520856299,0.08081538861556782,0.9355887697551398,0.9999150196613263
ZNF428,0.6763743702845402,-1.4391261105992734,1.3866958148652402,-1.0378095146548982,0.29935874629476633,0.9999150196613263
ZNF430,0.6598827979133645,-0.12102333040775422,1.314142974396191,-0.09209297067798941,0.9266241733061988,0.9999150196613263
ZNF444,0.5515402781657261,-0.046882117388866246,1.319871708416567,-0.03552020782770631,0.9716649330252858,0.9999150196613263
ZNF451,1.3538494338589022,0.09746217058030307,1.1491366717771014,0.08481338466866703,0.9324097524564467,0.9999150196613263
ZNF506,0.42168784825372607,-2.1261952682170535,1.852673527289258,-1.147636233205102,0.2511187654373874,0.9999150196613263
ZNF518A,0.36424085980201887,-0.40956194484621844,1.84112847427231,-0.2224515836723965,0.8239623596207015,0.9999150196613263
ZNF542P,0.3415226193837414,1.2071674758134752,1.6267880845165443,0.7420557645479843,0.4580535496674719,0.9999150196613263
ZNF567,0.4008822040950517,1.9282859366729637,2.5149674103919537,0.7667240254109071,0.4432456159806837,0.9999150196613263
ZNF592,0.4786627934667023,-0.805119208544777,1.528215427230003,-0.5268362000533601,0.5983073418988804,0.9999150196613263
ZNF609,0.6362891114329197,-0.8113599138776396,1.47055412439057,-0.551737539217664,0.58112818664861,0.9999150196613263
ZNF614,1.0366919659523195,-1.8742519645705074,1.4734925915617874,-1.2719792249406197,0.20338050081502523,0.9999150196613263
ZNF622,0.47535635124905185,-0.9383721099151902,1.412098028805421,-0.6645233480773397,0.5063554105308163,0.9999150196613263
ZNF638,1.5350485847944675,1.043400959278063,1.1632920191188092,0.8969381222682474,0.36975193632586145,0.9999150196613263
ZNF639,0.30897040551846056,1.1246537791142868,1.591969777316648,0.7064542274225533,0.47990570814463285,0.9999150196613263
ZNF644,3.0509964667599387,0.34132915041853135,1.0018006946296463,0.3407156256212386,0.7333176742508599,0.9999150196613263
ZNF652,1.3608072997585012,0.61362679514096,1.2433830335127447,0.4935138879990759,0.6216495292782134,0.9999150196613263
ZNF654,0.3821286998120114,1.9312433081782776,2.269268110044766,0.8510423689601754,0.3947458173748536,0.9999150196613263
ZNF655,2.891017744027806,0.31708086623579285,0.740339228280529,0.4282913212261186,0.6684390367286854,0.9999150196613263
ZNF672,0.6166953121835265,-1.4442337678490171,1.540781950687339,-0.9373381919516568,0.34858462332549844,0.9999150196613263
ZNF675,0.46797853208751605,0.5023493149591782,1.551496683185697,0.3237836860390198,0.7461018080883108,0.9999150196613263
ZNF706,4.494450932981561,0.022812429401072382,0.6356964067928246,0.03588572966168586,0.9713734746194519,0.9999150196613263
ZNF721,0.9165981723655011,-1.32390722963176,1.1943182384937152,-1.108504573539364,0.2676439650439646,0.9999150196613263
ZNF736,0.3974622154628873,-0.3326242610906472,1.5708848747656392,-0.21174324511862874,0.8323073482378902,0.9999150196613263
ZNF740,0.8265440760682508,-0.21396979474902844,1.6359561575922097,-0.1307918881297821,0.8959399402057259,0.9999150196613263
ZNF746,0.3811861085302468,-0.3643628786543746,1.847852976207688,-0.1971817473282692,0.8436853137287721,0.9999150196613263
ZNF76,0.6570205830172695,-0.5787863552597695,1.4991080082927077,-0.3860871612039036,0.6994321179640511,0.9999150196613263
ZNF770,0.7872344887881585,-0.40858014576804397,1.6921627800767818,-0.24145439822846398,0.8092029559218856,0.9999150196613263
ZNF787,2.4339783797931998,-0.7957415360509928,0.7952152293957736,-1.0006618417703332,0.31699032118906967,0.9999150196613263
ZNF791,1.5842427771482255,-0.5528591834933572,1.0176587597065385,-0.5432657835646055,0.5869468192439595,0.9999150196613263
ZNF800,2.2969034553244523,-0.6458584975887606,0.941443899193274,-0.6860297232179193,0.49269436524336996,0.9999150196613263
ZNF830,0.8941495213571464,-0.22195785330189693,1.7242854026092957,-0.12872454465253638,0.8975756131619256,0.9999150196613263
ZNF880,0.46847768330383194,0.35394508015356996,1.8977022559335313,0.18651244105701648,0.8520429234819169,0.9999150196613263
ZNF91,0.9600282315114591,0.24801014563807486,1.2636226574411702,0.19626915058669034,0.8443995060338145,0.9999150196613263
ZNF92,0.5230937605462704,-0.9661162366298719,1.4822094714994718,-0.6518081655843853,0.514524933332845,0.9999150196613263
ZNFX1,1.4365523419583057,-2.7806943881699695,1.171776821333329,-2.373058023972434,0.017641492303454454,0.9999150196613263
ZNHIT1,1.2987373873018906,-0.14084268961155397,1.054128606928222,-0.13361053735366873,0.8937105513028012,0.9999150196613263
ZNRF2,3.855573895671322,0.3845520488381043,0.69129180264724,0.5562803542085943,0.5780192151711929,0.9999150196613263
ZPR1,0.8523540931890162,-0.5919167338678438,1.3228794442984235,-0.4474457112618915,0.6545532773955239,0.9999150196613263
ZRANB1,0.352843931615582,1.299203362709151,1.7084620510479869,0.7604519877466446,0.446984457952354,0.9999150196613263
ZRANB2,1.248006008707712,-1.0120708490748098,0.9596755540598526,-1.054596884117035,0.2916097294536345,0.9999150196613263
ZRSR2,0.7966988213597629,-0.26566387860991303,1.5190910739616934,-0.1748834438985139,0.861171219643003,0.9999150196613263
ZSCAN16,0.8362328001653513,-0.11288452996621644,1.4760522912024723,-0.07647732444102952,0.9390393536073983,0.9999150196613263
ZSCAN16-AS1,1.4285375664858941,-0.7892017700456767,1.11622887838858,-0.7070250423775014,0.4795509155884028,0.9999150196613263
ZSWIM6,0.9508718056463938,0.05015614970822691,1.1994455939727813,0.041816110676684094,0.9666452917835615,0.9999150196613263
ZUFSP,1.4954719586728773,-1.1892217094276334,1.0689349890950601,-1.1125295004464264,0.26591055340705083,0.9999150196613263
ZXDC,1.0851845666845226,0.10354741600641448,1.525660881523731,0.06787053221355328,0.9458886965327342,0.9999150196613263
ZYX,2.1673119305148965,-0.5217891103872726,0.9541281720302125,-0.5468752791116098,0.5844644204492255,0.9999150196613263
ZZZ3,0.6775453906957021,-0.3143756711871937,1.5701404320164047,-0.2002213717810364,0.841307453320544,0.9999150196613263
BPIFA1,1.4853461078672372,-4.531348897697601,3.1211043670537295,-1.451841516589565,,
HLA-DRB5,7.146217300852817,-1.375488030946195,1.4611895617407062,-0.9413481090759945,,
