gene,baseMean,log2FoldChange,lfcSE,stat,pvalue,padj
AAED1,0.9394567572995167,-0.39008526059925924,1.1581764865904949,-0.3368098602550758,0.736260239537021,0.9998034148804216
AAGAB,0.5105382646066293,0.18929599928786792,1.4729082030470455,0.1285185314986135,0.8977386338178651,0.9998034148804216
AAMP,0.3474052982920035,-1.1478966969203455,2.2184209978542992,-0.5174386187430672,0.6048500069484439,0.9998034148804216
AATF,0.6370076779915714,-0.10359490649702477,1.4528840203541697,-0.0713029430055755,0.9431566530137779,0.9998034148804216
ABCA6,0.59089854772507,-1.029899801630396,1.2708600633090785,-0.8103959132595073,0.4177126659177507,0.9998034148804216
ABCA7,0.5326375345033472,-0.10466666716980075,1.329144449053755,-0.07874739818107436,0.9372335442112689,0.9998034148804216
ABCB10,0.45881785545139664,0.6991727776864161,1.8906472504043352,0.3698060426326965,0.7115270125661273,0.9998034148804216
ABCC4,1.3361245453809554,-0.88312994502382,0.8682521771527206,-1.0171353073019505,0.3090890660959149,0.9998034148804216
ABCF1,0.29966023129980557,-0.4815264235512133,2.1738603316843053,-0.22150752582072603,0.8246972773782822,0.9998034148804216
ABCG1,1.0246477408819812,-0.514442443136283,1.0943990910816106,-0.4700684122716623,0.6383061411589461,0.9998034148804216
ABHD12,0.7841911883603133,-0.29846961526073496,1.2056322079013133,-0.24756274202419626,0.8044727410112802,0.9998034148804216
ABHD14B,0.35528754771167226,-0.8420684454323394,1.7825688020991641,-0.4723904314047875,0.6366481329434632,0.9998034148804216
ABHD2,0.7179237532668953,1.2584427423371316,1.4277452379680933,0.8814196740926232,0.3780907128938562,0.9998034148804216
ABI1,1.7411468832769226,-1.0574391170692337,0.9659683428714441,-1.0946933456699863,0.27365100486843374,0.9998034148804216
AC004453.1,2.302204038825045,-0.24158082494868205,0.7585115902911074,-0.3184932544748147,0.7501108106256429,0.9998034148804216
AC004847.1,0.4989891888238637,1.8602573740823136,2.5979555998980906,0.7160466384241846,0.4739625514104757,0.9998034148804216
AC005912.1,5.617579779518866,-0.13126026748811187,0.512460950408119,-0.2561371112932165,0.7978449668783696,0.9998034148804216
AC007182.2,1.7542042406342686,-0.1806256873218387,0.8016128356814929,-0.22532783818048444,0.821724244722349,0.9998034148804216
AC007991.2,0.4931499361110406,-1.0896218786623566,1.375524953510632,-0.7921498449602168,0.4282733091605939,0.9998034148804216
AC008038.1,0.3398809227701772,-1.2745413831218968,2.216584409603026,-0.5750024125407243,0.5652896653703189,0.9998034148804216
AC008105.3,1.345825099483269,0.930233052336508,1.365204120798783,0.6813875215907107,0.4956263165353465,0.9998034148804216
AC008429.2,0.36276679702979875,-1.5622785436991953,2.0978997920059785,-0.7446869243479781,0.45646100560312697,0.9998034148804216
AC010343.1,1.3143717913993638,0.4801863726476745,1.0886109569686675,0.4411000730552956,0.6591405506238915,0.9998034148804216
AC011495.1,0.32448306666180016,-0.3374927118243293,2.17284533881449,-0.15532293338856146,0.8765667367838993,0.9998034148804216
AC012354.2,0.35269534055271673,-0.3416781950627808,2.189185944010091,-0.15607545626613334,0.8759735443218319,0.9998034148804216
AC016712.1,1.066874744685312,1.0127930241291927,1.6989440676083956,0.5961308811978149,0.5510877955650477,0.9998034148804216
AC016739.1,2.040204909473914,-1.0785638822296921,0.9630492100423403,-1.119946801246297,0.2627364327869558,0.9998034148804216
AC022400.7,0.35483813466419956,1.033355472396418,1.796270928771955,0.5752781809495106,0.5651031755080793,0.9998034148804216
AC024293.1,4.712281080428355,-0.6161695753510323,0.7377862956625507,-0.8351599629506489,0.4036276487898618,0.9998034148804216
AC026401.3,0.6221060288764844,-0.6602509503538289,1.5311592767588076,-0.43120984235648097,0.6663157980480794,0.9998034148804216
AC026403.1,0.9612843854010136,-0.37628435435611923,1.436781664236885,-0.2618939005989991,0.7934032421645214,0.9998034148804216
AC034236.1,4.101002167130918,-0.008941735659605142,0.7175069140622355,-0.012462229261291199,0.9900568370539596,0.9998034148804216
AC064799.1,1.105230002128772,1.3538220323243615,1.2280648514299892,1.1024027198139719,0.2702866296371582,0.9998034148804216
AC073111.5,0.5577476864487333,0.6995128118836409,1.5283546583099836,0.45769011013264727,0.6471750942809531,0.9998034148804216
AC073861.1,1.9564737342178868,-0.17169260107497508,0.8028115151650911,-0.213864148472843,0.8306529987545491,0.9998034148804216
AC074033.1,1.9278415862104137,-0.2343830751303463,0.7958965438007947,-0.2944893742232535,0.768383981771645,0.9998034148804216
AC079922.1,0.21168570400411804,-0.22518240158603886,2.177601068772614,-0.10340847311990023,0.9176387876230103,0.9998034148804216
AC084824.1,1.3116929683858078,0.23981762454629227,0.990585175846879,0.2420969245186467,0.8087050612111493,0.9998034148804216
AC090114.1,0.3235093664469497,0.25389191354040713,1.8643134824845042,0.13618520486267924,0.8916748710055632,0.9998034148804216
AC090498.1,0.28575120998855946,-0.6992375790941393,2.183326984280146,-0.32026241791935783,0.7487694101037143,0.9998034148804216
AC099336.2,1.0631079557600007,-0.15244306399027743,1.267977790134012,-0.12022534241247695,0.9043046430329178,0.9998034148804216
AC099560.2,4.639214173210068,-0.2767045081964398,0.5554874218411798,-0.498129205661029,0.6183929766074011,0.9998034148804216
AC110994.2,0.4725689524269831,-1.5530990012300183,1.6333946556136687,-0.9508412409042178,0.34168497368547845,0.9998034148804216
AC113935.1,0.5953398133895675,1.0289939947927575,1.5115863959223435,0.6807377980964717,0.4960374148291248,0.9998034148804216
AC114491.1,1.0648965125264407,0.5781162448842145,0.9633690956267572,0.600098391684548,0.5484406643757452,0.9998034148804216
AC115223.1,1.333122728666081,0.2562512168504959,1.3245198791181236,0.19346724869173734,0.8465930532345397,0.9998034148804216
AC115837.1,0.5111089647199374,-1.022664136930136,1.4673267685484692,-0.6969573232428595,0.48582950208471853,0.9998034148804216
AC116533.1,4.717185665152048,0.2028084860358852,0.6029507312037254,0.3363599636590541,0.7365994367570244,0.9998034148804216
AC131235.1,0.40229588507300595,-0.7149295868108144,2.210631571978087,-0.32340512814222183,0.7463884463466459,0.9998034148804216
AC133065.6,0.9002803969072555,0.5428353053132464,1.6283971247048294,0.3333556029286426,0.7388658720824,0.9998034148804216
AC136632.1,2.17863996404518,-0.3585759560092042,0.7819022193802037,-0.45859437039766854,0.6465254800557453,0.9998034148804216
ACADVL,1.1663977436142434,-0.6091566363432361,1.1307586379087489,-0.5387149971012598,0.5900835239836133,0.9998034148804216
ACAP2,0.7102333482275128,0.7111125976913297,1.323403758434679,0.5373360874631589,0.5910354822514416,0.9998034148804216
ACBD3,0.5504860118744122,-0.08673484485937763,1.3905129399681218,-0.06237615081911145,0.9502632868579799,0.9998034148804216
ACCS,0.3593258132746274,0.41838998328822324,1.5331805116395385,0.2728902305448751,0.784937596504315,0.9998034148804216
ACHE,2.9341204937253162,-1.2317460068837374,0.6534779453389499,-1.8849083058875813,0.05944221854055095,0.9998034148804216
ACIN1,0.622600568127657,-1.1280546389261314,1.6726521847140574,-0.6744107646736935,0.5000502008343511,0.9998034148804216
ACLY,0.4740665560572319,-1.423106873493546,1.7112298417081833,-0.8316281301364946,0.4056188789470717,0.9998034148804216
ACOT13,0.33389927708229966,-0.5789694735091285,2.907677994056096,-0.19911746578976888,0.8421708590599781,0.9998034148804216
ACOT9,1.2617607460280613,-0.039149720418264124,1.0554189323947913,-0.03709400998656686,0.9704100480815554,0.9998034148804216
ACOX1,0.6190937755863744,0.9517800856332987,1.3905006624404084,0.6844873298822239,0.4936674873543557,0.9998034148804216
ACP1,0.35528754771167226,-0.8420684454323394,1.7825688020991641,-0.4723904314047875,0.6366481329434632,0.9998034148804216
ACP5,0.36769896539266955,-0.7543397761130256,1.788876981069661,-0.4216834271420762,0.6732561027340875,0.9998034148804216
ACSL1,0.5039875892996534,-0.2208441617103565,1.3486187818111766,-0.163755810529174,0.8699233800649129,0.9998034148804216
ACSL3,0.5840229992372769,0.05605676464591233,1.359036181858115,0.04124744093955603,0.9670986334303857,0.9998034148804216
ACSL4,1.6967012141436282,-0.7629572242033854,0.9468011984731305,-0.8058262129724559,0.420343061431555,0.9998034148804216
ACSL5,0.4989891888238637,1.8602573740823136,2.5979555998980906,0.7160466384241846,0.4739625514104757,0.9998034148804216
ACTB,16.448502103616192,-0.10880471611312569,0.3270773017986908,-0.3326574956891772,0.7393928373695167,0.9998034148804216
ACTG1,13.235286775002344,0.08980072713582295,0.3651083209652352,0.2459563969903977,0.8057159859364995,0.9998034148804216
ACTN1,1.8376274213586967,0.18132895934049748,0.9891393467238051,0.18331993357769993,0.8545469946904314,0.9998034148804216
ACTN4,0.951267247287557,0.8191210633185054,1.2620617823556333,0.6490340447435301,0.5163163711338754,0.9998034148804216
ACTR1A,0.9225612975608909,0.3309431709849976,1.3068608302019795,0.2532352055680246,0.8000864628050304,0.9998034148804216
ACTR1B,1.1097781805961908,-0.995499229294653,1.213629366556089,-0.8202662663969453,0.41206433253479524,0.9998034148804216
ACTR2,4.012858807548582,-0.5124229948851613,0.6846149802445062,-0.748483468331576,0.45416859293747014,0.9998034148804216
ACTR3,5.601958313317141,-0.11108832952083075,0.559777422082893,-0.1984508934059519,0.8426923019675634,0.9998034148804216
ADA2,1.2592051742568189,-2.15360619717216,2.466575558781892,-0.8731158425309741,0.38259993955924787,0.9998034148804216
ADAM10,0.28724881361880833,-0.5628122528394757,2.1725946219523053,-0.2590507438215646,0.7955960884951162,0.9998034148804216
ADAM12,2.224600875773372,-1.0518363283437093,1.1012784758834124,-0.9551047726597561,0.3395247156630927,0.9998034148804216
ADAM19,2.4215695015963847,1.3525822553546112,1.0193638190244347,1.3268886241705906,0.18454552797682222,0.9998034148804216
ADAM28,0.4841315935117646,-0.4891451833575997,1.437621414036966,-0.3402461723104398,0.7336711496416848,0.9998034148804216
ADAM8,2.3103317339795497,0.01065345862471736,0.8490396856693228,0.012547656846356869,0.9899886810318994,0.9998034148804216
ADAP2,0.4432169488036599,-1.6559429802156205,2.1235474989175582,-0.779800301646047,0.4355084287858175,0.9998034148804216
ADAR,0.7732773743095649,-0.29409251202131187,1.247690227596215,-0.23570955796288232,0.8136580526689482,0.9998034148804216
ADD1,1.504446412015137,-0.466980264250603,1.1883342294002102,-0.39297047303459626,0.6943412897569663,0.9998034148804216
ADD3,0.3218457332991448,-0.45106632879657566,2.1856302897128685,-0.20637814680717723,0.8364955397202781,0.9998034148804216
ADGRE5,0.20077188995336964,-0.21341672615640758,2.834675160461255,-0.07528789511165036,0.9399856524490695,0.9998034148804216
ADIPOR1,1.0954659890509157,2.034969214180959,1.5451870355485195,1.3169727465766456,0.18784776000188208,0.9998034148804216
ADM,0.40557840891689534,0.3392662429604357,1.4826838643055895,0.22881900257229149,0.8190095966710971,0.9998034148804216
ADNP,0.43761248835459443,0.6578006697928822,1.4976803187657675,0.4392130026352842,0.6605072043591782,0.9998034148804216
ADPGK,1.3587411276559245,0.8109057007250743,1.0352341782857477,0.7833065384953376,0.43344712453602185,0.9998034148804216
ADPRH,0.6944908556835085,0.2553167462023355,1.2731836824256273,0.20053410181625525,0.8410628902248258,0.9998034148804216
AEBP2,0.19324751443154334,-0.2946396178884114,2.1744161811165474,-0.1355028629970533,0.8922143007911513,0.9998034148804216
AFDN,2.057904984391157,0.9576714006195437,1.031825934651942,0.9281327096537727,0.3533387341772829,0.9998034148804216
AFF1,0.9592224913476319,2.647221857390508,1.5409255011372762,1.7179427918070875,0.08580705056138128,0.9998034148804216
AFF4,0.5525733277061708,0.036447168827040084,1.3514233240362483,0.026969468543864266,0.9784840857421204,0.9998034148804216
AFTPH,1.4738043239300216,-0.04196008556251497,0.9499200884125176,-0.04417222677397801,0.9647671202612084,0.9998034148804216
AGAP3,0.8717627155544585,-0.94367116382429,1.1094989732651164,-0.8505381136560982,0.39502597974335396,0.9998034148804216
AGER,0.44632664035546454,0.5934101835483517,1.5141086096295302,0.3919204869283099,0.6951169651246732,0.9998034148804216
AGFG1,0.5497294630765595,1.1258149059518026,1.8639157239720285,0.6040052624013903,0.5458401434888873,0.9998034148804216
AGO1,0.38345469539888893,-1.6197884375619938,2.23016764691181,-0.7263079256866498,0.4676500216957614,0.9998034148804216
AGO2,0.5810483025445925,-0.33301157914351726,1.3626701738740161,-0.24438164533738843,0.806935255797485,0.9998034148804216
AGPAT3,0.6868004506441262,-0.16552063160235214,1.4764305689442507,-0.11210864573246458,0.9107372623410539,0.9998034148804216
AGPS,0.5587475827239687,-0.7660149039935807,2.4777881815296916,-0.30915269904979226,0.7572053732108317,0.9998034148804216
AHCTF1,0.33425715098014197,-0.38203176382994614,2.1844409299237166,-0.1748876605435548,0.8611679063055777,0.9998034148804216
AHCYL2,0.5645817452856258,-0.6347052977896179,1.2329174846083508,-0.5147994944619012,0.6066931386648435,0.9998034148804216
AHNAK,4.247737914122798,0.2334629748266502,0.7240145848666844,0.32245617658329173,0.7471071321446499,0.9998034148804216
AHR,1.4275495920966779,1.1172780896697958,0.9689944751032902,1.1530283385265943,0.24889875308200415,0.9998034148804216
AHSA1,1.3395078429044593,-0.8474230829022159,1.340445876755123,-0.6321949267758656,0.5272595119634154,0.9998034148804216
AHSA2,0.19324751443154334,-0.2946396178884114,2.1744161811165474,-0.1355028629970533,0.8922143007911513,0.9998034148804216
AIF1,0.9507801531565807,1.2316838034006095,1.6047454063887552,0.7675259879212452,0.4427688479279741,0.9998034148804216
AK2,1.7701366203080857,0.2099886705924702,1.0300956721148502,0.20385356067106897,0.8384679361772006,0.9998034148804216
AK3,0.460726564365084,-0.48092803267671874,1.2994148402494805,-0.3701112360579037,0.7112996104918017,0.9998034148804216
AKAP11,0.522055779487711,0.7583518342540736,1.6945845838215343,0.4475148903714679,0.6545033390942117,0.9998034148804216
AKAP13,3.51544847336827,-0.620986428828102,0.8085199298084766,-0.7680533354016419,0.44245549884593016,0.9998034148804216
AKAP17A,0.5498408213931781,-0.605539305499363,1.511903146351475,-0.40051461428640484,0.6887775216537673,0.9998034148804216
AKAP8,0.27390882192666044,0.9893679733170514,1.8926221271258818,0.5227498712696,0.601148328075424,0.9998034148804216
AKAP9,1.3551571956833794,-0.7379275612025056,1.0911080231046473,-0.6763102695393998,0.4988436739282731,0.9998034148804216
AKIRIN1,0.9521713776774191,-1.1243556252200222,1.1960581232915777,-0.9400509919415717,0.3471914053655889,0.9998034148804216
AKIRIN2,1.7303361753438098,-1.1898886866007747,0.9596718667623088,-1.2398911834470667,0.21501564533947715,0.9998034148804216
AKNA,1.0010512511069938,-0.04843465311449847,1.3180946950062054,-0.03674595861587201,0.9706875636920153,0.9998034148804216
AKR1A1,0.4204889988796982,1.4297160412735173,1.8666958612937306,0.7659073290507216,0.44373144470900094,0.9998034148804216
AKT1,0.5159842651444129,0.5004648757312764,1.424142223300952,0.35141495529236716,0.7252770642738513,0.9998034148804216
AKT1S1,0.3924766745509642,-1.3340114570965118,2.138283427273791,-0.623870269058444,0.5327127869694435,0.9998034148804216
AKT2,1.183544343388393,1.5178276570600022,1.5188390666424405,0.9993340903558177,0.3176328764394869,0.9998034148804216
AL009174.1,0.5277053661404764,-0.8585338981159267,1.4320831662356155,-0.599500027901784,0.548839491477142,0.9998034148804216
AL021707.6,0.4657348935900905,-0.41906528070338794,1.4774986481365533,-0.28363158317059733,0.7766927307810179,0.9998034148804216
AL031727.1,1.8845961485486287,0.46843378162721416,0.8590314804165232,0.545304557872643,0.5855440698693302,0.9998034148804216
AL033519.2,0.664073787462395,-0.4675096071281391,1.2528476942946054,-0.37315757474523864,0.7090311697726752,0.9998034148804216
AL035398.1,1.043085930454556,-0.44979790168280553,1.0189495249835432,-0.4414329568386326,0.6588995874768137,0.9998034148804216
AL049873.1,2.7607189145314037,0.9107764877288899,0.7838375522806712,1.1619454631624555,0.24525761841550808,0.9998034148804216
AL136454.1,0.290147349449357,1.0233926204847204,1.856888435321075,0.5511330681036662,0.5815424583630684,0.9998034148804216
AL161787.1,0.5029276569821817,-0.2492769709736632,1.2982585131451796,-0.19200873204348284,0.8477353655105501,0.9998034148804216
AL161909.1,0.7776683814900436,-0.04181492559607159,1.483552598659722,-0.02818567109373016,0.9775140654957168,0.9998034148804216
AL355032.1,0.5753088472364066,0.13993639143476094,1.3094642707123925,0.10686537583696795,0.9148957819279193,0.9998034148804216
AL358472.1,0.5288865855237835,-0.7599079468694016,1.276273976314826,-0.5954112995891335,0.5515685742171342,0.9998034148804216
AL445433.1,0.48417308316266516,-0.34369245147286465,1.929508940299593,-0.17812431147351918,0.8586253495421486,0.9998034148804216
AL450405.1,1.888265334054668,-0.3490227700661926,0.8606909401128411,-0.40551463225630546,0.6850992650608752,0.9998034148804216
AL590867.2,5.117893268978486,-0.4748489733838459,0.5626665048411305,-0.8439261432807699,0.39871067820262884,0.9998034148804216
AL591846.1,1.6076469931577704,-0.12437048169714643,0.8196893787695142,-0.15172879497822278,0.8794008449998911,0.9998034148804216
ALAS1,0.32953613833852713,0.28141149726735015,1.549361922449155,0.181630575264499,0.8558726523506909,0.9998034148804216
ALCAM,2.1886220221979116,-0.27884148029993777,0.9759424720533131,-0.285715078792785,0.7750963547189238,0.9998034148804216
ALDH2,7.191238136151778,0.2819705873003845,0.4796428378026073,0.5878761550827679,0.5566154226187047,0.9998034148804216
ALDOA,2.5886064955369625,-0.45556391120127765,1.1768195817369262,-0.38711448914615126,0.6986714514885142,0.9998034148804216
ALG13,0.2785847083645755,-0.7189676485000188,2.896790749514362,-0.24819454032727478,0.8039838904100285,0.9998034148804216
ALG2,0.8294685880602111,-0.27142373266036096,1.3027413376632626,-0.20834813850861278,0.8349571471490116,0.9998034148804216
ALKBH5,0.5095996193549931,0.3722706550176397,1.467778663923899,0.25362860502579226,0.7997824954521979,0.9998034148804216
ALKBH7,0.460560534847528,-0.8613837817433347,1.7442026610016557,-0.4938553305776186,0.6214083535291348,0.9998034148804216
ALOX5,0.8573732465373038,0.525083732874817,1.7050820574556342,0.3079521777728164,0.7581187216303774,0.9998034148804216
ALOX5AP,0.9155947361667154,2.0006648392923614,1.371361758564718,1.458889185728993,0.14459561006537017,0.9998034148804216
ALPK3,0.4153561297880364,0.7858320627576314,1.6126015242693597,0.4873070321037167,0.6260407650709197,0.9998034148804216
ALYREF,1.285690427785255,0.6870615792657883,1.0022510507820517,0.6855184424398232,0.49301682698624205,0.9998034148804216
AMD1,0.5436480199840447,-0.940222212191526,1.8064511357933783,-0.520480290643781,0.6027288615194775,0.9998034148804216
AMFR,0.719800901278899,2.5066569618548873,2.1793634752006086,1.1501784765958563,0.2500703692096188,0.9998034148804216
AMPD3,0.5158299773615522,-1.2773875384936226,1.742491048581924,-0.7330812629041553,0.4635088674155533,0.9998034148804216
AMZ2,0.47556415968748084,-1.3438442761179532,2.16232494940927,-0.6214811869442107,0.534283068952345,0.9998034148804216
ANAPC11,0.5872411039537261,-0.06448485908332292,1.4154998714316478,-0.04555624510096382,0.9636639442891693,0.9998034148804216
ANAPC16,0.9294566652156724,-0.33111414870043127,1.0458902272610824,-0.3165859476166386,0.751557799902606,0.9998034148804216
ANAPC5,0.8119589724987869,-0.9879960318821583,1.1770334237168594,-0.8393950519792759,0.40124765956176,0.9998034148804216
ANKIB1,0.3353517545088487,-1.0642682262363692,1.7614343537443897,-0.604205444258532,0.5457070617860793,0.9998034148804216
ANKLE2,1.224875044837541,-0.08997171713038461,1.0568217047764004,-0.08513424423793473,0.9321546661570231,0.9998034148804216
ANKRD10,1.6118964144419816,0.9034172978986819,0.8943248366324239,1.0101668441866107,0.312415361361461,0.9998034148804216
ANKRD11,3.083393424437061,-0.3008823245462117,0.6337293679972424,-0.4747804658273639,0.6349434576604586,0.9998034148804216
ANKRD12,2.830739336513224,0.158021185089754,0.828636414600765,0.19070026649249808,0.8487604298921895,0.9998034148804216
ANKRD13A,0.9154892802385112,-0.1628713721956443,1.1395310815150232,-0.14292841576475862,0.8863467164316645,0.9998034148804216
ANKRD17,0.13762019801967665,0.40317452955377725,2.814406366519327,0.14325384363466923,0.8860897072150389,0.9998034148804216
ANKRD22,0.4637668978292818,0.28213947509790643,2.016353394754609,0.13992560819540412,0.888718767918031,0.9998034148804216
ANKRD33B,2.423039025052546,0.4063869436352552,0.8529839012540206,0.4764297931506121,0.633768213453209,0.9998034148804216
ANKRD44,0.4905162393011844,-0.3444396639924255,1.2849533515261415,-0.2680561621815561,0.7886560888186996,0.9998034148804216
ANKRD55,0.36354698237015304,1.300263387367842,1.8532014067016345,0.7016309089048648,0.4829093706221492,0.9998034148804216
ANP32A,2.537587923454864,-0.13295516502451013,0.7605751565347058,-0.1748087140135812,0.8612299409797983,0.9998034148804216
ANP32B,4.297524561882707,0.9590683003138328,0.7032295759082209,1.3638054103102764,0.17262881705943478,0.9998034148804216
ANP32E,0.9438844576619982,-0.41621668100747194,1.0438346662043254,-0.3987381282525825,0.6900861705046143,0.9998034148804216
ANTXR2,3.5047604400031616,0.4492502683429724,0.6963582223675545,0.6451424768355034,0.5188348593557484,0.9998034148804216
ANXA1,1.1693414056484919,0.20127265753885776,1.2728596603333944,0.1581263542330655,0.8743572341832897,0.9998034148804216
ANXA11,2.3263202901909374,0.19143957406495463,0.7830003676608974,0.24449487123084399,0.8068475736341312,0.9998034148804216
ANXA2,4.847099431684062,-0.34467983520928863,0.6546715853268806,-0.5264927376330047,0.59854589659454,0.9998034148804216
ANXA2P2,0.4566714247871146,-0.9082813283191464,1.4580243683305276,-0.6229534622656204,0.5333151041617271,0.9998034148804216
ANXA3,0.7890020696573485,-0.1082083446525598,1.3910726244515794,-0.0777877033524545,0.9379969281122662,0.9998034148804216
ANXA4,0.5739011122615784,0.9470223823260883,1.9227373038308495,0.49253862211922916,0.6223386257679518,0.9998034148804216
ANXA5,2.2115281290082156,0.08440928126343458,0.8963673239606348,0.09416818195744664,0.9249755595495985,0.9998034148804216
ANXA6,4.6061529736978954,-0.6567600421161556,0.918559359943099,-0.714989221988701,0.4746157032036631,0.9998034148804216
ANXA7,2.2794239997949557,0.05536172803466852,0.7556829742824502,0.0732605205076065,0.9415988073148986,0.9998034148804216
AOC1,2.0138893274969507,-0.7735875296769257,1.4429315881424096,-0.5361221114251307,0.5918741593551985,0.9998034148804216
AP001324.1,4.298254936799278,0.2849104251761754,0.6158146815920084,0.46265611017850855,0.6436108826498474,0.9998034148804216
AP002784.2,1.1007195591993815,1.4114530109703274,1.8105079218768378,0.779589525080434,0.4356325235138049,0.9998034148804216
AP1B1,0.5263220747869364,2.596450957361898,2.7282798270389925,0.9516805906892006,0.3412589957687757,0.9998034148804216
AP1G1,0.440266867746862,-1.1662902005471698,1.8044213750870843,-0.6463513548717981,0.518051836380703,0.9998034148804216
AP1M1,0.42247750520832045,-0.02729624235862558,1.4928327465234972,-0.018284863071360777,0.98541160296841,0.9998034148804216
AP1S2,1.1841871061527849,-1.1515995188887502,1.2432477942171303,-0.9262831788202843,0.3542988353083949,0.9998034148804216
AP2A2,0.20969719767549577,1.6302434673189126,2.497465219860034,0.6527592273778599,0.5139115128440382,0.9998034148804216
AP2B1,0.31207164898080286,-0.4067672126968671,2.1737779346495594,-0.18712454764264735,0.8515629818558006,0.9998034148804216
AP2M1,1.5257741965705445,0.14509656629306217,0.9973027874848089,0.14548898099342003,0.8843248150796593,0.9998034148804216
AP2S1,0.37263113375554036,-0.19216020913932058,2.178118100625525,-0.08822304405079545,0.9296994022223007,0.9998034148804216
AP3B1,0.7750171683195054,-0.3997227993500374,1.561527147506285,-0.2559819725122189,0.7979647575096374,0.9998034148804216
AP3D1,0.35782820964437856,0.22356578823024126,1.8466814219503207,0.1210635389368506,0.9036407084221146,0.9998034148804216
AP3S1,0.7598724372467287,-0.23364021295361084,1.2395373851022422,-0.18848984771390273,0.8504926732349627,0.9998034148804216
APC,0.7815368089680457,1.0143018409531461,1.2461880145061035,0.8139236047420504,0.41568871718822387,0.9998034148804216
APEX1,0.3697487246270025,2.1890080340031655,2.5870799799065036,0.8461307926329651,0.39747978448415167,0.9998034148804216
APH1A,0.9071330021354834,-0.03898261338629061,1.0231833865109579,-0.038099341623617264,0.9696084762387595,0.9998034148804216
API5,1.3875189597707172,1.9928487440314575,1.5017178951993668,1.3270460120386915,0.18449346256890997,0.9998034148804216
APIP,0.912193057409453,1.5790799650345972,2.2802896767465746,0.6924909502232913,0.4886290671701746,0.9998034148804216
APLP2,2.9076740020795215,1.9521545842822223,0.7907249493668778,2.468816224712885,0.013556081772054328,0.9998034148804216
APMAP,2.7532069493704037,-0.1907335273677457,0.7026086008228403,-0.2714648342539125,0.7860335427466716,0.9998034148804216
APOBEC3C,1.2354395420861837,-0.3729251689820754,1.024097499921169,-0.3641500628707538,0.715745954621221,0.9998034148804216
APOBEC3G,1.3714020041880084,-0.09253076459416988,1.3761098557218694,-0.06724082689287243,0.9463899834924501,0.9998034148804216
APOBEC3H,0.7839424760416315,0.5861982258400573,1.4338879351667062,0.40881732209561056,0.6826737268533686,0.9998034148804216
APOC1,0.6643188632282775,-1.5387771555961003,1.653219305044087,-0.930776183716936,0.3519693518138354,0.9998034148804216
APOL2,0.523712226781221,-1.0770213198295233,1.7352115416075455,-0.6206858898781543,0.5348063150812782,0.9998034148804216
APOL4,0.5283195219632746,1.1388123110535042,1.3827141763096464,0.8236064477858347,0.410163211134871,0.9998034148804216
APP,2.591440439444874,0.6395973553447305,0.80113671862396,0.7983623025584309,0.4246602728178339,0.9998034148804216
APPL1,1.4996621822913334,-0.9093282855397092,0.8348285565008206,-1.0892395551862215,0.2760482600053652,0.9998034148804216
APRT,0.9086838371513285,-0.7339845088066417,1.128239810830226,-0.6505571792104482,0.5153323798268878,0.9998034148804216
AQP3,0.9256057065698324,2.504624881286581,2.09162922917728,1.1974516545992944,0.23113056046173053,0.9998034148804216
ARAF,0.4337943193606111,0.8176988347526816,1.6218388363587954,0.5041800803022478,0.6141348370245171,0.9998034148804216
ARAP2,3.31891993545456,-0.030153422699658216,0.6687789426676313,-0.0450872788837848,0.9640377410918416,0.9998034148804216
AREG,0.3856462522668709,0.6163625798513763,1.8985677645125123,0.3246460786769111,0.7454489487889517,0.9998034148804216
ARF1,4.595112043925258,0.2721715968716938,0.6260986261569899,0.4347104202133302,0.6637726338534118,0.9998034148804216
ARF3,1.4354791039111223,0.3582392128703367,1.1059805573142099,0.32391094988169916,0.7460054537387746,0.9998034148804216
ARF4,1.1227493058509157,-0.05698013205737433,1.088943530760988,-0.052326066915108826,0.9582688833690274,0.9998034148804216
ARF6,3.9361725573423487,-0.1527792054963129,0.6077562135855724,-0.25138238339837476,0.8015184865117085,0.9998034148804216
ARFGEF1,1.0439273668185096,0.5065592683340795,1.355625310467484,0.3736720349071926,0.7086483334846827,0.9998034148804216
ARFGEF2,0.7511161041941328,-0.06178489629809318,1.3762316028563972,-0.0448942577469209,0.9641915938857458,0.9998034148804216
ARGLU1,3.440074573449145,-0.8721495344414072,0.7900915660420738,-1.1038588081763725,0.2696543897814604,0.9998034148804216
ARHGAP10,1.3889987573966294,-0.5315652508259195,1.1360502281100697,-0.4679064689861734,0.6398514771739627,0.9998034148804216
ARHGAP17,0.7449233027849993,-0.33180019923821846,1.3462502456642698,-0.24646249856355712,0.8053242310017433,0.9998034148804216
ARHGAP22,1.0370591585629785,-0.4563083687391135,1.100494439772534,-0.4146394132017876,0.6784058911237401,0.9998034148804216
ARHGAP25,0.5438140495016007,-0.552343439959955,1.3208956165723593,-0.4181582806620643,0.6758313960819388,0.9998034148804216
ARHGAP26,0.6790842307420135,-0.02759052171910169,1.1402410206391176,-0.024197096245175343,0.9806953943141492,0.9998034148804216
ARHGAP30,0.9791487488855921,-1.4145521185360774,1.1633328633332658,-1.2159478710873861,0.22400478050935035,0.9998034148804216
ARHGAP31,1.6244788694347758,-0.004498148684341498,1.1799111554089015,-0.0038122774445527234,0.9969582500533544,0.9998034148804216
ARHGAP5,0.6747417745806524,-0.6284541561873624,1.2690537164603164,-0.49521477935564945,0.6204485191813456,0.9998034148804216
ARHGAP9,0.33575475461039095,-0.26607347143081994,2.170172445526021,-0.1226047598103787,0.9024200851009745,0.9998034148804216
ARHGDIB,1.3617948705969356,0.14778728141984776,1.0795874005637394,0.13689237327397127,0.8911158673293845,0.9998034148804216
ARHGEF1,0.3816079867039157,-0.6385759045511074,2.1896904141679463,-0.2916283966077268,0.7705707613960802,0.9998034148804216
ARHGEF2,2.1700395313859833,0.17051573444886006,0.7509151989239496,0.22707721816419027,0.8203636986205056,0.9998034148804216
ARHGEF3,0.3333632481802264,0.17668448703779552,1.8207881950235936,0.09703736410456354,0.9226967221843745,0.9998034148804216
ARHGEF6,0.41694163601511636,-1.2226689517357279,1.723915004993684,-0.7092396946450429,0.47817574440394905,0.9998034148804216
ARHGEF7,0.6390502513716094,-0.19306408257011212,1.3144302846485254,-0.14688042783625976,0.8832264006806936,0.9998034148804216
ARID1A,1.8405864570462365,-0.6406466520645343,1.069745152871675,-0.5988778265035853,0.5492543588075768,0.9998034148804216
ARID1B,1.2242577227930136,0.032352855188321046,0.9049007171130105,0.035752933527933746,0.9714793626539641,0.9998034148804216
ARID2,0.5435513485540955,-0.19143710512110185,1.5127570807882986,-0.1265484773149063,0.8992977781062739,0.9998034148804216
ARID3A,0.6282839204470816,-1.0093457924355687,2.01338984386269,-0.5013166205801148,0.616148309894029,0.9998034148804216
ARID4A,0.875207335862429,-1.6854849968164947,1.7050389219307966,-0.9885316840203512,0.32289232515624067,0.9998034148804216
ARID4B,2.659498578710293,-0.3819961771385341,0.7543380429303468,-0.5063991942585964,0.6125764400956024,0.9998034148804216
ARID5A,0.3740836111820893,-0.7176630185929953,2.133243633048039,-0.3364186853648676,0.7365551609154116,0.9998034148804216
ARID5B,0.46974854351715933,-0.3014417825172214,1.560176417925433,-0.19321006205057803,0.8467944588331543,0.9998034148804216
ARIH1,0.7983045469531497,-0.19061983654190837,2.1135388811094336,-0.09018988874330462,0.9281363191951767,0.9998034148804216
ARL2,0.30943431561814744,-0.5255400914252201,2.1860349087577178,-0.24040791357896227,0.8100140439304417,0.9998034148804216
ARL4A,0.9345399532575631,-0.13691294322342346,1.5485453677079288,-0.08841390512573385,0.9295477098844638,0.9998034148804216
ARL4C,2.8847862885874425,0.008191849940529704,0.70986682643738,0.01153998135346354,0.9907926314059129,0.9998034148804216
ARL5B,4.12473108770232,-0.27762661988779536,0.6647796971762341,-0.4176219897615136,0.676223516622388,0.9998034148804216
ARL6IP1,2.546691671055373,-0.6674575935850398,0.7706484999198968,-0.8660986087099593,0.38643608810938734,0.9998034148804216
ARL6IP5,4.45039693190344,0.48723136395281164,0.5925062011836484,0.8223228094144341,0.41089319836251015,0.9998034148804216
ARL8B,2.23081947826221,-0.32922960359645326,0.9218441816278237,-0.35714235676477174,0.7209852364786036,0.9998034148804216
ARNT,0.2490859865646659,0.816669536663033,1.8482599774547832,0.4418585840871038,0.6585915420974746,0.9998034148804216
ARNTL,0.36879356892137616,-1.5888152373502116,1.7037705591052597,-0.9325288718362306,0.35106327292978545,0.9998034148804216
ARNTL2,1.472230093740771,0.059697859210210515,1.048021712486463,0.056962425967850935,0.9545751262524016,0.9998034148804216
ARPC2,7.177803127769372,0.26851974326598604,0.5016621737114619,0.5352600960112033,0.5924700155166356,0.9998034148804216
ARPC3,1.6500841647808562,0.5323428373582081,0.9081045928993144,0.5862131317479542,0.5577322981660742,0.9998034148804216
ARPC4,3.547016549241731,0.2109360702464404,0.6469450196337919,0.3260494537323162,0.7443869390652879,0.9998034148804216
ARPC5,3.8778589358260387,-0.924925282339759,0.719383993003492,-1.285718463762467,0.19854133502470983,0.9998034148804216
ARPP19,1.8118981902954825,0.13857705549702698,0.814290922739176,0.17018126031771363,0.8648675888399213,0.9998034148804216
ARRB2,4.024153443390943,-0.19189150427199464,0.6685564588223021,-0.28702363389028024,0.774094224025008,0.9998034148804216
ARRDC2,0.4033904886017126,-1.3384176009537778,1.773235029134884,-0.7547886089340101,0.4503758297420448,0.9998034148804216
ARRDC3,0.41620490638425217,-0.5436776666270045,2.1940780394877715,-0.2477932219557383,0.8042943995119798,0.9998034148804216
ASAH1,1.4817612384843064,-0.4292124227980777,1.1039391340085773,-0.388800803935213,0.6974235060763608,0.9998034148804216
ASAP1,3.4192589689916697,-0.317126995930083,0.6654130573622326,-0.4765866741287101,0.633656474428614,0.9998034148804216
ASCC2,0.6516091521788273,-0.9681748479078897,2.0251939017699003,-0.47806525936196126,0.63260375763519,0.9998034148804216
ASCC3,0.3504005055525013,-0.8845214088149179,2.198956463204193,-0.4022459851369881,0.6875030025117146,0.9998034148804216
ASH1L,1.4096044414135525,-0.7196248254978824,0.9938683850394766,-0.7240645102815085,0.46902613139777527,0.9998034148804216
ASXL1,0.7798111756015265,0.7340422575396327,1.2914083215801577,0.5684044660959471,0.5697603585527008,0.9998034148804216
ASXL2,0.4622072939803187,0.5113211112305531,1.5504466560953134,0.3297895540103766,0.7415589809136642,0.9998034148804216
ATAD2B,1.180449338723258,-0.834119364075639,1.0426040383482351,-0.8000346568742513,0.42369071783772194,0.9998034148804216
ATF3,3.9721527571617394,-0.6406784955184456,0.8008831356603613,-0.799965022350208,0.42373106290968743,0.9998034148804216
ATF4,6.422188140777232,0.05081933203759041,0.48496622575266457,0.10478942519908294,0.9165429013179468,0.9998034148804216
ATF5,1.4154107355385033,-1.0568537085918075,1.2119343794600077,-0.8720387229733524,0.38318725306551915,0.9998034148804216
ATF6,0.6647218633298198,-0.949048182411141,1.6742427861909368,-0.5668521855007163,0.5708146119356383,0.9998034148804216
ATF6B,0.5332827249845811,0.645082869601923,1.5451604701581168,0.41748600359670823,0.67632295977276,0.9998034148804216
ATF7,0.48021294452043506,1.5102210071155524,1.5775746915186382,0.9573055496103019,0.3384130550642943,0.9998034148804216
ATF7IP,2.594366171124007,0.09923861748458121,1.1239654954175857,0.08829329538066574,0.9296435676566638,0.9998034148804216
ATF7IP2,0.2629950078759121,1.001925780737071,1.8958003151860736,0.5284975283057338,0.59715406214973,0.9998034148804216
ATG12,0.5688199604107635,-1.7092556464795894,2.1813432496839047,-0.7835794053628539,0.4332869440507413,0.9998034148804216
ATG3,1.789013753969091,-0.1821378728658058,0.9238735041464518,-0.19714589935564755,0.8437133656991425,0.9998034148804216
ATG4B,0.37517821471079604,-1.4317064315605128,2.1207773226246336,-0.6750856944229582,0.49962132190605635,0.9998034148804216
ATL2,0.457162327485488,-2.0346099729513565,2.089911873214732,-0.9735386448719922,0.33028566323490527,0.9998034148804216
ATL3,0.34626556855959706,-1.139461729134493,2.1482625579345465,-0.5304108312673065,0.5958271179279668,0.9998034148804216
ATN1,1.0418510277718123,-0.8101143235206619,0.9659614543748597,-0.8386611286109162,0.40165949720132055,0.9998034148804216
ATOX1,1.5811006694284486,0.2522027011775048,1.623612403744632,0.15533430306139262,0.8765577738762379,0.9998034148804216
ATP11C,1.6060248496608658,-0.17038351801878104,0.9723673808306513,-0.17522545632210512,0.8609024825169941,0.9998034148804216
ATP1A1,1.1554995168362787,0.3541567080883904,1.2693134432619786,0.27901438369568626,0.7802337863496022,0.9998034148804216
ATP1B1,1.1076856449687267,-0.8478782095813538,1.5666841132574334,-0.5411928303903295,0.5883746787230686,0.9998034148804216
ATP1B3,2.666592778976807,0.24332321340465207,0.7997059407360662,0.3042658569982515,0.7609253549257766,0.9998034148804216
ATP2A2,1.7452405692359299,0.7108479479672108,1.0201304115311618,0.6968206612919868,0.48591503419615667,0.9998034148804216
ATP2B1,3.76307696092912,0.560381375657781,0.6955322895336894,0.8056870746194709,0.4204233041117945,0.9998034148804216
ATP2B4,0.3278725051907222,-0.47712206945098146,2.1925928572246765,-0.21760632297913685,0.8277358575233258,0.9998034148804216
ATP2C1,0.3154610875097249,-0.5514307667623984,2.193179523747298,-0.2514298354474037,0.8014818030566206,0.9998034148804216
ATP5A1,1.0892491277724732,0.4470018346979722,1.1970393755958257,0.3734228328750483,0.708833768360009,0.9998034148804216
ATP5B,2.5484861968126338,-0.22051329291324237,0.789519645945407,-0.27930057731393076,0.7800141632785872,0.9998034148804216
ATP5C1,1.3206129718130173,0.9713491607377398,1.0076646961510474,0.9639606949097045,0.33506563207844975,0.9998034148804216
ATP5D,0.18743189826122184,1.6050899077235694,2.529584117801749,0.6345271922083459,0.5257368265740283,0.9998034148804216
ATP5E,8.330109986754472,0.17930989503952635,0.42543924977928693,0.42147003392975685,0.6734118884904967,0.9998034148804216
ATP5EP2,1.7959144305529928,0.3240992773411555,0.7815479981343345,0.41468889705408535,0.6783696613280137,0.9998034148804216
ATP5F1,1.1131714786297786,0.06925707765097155,1.0614371001472083,0.06524840486672874,0.9479762216991996,0.9998034148804216
ATP5G1,0.4874241885961397,1.60707559253097,1.92793427844007,0.8335738466309582,0.40452116840780994,0.9998034148804216
ATP5G2,5.545531032051731,-0.027960242630107122,0.5127926389163395,-0.05452543681047018,0.9565165430861531,0.9998034148804216
ATP5G3,2.075189455602502,0.5996781419154258,0.7600332906445333,0.7890156251009466,0.4301028742047419,0.9998034148804216
ATP5H,1.1883203726514795,0.13166519483598735,1.0222433154734654,0.12880025023690655,0.8975157075195606,0.9998034148804216
ATP5I,0.6655132641616213,-0.29513842656226,1.5448128071910343,-0.19105125565272627,0.8484854364626562,0.9998034148804216
ATP5J,1.4047253343037913,0.8264026906562669,1.355810542581591,0.6095266740460052,0.5421753978323571,0.9998034148804216
ATP5J2,2.6773677386637695,-0.7131161313943055,0.7499963413396048,-0.9508261468590291,0.34169263716861764,0.9998034148804216
ATP5L,3.0094827324787286,0.16711946501517763,0.6977566332304311,0.23950967580409538,0.8107103945658998,0.9998034148804216
ATP5O,0.9971160357494957,1.048304016303371,1.2613095949658397,0.831123477128359,0.4059038782861232,0.9998034148804216
ATP6AP1,0.6859182895789061,-0.9809433872941228,1.1922924693361805,-0.8227372163478243,0.4106574466334092,0.9998034148804216
ATP6AP2,0.9206043521339525,0.06456695551888524,0.9964786872507134,0.06479511939891619,0.9483371274415923,0.9998034148804216
ATP6V0A2,0.5750215306530151,-0.3707540526071963,1.5450936599120717,-0.23995571415929257,0.8103645886421935,0.9998034148804216
ATP6V0B,1.6336095582521715,-0.03476387169276738,0.8239105730870959,-0.042193743870176645,0.9663442497891396,0.9998034148804216
ATP6V0D1,2.8226029879394803,-0.5930557337746227,0.6693811431999411,-0.8859761584253049,0.37563037474168004,0.9998034148804216
ATP6V0E1,5.232304003112986,0.3768836255701863,0.6433079366055624,0.5858525973716824,0.5579745744378732,0.9998034148804216
ATP6V1A,1.80464442249961,1.130356772244107,1.315808771977323,0.8590585473491491,0.39030821563146323,0.9998034148804216
ATP6V1B2,1.6693237301022152,0.30317523885014136,0.94058457175924,0.32232639993561857,0.7472054352338955,0.9998034148804216
ATP6V1D,0.38670618458434264,0.6719359453711761,1.627910311193433,0.41275980669879464,0.6797826020804381,0.9998034148804216
ATP6V1E1,0.656839613910151,-1.132766240161174,1.7615770713783068,-0.6430409765011679,0.5201975116243143,0.9998034148804216
ATP6V1F,1.4237932097019161,-1.9894959524758318,1.4336050777129667,-1.3877573282941207,0.16521095263339325,0.9998034148804216
ATP6V1G1,1.6907394172544536,-0.07997195765657789,1.0806457198023418,-0.07400386286747646,0.9410073115676221,0.9998034148804216
ATP6V1H,0.8023391759633056,0.32352892120918064,1.3238596505497078,0.24438309685988344,0.8069341317227069,0.9998034148804216
ATP8A1,0.3909790709207153,-1.4635835375415278,1.7515241947568483,-0.8356056638684952,0.40337678137757305,0.9998034148804216
ATPIF1,1.0352935496903077,-0.12485063788971916,1.2255656459930742,-0.10187184856063165,0.9188583952806035,0.9998034148804216
ATR,0.45482107953934214,-0.3994192965611084,1.3256202979969847,-0.3013074687862218,0.7631800461441034,0.9998034148804216
ATRAID,0.4096166744798505,2.1119661324138175,2.000044509043163,1.0559595663319505,0.2909866881321911,0.9998034148804216
ATRX,1.8400589032950125,-0.2546697855656414,0.7972923464151264,-0.3194183246718919,0.7494093169802939,0.9998034148804216
ATXN1,0.8863869768353706,0.15357619571402512,1.238651013669083,0.12398665485212641,0.9013258414125802,0.9998034148804216
ATXN10,0.8815367998728003,-0.9835437072713866,1.2008590154929848,-0.8190334540375797,0.41276732697934837,0.9998034148804216
ATXN7,2.2008999610466486,1.145220565082226,0.7956132072434606,1.4394187460135819,0.1500319162381061,0.9998034148804216
ATXN7L3,0.22210861535649304,1.7112051193882027,2.514883403818043,0.6804311948578956,0.4962314744713726,0.9998034148804216
AUP1,0.3408876237020527,0.33280246117669765,1.5233098135354026,0.2184732601468028,0.8270603904275098,0.9998034148804216
AURKAIP1,0.3013238644476106,0.21312604342436742,1.8433126575647036,0.1156212119250238,0.9079527509685338,0.9998034148804216
AUTS2,1.3156033651781542,-0.024291846131515783,1.1791603810154487,-0.020600968725387934,0.9835639676997641,0.9998034148804216
AXIN1,0.2490859865646659,0.816669536663033,1.8482599774547832,0.4418585840871038,0.6585915420974746,0.9998034148804216
AZIN1,2.1841460853221792,-0.5788748767936687,0.8480388988514949,-0.6826041559858198,0.49485700724612514,0.9998034148804216
B2M,17.081437535453798,-0.024155356312031733,0.3191207012839031,-0.07569347966098294,0.9396629635892133,0.9998034148804216
B4GALT1,1.1691994360002451,0.932077409373986,0.9971954365315921,0.9346988315709736,0.34994352922726313,0.9998034148804216
B4GALT5,0.7053285088721214,0.5327909896090577,1.3127502891312384,0.4058585962770208,0.6848465014039692,0.9998034148804216
BABAM2,0.4160130620039658,-0.10803344420666369,1.5415401340279284,-0.07008149954836429,0.9441287917144253,0.9998034148804216
BACH1,1.4871391833418508,-1.0369805370391159,1.0762976712586687,-0.9634700183141958,0.33531170311191705,0.9998034148804216
BAG1,0.3586769862405943,-1.0407467303820577,2.1543115112759734,-0.48309946121284736,0.6290251166109126,0.9998034148804216
BAG3,1.66647583395334,0.23417878437847264,1.3800286776802737,0.16969124494724985,0.8652529597339113,0.9998034148804216
BAG6,1.3028191637607782,-0.5645821348290739,1.1909966709484028,-0.4740417405025082,0.6354701422403799,0.9998034148804216
BANF1,1.2682706808792514,0.4415061156843068,1.234701998580304,0.35758111365492506,0.7206568141346259,0.9998034148804216
BASP1,9.696514439261659,-0.2613635416793408,0.418276867862242,-0.6248577479675973,0.5320644253770144,0.9998034148804216
BATF3,0.3025587671303543,1.1013663791130321,1.8763816967548674,0.5869628663601891,0.5572286463514984,0.9998034148804216
BAX,1.5833804855282811,-1.0485026721532806,0.9243776245009729,-1.1342795891660802,0.2566772880449554,0.9998034148804216
BAZ1A,3.5454574042326126,0.491373868008908,0.7708980806584806,0.637404451168421,0.5238614297627369,0.9998034148804216
BAZ1B,0.7447690150021387,-1.6088702745081682,1.6542847601679453,-0.972547358983609,0.3307783163376645,0.9998034148804216
BAZ2A,0.7909115297376444,0.645429390078871,1.1078784219771485,0.5825814252497318,0.5601751126301138,0.9998034148804216
BAZ2B,0.9662568834986863,-0.04701252078712352,1.263377569343809,-0.03721177415833143,0.9703161506945484,0.9998034148804216
BBX,0.3766242731147957,0.4854327802095128,1.5535910145065779,0.31245854003840695,0.7546920670804451,0.9998034148804216
BCAP31,0.6360099179074118,-1.0339545296704842,1.4766901935441699,-0.7001837854620772,0.48381253636253885,0.9998034148804216
BCAS2,0.576422462853315,0.48257932527660674,1.554541828885171,0.3104318689338101,0.7562325624483792,0.9998034148804216
BCAT1,0.7710784772093208,-0.018192621331540614,1.8334304973004234,-0.009922722109361529,0.9920829431474657,0.9998034148804216
BCL10,0.42401659848947,0.4339066704862482,1.4821439384553388,0.2927560942147476,0.7697085902795763,0.9998034148804216
BCL11A,1.3812518702507102,0.7497305068727128,1.0369674757438478,0.7230029141800312,0.469678093815876,0.9998034148804216
BCL2,1.0298277003538212,-1.2231538816565037,1.918987366712426,-0.637395484135984,0.5238672691395281,0.9998034148804216
BCL2A1,3.9704865481587013,0.2097387840046725,0.7819756825917901,0.26821650426457205,0.7885326717216712,0.9998034148804216
BCL2L1,0.49836381750961817,0.4362112253806013,1.6320605754998676,0.2672763694736015,0.7892563795765376,0.9998034148804216
BCL2L11,5.214850325382746,-0.038779621101347354,0.5829181236346541,-0.06652670337224344,0.9469584985803268,0.9998034148804216
BCL2L13,0.6717295212905425,0.6619186000990059,1.2528334943074286,0.5283372476123949,0.5972652835475999,0.9998034148804216
BCL2L14,1.628566031572682,0.40650057417960495,1.0464928605585164,0.38844084799838413,0.6976898203778608,0.9998034148804216
BCL3,3.18208764675948,0.05742056663472432,0.6724968343477159,0.08538414413566578,0.9319559982725499,0.9998034148804216
BCL6,0.4806623575679077,-0.2737194871687113,1.3263336644260375,-0.20637302249819744,0.8364995421791456,0.9998034148804216
BCL7B,0.3628119232334986,-0.8037505040485095,2.1987174040764317,-0.3655542556575722,0.7146977145494303,0.9998034148804216
BCL9L,0.279724438096982,-0.6188348157641775,1.8162363631762006,-0.34072372314029137,0.7333115777106957,0.9998034148804216
BCLAF1,1.9676318748394028,-1.1750437904415825,0.9186644756287932,-1.2790782942132455,0.20086948634516522,0.9998034148804216
BET1,0.3368944843427974,-0.27027085016965574,2.1710603153202315,-0.12448795100830296,0.9009289398725788,0.9998034148804216
BET1L,0.35329904138304996,0.43526541108396066,1.5374859635294977,0.2831020389186205,0.7770986186742778,0.9998034148804216
BEX4,0.9020711616256385,-1.1111386717637914,1.2613675184752955,-0.8809000196127641,0.3783719368744799,0.9998034148804216
BHLHE40,5.815734097482277,-0.3439991485476844,0.5395879619301606,-0.6375219108246313,0.5237849425237204,0.9998034148804216
BHLHE41,0.5334523910549364,1.7224271944964722,1.5758588236561881,1.0930085669097103,0.2743900383658361,0.9998034148804216
BICD2,0.8170918415904487,-0.9625867935796099,1.1244036892093165,-0.8560864774967993,0.3919499477806837,0.9998034148804216
BICDL1,1.1235641624025048,0.8254829197998375,1.121822104442177,0.7358411966844839,0.46182734675525405,0.9998034148804216
BID,0.7519499709518123,-1.779663394378913,1.9320346718851749,-0.9211342944701991,0.3569803173179382,0.9998034148804216
BIRC2,3.8227292550083174,-0.5437552844060249,0.6990450360748607,-0.7778544390490375,0.4366548303044717,0.9998034148804216
BIRC3,12.084065198876482,-0.1329857102249061,0.37065388055820236,-0.35878677440158047,0.7197546073375877,0.9998034148804216
BIRC6,0.7992492614493367,-0.24857113209616005,1.5454961934483065,-0.1608358099812261,0.8722227200997091,0.9998034148804216
BLOC1S1,0.2921358557779793,-0.5225845821870232,1.8260099374281002,-0.2861893418406438,0.7747331064901044,0.9998034148804216
BLOC1S6,0.7053631800833563,-0.005321700878445964,1.3268489352011115,-0.004010781285843478,0.9967998681150197,0.9998034148804216
BLVRA,1.7318238885562869,-0.684301708947199,1.2420197895847196,-0.5509587807582369,0.5816619310983508,0.9998034148804216
BMF,0.5168330417406286,-0.7177990028193074,1.496124977385197,-0.47977208700426677,0.6313894628632621,0.9998034148804216
BMP2K,1.243807561923907,-1.1878627681939395,1.091703313629833,-1.088082039656345,0.27655889176034976,0.9998034148804216
BMPR2,0.43537982558769106,-1.1990649326216993,2.16401554177425,-0.5540925697967033,0.5795154949100121,0.9998034148804216
BNIP2,0.28575120998855946,-0.6992375790941393,2.183326984280146,-0.32026241791935783,0.7487694101037143,0.9998034148804216
BNIP3L,1.4309707566848608,0.22700194346313182,1.0694784708744414,0.21225480422951143,0.8319082530373708,0.9998034148804216
BOD1L1,1.0448293610172956,-0.26422637253726433,1.0451832831333454,-0.252803863974118,0.8004197816535978,0.9998034148804216
BPIFA1,0.8086937939372778,-3.0828823055148344,2.8968361920979855,-1.0642238984462935,0.2872272832148963,0.9998034148804216
BPTF,1.4161566170822515,0.8969201386083478,1.081124952164942,0.8296174617117792,0.4067551009166518,0.9998034148804216
BRAF,0.2609283746265649,-0.9087585684646411,2.164378539572671,-0.4198704394121667,0.6745801035645752,0.9998034148804216
BRD1,0.844057471063926,-0.27862128767120037,1.232793310435143,-0.22600811126469736,0.8211951116664707,0.9998034148804216
BRD2,3.9372674457452073,-0.7362925832631576,0.6865473918946556,-1.072457039318467,0.28351480013433694,0.9998034148804216
BRD4,2.0177582068887934,0.1402346181388534,0.7828475017504761,0.17913401757722108,0.8578324718319986,0.9998034148804216
BRI3,2.5086702578829008,-0.658114507158843,0.821307129702754,-0.8013013443546102,0.42295721278319576,0.9998034148804216
BRK1,1.6101566204320408,0.8332869829915781,0.8969158065489377,0.9290581980016784,0.35285892646420514,0.9998034148804216
BRPF3,0.4105105772797661,1.3441407873307578,1.862586612785923,0.7216527693819773,0.470507986983685,0.9998034148804216
BRWD1,1.108074045698986,-0.7075859802209259,1.486619981613045,-0.47596964185370727,0.6340960059894418,0.9998034148804216
BSDC1,0.4578892814402461,2.396441683226483,1.9846021920539012,1.2075174021380888,0.22723294737384836,0.9998034148804216
BSG,0.5724293234940595,0.14815986648287913,1.4125277649817596,0.10488987909189337,0.9164631899814865,0.9998034148804216
BST2,0.7808635383127239,-1.4270190728904901,1.7832083620071963,-0.8002536906479195,0.4235638280073213,0.9998034148804216
BTAF1,0.4160130620039658,-0.10803344420666369,1.5415401340279284,-0.07008149954836429,0.9441287917144253,0.9998034148804216
BTBD1,0.9256818674319679,2.4505283190628253,1.7566826475114359,1.394974967467408,0.16302338837256392,0.9998034148804216
BTBD7,0.27390882192666044,0.9893679733170514,1.8926221271258818,0.5227498712696,0.601148328075424,0.9998034148804216
BTF3,4.114190117934332,-0.12714762013176126,0.6288922258353472,-0.20217712178405955,0.8397782579750097,0.9998034148804216
BTG1,8.4286966150755,-0.13687151275590576,0.4431926663971313,-0.3088307256268077,0.7574502951904093,0.9998034148804216
BTG2,3.866314982991217,0.2650955757683999,0.6207845881666071,0.4270331139362197,0.6693552089012389,0.9998034148804216
BTG3,0.8297859602086537,1.020918873965491,1.4138310959613263,0.7220939452257014,0.47023672051798504,0.9998034148804216
BTN2A2,0.5027269562533907,-0.1428839423243246,1.7928825800080912,-0.07969509209224387,0.9364797629820872,0.9998034148804216
BTN3A1,0.4030326147038702,-1.4944251455012139,1.7644356924139566,-0.8469705934460346,0.39701151247767263,0.9998034148804216
BUB3,0.7391874840296127,0.6390799466989114,1.3218527320157403,0.4834728795577369,0.6287600118052453,0.9998034148804216
BX255923.2,0.40189288497146364,-1.5090445478361727,2.1524600126361957,-0.7010790160919139,0.48325370495981124,0.9998034148804216
BZW1,0.850883438501948,-1.0868493620489637,1.6725961815126713,-0.6497978257166851,0.5158228236027629,0.9998034148804216
BZW2,1.3116285492583677,-0.24412599619653147,0.9760552894525382,-0.2501149256959202,0.8024984737062785,0.9998034148804216
C10orf10,0.39757487243139106,-0.17682229406359987,1.5164906664495832,-0.1165996586563749,0.9071773082331704,0.9998034148804216
C11orf58,2.53516099661835,-0.08466823675772978,1.0121747608200573,-0.08364982020410401,0.9333348549145112,0.9998034148804216
C11orf84,0.5026367038459909,-1.3093828320213707,2.2687234804664325,-0.5771451846357986,0.5638413828710473,0.9998034148804216
C12orf45,1.1568741079306002,3.301659600953174,1.9293492642502472,1.711281447134048,0.08702916956574488,0.9998034148804216
C14orf2,0.7259301751385904,0.12736253775021486,1.3791246970737967,0.09235026971850373,0.926419749520238,0.9998034148804216
C15orf48,1.7891102024471732,-1.522788007348477,1.3209235419017455,-1.1528207038812446,0.2489839845914491,0.9998034148804216
C16orf72,0.9961674617486429,-0.07960790664506778,0.9766453727330647,-0.08151157919510882,0.9350351166560082,0.9998034148804216
C17orf58,0.2802934677160803,1.0620514770169203,1.9142088390541934,0.5548252914460878,0.5790141661130814,0.9998034148804216
C17orf62,0.5973747326641201,-2.0528081427405236,1.5607987286351255,-1.3152292509461783,0.18843286726170005,0.9998034148804216
C19orf24,0.5709212648713458,-1.3502526837067774,1.4943273572231448,-0.9035856013610725,0.3662151790361585,0.9998034148804216
C19orf53,1.1875924993691198,0.5403326003949197,0.9740499947944339,0.5547277894179887,0.5790808653372352,0.9998034148804216
C19orf66,0.5750046566380008,0.41435027648967465,1.2889116230905882,0.32147299245865596,0.7478519758656494,0.9998034148804216
C1QA,0.3980576699478682,0.6737913023764287,1.9132688532474251,0.35216760113602996,0.7247125730340387,0.9998034148804216
C1QB,1.1298538072561854,-0.01834603785824752,1.236194361117261,-0.014840738993232861,0.9881592381377564,0.9998034148804216
C1QC,0.2602367711994005,0.9665720023584274,2.7877125783623975,0.3467258460792348,0.7287972910117114,0.9998034148804216
C1orf43,1.6224177496634022,-0.37186790872689857,1.0679188788934444,-0.3482173750053192,0.7276769400167985,0.9998034148804216
C1orf54,1.1659623191955941,0.5931942216670096,1.2512049570537047,0.4740983628004827,0.6354297660483491,0.9998034148804216
C21orf91,0.3402387966680196,-1.1239090083712142,2.2106003903791174,-0.508417990543494,0.6111602386957804,0.9998034148804216
C2CD2L,0.29617412134093446,1.0233926204847206,1.8568884353210748,0.5511330681036665,0.5815424583630684,0.9998034148804216
C2orf68,0.7789558173005374,0.5461444154129543,1.5565047919356945,0.3508787240762429,0.7256793336792179,0.9998034148804216
C4BPA,0.24948898666620822,1.9013139512324773,2.6217830378471523,0.7251988146180547,0.468330069965332,0.9998034148804216
C4orf3,1.989424645932041,0.04322495188828314,0.8400520065338253,0.05145509034212712,0.9589628871298578,0.9998034148804216
C4orf46,0.4741663534618692,1.7072333054801365,2.594973221692019,0.6579001629800854,0.5106022859311322,0.9998034148804216
C5AR1,2.0890147621998576,-0.6927261955963416,1.141893790128749,-0.6066467841271267,0.5440853453525158,0.9998034148804216
C6orf106,0.6762845044146013,-0.0428470185074187,1.3478639636618588,-0.031788830076747876,0.9746404544434277,0.9998034148804216
C6orf48,2.2093868306242523,-0.04762420273933979,0.7561459689788416,-0.06298281640468867,0.9497801876738999,0.9998034148804216
C6orf62,3.299315321595549,-0.541539480896589,0.8242032951390859,-0.6570460032014348,0.5111513370079772,0.9998034148804216
C9orf72,0.5510305978722221,-0.7533244861944881,1.2767295837408827,-0.5900423204632018,0.5551622771054088,0.9998034148804216
C9orf78,0.7225371000568691,-0.012983415648499561,1.274799133909301,-0.010184675611352667,0.9918739450558787,0.9998034148804216
CAB39,0.5655537750062664,1.2855473704693368,1.4077221383610674,0.91321102044046,0.3611315689970457,0.9998034148804216
CACUL1,0.42825845016740705,-0.4938391447141222,1.8028971403200855,-0.2739142093411087,0.7841505515888161,0.9998034148804216
CACYBP,1.0992407868346203,-0.1751832852748493,1.226782823398958,-0.14279893876365315,0.8864489752362117,0.9998034148804216
CALCRL,0.9973134836774667,1.2800718483075284,1.800858977446949,0.7108118205470298,0.47720085467297046,0.9998034148804216
CALM1,4.15621119240505,-0.2641208969121821,0.6983794453150785,-0.37819110897947783,0.7052886298541166,0.9998034148804216
CALM2,3.5034156927365094,-0.15330644665773865,0.7497848641325648,-0.20446724652824347,0.8379883847879921,0.9998034148804216
CALM3,0.5893077372030734,1.1879239021095176,1.887606228765022,0.6293282380651627,0.5291341881773108,0.9998034148804216
CALR,1.414664315864808,-1.5614273123869036,1.0230219047915607,-1.5262892271158575,0.12693785037503952,0.9998034148804216
CAMK1D,0.9799289342259462,-0.1399476305951851,1.1670055039097436,-0.11992028326029959,0.9045462967070937,0.9998034148804216
CAMLG,1.3720125374245848,-0.39793347887252,0.9439724619821002,-0.4215519995540566,0.6733520485809534,0.9998034148804216
CAMTA1,0.8347933015321591,-0.1948667308164975,1.1955257992181432,-0.16299667555809969,0.8705210521881459,0.9998034148804216
CAND1,0.3924766745509642,-1.3340114570965118,2.138283427273791,-0.623870269058444,0.5327127869694435,0.9998034148804216
CANX,4.092036285898525,0.15957313340707255,0.6603832949686826,0.24163714409923098,0.8090613379675109,0.9998034148804216
CAPG,2.326984846989023,0.740774517822673,1.0495858251237307,0.7057779364878013,0.4803262449644252,0.9998034148804216
CAPN1,0.9592412078714538,-0.7213162925879497,1.234274245904495,-0.5844052040957544,0.5589477263051807,0.9998034148804216
CAPNS1,5.087585061613692,-0.464551648874986,0.6026313565815841,-0.7708720162026537,0.4407827955094086,0.9998034148804216
CAPRIN1,1.41202866368659,2.0229845268861397,1.4439936775946487,1.4009649476138655,0.1612245552838366,0.9998034148804216
CAPZA1,3.2617960033139455,0.4609092286891054,0.6645598729487278,0.6935556109399122,0.4879609393915969,0.9998034148804216
CAPZA2,0.3573373069460052,2.1432542124585754,2.5911293516456984,0.8271506056219599,0.40815170413513513,0.9998034148804216
CAPZB,3.7306722459412023,-0.7607544501874641,0.7136959948910306,-1.0659362748751569,0.2864524496297288,0.9998034148804216
CARD16,0.8484826100264127,-0.5761362611597659,1.5200833977099328,-0.3790162184704724,0.7046758202138259,0.9998034148804216
CASC3,0.25151216420606537,-0.7362469190606891,2.8784774683414813,-0.255776509338077,0.7981234135148654,0.9998034148804216
CASC4,0.5089093026700593,-1.2052328065332425,1.2418060550348458,-0.9705483409802048,0.3317732413464646,0.9998034148804216
CASP3,0.5674802811161744,0.31403897355995686,1.4759110698986493,0.2127763521561783,0.8315014096259734,0.9998034148804216
CASP4,0.4234923113220923,-0.9219096544185619,1.2999187160958507,-0.7092056164768566,0.47819688863722276,0.9998034148804216
CASP7,0.5343277474635166,0.514979686782309,3.2387019236303307,0.1590080528945551,0.8736625292626798,0.9998034148804216
CASP8,0.5168330417406286,-0.7177990028193074,1.496124977385197,-0.47977208700426677,0.6313894628632621,0.9998034148804216
CASP9,0.3128067081174573,2.05239054814326,2.5514182349807446,0.8044116483939565,0.4211592761176789,0.9998034148804216
CAST,2.23359037788313,-0.7451133424231605,0.8254972644121783,-0.9026236361349329,0.3667256776726081,0.9998034148804216
CAT,0.6931799641532271,-0.5733304218191086,1.28643452996367,-0.4456739993097822,0.6558327487319472,0.9998034148804216
CBFA2T3,0.36167219350109214,-0.7926995594154527,2.133234437835391,-0.37159514461045867,0.7101943046855592,0.9998034148804216
CBFB,0.5044667502633312,0.1132201522163849,1.3031287165984833,0.08688332224917887,0.9307642563014364,0.9998034148804216
CBLB,0.8803038632486461,0.41886213421036733,1.4740698348135608,0.28415352130405996,0.7762927325162976,0.9998034148804216
CBX1,1.3021711456876435,0.7386951769603932,1.0728570558510324,0.6885308466135138,0.49111855212610667,0.9998034148804216
CBX3,1.3482730900998499,-0.08184138299778261,0.9313985232306374,-0.08786935018310808,0.9299805173617168,0.9998034148804216
CBX4,0.6259472302634479,0.8464492482565416,1.4942574289368882,0.5664681545928538,0.5710755752416898,0.9998034148804216
CBX5,0.8164430145564155,-1.8245741848786945,1.218506775707798,-1.4973853418409167,0.13429302013666683,0.9998034148804216
CBX6,2.483073520044596,0.39884120793664257,0.7244222965647266,0.5505645116501552,0.5819322420959141,0.9998034148804216
CCAR1,0.3368944843427974,-0.27027085016965574,2.1710603153202315,-0.12448795100830296,0.9009289398725788,0.9998034148804216
CCDC117,0.312026522777103,-1.1766398480399225,2.1061163849161852,-0.5586775054156126,0.5763818339667632,0.9998034148804216
CCDC47,0.5179312818221344,-0.8316118924057511,1.543248275281057,-0.5388710978823531,0.5899758011574355,0.9998034148804216
CCDC50,1.1514368951674219,-1.8480339280732097,1.1903205974702926,-1.5525514151403499,0.12053034040777127,0.9998034148804216
CCDC71L,0.6575125008134932,1.2760621860051284,1.6347348312570118,0.7805927674667054,0.4350420469460875,0.9998034148804216
CCDC82,0.520392146339906,0.10864672608311944,1.3079623893322014,0.08306563473785401,0.9337993508878812,0.9998034148804216
CCDC88A,4.470215467677582,-0.09006696943550843,0.5682568962836814,-0.15849692282580907,0.8740652452454205,0.9998034148804216
CCDC88C,0.8879214456622202,-0.9096300408712671,1.255240286988546,-0.7246660661709365,0.4686569177186546,0.9998034148804216
CCDC90B,0.46991457303471545,0.05599467565838962,1.4895987433130178,0.03759044233204159,0.9700142284516388,0.9998034148804216
CCDC92,0.6338016987617969,-0.8158834340972239,1.5591066429158926,-0.5233018779083204,0.6007641943718947,0.9998034148804216
CCL17,3.1923298278494374,0.7261179800799431,1.433282180618361,0.5066120195303578,0.6124270731217459,0.9998034148804216
CCL18,1.5278612187200349,-0.3546498378262059,1.3162159509146798,-0.26944654300819604,0.7875860738760365,0.9998034148804216
CCL19,2.3938254011044755,0.34200742788233696,0.9400507748764693,0.3638180373047186,0.7159938925483729,0.9998034148804216
CCL22,5.2109247888535934,0.11789079065368041,0.8397547197092535,0.14038717245256746,0.8883540923835943,0.9998034148804216
CCL4,0.9810311918601382,1.4337795940971418,1.3373624178341492,1.072095024487932,0.28367735342380385,0.9998034148804216
CCL5,1.01328943707879,-1.1163592745974056,1.4961108315840175,-0.7461741811035836,0.45556220262806846,0.9998034148804216
CCND2,1.4955831063938363,0.8559412205244723,1.2408566543122623,0.6897986302848759,0.49032083017216266,0.9998034148804216
CCNDBP1,0.26019164499570063,0.013312471915519784,2.822992882810618,0.004715729889572257,0.9962374058736949,0.9998034148804216
CCNG1,0.7046974790343089,-0.312239735663537,1.181818269523711,-0.26420283364664343,0.7916236276916584,0.9998034148804216
CCNG2,2.241226264794685,0.6168424458679128,0.7983939658381386,0.7726040930436686,0.43975672141700184,0.9998034148804216
CCNI,7.656552390675679,0.18773768084110998,0.45413190790637353,0.4133990093464542,0.6793143003219827,0.9998034148804216
CCNL1,1.9942235718748884,-1.445362910625408,1.1420885781993155,-1.2655436173823338,0.2056765230874461,0.9998034148804216
CCNL2,0.5936427957727582,-1.5402798332344232,2.1800770651131014,-0.7065254058596842,0.47986145906199007,0.9998034148804216
CCNT1,0.34626556855959706,-1.139461729134493,2.1482625579345465,-0.5304108312673065,0.5958271179279668,0.9998034148804216
CCNY,0.5337772642357537,-0.16071937377782386,1.5014840647929748,-0.10704034597928545,0.9147569721442799,0.9998034148804216
CCNYL1,0.8126492891837207,-0.05053458608344115,1.1277208577663853,-0.044811254252698864,0.9642577545088082,0.9998034148804216
CCR7,9.63891675450372,-0.565880693881571,0.4095300473431819,-1.3817806472387335,0.16703906299620652,0.9998034148804216
CCRL2,0.5141041719804353,-0.754705427948543,1.5797031341141246,-0.47775142787937264,0.6328271359055241,0.9998034148804216
CCSER2,0.7499521425778192,-0.39558019543883766,1.5034112931423123,-0.2631217400343102,0.7924567480446261,0.9998034148804216
CCT2,0.7766253231875863,-0.5542100389450385,1.2918662477713934,-0.42899954999297313,0.6679235521776626,0.9998034148804216
CCT3,1.3098991073244515,-0.2156320007579578,0.9277259551266109,-0.23243070819176287,0.816203500225425,0.9998034148804216
CCT4,0.8564857627599376,-0.6918446919923043,1.2178433237484858,-0.5680900642151789,0.5699738140164095,0.9998034148804216
CCT6A,1.3484295140737863,-0.3400343249880752,1.0478811542282316,-0.32449703252704426,0.7455617685248969,0.9998034148804216
CCT8,1.0263830800458504,0.05467996115063421,1.349192741750377,0.04052790936282023,0.9676722568612561,0.9998034148804216
CD151,0.43651788482588777,1.5753913500967127,1.8644928627373338,0.8449436206389227,0.39814231812083467,0.9998034148804216
CD164,1.1023521488806347,-0.3092920497325357,1.0827291307157896,-0.2856596732814084,0.7751387941997676,0.9998034148804216
CD1B,0.7247250203720519,1.3825762840746088,1.9880338641750863,0.6954490609989151,0.4867739236042603,0.9998034148804216
CD1C,0.9119683270538074,1.8824136793160706,1.5171973815562358,1.2407177221629668,0.21471004509593805,0.9998034148804216
CD1E,3.295839908608979,0.8906405144006835,1.0972672402284362,0.8116896975938733,0.4169697074072317,0.9998034148804216
CD200,2.119671291674551,0.33577840075387144,1.176706346229763,0.28535445723542274,0.7753725954449752,0.9998034148804216
CD24,0.5089080159278286,2.5787798208620023,2.038266160189023,1.2651830615795796,0.20580571295936634,0.9998034148804216
CD274,2.3991594505883715,-0.24254330237001234,0.718998487560678,-0.3373349270773585,0.7358644331092761,0.9998034148804216
CD2AP,0.7359979950628732,-1.1657248060845826,1.4224302198226726,-0.8195303993400167,0.41248386523574776,0.9998034148804216
CD37,1.4334205620606457,-0.43122110629691085,1.1544154429898381,-0.373540659833937,0.7087460894459797,0.9998034148804216
CD4,3.0673815751881097,0.2964879611325546,0.7284859681790385,0.4069919999607835,0.6840138639358322,0.9998034148804216
CD40,2.527642705501223,-0.16012809867606678,0.9406847630169353,-0.1702250370916064,0.8648331623097971,0.9998034148804216
CD44,3.581071005332308,0.27378105884888887,0.7736967669449814,0.3538609317574644,0.7234431069852754,0.9998034148804216
CD46,0.9429486977965529,-1.1539599146542718,1.6416110904401837,-0.7029435420936683,0.4820909344568388,0.9998034148804216
CD47,0.9623935883010031,-0.3339851268584116,1.3016429705525354,-0.2565873549154865,0.7974973375856192,0.9998034148804216
CD5,0.8126286066013093,1.2887439315228209,1.4649144387644888,0.8797400704233276,0.3790001367725454,0.9998034148804216
CD52,0.7539904081407744,0.44787239278373514,1.3020207735447007,0.3439825246139661,0.7308594284048346,0.9998034148804216
CD53,0.9326837107798376,-0.40594627122588556,1.3078232068686784,-0.3103984308382498,0.7562579872642619,0.9998034148804216
CD55,3.130631392150119,0.4855118837889696,0.6790065947443052,0.7150326484999747,0.4745888695068362,0.9998034148804216
CD58,0.3816079867039157,-0.6385759045511074,2.1896904141679463,-0.2916283966077268,0.7705707613960802,0.9998034148804216
CD59,1.6841388576063252,0.5542773949373221,1.0210592985636713,0.5428454505208723,0.587236216779638,0.9998034148804216
CD63,3.796177110871302,0.16868853871397477,0.7559332988254054,0.2231526762693067,0.8234166820866823,0.9998034148804216
CD69,1.0626117487667106,0.6932178650502511,1.2658493122785466,0.5476306368587025,0.5839455484594447,0.9998034148804216
CD74,20.098262504871418,0.043232804563903514,0.30484357136079177,0.14181963677605702,0.8872224729403376,0.9998034148804216
CD80,1.649302308946292,0.6309394775103607,1.0668726054609563,0.5913915816010245,0.554258079654091,0.9998034148804216
CD81,1.5604622742028562,-0.4969276831018809,1.3445187501491143,-0.369595205010543,0.7116841243645955,0.9998034148804216
CD83,11.94659059744874,-0.02208431357953433,0.373436322322095,-0.05913809733935373,0.9528421144383631,0.9998034148804216
CD84,2.093287932034479,-0.620813341000869,0.7666350536857728,-0.8097899228794293,0.41806092527638716,0.9998034148804216
CD86,6.040935537301566,0.06186287389955898,0.5692603388924872,0.10867237654377088,0.9134623523913686,0.9998034148804216
CD99,0.47556415968748084,-1.3438442761179532,2.16232494940927,-0.6214811869442107,0.534283068952345,0.9998034148804216
CDC123,0.2998262608173617,0.060488149549546504,1.5209817895650666,0.03976914777319158,0.968277173274237,0.9998034148804216
CDC27,1.0021458546357005,-0.5237098362290507,1.2185692804652375,-0.4297743629554681,0.667359783675957,0.9998034148804216
CDC34,0.16733007554084214,0.5400225499562459,2.808144030109207,0.19230585901793817,0.8475026292225188,0.9998034148804216
CDC37,2.3366153327727037,0.0676030091844552,0.8396985771502893,0.08050866230342035,0.9358327070785146,0.9998034148804216
CDC42,7.1719720755172665,0.3772999633915897,0.4670732129483559,0.8077961932561258,0.4192079169190882,0.9998034148804216
CDC42EP4,1.3073866975804307,0.09249420137956338,0.8642460987282826,0.10702298976607053,0.914770741304312,0.9998034148804216
CDC42SE1,2.261519433401707,-0.28794983628169635,0.9811057515234741,-0.29349520766193044,0.7691436620326156,0.9998034148804216
CDC42SE2,2.0297243836507395,-0.7601812785518052,0.9509616935137633,-0.799381598372241,0.42406917724132476,0.9998034148804216
CDC5L,0.48198516284748255,-1.75208761428647,2.190954409082581,-0.7996914983822608,0.4238895598478256,0.9998034148804216
CDCA4,0.7459683252639346,-1.030356894920695,1.9530791654049697,-0.5275551105001169,0.5978081563840818,0.9998034148804216
CDIPT,0.8161966520483025,2.251314494929415,1.630943540179308,1.3803754939805595,0.1674710614719277,0.9998034148804216
CDK12,0.8519780420306547,-1.691540859056304,1.5949130724093388,-1.0605849863033572,0.288878548599783,0.9998034148804216
CDK13,0.21168570400411804,-0.22518240158603886,2.177601068772614,-0.10340847311990023,0.9176387876230103,0.9998034148804216
CDK16,0.3901302943244996,-0.39911200112464934,1.330261196394272,-0.3000252899253612,0.7641578651565017,0.9998034148804216
CDK17,0.805951511948179,-0.12701205982421188,1.6948931560000235,-0.07493809233613433,0.9402639684489891,0.9998034148804216
CDK2,0.7012096966991166,-1.5144066922703576,2.397336377154653,-0.6317038804824604,0.5275803919001238,0.9998034148804216
CDK2AP2,1.0592294658496293,1.226050246257805,2.2260309237343936,0.5507786226980984,0.5817854402258975,0.9998034148804216
CDK6,0.6153654752478116,2.112058664892043,1.572214177544485,1.3433657418041465,0.17915357414790634,0.9998034148804216
CDKN1A,10.451003606463344,0.05807492486327727,0.38231490325815704,0.15190337695013248,0.8792631447846923,0.9998034148804216
CDKN1B,0.30340754372657003,-0.5635879756056554,2.8886024065483626,-0.1951074936197591,0.8453087962547943,0.9998034148804216
CDKN2B,0.3925218007546641,-0.5976620221531143,1.794501695714067,-0.33305180127750894,0.7390951812833865,0.9998034148804216
CDV3,2.63108937909604,0.21893136436396018,0.9137147035947869,0.23960582389954796,0.810635849462796,0.9998034148804216
CDYL,0.7152585514675337,0.18737606186758834,1.131756663282298,0.16556214595120125,0.8685015392369833,0.9998034148804216
CDYL2,0.7705279939815579,-0.28436041093881614,1.2449878001610564,-0.2284041746449485,0.8193320443259973,0.9998034148804216
CEBPB,0.904374765458972,0.10709597367457215,1.1942505603081646,0.08967630180297934,0.9285444484723275,0.9998034148804216
CEBPD,1.0604242122035075,0.005782950296917066,1.5201528507875028,0.003804190015445654,0.996964702841384,0.9998034148804216
CELF1,0.9627603185473501,-0.31567059090579896,1.0046161554146849,-0.31422010208017875,0.7533538760764724,0.9998034148804216
CELF2,3.9521937104961804,-0.4499028334277385,0.5742959239454477,-0.7833989667502407,0.43339286272949384,0.9998034148804216
CENPC,0.2056589321125406,-0.1947584850088047,2.1836660860361388,-0.0891887666590713,0.9289318927063932,0.9998034148804216
CEP120,0.9351201983681086,-0.07745843951993184,1.9213936281390294,-0.04031367564956193,0.9678430510509067,0.9998034148804216
CEP128,0.8725085970982069,3.2138393590426078,2.259727412264719,1.4222243539638566,0.1549611309159365,0.9998034148804216
CEP135,1.0584591709270468,-1.4737133469511459,1.2153371920241471,-1.2125962709136486,0.22528421532969212,0.9998034148804216
CEP170,0.9360702639225688,0.5136699625420499,1.2426885253278577,0.41335375041507577,0.6793474544972934,0.9998034148804216
CEP350,5.345433115368994,0.34870512931472913,0.5342676674985702,0.652678704940838,0.5139634338521667,0.9998034148804216
CEP57,0.5710078807259463,-0.4044958907492554,1.4101365201984486,-0.2868487447529766,0.7742281376134909,0.9998034148804216
CEP68,0.758632910109685,-1.9796865274199218,1.7454281687913709,-1.134212546134605,0.25670540256724983,0.9998034148804216
CERK,0.4690828424681119,-0.7610984866701732,1.440040112350078,-0.5285258932323046,0.5971343802437568,0.9998034148804216
CERKL,1.4301331149217267,0.28764800157331327,1.0956563963325516,0.26253486269613935,0.7929091111148271,0.9998034148804216
CERS6,2.885661644996022,-0.32248088276718195,0.6682549561034073,-0.4825716290195093,0.6293999276391224,0.9998034148804216
CFAP97,0.4507413243254863,-1.531704529846972,2.1570392535250855,-0.7100958071782066,0.47764472619878495,0.9998034148804216
CFL1,11.267991799952606,-0.07903278997778111,0.379803460639397,-0.20808865154817138,0.8351597479706384,0.9998034148804216
CFLAR,5.452343015505523,-0.276471923024869,0.5688386576317178,-0.4860287171338216,0.6269468054242859,0.9998034148804216
CFP,0.7167976447486831,0.5543154899288274,1.3067498033577838,0.4241940488565412,0.671424300588789,0.9998034148804216
CGAS,0.37897065334126034,-0.7440676018576234,2.2016954691296697,-0.33795209750409005,0.7353992866757939,0.9998034148804216
CGGBP1,0.5485350621432157,-0.9347811362817889,1.735799364752097,-0.5385306362381878,0.5902107603394408,0.9998034148804216
CHAF1A,0.3229403368278514,-1.1899429268413533,1.7358682814176767,-0.6855030071000154,0.4930265637212199,0.9998034148804216
CHCHD2,3.0539447400514153,0.9995950052936897,0.6913073952676746,1.445948665002558,0.14819160084048602,0.9998034148804216
CHD1,1.540781852929761,0.19064208443802297,0.9958052443204309,0.1914451500685992,0.8481768495294244,0.9998034148804216
CHD2,1.105118403223656,-0.871566761726475,1.6555499476692748,-0.5264515051046867,0.5985745378926789,0.9998034148804216
CHD3,2.471565015889986,-1.0329400814624718,0.9402138674088423,-1.098622470129244,0.27193277242821734,0.9998034148804216
CHD4,0.893653560738144,0.23643716810391247,1.6005649080136486,0.14772107455319536,0.882562899018057,0.9998034148804216
CHD6,0.48986741226715125,-1.4614226946326125,1.7258179383236762,-0.8468000373504773,0.39710658742759597,0.9998034148804216
CHD7,0.527101665310143,-1.1944124752718062,1.74542965964033,-0.6843085704856943,0.4937803361823544,0.9998034148804216
CHD8,0.4284244796849631,-0.02904363481681255,1.5594488395300292,-0.018624294738367582,0.985140821797256,0.9998034148804216
CHFR,0.39809915959876885,1.2773192482003006,1.844977067877907,0.6923225607727871,0.48873478510377677,0.9998034148804216
CHIC2,0.5392680072252579,0.28251953906423566,1.4640764660641536,0.192967748347002,0.8469842264330038,0.9998034148804216
CHML,0.2728488896091888,0.9417553246163807,1.8415022389598565,0.511406016616258,0.6090667827991798,0.9998034148804216
CHMP1A,0.3717372309556247,0.5038844550645005,1.549093299466371,0.32527702187988144,0.7449714199874945,0.9998034148804216
CHMP1B,1.9489803933544967,-0.6907948456457732,0.7845367792427389,-0.8805130159895772,0.3785814571920564,0.9998034148804216
CHMP2A,0.5492253788281495,0.376387310103904,1.5062752549987144,0.24987950167462933,0.8026805357586295,0.9998034148804216
CHMP2B,0.6093367372976447,-0.8901347043042608,1.2003633957046658,-0.7415543555305707,0.45835738729511766,0.9998034148804216
CHMP3,0.9000995293120305,-0.8571280559872382,0.9952221800521234,-0.8612429195884153,0.3891042660910208,0.9998034148804216
CHMP4B,3.010700759264347,-0.4769548752559857,0.6600165335141609,-0.7226407991880289,0.4699005955166141,0.9998034148804216
CHMP5,1.013084591971181,-0.6378973095282888,1.457247139742038,-0.43774133579099667,0.6615738012739356,0.9998034148804216
CHORDC1,0.7623635602588165,-0.3386168225609702,1.517387602791453,-0.2231577626824127,0.823412723518423,0.9998034148804216
CHP1,0.41385852615778757,0.6880647639321493,1.5986994914833939,0.4303903063694047,0.6669117455524095,0.9998034148804216
CHRAC1,0.42397510883856937,0.039993975927830654,1.925707906516437,0.020768453924135812,0.9834303624307275,0.9998034148804216
CHST11,1.7226984661144014,0.24822363138446685,0.9649713381533068,0.2572342012349294,0.7969979833197463,0.9998034148804216
CHST2,0.9832821873988844,-0.5297034280929384,1.241714023228182,-0.42659051777141616,0.6696776054288156,0.9998034148804216
CHST7,1.3436501377662564,0.18953150759661647,1.2913010204211357,0.1467756197813613,0.8833091288398118,0.9998034148804216
CHSY1,1.1671834424325713,1.3230293984585988,1.9424206474975894,0.6811240398227083,0.49579300691880446,0.9998034148804216
CHTF8,0.5909436739287699,-0.1579936218969844,1.262392992828001,-0.1251540707169552,0.9004015775223371,0.9998034148804216
CHTOP,0.5225918083897843,0.11546897499533579,1.9807178910668048,0.05829652749445544,0.9535124334710338,0.9998034148804216
CHURC1,0.4753723153071945,-1.3049476170515653,1.5003494398047035,-0.8697624582853358,0.3844302315221134,0.9998034148804216
CIB1,0.3169586911399738,-0.3558823053316541,1.8356789482501283,-0.19386957924799486,0.8462780039947007,0.9998034148804216
CIC,0.7749241334423556,0.7220804408120577,1.19176447625614,0.6058918982720749,0.5445865396913612,0.9998034148804216
CIITA,1.2250166307338086,-0.934823464345055,0.9684426087759058,-0.9652853518358255,0.3344019065953827,0.9998034148804216
CIR1,0.6133750028605999,0.13243191890484118,1.3338419920278588,0.09928606213956652,0.9209111445361093,0.9998034148804216
CIRBP,4.84844583113608,-0.26924291303386955,0.5652572822321005,-0.47631922930860293,0.6338469679532419,0.9998034148804216
CISH,0.6602901333301858,2.990341694403864,1.966700289118861,1.5204867314803845,0.1283886910139158,0.9998034148804216
CITED2,0.8231688719660448,0.15548091514799472,1.3364305207435214,0.11634044025086548,0.90738273651495,0.9998034148804216
CIZ1,0.36021971607454306,-0.2537986816607493,2.1808100651332567,-0.11637816869908896,0.9073528366696012,0.9998034148804216
CKAP5,0.5979771467522229,1.1198073396906576,1.5203534858004302,0.7365440669878857,0.46139965992319987,0.9998034148804216
CKB,0.5604970667767402,0.43756760641696757,1.5217130669571974,0.2875493520548677,0.773691719180577,0.9998034148804216
CKS2,1.0430895670073552,-0.21933588476278265,1.180391361339516,-0.1858162402289007,0.8525888684676034,0.9998034148804216
CLASRP,1.0897879391442966,-1.216255605701446,1.1212635817684027,-1.0847187275834167,0.27804625075435996,0.9998034148804216
CLCN5,0.5576263993828978,0.38722017535243763,1.2921774719795802,0.2996648554468505,0.7644328085671758,0.9998034148804216
CLDN1,0.349708902125337,0.519720382955939,2.793310950619487,0.18605890720497048,0.8523985664666711,0.9998034148804216
CLDN4,0.8623641459807189,2.386872585635888,1.6380015435371718,1.4571857975674258,0.145065099926202,0.9998034148804216
CLDND1,1.3470783437459715,0.6015975386791579,1.353543594605836,0.4444611470784201,0.6567092131487027,0.9998034148804216
CLEC2D,1.1556829579159649,-2.505890744831613,1.8698621038369738,-1.3401473508070474,0.18019744442105934,0.9998034148804216
CLEC7A,0.6531067558090762,-0.8221685502300847,2.0167306792253767,-0.4076739441212242,0.6835130691868649,0.9998034148804216
CLIC1,0.725430331592501,0.9621657520817671,1.5004003741961205,0.6412726687016944,0.5213455433374221,0.9998034148804216
CLIC2,4.536642657728768,0.051548696740273243,0.5826206470438765,0.0884772913590053,0.9294973324154221,0.9998034148804216
CLIC4,1.5786690066694185,-0.47634321422243603,1.1021427262990533,-0.4321973940906688,0.665597953174817,0.9998034148804216
CLINT1,1.8303812924522644,-2.0098218840679665,1.1545430067913378,-1.740794298909304,0.08171964166280825,0.9998034148804216
CLIP1,0.702725846720701,-0.0730803898535223,1.2370536882753675,-0.05907616665805909,0.9528914417312739,0.9998034148804216
CLIP2,0.26788205003508303,0.9893679733170513,1.8926221271258818,0.5227498712695999,0.6011483280754241,0.9998034148804216
CLK1,2.184545448870922,-0.42873320396672976,0.7895264561970918,-0.5430257600635789,0.5871120663259518,0.9998034148804216
CLK2,0.274837395937811,-0.6520234356758038,2.169104312836113,-0.3005957029439863,0.7637228085596186,0.9998034148804216
CLK3,0.4725689524269831,-1.5530990012300183,1.6333946556136687,-0.9508412409042178,0.34168497368547845,0.9998034148804216
CLNS1A,1.629248555699475,-0.864077802504191,0.9321976956989378,-0.9269254863973115,0.35396522347848236,0.9998034148804216
CLPTM1,1.9064754938909725,-0.4311599074012973,0.8569691175816821,-0.5031218728371518,0.6148785893952542,0.9998034148804216
CLPTM1L,0.6974011332487527,-0.11296592188730024,1.1998782446622513,-0.0941478207391772,0.9249917335947946,0.9998034148804216
CLSTN1,0.8453543739653839,0.23647465335093173,1.100935288649054,0.21479432605081383,0.8299276768127372,0.9998034148804216
CLTA,0.9394455418080694,0.603775772347709,1.0945399597658592,0.5516251526137674,0.5812051998798374,0.9998034148804216
CLTC,2.3571744230209823,-0.08766438404974077,0.7240624925706246,-0.12107295288630081,0.9036332520240788,0.9998034148804216
CLU,0.8848180369744592,2.331559486662931,2.0976018488986634,1.1115357701878008,0.2663378020587919,0.9998034148804216
CMIP,2.178588200224529,-0.10048825537658107,1.2274317079333525,-0.08186871393910367,0.934751113557943,0.9998034148804216
CMPK1,0.6891416985902721,-1.3853868970962882,1.6583683118981605,-0.8353915635969799,0.40349727829170856,0.9998034148804216
CMTM6,4.63941110774152,0.038367110134376436,0.5596301407952007,0.06855797666626584,0.9453414698837651,0.9998034148804216
CMTM7,0.3598167159730008,-1.0503991896250138,2.2216671707219633,-0.4727977275208469,0.6363574955153575,0.9998034148804216
CNBP,3.13153485391385,0.18633280479799966,0.7963935494391637,0.2339707609751723,0.8150076780599717,0.9998034148804216
CNDP2,0.9478948547882471,-0.26953937511134063,1.0186994507839284,-0.2645916564536476,0.7913240483126821,0.9998034148804216
CNIH1,0.4514316410104201,-0.21760534641812251,1.8678175289619092,-0.11650246506630799,0.907254332562359,0.9998034148804216
CNN2,0.28724881361880833,-0.5628122528394757,2.1725946219523053,-0.2590507438215646,0.7955960884951162,0.9998034148804216
CNN3,0.5678743403700008,1.0172147932440325,1.5397770266008584,0.660624737004675,0.508853001027127,0.9998034148804216
CNOT10,1.9111276966823232,0.6297410246254529,1.382545637599313,0.4554938423001725,0.6487539965701242,0.9998034148804216
CNOT11,0.24742235341686097,-0.1956668088954376,2.841653708286464,-0.06885666903214115,0.9451037097170758,0.9998034148804216
CNOT2,0.46205813847777694,-0.8379129361672326,2.137327229149438,-0.39203773981800855,0.6950303289121311,0.9998034148804216
CNOT4,1.147113740737917,-0.38808736913544734,1.9624044982416338,-0.19776114938749062,0.8432319440834442,0.9998034148804216
CNOT6L,0.9012443913247559,-0.39038943851755387,1.2713395231118105,-0.3070693795171349,0.7587905640893255,0.9998034148804216
CNOT9,1.1450239273105602,-0.19804481618808542,1.4370906507261765,-0.13780955021035823,0.890390936404269,0.9998034148804216
CNPPD1,0.7156732933037714,-0.37118036406247673,1.3545095323947063,-0.2740330394030141,0.7840592313629831,0.9998034148804216
CNPY3,0.5006743116328669,-0.8448394651891058,1.5302613711606237,-0.5520883432797751,0.5808878279136311,0.9998034148804216
CNTRL,0.5751875601705713,-0.03498779922455288,1.4005180929692373,-0.024982040146568383,0.9800692890251156,0.9998034148804216
COA1,0.5541124209873203,0.42471076328612767,1.3463962779385785,0.3154426154062071,0.7524256147258546,0.9998034148804216
COA3,0.2598337710978582,-0.1265069359154204,2.838012016601833,-0.04457589861331762,0.9644453536795865,0.9998034148804216
COL1A1,0.7830107339266402,-0.4189779550631979,1.8035860018438694,-0.23230273168834864,0.8163028908889007,0.9998034148804216
COL1A2,0.622297365430752,0.304801674514384,1.8964130322842523,0.16072536379232044,0.8723097117266894,0.9998034148804216
COL4A3BP,0.7332937409385661,-0.5755275889576306,1.3171743020501872,-0.43694110040092604,0.6621540639421359,0.9998034148804216
COL9A2,0.8342035893306493,-0.2970224999684786,1.1105623559248299,-0.26745233924404965,0.7891209056742623,0.9998034148804216
COMMD1,1.2994720238436548,2.182009729661192,1.4027804063770477,1.5554891697529873,0.11982961194652804,0.9998034148804216
COMMD2,0.37751817591471126,-0.2145234762251727,2.183722287232893,-0.09823752657532585,0.9217436846661188,0.9998034148804216
COMMD3,0.3955082391820438,-1.6539596112349437,2.140538655796201,-0.7726838320608286,0.43970951743199516,0.9998034148804216
COMMD5,0.6328130887084102,-1.311955275551266,2.414380456072732,-0.5433921038630807,0.5868598611599865,0.9998034148804216
COMMD6,2.3661216241788874,0.8192723843048587,0.8702334951321432,0.9414397272544122,0.34647956300203464,0.9998034148804216
COMT,1.710086347704613,0.14320914423159234,1.2861665564220865,0.11134572230674204,0.911342199636251,0.9998034148804216
COPA,0.8379198670989783,0.7017488693806598,1.2762295884115302,0.5498609934706947,0.5824147200911967,0.9998034148804216
COPB1,0.7896767990694986,-0.5593820464179861,1.5156380161773189,-0.3690736445294747,0.7120728329487287,0.9998034148804216
COPB2,0.7343121836051371,-0.6411406172648,1.2336410329897576,-0.5197140822326418,0.6032628703085594,0.9998034148804216
COPE,0.7236353401383749,-0.33199240675140845,1.6945207953554964,-0.19592111684988747,0.8446719087135366,0.9998034148804216
COPG1,0.7242906018600945,0.9647277775084953,1.4998540941298553,0.6432144175118479,0.5200849794049728,0.9998034148804216
COPS2,1.5915519028482652,-0.9928368994185712,1.5158738222772734,-0.6549601192578469,0.5124934312418672,0.9998034148804216
COPS9,0.8554194114199166,1.0488820904212794,1.273932206011371,0.8233421570409041,0.41031344654830915,0.9998034148804216
COPZ1,1.7379788946616088,0.43979345832754,0.8718812718440702,0.5044189759889625,0.613966986031764,0.9998034148804216
CORO1C,0.6788420403623219,0.017831571110255743,1.3814789807943888,0.012907594945818208,0.989701515241333,0.9998034148804216
COTL1,4.767559209158397,0.12093416550811,0.6119346339912223,0.1976259534769929,0.8433377273337116,0.9998034148804216
COX14,0.4025417120054968,-0.24792417434861708,1.3255319571485116,-0.1870374931449803,0.8516312363530366,0.9998034148804216
COX17,1.2279602927680573,-0.038258612515639924,0.990878418482326,-0.038610804112817934,0.969200688280781,0.9998034148804216
COX4I1,3.4200315847257503,-0.41537989938591713,0.6761631326936898,-0.614319058968998,0.5390045105922171,0.9998034148804216
COX5A,0.9346346605110342,0.33627914547691007,1.0859516999461623,0.3096630775508539,0.756817183321162,0.9998034148804216
COX5B,0.5855323446022213,-1.1234971014299728,1.1726752335538964,-0.9580632977342883,0.3380308413331069,0.9998034148804216
COX6A1,1.185393756646843,-1.6868805486747986,1.620072445671786,-1.041237725622393,0.29776523084598694,0.9998034148804216
COX6B1,2.549084849861859,-0.22508487550133036,0.8318502312700345,-0.2705834139850873,0.7867114538258937,0.9998034148804216
COX6C,4.358365787442754,0.36012693187529216,0.6959261460183808,0.5174786634123394,0.6048220595955209,0.9998034148804216
COX7A2,0.8438567703351351,0.1621380068922022,1.098641436998443,0.1475804584024915,0.882673878142415,0.9998034148804216
COX7A2L,2.7523358336641444,0.5610238399995723,0.7339536488369349,0.7643859266707139,0.44463729290074916,0.9998034148804216
COX7B,0.18726586874366577,0.6975679275826062,2.8074347556914407,0.24847164343479203,0.8037695075143655,0.9998034148804216
COX7C,3.121346388844941,0.22793648370405098,0.7542076396009627,0.30221980226114914,0.7624845096056223,0.9998034148804216
COX8A,1.1059503058048574,-0.9221228828889941,1.3471263513264424,-0.6845110571707173,0.49365250961773344,0.9998034148804216
CPEB2,0.30022926091890395,1.2061604556227148,1.9550261668814726,0.6169536122100613,0.5372653231123883,0.9998034148804216
CPEB4,1.0303420699864674,-1.2598218609168137,1.644310713282289,-0.7661701956572561,0.4435750398872148,0.9998034148804216
CPNE1,0.6719213656708288,0.39129481550251566,1.266023480976766,0.30907390058881273,0.7572653121639964,0.9998034148804216
CPNE3,0.13762019801967665,0.40317452955377725,2.814406366519327,0.14325384363466923,0.8860897072150389,0.9998034148804216
CPPED1,0.3757923705335942,0.6304805611143395,1.9514091701558771,0.32308988332978733,0.7466271716871007,0.9998034148804216
CPQ,1.4472124083001339,-0.47501250089102537,1.7738357472748914,-0.2677883234796557,0.788862259097037,0.9998034148804216
CPSF3,0.25639920636523633,-0.725813583514047,2.153948444658929,-0.3369688746793461,0.7361403637210233,0.9998034148804216
CPT1A,0.6474234034896515,-0.9984281023948289,1.672027031589991,-0.5971363402213585,0.5504163571873778,0.9998034148804216
CREB1,0.70085568230594,0.19796091259759566,1.9531432979095953,0.10135503770228671,0.919268627321661,0.9998034148804216
CREBBP,0.3980576699478682,0.6737913023764287,1.9132688532474251,0.35216760113602996,0.7247125730340387,0.9998034148804216
CREBL2,1.8985161623994553,-0.3925685394827856,0.8766094703270098,-0.4478260305998543,0.6542787555148093,0.9998034148804216
CREBRF,2.6305034754619268,0.04963576884054843,0.8426266584542841,0.05890600343881878,0.9530269763046323,0.9998034148804216
CREG1,2.252209435050929,-0.3352734537952911,0.7928418932241429,-0.4228755526929586,0.6723860604743352,0.9998034148804216
CREM,2.580474485350729,-0.5784807027864483,0.8094910176018082,-0.7146227570260762,0.4748421789276074,0.9998034148804216
CRK,0.8444536665088284,-1.8115951170050468,1.5871556378606753,-1.1414098742369672,0.2536993975257119,0.9998034148804216
CRTAP,1.033892617490008,-0.6013209418649903,1.1418049815299132,-0.5266406712110118,0.5984431428007353,0.9998034148804216
CRTC2,0.9331185104894497,-0.5880843188854865,1.439706160840881,-0.4084752395183247,0.68292480517124,0.9998034148804216
CRY2,0.39805403339506895,0.17848907240732315,1.7885086878006968,0.09979771058691841,0.9205049256649281,0.9998034148804216
CRYBG1,1.4295123680617812,0.9731445406125456,0.9062330574453641,1.0738347410938665,0.28289675615541243,0.9998034148804216
CS,2.0351089787869565,1.390098415538534,0.8752633379021505,1.5882059208264694,0.1122397827035843,0.9998034148804216
CSDE1,4.923931446566598,-0.040417638847641615,0.5349916415662134,-0.07554816880749214,0.9397785738434592,0.9998034148804216
CSE1L,0.5746016565364586,-0.5533382040701368,1.403375581705655,-0.39429088783033583,0.6933662899869752,0.9998034148804216
CSF2RA,4.468975418747942,0.01892835304584769,0.5802949335050783,0.03261850475157051,0.9739788130241145,0.9998034148804216
CSF2RB,4.71482772213149,0.3755978775094357,0.556301370506691,0.6751697864187054,0.4995678999779014,0.9998034148804216
CSF3R,0.26881062404623357,-0.6262958682804711,2.161620801275724,-0.2897343826034844,0.7720194504751796,0.9998034148804216
CSK,1.1283613359062552,0.344467839698839,1.1195464091050047,0.30768518115672916,0.7583218967894234,0.9998034148804216
CSNK1A1,1.0579690331783074,-1.0303930830347583,1.1997394096950715,-0.8588474086190478,0.39042470778786675,0.9998034148804216
CSNK1D,1.7703980257052447,-0.2193919908878272,0.8888253637995799,-0.24683362989323698,0.8050369827023254,0.9998034148804216
CSNK1E,0.2629950078759121,1.001925780737071,1.8958003151860736,0.5284975283057338,0.59715406214973,0.9998034148804216
CSNK1G2,0.1748544510626685,0.6323132785594567,2.8099958794125475,0.22502284903408717,0.8219614990946441,0.9998034148804216
CSNK1G3,0.4033904886017126,-1.3384176009537778,1.773235029134884,-0.7547886089340101,0.4503758297420448,0.9998034148804216
CSNK2A1,0.4826339898815157,-0.6372793970928403,1.5261067646709727,-0.4175850679950542,0.6762505159928018,0.9998034148804216
CSNK2A2,1.2181152673832853,-0.1519547839507556,1.0831867784884692,-0.14028493235746523,0.8884348688336987,0.9998034148804216
CSNK2B,1.3973033182588102,0.5696933177915021,0.9686598004196147,0.5881252814917229,0.5564482049017906,0.9998034148804216
CSRNP1,3.3126787550409076,-0.26714453234787694,0.7907615913009661,-0.3378319524957819,0.7354898294654064,0.9998034148804216
CSRP1,1.5298165495649418,-0.36603087375137305,0.979357513285309,-0.3737459189172933,0.7085933586307271,0.9998034148804216
CST3,5.456982928339052,-1.0013829099959544,0.9297229930820553,-1.0770766319076874,0.281446031791201,0.9998034148804216
CST7,3.806771736023906,-1.469324162406491,0.9714391103163224,-1.512523169803248,0.13040082289215113,0.9998034148804216
CSTA,4.047748319941752,1.8800554165025087,0.9961218663175267,1.887374908707422,0.05910991749536826,0.9998034148804216
CSTB,4.074525232403871,0.11122878232142398,0.6636548537023882,0.1676003448191518,0.8668976999113047,0.9998034148804216
CTAGE5,0.4530361593257017,-0.9657159849560438,1.801571130304387,-0.5360409970562083,0.5919302168048528,0.9998034148804216
CTBP1,1.567456021441029,1.1323362885321762,1.2701684467542498,0.8914851344526107,0.3726689630794249,0.9998034148804216
CTDNEP1,0.0992913414479782,1.240280285129172,3.6917755027543175,0.33595766703686014,0.7369027896980476,0.9998034148804216
CTDSP2,0.5758017159933694,1.969440543929302,1.9027452838834928,1.0350521221157276,0.30064457028607294,0.9998034148804216
CTNNA1,1.087441558917832,-0.7345318237144149,0.9524881420552757,-0.7711716201835801,0.4406052134403772,0.9998034148804216
CTNNB1,2.2678886896891464,0.22231395740091,1.0785458859542116,0.20612378230363776,0.8366942220480194,0.9998034148804216
CTNNBL1,0.6505677662526911,0.15142357328248077,1.2336973434412113,0.12273964444156757,0.9023132694734124,0.9998034148804216
CTNND1,0.4233262818045362,-1.1082274537908419,1.7298896052925072,-0.6406347840927408,0.5217599945231303,0.9998034148804216
CTSB,5.66384935406408,0.02442737867368212,0.5612112608569114,0.04352617343490942,0.9652821009087736,0.9998034148804216
CTSC,3.1581211575999752,0.4315623403744112,0.6598064307711323,0.6540741651608843,0.5130640249568137,0.9998034148804216
CTSD,1.4014661236884207,1.2041279430086698,0.9397746328203369,1.28129436670895,0.20009029081198892,0.9998034148804216
CTSH,5.943464162132944,0.026689144566816165,0.536386675372391,0.04975728479512844,0.9603158062874694,0.9998034148804216
CTSL,0.3085855390219317,1.1013663791130326,1.8763816967548674,0.5869628663601894,0.5572286463514982,0.9998034148804216
CTSS,3.2010502861026846,0.11257438002982804,0.7279072850699135,0.15465483357405274,0.8770934390545103,0.9998034148804216
CTSZ,3.5601026088194914,0.3150307489614622,0.7212156232487809,0.43680521997343563,0.6622526130377924,0.9998034148804216
CTTNBP2NL,1.4400561808459011,-0.7281686788396254,0.9976068702824121,-0.7299154612212008,0.46544186093229867,0.9998034148804216
CUL1,1.445621811921888,-0.28595860439865334,1.1445703028047944,-0.2498392660528633,0.8027116525163736,0.9998034148804216
CUL4A,0.3293249826172712,-1.085657870628993,2.197922997607265,-0.4939471818670981,0.6213434819070435,0.9998034148804216
CUL5,0.2604374719281915,0.8343523963018139,1.8265985714159987,0.4567792887602091,0.6478296938045619,0.9998034148804216
CUTA,0.48457608326420754,0.6178860298739908,1.8647600146473213,0.3313488196983087,0.7403810192265252,0.9998034148804216
CUX1,0.7201573353613999,-0.9594915513366054,1.3061973682827466,-0.7345685840709094,0.46260227678675103,0.9998034148804216
CWC15,0.5446459520828022,-0.8908573625773503,1.2213625654663998,-0.7293963215887168,0.46575926723670513,0.9998034148804216
CWC25,0.5148896616157063,1.6056577511942214,1.5900431784608422,1.009820219315361,0.3125814311832089,0.9998034148804216
CXCL16,3.050264518518789,-0.4627751915106645,0.6842104528319991,-0.6763638140797219,0.4988096859600174,0.9998034148804216
CXCL17,0.33381137448546855,2.177213117595864,2.6649087685412587,0.8169934908457095,0.4139321478707727,0.9998034148804216
CXCL2,0.8104185924754067,0.6853092585470539,1.3383951023581502,0.5120380800404837,0.6086243588198366,0.9998034148804216
CXCL3,0.41385852615778757,0.6880647639321493,1.5986994914833939,0.4303903063694047,0.6669117455524095,0.9998034148804216
CXCL8,1.24755722416124,0.288201277118032,1.6018238227699584,0.17992070852065312,0.8572148174463311,0.9998034148804216
CXCL9,2.449089093326662,-0.8976787573322962,1.5418883443868536,-0.58219439857642,0.5604357459245446,0.9998034148804216
CXCR4,10.238289868215613,-0.11600747476887387,0.42700591801691845,-0.27167650347243555,0.7858707695016085,0.9998034148804216
CXorf38,0.3642128554337984,0.40102845831778855,1.5377080332403077,0.260796230265331,0.7942496516885138,0.9998034148804216
CXorf40B,0.6038789950251657,0.343401572651582,1.5392512233463218,0.2230965078624588,0.8234603961907921,0.9998034148804216
CYB5A,2.31901159596684,0.17687491739404393,0.7710916611667534,0.22938247980325857,0.8185716522603452,0.9998034148804216
CYB5R3,0.7756186222557108,-1.4762163120094458,1.6600837890367655,-0.8892420501654283,0.37387300814174496,0.9998034148804216
CYBB,0.24891995704710984,0.020990208654375,2.1857803242442353,0.009603073292204082,0.9923379738481592,0.9998034148804216
CYBRD1,0.4818972602506515,0.2265175521832288,1.5649966712015686,0.14473995782324175,0.8849161895496457,0.9998034148804216
CYCS,2.2925617628447537,-0.9851786812738835,1.0298161369995777,-0.9566549269117612,0.3387414552554686,0.9998034148804216
CYFIP2,0.6516091521788273,-0.9681748479078897,2.0251939017699003,-0.47806525936196126,0.63260375763519,0.9998034148804216
CYLD,2.021723957474786,-0.7190832922388884,0.8947112558268926,-0.8037043096929761,0.42156776456868894,0.9998034148804216
CYP2B7P,0.2976717249711833,1.1138393099915693,1.879564898397053,0.592604868787177,0.553445619967843,0.9998034148804216
CYP2S1,0.6584915053232605,0.6057389998074878,1.282858921146138,0.4721789666990861,0.6367990515007922,0.9998034148804216
CYSTM1,0.7874593398233998,-0.6658221030102178,1.655600601166975,-0.4021634822679474,0.6875637154843344,0.9998034148804216
CYTH1,3.499075700181568,-0.6266400607285614,0.711551494363519,-0.880667197936376,0.37849797590024137,0.9998034148804216
CYTH2,0.3956661635177037,1.2977066218883295,1.88752683796865,0.6875169114336498,0.49175704751436256,0.9998034148804216
CYTIP,4.298717000796074,0.28059985420034955,0.5741647796746195,0.488709625065066,0.625047288540755,0.9998034148804216
DAD1,0.4665873067391055,-0.8785588789328659,1.7487847849121345,-0.5023825038465256,0.6153984838690396,0.9998034148804216
DAP,0.4455569100075752,-0.5330558832712924,2.147842935184233,-0.2481819664460563,0.8039936186372858,0.9998034148804216
DAP3,0.9705373394413331,0.6975134265313057,1.1272072888091254,0.6187978320014381,0.5360495506254134,0.9998034148804216
DAPK1,0.5048697503648735,0.956830686968028,1.5811647701534612,0.6051429332536684,0.5450840295840481,0.9998034148804216
DAPP1,4.7376789163717605,-0.1580669340033427,0.5359267188727024,-0.2949413202159977,0.7680387062336058,0.9998034148804216
DARS,0.42401659848947,0.4339066704862482,1.4821439384553388,0.2927560942147476,0.7697085902795763,0.9998034148804216
DAZAP1,0.5250179860311835,-0.7751267215821371,1.4768816688176496,-0.5248400992089516,0.5996943532806074,0.9998034148804216
DAZAP2,3.8655405297232397,0.05215148398345444,0.6087834323043303,0.08566508419267226,0.9317326588383643,0.9998034148804216
DBI,3.862700301646427,0.3181767925020032,0.6087327537547184,0.5226871571136268,0.6011919769945615,0.9998034148804216
DBNL,2.2725033251034628,0.1571259518543397,0.7625388500647573,0.206056323347979,0.8367469155128504,0.9998034148804216
DCAF5,0.3494719315413508,0.47184327958867545,1.5809358990221973,0.29845819800822326,0.7653534761701648,0.9998034148804216
DCAF6,1.4629541824743086,0.7117352516265862,0.9101667031238544,0.7819833984079884,0.43422433026626506,0.9998034148804216
DCAF7,0.9185377188846052,-0.7789911632885673,1.0252816301370786,-0.7597826201025539,0.4473845333140217,0.9998034148804216
DCAF8,1.1418952255526655,0.5042284896990553,1.0523204787142226,0.4791586782718005,0.6318257482545799,0.9998034148804216
DCAKD,0.4458027369400661,0.022256973519610864,1.5203318732859326,0.014639549371221357,0.988319746792729,0.9998034148804216
DCK,1.4060536090358597,-0.014720441887131086,1.3403426257806188,-0.010982596243671549,0.9912373321750616,0.9998034148804216
DCP1A,0.4114838937426373,0.02776154790347433,1.5424312187863467,0.01799856458125786,0.9856399985245956,0.9998034148804216
DCP2,0.44814911716653083,-0.9387935198089796,1.7418382886645902,-0.5389670935117183,0.5899095605013822,0.9998034148804216
DCTD,0.7984322687066716,0.34086301712021355,1.115549177357389,0.3055562444388869,0.7599425398267133,0.9998034148804216
DCTN1,0.1624430333816712,0.5621265781201167,2.8122283959823533,0.19988653088176983,0.8415693246679163,0.9998034148804216
DCTN3,0.2122547336232164,1.731281685515874,2.571771622260723,0.6731864021401659,0.5008287109262812,0.9998034148804216
DCUN1D1,0.7124146868379223,1.3548701132106016,1.7840529722152552,0.759433791659371,0.4475931057856355,0.9998034148804216
DCXR,0.4629144846802668,1.4323006415180723,1.5828170781150643,0.9049059814440226,0.36551519794346743,0.9998034148804216
DDA1,0.28122204172723086,-0.5367836440507577,2.1654250752180437,-0.2478883477400885,0.8042207957468338,0.9998034148804216
DDAH2,1.8050760383508626,0.06871847634757126,1.089418925903677,0.06307810036489776,0.9497043129420154,0.9998034148804216
DDB1,0.36057758997238554,-0.1385008676846528,2.165258841341111,-0.0639650396711317,0.9489980640780903,0.9998034148804216
DDB2,0.5202712430260497,0.38041291263607635,1.6063729060898448,0.23681482126218067,0.8128004528719119,0.9998034148804216
DDOST,0.49043644188624963,-0.3650173477378969,1.582969366943234,-0.23059027885217856,0.8176331204626304,0.9998034148804216
DDX17,4.486866674394249,0.343799288933381,0.6674217557549899,0.5151154962643884,0.6064723146765962,0.9998034148804216
DDX18,0.45942080511512157,-0.945509279952377,2.232076453044421,-0.42360075913294015,0.6718570015995362,0.9998034148804216
DDX21,1.2633491238583063,-0.8771258622835442,1.1566475153827651,-0.7583346271169571,0.44825068265427415,0.9998034148804216
DDX23,0.5934428462105755,0.4429400558816365,1.478201934424337,0.29964786648323033,0.7644457686698648,0.9998034148804216
DDX24,2.44937218487287,-0.6517292160522323,0.7832410332045192,-0.8320927893496272,0.40535657157439997,0.9998034148804216
DDX27,0.3350720075317313,2.119159970498342,1.9705891529895274,1.0753941110877534,0.2821983172222051,0.9998034148804216
DDX39A,0.22295739195270883,-0.19555492341157604,2.833231920194306,-0.06902185522396793,0.9449722230298979,0.9998034148804216
DDX3X,3.691393367826308,-0.21849202862349892,0.6453796492805824,-0.3385480606137122,0.7349502157474732,0.9998034148804216
DDX3Y,1.7899387053940197,-2.100462744869872,1.9808604251814788,-1.0603789737873306,0.288972223900691,0.9998034148804216
DDX42,0.8358879050608657,-0.7490854700209788,1.0933532037323301,-0.6851266978171919,0.4932639744767574,0.9998034148804216
DDX46,0.5331735634054203,-0.7689594604358995,2.2372894507179173,-0.3437013749781685,0.7310708770254764,0.9998034148804216
DDX5,7.145261269736175,0.0009885689748529425,0.45925365539170115,0.0021525554848546256,0.9982825105386929,0.9998034148804216
DDX50,0.8298611331692883,-0.7292960747447331,1.181416988316391,-0.6173062364576588,0.5370327541001081,0.9998034148804216
DDX6,1.6585590696718973,-0.9639261588270813,1.01217088819108,-0.9523353912596515,0.3409269144898742,0.9998034148804216
DEDD,0.4748467413975862,0.8777238265607733,1.5011865509268458,0.5846867106682103,0.558758391396158,0.9998034148804216
DEDD2,2.4731085788354297,-0.5660623913916365,0.8510563426157504,-0.665129161310078,0.505967884351467,0.9998034148804216
DEK,2.473861897607156,-0.21301838618214652,1.0284487034635887,-0.20712592224069853,0.835911518023885,0.9998034148804216
DENND4A,0.7675862980058987,0.5847344359717379,1.237845982188594,0.47238060662271447,0.6366551443798448,0.9998034148804216
DENND5A,1.2286659877404857,0.03127470357858537,1.2943752190645936,0.024162007366910706,0.9807233830053708,0.9998034148804216
DERL1,1.217300410831696,-1.0753093602384984,0.9434792162254416,-1.1397276609234352,0.25439977944125824,0.9998034148804216
DESI2,0.0992913414479782,1.240280285129172,3.6917755027543175,0.33595766703686014,0.7369027896980476,0.9998034148804216
DGKA,1.8418155291908147,-0.07859430434382866,0.8737528019793194,-0.08995027445495836,0.9283267298029332,0.9998034148804216
DGKH,0.6208046711289552,-0.3394153486562377,2.4641780327647815,-0.1377397834666261,0.8904460763909003,0.9998034148804216
DGKZ,0.4558395222059132,-0.4701529546495991,1.2960447933725965,-0.3627598035606136,0.7167843214449269,0.9998034148804216
DHRS7,0.8018414686082922,-1.019875406174638,1.4700735034152643,-0.6937581037990758,0.48783392081462695,0.9998034148804216
DHX15,0.8141017666102698,-0.6336374215623836,1.0860651190720838,-0.5834248890193187,0.5596073069567855,0.9998034148804216
DHX36,1.0866445083705794,0.652727753891503,1.7701008340338131,0.36875173512235876,0.7123127829368661,0.9998034148804216
DHX40,0.35113556468915574,1.2278824037710943,1.8682101673658535,0.6572506804747716,0.5110197430458916,0.9998034148804216
DHX9,0.9445784108997312,0.8739756786713165,1.142496178479559,0.7649703299965596,0.44428921242946207,0.9998034148804216
DIAPH1,0.8438152806842345,-0.05873861729090014,1.20106343219148,-0.048905507999460696,0.9609945993678819,0.9998034148804216
DIDO1,0.8959741261018783,-0.04664294096721913,1.7648751475787992,-0.026428464943374468,0.9789155903338684,0.9998034148804216
DIMT1,1.2630459211614014,-0.12377970413342979,1.0660357533860383,-0.11611215077943643,0.9075636590225058,0.9998034148804216
DIS3,0.6824321796200349,-0.32694479339124094,1.0946759602051013,-0.2986681038743042,0.7651932962248341,0.9998034148804216
DLD,0.7926268801262965,-1.017973546107824,1.2327060901458824,-0.8258039400027251,0.4089153187160699,0.9998034148804216
DLGAP4,1.2827867596743874,-0.2789671654282421,1.657015344248761,-0.16835520950152524,0.8663038427257986,0.9998034148804216
DLST,0.29856562777109896,0.2862327559903902,2.1804223097771143,0.13127399894364924,0.8955585596106964,0.9998034148804216
DNAJA1,6.879051409944633,-0.057512981072749575,0.47979969992165894,-0.11986873081025315,0.9045871350345033,0.9998034148804216
DNAJA2,0.4804512018466518,-1.3551086683521882,2.1411232882609488,-0.6328961418437643,0.5268014674592203,0.9998034148804216
DNAJA4,0.6430602647458791,-0.6058027965571534,1.5420813380176082,-0.39284749878105074,0.6944321202380395,0.9998034148804216
DNAJB1,6.459098723904865,-0.3618250822528684,0.8924804882299139,-0.40541511778088063,0.6851724003410906,0.9998034148804216
DNAJB12,0.2122547336232164,1.731281685515874,2.571771622260723,0.6731864021401659,0.5008287109262812,0.9998034148804216
DNAJB14,0.6736729014154649,-1.026559305647431,1.1939560663831221,-0.8597965490951522,0.38990120187824706,0.9998034148804216
DNAJB2,0.5986788214198729,0.3873376967608526,1.5897149525649055,0.24365229510857117,0.8075001229221432,0.9998034148804216
DNAJB4,1.1464151537135099,0.11448032540357662,1.6820671328631507,0.06805930819699958,0.9457384225664632,0.9998034148804216
DNAJB6,2.902702536169005,-0.01461872986405836,0.7000349912943497,-0.020882855922714154,0.9833391026345799,0.9998034148804216
DNAJB9,0.876362441130238,-1.33318688825692,1.6517359057092809,-0.8071428874608311,0.41958416564300427,0.9998034148804216
DNAJC13,0.4992665766580385,0.10351446870273937,1.4868884855808187,0.06961817897345801,0.944497567318247,0.9998034148804216
DNAJC15,1.6170565659613179,0.7375571618968357,1.1067719035831416,0.6664039442174272,0.5051529421171286,0.9998034148804216
DNAJC21,0.8966302933681737,-0.7154291051595817,1.1187811111884929,-0.6394719199357718,0.5225159751946622,0.9998034148804216
DNAJC3,0.5835704180859634,-0.5711923679135983,2.475380138747137,-0.23074935399727964,0.817509529049998,0.9998034148804216
DNAJC5,0.18576826511341685,0.6101673702747812,2.8058973637696756,0.21745890571529378,0.8278507291853331,0.9998034148804216
DNAJC8,0.6614984543184538,-0.49333154109986355,1.31495228517895,-0.37517067855639097,0.7075335353360805,0.9998034148804216
DNM1,0.4203310745440384,-1.4150888461018265,2.16848176610979,-0.6525712451068775,0.5140327283916835,0.9998034148804216
DNM1L,0.2981626276695567,-0.6105211367447484,2.1862200687312754,-0.2792587743003616,0.7800462415375732,0.9998034148804216
DNM2,1.3597108075659965,0.1214496789143708,0.9881486470331582,0.12290628467590814,0.902181308910897,0.9998034148804216
DNMT1,0.38463955133499533,-0.8821998448839369,2.2214159424499136,-0.39713402070527726,0.6912686335079454,0.9998034148804216
DNPH1,0.32443794045810026,-1.0637334645323102,2.1205204727735483,-0.5016379130454671,0.6159222453085478,0.9998034148804216
DNTTIP1,0.5732422139870594,-1.307487689102055,1.5625998181648428,-0.8367386671256637,0.4027394792619816,0.9998034148804216
DNTTIP2,1.188386259343864,0.9684372633283389,1.8740270815084643,0.5167680194614972,0.6053181071949998,0.9998034148804216
DOCK10,2.842113687230041,-0.44517255276097656,0.818069947855409,-0.544174191862209,0.5863216097054822,0.9998034148804216
DOCK11,0.5716152181090788,0.4847019513174345,1.9332048753418987,0.2507245649438537,0.8020270671050727,0.9998034148804216
DOCK2,0.7355937082191004,0.7004526237393922,1.5161684727943754,0.46198864856253247,0.644089460802504,0.9998034148804216
DOCK8,0.8699777953408181,-1.3918020637002726,1.6208118816716914,-0.8587067255854393,0.3905023389556246,0.9998034148804216
DPH3,0.2846114802561529,-0.6952472495223327,2.1822546025199654,-0.3185912627790973,0.7500364797607599,0.9998034148804216
DPP7,0.4746355856763303,-0.3019500062667611,1.4912317780043833,-0.20248361838884685,0.8395386638053701,0.9998034148804216
DPP8,0.2240971216851153,-0.1356276122980528,2.182566801356882,-0.06214133387062167,0.9504502809153502,0.9998034148804216
DPP9,0.598065049349054,-1.0243582262172293,1.446891888685761,-0.707971503764302,0.47896295383558285,0.9998034148804216
DPY30,0.30943431561814744,-0.5255400914252201,2.1860349087577178,-0.24040791357896227,0.8100140439304417,0.9998034148804216
DPYD,0.361883349222348,0.5451048816246222,1.5979795951831086,0.34112130296767645,0.733012264575847,0.9998034148804216
DPYSL2,3.8737525775008663,0.09823853235559787,0.6743428821215811,0.14568038747072576,0.8841737047068006,0.9998034148804216
DR1,0.8463493609121673,-0.42187693295833845,1.1778107810448244,-0.3581873589101431,0.7202031066485961,0.9998034148804216
DRAM1,1.0498132554291297,1.404036002630248,2.21675845567448,0.6333734733417541,0.5264897834096067,0.9998034148804216
DRAM2,0.9118450739293825,-0.40945362431160504,1.0966397317037746,-0.37337113773496494,0.7088722376310486,0.9998034148804216
DRAP1,0.12411417680997275,1.3689289077528726,3.678209247646588,0.3721726567428833,0.7097643029399258,0.9998034148804216
DROSHA,0.33706051386035346,0.3895948496406681,1.562918715875757,0.24927390380782838,0.8031489160467526,0.9998034148804216
DSC2,1.451378303927312,0.6613085497603673,1.2739497564327287,0.5191009664401062,0.6036903344309766,0.9998034148804216
DSE,0.6782278845395235,-1.3631535112752917,1.650922871927757,-0.825691820286891,0.4089789335103792,0.9998034148804216
DSG2,2.0870504239507457,0.6319095314429334,2.0279612795202966,0.3115984204552506,0.755345734809663,0.9998034148804216
DST,0.9636356749559304,-1.5360210712691216,1.5879462555061252,-0.9673004145719947,0.33339387652839436,0.9998034148804216
DSTN,0.9076226180916263,1.2963007029168436,1.202315678706782,1.0781700063257535,0.2809578945316189,0.9998034148804216
DTX3L,0.1624430333816712,0.5621265781201167,2.8122283959823533,0.19988653088176983,0.8415693246679163,0.9998034148804216
DUSP1,5.572396057041784,-0.11196421751361932,0.5493827755048551,-0.2038000143173943,0.8385097816523409,0.9998034148804216
DUSP10,1.0062131878622058,-0.34182287079412527,1.504718338452395,-0.22716734558155954,0.8202936183855554,0.9998034148804216
DUSP16,0.8378751246472576,0.6716982232660451,1.1911906467017352,0.563888093921739,0.5728302933414748,0.9998034148804216
DUSP2,3.8191585399511285,-0.5216013358260572,0.7465524587071066,-0.698680085696022,0.4847519819906184,0.9998034148804216
DUSP22,1.0483054154008182,0.34102482148056595,1.367143282275466,0.24944336552125396,0.8030178441760989,0.9998034148804216
DUSP3,0.803682491810694,-0.913159820276839,1.2979683841362948,-0.7035300947522551,0.4817254586528501,0.9998034148804216
DUSP4,6.232939361800018,-0.36206983216579397,0.6326070920322631,-0.5723455154488346,0.5670879198782909,0.9998034148804216
DUSP5,8.081663291558975,-0.29378379073642535,0.46018577832440355,-0.6384025855951708,0.5232116482729998,0.9998034148804216
DUSP6,0.3581860835422209,0.36500929761942164,1.8494249436719192,0.19736367180963732,0.8435429561506016,0.9998034148804216
DUT,0.24891995704710984,0.020990208654375,2.1857803242442353,0.009603073292204082,0.9923379738481592,0.9998034148804216
DYNC1H1,0.26133137472810714,0.09051334383024436,2.1855761765878436,0.041413950609379004,0.9669658913609495,0.9998034148804216
DYNC1I2,0.7842971818356332,-1.4438758140183823,1.8877846580166835,-0.7648519696813968,0.4443596972661198,0.9998034148804216
DYNLL1,2.678335443182878,-0.6167744678433588,0.6857275974559909,-0.8994453047121858,0.3684155168430322,0.9998034148804216
DYNLL2,0.7966134284484047,2.341101794174544,1.5368048103977658,1.5233566282035549,0.1276695067359826,0.9998034148804216
DYNLRB1,0.72360066892714,0.09624408343252942,1.6384811481532542,0.0587398173857581,0.9531593443865236,0.9998034148804216
DYRK1A,0.9275411516453449,-1.7825108154346874,1.5791469219852028,-1.1287808566880075,0.2589902901307287,0.9998034148804216
DYRK2,0.7923737129615435,1.4105330136682577,2.3941808026116616,0.5891505821655556,0.5557602642995745,0.9998034148804216
E2F4,0.3110979487659524,0.16918940775283528,1.8449717586516536,0.09170297971199443,0.926934029902195,0.9998034148804216
EBI3,2.2578286333239337,-0.48903566304125795,0.7554937350367659,-0.647306046842942,0.5174338887670649,0.9998034148804216
EBLN3P,0.4899125384708511,-0.8516236430726022,1.8107159997649835,-0.470324249182719,0.6381233751809328,0.9998034148804216
ECD,0.2549016027349874,-0.851460603709137,1.7752607467030066,-0.47962565797191176,0.6314935984775092,0.9998034148804216
ECE1,0.6168611128194711,-0.743717398161449,1.1875507082033185,-0.6262615928936976,0.5311433735808448,0.9998034148804216
ECH1,0.6327070952330902,-0.21832355213667348,2.0443022867303036,-0.10679611990546876,0.914950725738523,0.9998034148804216
EDARADD,1.1796933740523257,-2.00997123906484,1.379031525752405,-1.457523777760042,0.14497185268657978,0.9998034148804216
EDEM1,3.423370450264786,-0.3862424452151272,0.8508923897599154,-0.4539263129666818,0.6498818640295831,0.9998034148804216
EDF1,2.338422208344409,-0.5456500313159182,0.9516465018403534,-0.5733747040111071,0.5663910140914014,0.9998034148804216
EEF1A1,11.45243696610418,-0.01887390348130401,0.3901524957744202,-0.0483757086926764,0.9614168182888917,0.9998034148804216
EEF1A1P13,0.8233695726948358,0.04470767961109508,1.7916970176750362,0.02495270080267768,0.9800926911394092,0.9998034148804216
EEF1A1P5,5.096393702550369,-0.13094573782171476,0.6243127664642226,-0.2097438092822003,0.8338676311052173,0.9998034148804216
EEF1B2,2.7573965575642454,0.43831556879065836,0.6990781365195529,0.6269908124617753,0.5306652576135853,0.9998034148804216
EEF1B2P3,1.771560481984925,1.4688625181586927,1.3153518848674157,1.1167068942215037,0.2641196691182296,0.9998034148804216
EEF1B2P6,1.6081694008456493,-0.007086962291549708,0.8520373616414794,-0.00831766611489481,0.9933635391474424,0.9998034148804216
EEF2,6.061111318001217,0.17758394518363996,0.4847038728606418,0.36637616311082677,0.7140844041572545,0.9998034148804216
EFCAB14,1.1671328027508978,0.1999702833512586,0.9357860146395438,0.21369231878111078,0.8307870017161927,0.9998034148804216
EFHD2,2.46974253907892,-0.649677271023467,0.7411821749254485,-0.876541952845553,0.3807354798125402,0.9998034148804216
EFNA1,0.2741457925106467,1.0926897471091876,2.7856104220455182,0.3922622267857571,0.6948644703323454,0.9998034148804216
EFNB2,1.407531963659463,-0.43414790031816014,2.052091103749094,-0.2115636579316523,0.8324474642679673,0.9998034148804216
EFR3A,0.901849778314436,0.1014614519763284,1.3210126491799348,0.07680581411488693,0.9387780254093872,0.9998034148804216
EFTUD2,0.9045576689915423,-0.16879548418296667,1.2254584555067911,-0.13774068261919242,0.8904453657443512,0.9998034148804216
EGLN1,0.527101665310143,-1.1944124752718062,1.74542965964033,-0.6843085704856943,0.4937803361823544,0.9998034148804216
EGR1,1.181969111331064,1.3447362771455968,1.1570222450573142,1.1622389136338378,0.24513843204642116,0.9998034148804216
EHBP1L1,0.5412980032047808,-0.6075512644719698,1.2553308653722624,-0.4839769985993322,0.6284021932014339,0.9998034148804216
EHD1,0.5226176232525144,-0.5306742300430125,1.7422805267627086,-0.30458598480064863,0.7606814956375434,0.9998034148804216
EHD4,0.22466615130421363,1.7898723392842846,2.590295348107205,0.6909916047188172,0.489570816902696,0.9998034148804216
EHMT1,0.378567653239718,-1.6132010410321505,1.716595236134283,-0.9397678655249136,0.3473366453268364,0.9998034148804216
EI24,0.8266643039702868,-0.7513644981359925,1.4469412050408363,-0.519277836250981,0.6035670068889503,0.9998034148804216
EID1,2.0728909840494874,0.2305770434655594,0.7841988980493259,0.29402877769799696,0.7687359133865185,0.9998034148804216
EIF1,10.877260915107323,-0.042587667978714765,0.37723188984435363,-0.11289519556866331,0.9101136453610297,0.9998034148804216
EIF1B,0.6378653954355031,-0.8156040263927063,1.632986390067104,-0.4994554953756785,0.6174585320258285,0.9998034148804216
EIF1P3,1.4094709469161555,-0.12140975663022796,0.9503113650290569,-0.12775787083901255,0.8983405909712275,0.9998034148804216
EIF2A,1.4526870264697387,1.358609070925784,1.2044443534102856,1.1279965463568271,0.25932137769867436,0.9998034148804216
EIF2AK1,1.5501102166656078,-0.2403483379503512,0.9642828763145512,-0.24925086181033565,0.8031667385397019,0.9998034148804216
EIF2AK4,0.5322345344018049,-1.044551578086833,1.2269026862364114,-0.8513728022644159,0.3945622950529172,0.9998034148804216
EIF2S2,0.5617266651645672,1.217681377152508,1.5656655653402496,0.7777404090048324,0.43672206478305187,0.9998034148804216
EIF2S3,1.0707568711484827,-0.043810239082769285,1.0315139645499767,-0.04247178476336244,0.9661226039445627,0.9998034148804216
EIF3A,1.8122911191565392,0.12667314122267473,0.840128289492836,0.15077833088937415,0.8801505802694607,0.9998034148804216
EIF3D,2.153505669613385,0.17603092279503368,0.7861415308709205,0.22391759738226683,0.8228214226409869,0.9998034148804216
EIF3E,2.5838202980376743,-0.0034548325140011725,0.717872641131427,-0.004812598107313394,0.9961601170954836,0.9998034148804216
EIF3F,1.0606419589619105,-1.0888008897557604,1.0072813528913067,-1.0809302551173607,0.27972813914731753,0.9998034148804216
EIF3G,0.800858446348071,-0.4037501383936614,1.2303048661194766,-0.32817080506812585,0.7427825207512952,0.9998034148804216
EIF3H,3.1746563061148034,-0.21940329132278252,0.6705747799741921,-0.3271869116986871,0.7435265195506224,0.9998034148804216
EIF3I,1.9614928858499876,0.8904473373756059,0.8604436034388596,1.0348700761058982,0.30072959108038244,0.9998034148804216
EIF3J,0.4581690284173635,-0.749822783677914,1.2775814148559093,-0.5869080239888134,0.5572654804915662,0.9998034148804216
EIF3K,1.252673966550891,-0.6363536670320278,1.3459224948549195,-0.47280112299528954,0.6363550728156554,0.9998034148804216
EIF3M,0.28526030729018603,1.0353867001427628,1.8599774621496294,0.5566662613998218,0.577755472400362,0.9998034148804216
EIF4A1P10,0.6436856360601246,-0.23153186665275038,1.5186026291962045,-0.152463759907554,0.8788211716416556,0.9998034148804216
EIF4A2,4.802115100846085,0.438571079463696,0.5795503583915603,0.7567436946823267,0.44920343154214337,0.9998034148804216
EIF4A3,2.100364860567422,0.732035647988364,0.8163862918867206,0.8966780251743119,0.36989074982311076,0.9998034148804216
EIF4B,2.9039628843411154,0.6435132886028313,0.7775610132029469,0.8276048794576992,0.40789430399004145,0.9998034148804216
EIF4E2,1.0194926934803883,-0.04348322487801422,0.9878633547035607,-0.044017449043914296,0.9648904950217883,0.9998034148804216
EIF4EBP2,0.6018159983286177,-0.37894163066895936,1.2751977918340616,-0.2971630229408914,0.7663420508178986,0.9998034148804216
EIF4G1,0.8492624116147877,0.6523074551271585,1.2862211997960638,0.5071502905025861,0.6120493707591392,0.9998034148804216
EIF4G2,5.94556693415847,0.056537608986468084,0.4803926554275048,0.11769041084975553,0.9063129650075696,0.9998034148804216
EIF4H,1.0407600607959049,-0.14836204405993336,1.1713463213447235,-0.12665941861635888,0.899209966330443,0.9998034148804216
EIF5,4.742646063594712,-0.3153157988535846,0.5596704618026523,-0.5633954628192784,0.5731656260626172,0.9998034148804216
EIF5A,1.812898086570718,-0.4401689408013978,1.0376989607966647,-0.42417787569476817,0.671436094636463,0.9998034148804216
EIF5B,0.7629274575975961,0.08761778484900584,1.1669061422186975,0.07508554602550445,0.9401466479595353,0.9998034148804216
EIF6,0.5957094290221053,-0.45033585483468963,1.6603608713559468,-0.2712276967036204,0.7862159122014992,0.9998034148804216
ELF1,1.4920313577813404,-0.6240919409022034,1.0127473486814997,-0.6162365586191971,0.5377384030925223,0.9998034148804216
ELF3,0.33381137448546855,2.177213117595864,2.6649087685412587,0.8169934908457095,0.4139321478707727,0.9998034148804216
ELF4,0.20077188995336964,-0.21341672615640758,2.834675160461255,-0.07528789511165036,0.9399856524490695,0.9998034148804216
ELK3,0.2131833076343669,-0.1314671430971606,2.8322574696522693,-0.04641779375845427,0.9629772544301242,0.9998034148804216
ELL2,1.1989109840156202,-0.2892914890213272,1.0267808870638353,-0.28174607909636895,0.7781382191296116,0.9998034148804216
ELMO1,0.47750112078985385,-0.9244934683957299,1.811346295914475,-0.5103902387306845,0.6097780940897999,0.9998034148804216
ELMSAN1,1.6739349564556325,0.8067199301369415,0.9765068368371828,0.8261282970120664,0.4087313173059359,0.9998034148804216
ELOA,0.25978864489415837,-0.9049405003876693,2.1631690433306985,-0.41834016771722304,0.6756984254411587,0.9998034148804216
ELOB,1.161455347661426,0.4594568638780611,1.2055186854160154,0.3811279488542362,0.7031083095564119,0.9998034148804216
ELOC,0.5213207203510566,-1.0287258994588275,1.2195153786064588,-0.8435530354970623,0.3989192175501576,0.9998034148804216
ELOVL1,0.21168570400411804,-0.22518240158603886,2.177601068772614,-0.10340847311990023,0.9176387876230103,0.9998034148804216
ELOVL5,1.2510802660084999,-0.10351094994938898,1.4443776252596745,-0.07166474205855929,0.9428687157485028,0.9998034148804216
ELP2,1.0050546268643117,1.0245299149888387,1.8116463252034871,0.5655242420861377,0.5717172401720664,0.9998034148804216
EMB,1.4979451614084713,1.0239817343175093,1.0430185207451605,0.9817483716261807,0.3262238286107675,0.9998034148804216
EMC7,1.0979161963191701,0.7238874679105287,1.760761345433369,0.4111218535027308,0.6809831863648567,0.9998034148804216
EMC8,0.20077188995336964,-0.21341672615640758,2.834675160461255,-0.07528789511165036,0.9399856524490695,0.9998034148804216
EMD,2.2128385080782746,0.08299372950325487,0.8929091716266588,0.09294756078276237,0.9259452212186848,0.9998034148804216
EMILIN2,1.5314999440854455,-0.853150595611401,0.9655172184906607,-0.8836202806875716,0.37690122735326037,0.9998034148804216
EML4,0.7116962806465269,1.5100813661582126,1.3341251572856103,1.1318888321022296,0.2576811744572157,0.9998034148804216
EMP2,0.3085855390219317,1.1013663791130326,1.8763816967548674,0.5869628663601894,0.5572286463514982,0.9998034148804216
EMP3,1.301441687280266,-1.1053913706291323,1.9002618575763968,-0.5817047614895318,0.5607655637511998,0.9998034148804216
ENO1,6.0331417607332405,0.10136859248366627,0.560726164333247,0.180780921118961,0.8565395390969299,0.9998034148804216
ENO3,0.7157030412199765,1.2601416641336276,1.5704258701075051,0.8024203422268912,0.42230984988585774,0.9998034148804216
ENPP2,0.2722451887788555,-0.06214803591893599,2.8343089954427136,-0.021927050303570936,0.9825061469378051,0.9998034148804216
ENPP4,0.6112373410294359,0.04939936112565762,1.4535004552260138,0.03398647791821724,0.9728879335308058,0.9998034148804216
ENSA,1.9881620468271892,-0.758425659981113,0.9872156026474991,-0.7682472379358462,0.44234031415513053,0.9998034148804216
ENTHD1,0.45935024780067063,-0.5512575725597717,1.9773892783562552,-0.27878050042731883,0.7804132798309068,0.9998034148804216
ENTPD4,0.43044765722482026,-2.0412878731592317,1.5386921033426975,-1.3266382980225098,0.18462836065673272,0.9998034148804216
ENY2,0.7479585039688781,-0.10262582630831477,1.253491559704105,-0.08187197234302901,0.9347485224261841,0.9998034148804216
EP300,2.1247151260028865,-0.33602179849161684,0.8446052383320192,-0.3978447957003136,0.6907445947580049,0.9998034148804216
EPB41L2,1.5070610986189028,1.1529775996792677,1.0897257512245906,1.0580438228458833,0.29003546386237633,0.9998034148804216
EPB41L3,0.4428590749058176,-1.8335374135873448,1.6303168563095973,-1.1246509575676964,0.26073697119369066,0.9998034148804216
EPB41L4A-AS1,0.5091204583913151,-0.003147255730596862,1.3324382822237995,-0.0023620273993810704,0.9981153765582809,0.9998034148804216
EPC1,0.5249066277145649,0.9380209288826179,1.8849226455825805,0.4976442566918708,0.6187348042731066,0.9998034148804216
EPCAM,0.23707756898521096,1.8473454372374927,2.6068464615091913,0.7086514163814628,0.4785408208647096,0.9998034148804216
EPM2AIP1,0.6814254786881594,-1.362005913262686,1.5806869547350064,-0.8616544276415686,0.3888777105051464,0.9998034148804216
EPN1,0.25151216420606537,-0.7362469190606891,2.8784774683414813,-0.255776509338077,0.7981234135148654,0.9998034148804216
EPOP,1.1444717717064765,-1.5794385938771298,1.5518973484266176,-1.0177468216428327,0.30879828989714386,0.9998034148804216
EPRS,0.2380061429963615,0.013129840227973408,2.8257825710019997,0.004646443913523634,0.9962926874785687,0.9998034148804216
EPS15,1.3926791490617423,-0.10169362469279919,0.9775334853735731,-0.10403083496821193,0.9171448785579795,0.9998034148804216
EPSTI1,3.485426880065727,0.5851138247118858,0.7184418645608911,0.8144205586759691,0.4154040650440385,0.9998034148804216
ERAL1,0.6536044631640895,0.6171698331284371,1.2803435833241237,0.4820345422641122,0.6297814082942561,0.9998034148804216
ERAP1,0.18536526501187459,-0.6547236364256758,2.8427575783924555,-0.2303128629054307,0.8178486661026514,0.9998034148804216
ERAP2,0.6227003655322942,1.4607700854960857,1.9076760257804755,0.7657327899261355,0.44383531234847895,0.9998034148804216
ERGIC1,2.0995307084293824,-0.651190148308685,1.0478070717084003,-0.6214790545810595,0.5342844715425905,0.9998034148804216
ERGIC2,0.5587210029116044,-0.5158447131487146,1.226588752797337,-0.4205522934824636,0.6740820361208937,0.9998034148804216
ERGIC3,0.5949819394917251,0.9290000553725913,1.5123187056077079,0.6142885437625288,0.5390246715751634,0.9998034148804216
ERH,0.6981636777423472,-1.2247888614687175,1.6725071171000876,-0.7323071148374807,0.46398113767462157,0.9998034148804216
ERICH1,4.535454165239863,-0.13688243591758348,0.6082017229857255,-0.22506091440453896,0.8219318867394387,0.9998034148804216
ERN1,0.5748555011354591,-0.8119274591496429,2.142963882872511,-0.3788806081329305,0.7047765249977096,0.9998034148804216
ERO1A,0.21807034979353787,-0.10495025331892445,2.1886300435989563,-0.047952486819721044,0.9617541090374094,0.9998034148804216
ERP29,0.8335237276381805,-0.0985867767116047,1.241098989056279,-0.07943506326322065,0.9366865802933896,0.9998034148804216
ERP44,1.114763566561632,-0.25946089843869913,1.0869746873548056,-0.23870003732111472,0.8113381878118813,0.9998034148804216
ERRFI1,0.11170275912897548,1.3068619861593433,3.6846353847203996,0.35467878085812604,0.7228302492046548,0.9998034148804216
ESD,0.8021050907655103,-0.9447069046749483,1.2236681178018405,-0.7720286987389935,0.4400974301262506,0.9998034148804216
ESYT2,1.350673918575385,-0.3108091266246411,1.1331047514986208,-0.2742986702805468,0.7838551063013413,0.9998034148804216
ETF1,0.6082006441180374,-0.2978160756255927,1.2850074238213132,-0.23176214401933723,0.8167227612222495,0.9998034148804216
ETFA,0.6801324213247898,1.8740502117743372,1.6225878626262202,1.1549761063423187,0.24810021119683612,0.9998034148804216
ETNK1,0.8375781180210351,-0.7365004073735439,1.327662247351399,-0.5547347669505667,0.579076092024263,0.9998034148804216
ETS1,1.5599749208059785,0.9635946047279627,0.8879414924831227,1.085200559817603,0.2778328363306828,0.9998034148804216
ETS2,0.9331907401802216,0.4243555721528231,1.2748845732092384,0.3328580336371961,0.7392414490366088,0.9998034148804216
ETV3,5.056816462493123,-0.4198245163195272,0.619583640180486,-0.6775913518265774,0.4980308309544418,0.9998034148804216
ETV6,2.718492379177031,-0.2440355532534482,0.8248071987782306,-0.29586981492757686,0.767329503750828,0.9998034148804216
EWSR1,1.9970539700803107,-1.1044922492726106,0.8284446608064397,-1.333211862573241,0.1824622875353361,0.9998034148804216
EXOC1,0.35329904138304996,0.43526541108396066,1.5374859635294977,0.2831020389186205,0.7770986186742778,0.9998034148804216
EXOC3,0.43977596504848865,0.08721035324398943,1.3531615754983748,0.06444932728145898,0.9486124541448586,0.9998034148804216
EXOC5,0.7570683857177845,-1.4970329591473976,1.5226039404348284,-0.9832057565277756,0.3255061821890297,0.9998034148804216
EXOSC6,0.8180453249197538,-0.18350562895610703,1.7806668441618805,-0.103054442529635,0.9179197620330817,0.9998034148804216
EZH2,0.397408842913835,-0.614702073111888,1.7984865686336111,-0.34178852588201647,0.732510045165722,0.9998034148804216
EZR,4.029816113127955,0.18684038238221226,0.6372781659663512,0.2931849737843954,0.7693807688855916,0.9998034148804216
F11R,1.6601411529656707,0.5645546217474251,1.0094934116156766,0.5592454742660136,0.5759942020423603,0.9998034148804216
FAM107B,3.7116403145299657,-0.04216947650874186,0.62781801249299,-0.06716831258359716,0.9464477110310493,0.9998034148804216
FAM117A,0.3478082983935458,-0.3194255385933128,2.1834170325159734,-0.14629616506436954,0.8836875931236299,0.9998034148804216
FAM118A,0.6077976440164952,-1.1207888745049877,1.1575259172996573,-0.9682624447145237,0.332913315620158,0.9998034148804216
FAM120A,0.6075969432877041,-0.8025785910977371,1.7467054377637623,-0.4594813605923427,0.6458885341903573,0.9998034148804216
FAM129A,5.524891165384514,-0.15729643238827087,0.5955821489804164,-0.26410535080265307,0.7916987408953573,0.9998034148804216
FAM135A,0.9539113525100736,0.5705406279287566,1.955359040353796,0.2917830516821734,0.7704525044409579,0.9998034148804216
FAM13A,0.5844711255425189,1.9419700158095716,1.6386925076126313,1.1850728594828186,0.23598864085072002,0.9998034148804216
FAM13B,0.949044129517891,0.51736706849318,1.3716741271291286,0.3771792864359214,0.7060403724996954,0.9998034148804216
FAM162A,0.46300435333568735,2.477726482056886,2.6023889478109705,0.952096912393151,0.34104783477689815,0.9998034148804216
FAM168A,0.6904357161055391,0.0002955296191884424,1.142597756189288,0.0002586471202027143,0.9997936294583951,0.9998034148804216
FAM168B,0.6561451250967959,1.9012740564628505,1.591029158724466,1.1949963619693238,0.23208845151391988,0.9998034148804216
FAM177A1,0.988254924202943,0.24986891781346354,1.355715094609372,0.18430783783923227,0.8537719655512855,0.9998034148804216
FAM192A,0.6308946739973726,-0.4451664284444401,1.3310803341404334,-0.3344399410212258,0.7380476041983053,0.9998034148804216
FAM204A,0.3355629102301046,0.19944485433155643,1.8769854924207245,0.10625806919494882,0.9153775991195428,0.9998034148804216
FAM208A,0.7047905139114587,-1.632243124094714,1.223901134343425,-1.333639685668196,0.18232197023538765,0.9998034148804216
FAM20A,0.18576826511341685,0.6101673702747812,2.8058973637696756,0.21745890571529378,0.8278507291853331,0.9998034148804216
FAM210B,0.47660721798993816,-0.6090726136994148,1.2764221293904872,-0.4771717754456804,0.6332398076699355,0.9998034148804216
FAM234A,0.39919376312747545,0.19979695161886057,1.4843618072726752,0.1346012479167474,0.8929271548931914,0.9998034148804216
FAM32A,0.43310036612287806,-1.200545129071574,2.2486398742940965,-0.5338983546435841,0.5934118604955798,0.9998034148804216
FAM46C,0.583377808756043,-0.44140949832736126,1.257083842972784,-0.3511376753387465,0.7254850644191804,0.9998034148804216
FAM49A,3.0196794635296462,-0.7046921231939498,0.823018965640872,-0.8562282919509846,0.39187151629452244,0.9998034148804216
FAM49B,1.273414161312839,-0.41896239592012113,1.2297528790524184,-0.34068828222053127,0.7333382609448846,0.9998034148804216
FAM50A,0.4158019062827099,-1.2296919726833337,1.786435359591077,-0.6883495482113698,0.491232686674136,0.9998034148804216
FAM53B,0.2549016027349874,-0.851460603709137,1.7752607467030066,-0.47962565797191176,0.6314935984775092,0.9998034148804216
FAM53C,0.35229234045117447,-1.1650048411975544,2.2241454392364335,-0.5237988580447823,0.6004184477485223,0.9998034148804216
FAM89B,1.1474461835250085,1.3117750950574083,2.044772957752378,0.6415260384210658,0.5211809690861628,0.9998034148804216
FAM96A,0.49055772895208505,-0.16720391925940972,1.4525830589650763,-0.11510799208861605,0.9083595252437386,0.9998034148804216
FAM96B,0.4322515895266623,-0.05867277667853353,1.5035731894298856,-0.039022228575903685,0.9688726662681502,0.9998034148804216
FAM98B,1.3414254100487628,0.9922100052782186,1.0476539937684717,0.947077958161723,0.3435990555703736,0.9998034148804216
FARP2,1.0596286485756583,-0.6010228292479811,1.1649560385489697,-0.5159188925245584,0.6059110583531786,0.9998034148804216
FAS,0.83393794323117,-0.5216188132575106,1.185170103329849,-0.4401214743706178,0.6598491294587371,0.9998034148804216
FAU,5.127287044377478,0.12251484226822118,0.6192284756930485,0.19785078864647007,0.8431618079281399,0.9998034148804216
FAUP1,0.6916874928032972,-0.17909107193569826,1.4818429719193824,-0.12085698372191724,0.9038043143593236,0.9998034148804216
FBL,1.7638867280086903,-0.185513837272129,1.0033106105237217,-0.18490169975905266,0.8533061377657176,0.9998034148804216
FBP1,0.45622564829244117,1.5320100119626385,1.8650795372481805,0.8214180582470133,0.4114081809472492,0.9998034148804216
FBRS,0.752504546245221,-0.7494449794006476,1.3389397229236057,-0.5597301854367402,0.5756634898412782,0.9998034148804216
FBRSL1,2.540101766774651,-0.9222374985152775,0.8856139929836024,-1.0413538017938173,0.29771137522182245,0.9998034148804216
FBXL20,0.2350109357358637,-0.27046325201020144,2.8450461092656774,-0.0950646286994658,0.9242634930062436,0.9998034148804216
FBXL3,0.6926801206071379,0.15689323216719397,1.278120313752418,0.12275310115882052,0.9023026131473028,0.9998034148804216
FBXO27,0.7641484804724569,0.3641460458852832,2.08455237168073,0.17468788543397448,0.8613248874257957,0.9998034148804216
FBXO33,0.8774045782229825,-1.1635720046192453,1.4328645848413455,-0.8120599929183694,0.41675720801573646,0.9998034148804216
FBXO34,0.39465946258582807,-0.5516210501165554,1.966543341869667,-0.2805028693606663,0.7790917243631459,0.9998034148804216
FBXO7,1.2779350773751843,0.05716580506239482,0.9591254685469455,0.05960200926475218,0.9524726180540233,0.9998034148804216
FBXW5,0.4796439149013367,-0.11033980784780019,1.2972405660078232,-0.08505732147073079,0.9322158198282131,0.9998034148804216
FCER1G,1.152577304216187,1.1045272921823182,1.6027556216366516,0.6891426723273206,0.4907334887018099,0.9998034148804216
FCGR2A,0.38670618458434264,0.6719359453711761,1.627910311193433,0.41275980669879464,0.6797826020804381,0.9998034148804216
FCGRT,0.5125601554042559,1.724648544782606,1.5941551350360659,1.0818574095322209,0.27931589223579867,0.9998034148804216
FCHSD2,1.4328752248962275,-0.8223855937674471,0.9725992985958726,-0.84555437676617,0.39780138598223724,0.9998034148804216
FDFT1,0.5629962390585459,1.1569028697981507,1.5375164886728567,0.7524490815683924,0.4517810397947635,0.9998034148804216
FDX1,0.859097746956729,-0.11703078987709933,1.7707509420188596,-0.06609105046905736,0.9473053359651915,0.9998034148804216
FEZ2,0.7914668515634579,0.6473595772237558,1.3914040311648068,0.46525636172106094,0.6417478811078388,0.9998034148804216
FGD2,1.7271487425053709,-0.83574446083662,0.8665232117161052,-0.9644801772608843,0.33480524196075323,0.9998034148804216
FGD4,0.39919376312747545,0.19979695161886057,1.4843618072726752,0.1346012479167474,0.8929271548931914,0.9998034148804216
FGD5-AS1,0.649208323703292,-0.46950850314469106,1.4307620751964922,-0.32815274550816675,0.7427961748364305,0.9998034148804216
FGFR1OP2,0.8393703784669378,-2.1548370811245294,1.2759210775634877,-1.6888482516798207,0.09124851428798898,0.9998034148804216
FILIP1L,1.548690914722774,-0.49988075890821476,1.651324260112178,-0.30271508206041664,0.7621070029440036,0.9998034148804216
FIS1,0.3111430749696523,1.1922961210744019,1.9516084041336992,0.610929999352842,0.5412459234902585,0.9998034148804216
FKBP1A,3.0136473892252633,0.5668617907700759,0.7839262084056281,0.7231060585702013,0.4696147273618638,0.9998034148804216
FKBP2,0.578656796114428,-0.24754429162299743,1.1628881992872961,-0.21287024133077528,0.8314281743759869,0.9998034148804216
FKBP4,0.48704700335732753,-0.22745794769145722,1.5091943171072058,-0.15071481857117258,0.8802006832379092,0.9998034148804216
FKBP5,2.0297902703431236,-0.7345463500066453,1.0801975971118227,-0.6800110942392742,0.49649743621869724,0.9998034148804216
FLII,0.18726586874366577,0.6975679275826062,2.8074347556914407,0.24847164343479203,0.8037695075143655,0.9998034148804216
FLNA,1.9812332807368256,-0.7026734502310802,1.0883752426550135,-0.6456169000288526,0.5185274897634801,0.9998034148804216
FLOT1,1.4901876219879449,-1.5980757350667072,1.2264369491476734,-1.3030231486235866,0.19256685870790935,0.9998034148804216
FLOT2,2.363734673629123,-0.4248968050218201,1.1133678973802017,-0.3816319888705422,0.7027343532509264,0.9998034148804216
FLT3,1.5579616840998043,-0.2271142273109246,1.4824946832660877,-0.15319733006432687,0.878242663119894,0.9998034148804216
FMNL1,0.7090323655893958,-1.7509969121963012,1.6377068847545702,-1.0691760097587357,0.2849903666018344,0.9998034148804216
FMNL2,0.9578962196477444,-1.1603179393648202,1.266511871862452,-0.9161524381595652,0.35958694743295316,0.9998034148804216
FMNL3,0.6702992221739245,0.14761642036245018,1.5238956604303295,0.09686780020146857,0.9228313802354058,0.9998034148804216
FN1,1.320404940184338,-0.128213889471604,1.3842590278409732,-0.09262275838040156,0.9262032628941712,0.9998034148804216
FNBP1,5.417392448663088,0.1683025698882381,0.542288027878294,0.3103564180583577,0.7562899322564537,0.9998034148804216
FNBP4,0.7171088967153061,-0.2266121361061449,1.180082650486657,-0.19203073277341362,0.8477181321255658,0.9998034148804216
FNDC3B,1.301073374055096,-0.11073913464391824,1.2129450374093869,-0.0912977350403571,0.9272560176501735,0.9998034148804216
FNIP2,0.7690670276211333,1.5399588870195622,1.5138821735463155,1.0172250614538656,0.3090463765027469,0.9998034148804216
FNTA,0.8103193992202911,-0.39703988093341547,1.325485375060078,-0.29954301149148443,0.7645257592034966,0.9998034148804216
FO393411.1,2.126467045499501,-0.6193197787010354,0.7493121698713943,-0.8265177099783797,0.40851047604152346,0.9998034148804216
FOS,4.213068316190034,0.30402817951658456,0.6399217655990543,0.4751021075708725,0.6347141963700023,0.9998034148804216
FOSB,6.469069268661715,0.17703634499021456,0.5264176242263517,0.33630398535838457,0.7366416449005219,0.9998034148804216
FOSL2,2.788498344081069,-0.4754546195704324,0.8085672330198235,-0.5880211318911754,0.5565181088360095,0.9998034148804216
FOXJ3,0.4703006991212434,2.4525112535573323,1.964176605955842,1.2486205395791528,0.21180389624810925,0.9998034148804216
FOXN2,0.36769896539266955,-0.7543397761130256,1.788876981069661,-0.4216834271420762,0.6732561027340875,0.9998034148804216
FOXN3,1.5171000200758258,-0.38140971200376944,0.9867375745476927,-0.38653611845946223,0.699099658485821,0.9998034148804216
FOXO1,1.0972022337593605,0.47226008428244126,1.2675892234583173,0.3725655563669052,0.7094718120748453,0.9998034148804216
FOXO3,0.24891995704710984,0.020990208654375,2.1857803242442353,0.009603073292204082,0.9923379738481592,0.9998034148804216
FOXP1,2.264831071488951,0.2096654295495145,0.8678280004518809,0.24159790815730883,0.8090917431279505,0.9998034148804216
FOXP4,0.47631626485374745,-1.6006535714692396,2.2816102722917257,-0.7015455667025419,0.48296260821095593,0.9998034148804216
FP565260.3,0.2345200330374903,1.7823971479915683,2.5328730292670256,0.7037056841761099,0.4816160797496667,0.9998034148804216
FPGS,0.11170275912897548,1.3068619861593433,3.6846353847203996,0.35467878085812604,0.7228302492046548,0.9998034148804216
FPR3,0.3768869740623009,-0.14354104224715267,1.928473305403787,-0.07443247559866938,0.9406662686736472,0.9998034148804216
FRG1,0.5609987918822077,2.6949497988511024,2.0089340765686394,1.3414824459816084,0.17976386531109956,0.9998034148804216
FRMD4A,0.9485202261024926,0.05567625418988141,1.3554500993466942,0.04107584205181474,0.967235433595355,0.9998034148804216
FRMD8,0.4383750328481889,-0.9864238435631543,2.2269273487723447,-0.44295286243035625,0.6577998301895923,0.9998034148804216
FRS2,0.17335684743241958,0.5400225499562459,2.808144030109207,0.19230585901793817,0.8475026292225188,0.9998034148804216
FRYL,0.37897065334126034,-0.7440676018576234,2.2016954691296697,-0.33795209750409005,0.7353992866757939,0.9998034148804216
FSCN1,9.652958781410716,0.1016014951391164,0.6032528035253918,0.16842274838237012,0.8662507131015775,0.9998034148804216
FTH1,1.845123644945568,-0.8901847570876221,1.2424285371643153,-0.7164876936257076,0.4736902636750542,0.9998034148804216
FTH1P11,2.482162741347554,-0.8159014446142459,0.9869162563488124,-0.8267180111438719,0.40839691026879166,0.9998034148804216
FTH1P2,1.235370948948211,-1.141027584405329,1.3717481863953598,-0.8318054258950313,0.4055187807637217,0.9998034148804216
FTH1P20,6.644572632391692,-0.30232381217502485,0.5675492001551553,-0.532683002799363,0.59425303406806,0.9998034148804216
FTH1P7,0.38177401622147183,-0.12900388511957128,1.500110704841966,-0.08599624327936624,0.9314694035931206,0.9998034148804216
FTH1P8,3.353936279309107,-0.20562143410480188,0.8109965282589574,-0.25354169461887677,0.7998496457740123,0.9998034148804216
FTL,8.130822713670605,0.1116595010254728,0.4571492124816097,0.24425176283107927,0.8070358398342604,0.9998034148804216
FTLP3,1.200310243839599,-0.9351365814372202,1.2068987813401495,-0.7748260217802503,0.43844247072307896,0.9998034148804216
FTO,0.2473772272131611,-1.0335039269153268,2.1391679141027753,-0.4831336147582441,0.6290008676382597,0.9998034148804216
FTSJ3,0.39700584281229273,-1.474062027986694,1.6837394862066193,-0.8754691803942201,0.3813186723660278,0.9998034148804216
FTX,0.2673130204159847,-0.7269721691636318,1.8005317059927384,-0.4037541614757678,0.6863935072012068,0.9998034148804216
FUBP1,0.6293970703671238,-0.641502960171864,1.16956221469494,-0.5484983629872046,0.5833497529983489,0.9998034148804216
FURIN,0.5576263993828978,0.38722017535243763,1.2921774719795802,0.2996648554468505,0.7644328085671758,0.9998034148804216
FUS,4.504390840865041,-0.38722932267523025,0.535207971140389,-0.7235118749261997,0.46936546115094,0.9998034148804216
FXR1,2.492374862421809,-0.47047360209488576,0.8475321627827063,-0.5551100273884328,0.5788194044975596,0.9998034148804216
FXR2,0.1981796827944141,0.6753883122830514,2.8033236855837353,0.24092412722664794,0.8096139220123497,0.9998034148804216
FXYD3,0.27390882192666044,0.9893679733170514,1.8926221271258818,0.5227498712696,0.601148328075424,0.9998034148804216
FXYD5,1.1865461882658428,0.1697628772035745,1.04822867477795,0.16195214010867998,0.8713435428720735,0.9998034148804216
FYB1,1.071353386124521,-0.9954814987656909,1.3283658893785586,-0.7494030874516064,0.45361429064096603,0.9998034148804216
FYN,0.30340754372657003,-0.5635879756056554,2.8886024065483626,-0.1951074936197591,0.8453087962547943,0.9998034148804216
FYTTD1,2.0777934044961532,-0.10298645018473489,0.7387522183069516,-0.13940594374221427,0.8891293757967869,0.9998034148804216
FZD7,0.4139464287546185,-1.5455207769197468,2.2602589459533178,-0.6837804047570695,0.4941138420052218,0.9998034148804216
G0S2,5.396742825261253,-0.46651725112252057,0.7269412358363289,-0.6417537321098636,0.5210330953123212,0.9998034148804216
G3BP1,2.4293621968665002,0.3068004852874005,0.7931435160271348,0.38681585247543565,0.698892540482654,0.9998034148804216
G3BP2,3.5092075179863627,-0.09915912950990605,0.691881686764252,-0.1433180432533879,0.8860390064759536,0.9998034148804216
GAA,0.4875712905247053,0.8423188812257714,1.8902299140971413,0.44561715743880853,0.6558738147872687,0.9998034148804216
GAB2,0.4924583326838763,0.9022531436701039,1.5663090855740882,0.5760377386430133,0.5645896735361301,0.9998034148804216
GAB3,0.3345029779126329,0.19727923396278763,1.5097641572943523,0.13066890812690352,0.8960372291339057,0.9998034148804216
GABARAPL1,1.4069334109581373,1.5310900066959225,1.128410671093169,1.356855306244712,0.17482719029885285,0.9998034148804216
GABARAPL2,2.86115027058594,0.24555274679308361,0.7000752215350994,0.3507519467045906,0.7257744504702742,0.9998034148804216
GABBR1,1.0125065937547633,1.2189179610366185,1.4032174803518034,0.8686593333565238,0.38503349082148663,0.9998034148804216
GABPB1,1.3076825712595588,0.18914653272269788,1.059204085896797,0.17857420986301528,0.8582720464996637,0.9998034148804216
GADD45A,4.119727595103871,-0.4313460030939325,0.6467694902770746,-0.6669238570748673,0.5048207712559718,0.9998034148804216
GADD45B,4.202734745367719,-0.3906940687559433,0.6477855348246555,-0.6031225579337729,0.5464271608428495,0.9998034148804216
GAK,0.23691153946765484,0.9353172291080755,2.7949847092279008,0.33464126870534894,0.7378957100648761,0.9998034148804216
GALNT1,0.9380587702511911,-0.3694471019813533,1.1285108951689113,-0.32737575114510153,0.7433837046664677,0.9998034148804216
GANAB,0.42247750520832045,-0.02729624235862558,1.4928327465234972,-0.018284863071360777,0.98541160296841,0.9998034148804216
GAPDH,0.7984173588681354,-0.11912242341622492,1.8042912350700122,-0.06602172703654607,0.9473605275175412,0.9998034148804216
GAPDHP1,1.2630161592786184,0.03493473822056239,1.160227812732486,0.030110240279696946,0.975979133872841,0.9998034148804216
GAS5,0.37258600755184046,-0.7709677778304832,1.7931915517768566,-0.42994167414325507,0.6672380695376461,0.9998034148804216
GAS6,0.3537899440814234,-0.9741819358956924,1.7829620375728685,-0.5463840033418985,0.5848020037433286,0.9998034148804216
GATAD2A,0.31805329466868043,-1.1749694768479482,1.7298552318141946,-0.6792299466676717,0.49699217538744556,0.9998034148804216
GATAD2B,0.6663854964776248,-0.5045986701160236,1.318311829220619,-0.38276123973972104,0.7018968030358349,0.9998034148804216
GBF1,0.3226605898507339,2.0452645615898337,1.9718230827387029,1.0372454706986827,0.29962147164329767,0.9998034148804216
GBP1,2.070810950655701,-1.1001122273878248,1.031160385637187,-1.0668682027655962,0.28603135515006484,0.9998034148804216
GBP2,0.7579171623140002,-2.223122552581253,1.6204247379610184,-1.3719381718268566,0.1700826860255995,0.9998034148804216
GBP4,1.5276176386816718,0.5332522014626276,1.1192149247908392,0.4764520108256086,0.6337523883288892,0.9998034148804216
GCA,1.1438622422200895,1.792946137961843,1.3303364928210724,1.347738822198115,0.17774240085948023,0.9998034148804216
GCC2,1.1718884866037476,-0.4025314232304881,1.0759592769657613,-0.3741139946909879,0.7083195072207455,0.9998034148804216
GCH1,0.5978324039665998,0.27119623212518157,1.8938956355214416,0.14319491900118023,0.8861362425196914,0.9998034148804216
GCSAM,1.581900507079655,-0.7986414907776116,0.8927133882770018,-0.8946225084839879,0.37098891543197043,0.9998034148804216
GDF15,0.8823987486866789,3.383699402905942,1.9119973589558965,1.7697197054465141,0.07677384556259444,0.9998034148804216
GDI1,2.972258185233087,0.2870292612665856,0.6569642531781825,0.4369024035600568,0.6621821287472436,0.9998034148804216
GDI2,4.142953738468435,-0.36570364643592146,0.6088285067478998,-0.6006677453218364,0.5480613063295745,0.9998034148804216
GFPT1,0.4434281045249159,-0.592642207188182,1.2852574637330378,-0.4611077732759079,0.6447212850736149,0.9998034148804216
GGA1,0.3834998216025889,-0.870815371043193,2.1575231284897236,-0.40361809314775127,0.6864935786654789,0.9998034148804216
GGA2,0.279724438096982,-0.6188348157641775,1.8162363631762006,-0.34072372314029137,0.7333115777106957,0.9998034148804216
GGNBP2,1.3536522518208685,0.4008799297987497,1.0484262948601883,0.3823634830259657,0.7021917726086335,0.9998034148804216
GGPS1,0.3240800665602579,-1.21714994031827,2.1223929900017087,-0.5734800039634931,0.566319734350454,0.9998034148804216
GGTA1P,0.6114070070997912,0.731480564176455,1.5676128892549586,0.46662066202077906,0.640771301555829,0.9998034148804216
GHITM,0.6518195429504492,-0.14088944531884018,1.5674117113532278,-0.08988668663015349,0.9283772608529296,0.9998034148804216
GID8,0.42622481763508485,-0.09567987968126629,1.9383348619826661,-0.049361893838816964,0.9606308954336807,0.9998034148804216
GIGYF1,0.6337137961649657,1.2330724002120559,1.3676506528480386,0.9015989555843573,0.36726994602995744,0.9998034148804216
GJA1,0.5755647454093832,1.8051511773966995,2.080000229330981,0.8678610472929202,0.38547040542935906,0.9998034148804216
GK,0.728174053396941,0.7314860706790136,1.4298034717646264,0.5115990310026541,0.6089316637876037,0.9998034148804216
GLA,1.4956871338105668,-0.7079574771079681,1.088804520018775,-0.650215409737425,0.5155530885710984,0.9998034148804216
GLB1,0.4363865265195666,0.10572350626855509,1.9385190527074105,0.0545382858738982,0.9565063062489082,0.9998034148804216
GLG1,0.6765266947942928,-0.23737767585170158,1.183676156889497,-0.2005427535817655,0.8410561245350273,0.9998034148804216
GLIPR2,1.8783294099838221,-0.9034958577096808,0.9546442012244446,-0.9464215637101655,0.34393361114124354,0.9998034148804216
GLO1,0.7726393696826258,0.9355318780231617,1.2726669103886088,0.7350956250897551,0.46228125855726154,0.9998034148804216
GLOD4,0.4359488552067894,0.06060156689413342,1.5707841587614397,0.03858045458130775,0.9692248856741942,0.9998034148804216
GLRX3,0.3333632481802264,0.17668448703779552,1.8207881950235936,0.09703736410456354,0.9226967221843745,0.9998034148804216
GLS,2.8338363727582396,0.13878997967634737,0.8097185020861477,0.17140522208492306,0.8639051489157387,0.9998034148804216
GLUD1,0.6844540704176616,0.7287132957330941,1.2955928457606138,0.5624554798350114,0.5738057282634003,0.9998034148804216
GLUL,1.474040021738355,0.537321957098089,1.110930289970417,0.48366847312480554,0.6286211711076428,0.9998034148804216
GLYR1,0.9164338227201007,0.7729164733708602,1.8720668605147937,0.41286798547265474,0.6797033379132412,0.9998034148804216
GM2A,0.6531067558090762,-0.8221685502300847,2.0167306792253767,-0.4076739441212242,0.6835130691868649,0.9998034148804216
GMFG,0.46859193976973856,0.6526404316951397,1.8922931169422603,0.3448939415632054,0.730174105415625,0.9998034148804216
GNA12,1.31527993953968,-1.4313474941102113,1.0463616817572936,-1.3679280492251593,0.17133459890608116,0.9998034148804216
GNA13,2.8152399596866196,-1.6906453976001088,0.9009329066008048,-1.8765497244171794,0.060579833523947794,0.9998034148804216
GNAI2,4.457867210131398,-0.012690816919541334,0.642125607559658,-0.019763760812735173,0.9842318269152706,0.9998034148804216
GNAI3,0.5882648509152139,-0.4680329765980461,1.3134187397302834,-0.35634711340738046,0.7215806304951669,0.9998034148804216
GNAO1,0.6129461003809408,1.2480431311158822,1.5388259356932203,0.8110359347132108,0.4173450347463292,0.9998034148804216
GNAQ,1.6966852613383268,-0.33294092250783525,0.9821139992403545,-0.33900435465267614,0.7346064496749765,0.9998034148804216
GNAS,8.074317282106549,0.11726513594738301,0.440241493816025,0.2663654780264479,0.7899577496323935,0.9998034148804216
GNB1,3.794468735271776,0.07816601916238435,0.6704297819489804,0.11659091118409291,0.9071842404260342,0.9998034148804216
GNB2,1.0020096577313287,-1.3334387933836331,1.587087143189912,-0.8401799479665198,0.4008074995491122,0.9998034148804216
GNB4,1.4530146727879325,1.3991806341053274,1.4294186776930515,0.9788459154342901,0.3276561188515268,0.9998034148804216
GNG2,0.4380154884561367,1.6353372105934858,1.8775651598336773,0.8709882594638425,0.3837605636126574,0.9998034148804216
GNG5,2.5430284545401545,0.0983732807015377,0.7627214699481838,0.12897667704072993,0.8973761036918347,0.9998034148804216
GNG5P2,0.11170275912897548,1.3068619861593433,3.6846353847203996,0.35467878085812604,0.7228302492046548,0.9998034148804216
GNG7,0.2549016027349874,-0.851460603709137,1.7752607467030066,-0.47962565797191176,0.6314935984775092,0.9998034148804216
GNL3,1.2143488244382652,0.8589068702788405,1.364975120160617,0.6292472716849027,0.5291871854852133,0.9998034148804216
GNLY,0.4015437799067393,-0.5631437108517494,2.901643487206517,-0.1940774989534988,0.8461151998759617,0.9998034148804216
GNPTAB,0.8720105085455389,1.255772262292895,1.4316790461861972,0.8771325288570126,0.3804146582072869,0.9998034148804216
GNS,0.8332601054809625,0.6586150417406299,1.5898958405319337,0.41425043386507393,0.6786907097469921,0.9998034148804216
GOLGA2,0.3342120247764422,-1.13147020068711,2.954412325001084,-0.3829764014698575,0.701737261491023,0.9998034148804216
GOLGA4,1.0787359640126983,-0.9107017040737942,1.2071183273900425,-0.7544427778201808,0.4505833931281933,0.9998034148804216
GOLGA7,1.0855047786381729,0.6556568215552452,1.7693788231417669,0.3705576290277056,0.7109670457655666,0.9998034148804216
GOLGA8B,0.5029691466330823,-0.06277859737561423,1.4563409900519027,-0.04310707300312742,0.9656161811008909,0.9998034148804216
GOLGB1,2.1169422498997594,0.5016724323966903,1.018282690716696,0.4926651871530874,0.6222491796324324,0.9998034148804216
GOLPH3,0.9658700082170433,-2.1544112249460614,1.5518121340149185,-1.3883196153210062,0.16503974180640402,0.9998034148804216
GOLPH3L,0.1609454297514223,0.4640787792493459,2.809804227670471,0.1651640974410877,0.8688148232103851,0.9998034148804216
GORASP2,0.12520878033867935,0.3117003901407167,2.812919850563351,0.1108102636050194,0.9117668062991159,0.9998034148804216
GOSR1,0.5198682429245074,-0.35046737644536197,1.5585849701632453,-0.22486254080113083,0.8220862111416986,0.9998034148804216
GPAA1,0.714163947938827,0.856727213711424,1.2159724064123003,0.7045613939868739,0.4810832308337888,0.9998034148804216
GPAT4,0.9469215383253761,0.2763314480206701,1.537273925953603,0.17975420213366072,0.8573455392671369,0.9998034148804216
GPBP1,4.010500480776046,-0.6065703808422246,0.7549839057524355,-0.8034216043820188,0.4217310920028309,0.9998034148804216
GPCPD1,0.7171257707303204,-0.7566544610936964,1.2855190836846428,-0.5885983885396097,0.5561307151637821,0.9998034148804216
GPI,2.3375763996748606,0.9803739675765379,1.0677726409080721,0.9181486114336032,0.3585410680323782,0.9998034148804216
GPR107,0.7287645726772376,-0.4908967369049626,1.1630014107386366,-0.42209470459127646,0.6729558929546007,0.9998034148804216
GPR108,0.44390726548859377,-0.36578515310929277,1.4545113362966702,-0.25148319162683047,0.8014405558555667,0.9998034148804216
GPR132,1.0936719169243911,-1.6865893701465362,1.592865462907272,-1.0588398137958248,0.2896727381535734,0.9998034148804216
GPR137B,2.876686229980877,-0.6805652594473441,0.8906997974757819,-0.7640792794340439,0.444819999380729,0.9998034148804216
GPR153,2.0039788249277426,-1.2845408237552223,1.2215570902348007,-1.0515602046141905,0.293001373935845,0.9998034148804216
GPR157,5.639567466264986,-0.7916202283443231,0.6081290850616264,-1.3017305828483798,0.19300850107954137,0.9998034148804216
GPR183,10.727193114050667,-0.10213427523514655,0.39245854689872517,-0.2602421989334393,0.7946769552791758,0.9998034148804216
GPR65,1.4377519928856475,-0.6172170050077745,1.4397997887775396,-0.42868252226361414,0.668154281572098,0.9998034148804216
GPRIN3,0.7674033944733283,0.9534270148371102,1.5198090978368775,0.6273334040400924,0.5304407114098514,0.9998034148804216
GPS1,0.21018810037386915,-0.4416878260567629,2.8495244466721754,-0.15500404868348794,0.8768181254972837,0.9998034148804216
GPSM3,0.8008444577192475,-0.8633075595368568,1.6500580342920292,-0.5231983006629618,0.6008362638757976,0.9998034148804216
GPX1,2.621317265811197,-0.5219328897559034,0.8348118759606853,-0.6252101878106048,0.5318331162881311,0.9998034148804216
GPX4,4.876657519017964,-0.5920782743817492,0.6610407657309699,-0.8956758872912128,0.3704258922611239,0.9998034148804216
GRAMD1A,3.683801559082608,-0.3734078526361539,0.8795628362289656,-0.42453800599068203,0.671173493914538,0.9998034148804216
GRAMD1B,0.21018810037386915,-0.4416878260567629,2.8495244466721754,-0.15500404868348794,0.8768181254972837,0.9998034148804216
GRASP,1.8227523520559739,-0.1765617965390566,0.9559210220887229,-0.18470333056727065,0.8534617337121817,0.9998034148804216
GRB2,2.8923761833870243,-0.09347326711572633,0.878627866706539,-0.10638550250642838,0.9152764951219567,0.9998034148804216
GRHPR,0.5685748846448812,-0.5444615214376207,1.3994571263095468,-0.38905194821751965,0.6972377184205718,0.9998034148804216
GRINA,4.000761651706477,-0.39412789716768354,0.6341827353706024,-0.6214737096830046,0.5342879872285978,0.9998034148804216
GRIPAP1,0.15003161570067391,0.48612942417287297,2.813872447032991,0.17276171302130575,0.8628387330319699,0.9998034148804216
GRK2,1.4577263124469075,-0.1764410880627995,1.1082610262890715,-0.15920535314103682,0.8735070864598329,0.9998034148804216
GRK3,3.4779527348653447,0.8196237170983318,0.7618184828898207,1.0758779624107273,0.2819818390150255,0.9998034148804216
GRN,4.4200371954354765,-0.5192691567066677,0.6594535278162036,-0.7874234268277254,0.4310340373503908,0.9998034148804216
GRPEL1,0.7320593039526886,-1.232772672557674,1.9639501011128047,-0.6277006080038214,0.5302000869883996,0.9998034148804216
GRSF1,4.4820916214061395,0.030455157267743106,0.5406475434478937,0.056330889942679076,0.9550782112796209,0.9998034148804216
GSK3A,0.758844065830941,-1.1713472000638276,1.2010112378177775,-0.9753007825240261,0.3294110824420716,0.9998034148804216
GSK3B,0.4515385556954528,-1.1299457197070755,2.1677552979763526,-0.5212515087666513,0.6021915762244161,0.9998034148804216
GSN,7.851896991456625,0.28626703781074275,0.4669335714069644,0.6130787232714128,0.5398242879501981,0.9998034148804216
GSPT1,1.3904556363256118,-0.5346964200713642,1.039496025021646,-0.5143804374434523,0.6069860336751862,0.9998034148804216
GSTK1,0.8950464576353035,-0.9953432789063471,1.195025234274087,-0.8329056578549693,0.40489793848693556,0.9998034148804216
GSTO1,0.5049161633108039,-1.2502882808451905,1.7337034414409447,-0.721166175805725,0.4708072796937728,0.9998034148804216
GSTP1,6.3754630198167455,-0.2547868860918404,0.7472789330755171,-0.3409528555063557,0.7331390732440038,0.9998034148804216
GTF2A1,0.4033904886017126,-1.3384176009537778,1.773235029134884,-0.7547886089340101,0.4503758297420448,0.9998034148804216
GTF2B,0.28575120998855946,-0.6992375790941393,2.183326984280146,-0.32026241791935783,0.7487694101037143,0.9998034148804216
GTF2E2,1.2865738755927056,-0.24426666028014676,0.9929148723345096,-0.24600967020046222,0.8056747467719694,0.9998034148804216
GTF2F1,0.5198682429245074,-0.35046737644536197,1.5585849701632453,-0.22486254080113083,0.8220862111416986,0.9998034148804216
GTF3A,0.9180101789164075,-1.5660406796272277,1.2783669978197327,-1.2250321561008106,0.22056310509026145,0.9998034148804216
GTPBP1,0.4855945259307785,0.2943567963856487,1.624349087793566,0.18121523174891435,0.8561986393273526,0.9998034148804216
GUCD1,0.36655923566026305,-0.8183036189038142,2.2030513398609366,-0.3714410118810341,0.710309083843442,0.9998034148804216
GUSB,0.560097703227997,0.027722149025072817,1.5999701132093047,0.017326666789710378,0.9861760117728181,0.9998034148804216
H1F0,0.286557210191644,1.1441231186294285,2.782421839053432,0.4111968582803585,0.6809281917948943,0.9998034148804216
H1FX,0.4194822979478226,-0.3450100947826728,1.9531501378443767,-0.1766428950328664,0.8597888984896055,0.9998034148804216
H2AFJ,0.3090764417203051,-0.7216685703256693,2.916656811255312,-0.24743006017738076,0.8045754126113409,0.9998034148804216
H2AFV,2.4447714802037055,0.17406092748617713,0.7978669047900143,0.2181578486852856,0.8273061259427491,0.9998034148804216
H2AFX,0.9974953993085364,-0.5147173131960057,1.0460358415889677,-0.4920647005882043,0.6226736054699734,0.9998034148804216
H2AFY,2.321477990483487,0.21977467586180907,0.7127943392387861,0.3083283126189146,0.75783252441169,0.9998034148804216
H2AFY2,1.021224917884055,-1.7077205060181622,1.1720571482175137,-1.4570283613007224,0.14510855157719674,0.9998034148804216
H2AFZ,4.223777057730654,-0.16320772707455636,0.6049953469740492,-0.2697669129041368,0.7873395790502467,0.9998034148804216
H3F3B,6.654864945847345,-0.169499186375532,0.4628164514110765,-0.3662341428416116,0.7141903670222443,0.9998034148804216
H6PD,2.4848525411461715,-1.0424740005426698,0.882729057110602,-1.1809671293193338,0.23761578166551411,0.9998034148804216
HAAO,0.44685092752284233,2.3276058344924695,1.9901826249563301,1.1695438425122133,0.24218458795878883,0.9998034148804216
HADHA,1.9900285187769724,-0.11425069882009081,0.9563813613595439,-0.11946144439460607,0.9049097841605936,0.9998034148804216
HADHB,0.6173886527876687,0.15049972763072614,1.2867698464392967,0.11695932108386248,0.9068922892437709,0.9998034148804216
HAPLN3,0.3864950288630867,-0.6481617381373848,2.132368585998869,-0.30396327463892236,0.7611558707039365,0.9998034148804216
HAVCR2,0.5412565135538802,-0.7337912467441263,1.268693098393024,-0.5783835725705254,0.5630051822794945,0.9998034148804216
HBEGF,0.7091387446988063,1.3742611085149539,1.5581668870322674,0.8819729901540995,0.37779141367304914,0.9998034148804216
HCFC1,0.3214878594013023,-0.6475400461385705,2.9121662105065806,-0.22235682970373072,0.8240361154888496,0.9998034148804216
HCFC1R1,0.279724438096982,-0.6188348157641775,1.8162363631762006,-0.34072372314029137,0.7333115777106957,0.9998034148804216
HCK,2.8396525350860253,0.5315096956689875,0.8556106719369776,0.6212050797189419,0.5344646976151166,0.9998034148804216
HCLS1,1.6793621858622718,-0.7070440204357099,0.9486828228148145,-0.7452902102073021,0.4560962980514256,0.9998034148804216
HCP5,0.8059115180247981,-0.16636449507227707,1.3043866917007596,-0.12754231251421178,0.8985111860680993,0.9998034148804216
HDAC1,0.5033270205309247,-0.009474687316091019,1.9021541732850444,-0.00498103016525107,0.9960257293683068,0.9998034148804216
HDAC10,0.26881062404623357,-0.6262958682804711,2.161620801275724,-0.2897343826034844,0.7720194504751796,0.9998034148804216
HDAC2,0.67042376204058,0.34869779515877986,1.1676699239395838,0.29862702464949487,0.7652246431436256,0.9998034148804216
HDAC6,0.42401659848947,0.4339066704862482,1.4821439384553388,0.2927560942147476,0.7697085902795763,0.9998034148804216
HDGF,2.5237265785328273,0.22857266820373218,0.8137987454117995,0.2808712467209194,0.7788091550496187,0.9998034148804216
HDLBP,1.3926477306513272,0.14212967061244286,0.9869288604266391,0.14401207251250275,0.8854909365269347,0.9998034148804216
HECA,1.0781764681763522,-1.0752935050051582,1.4794314359407392,-0.7268288876945499,0.46733078432507336,0.9998034148804216
HECTD1,0.4671112101545039,-0.41090501095216825,1.554844905298469,-0.2642739539821116,0.7915688287439755,0.9998034148804216
HECTD3,0.39721699853354875,-0.3529389045392054,1.971626182543677,-0.1790090371410387,0.8579306057008563,0.9998034148804216
HELZ,0.3911902266419713,-0.29610519961820075,1.5068140564677943,-0.19651077606238768,0.8442103990243577,0.9998034148804216
HERC1,0.9542626265626526,0.27568743279710733,1.056192124468123,0.261020155718296,0.7940769638954039,0.9998034148804216
HERPUD1,2.5184904425234174,0.4633936795649826,0.7919562694810506,0.5851253376258174,0.5584634430006704,0.9998034148804216
HERPUD2,0.6993580786756911,0.1669428062106225,1.4603942138724713,0.11431352207836173,0.908989263697912,0.9998034148804216
HES1,0.267716020517527,0.18973912846119506,2.1904238465579557,0.08662210683989412,0.9309718932297775,0.9998034148804216
HEXIM1,1.0843103777048289,-0.7187551096276673,1.1616984727899895,-0.6187105573974556,0.5361070537786863,0.9998034148804216
HGSNAT,0.9794211575125584,1.2883899812157311,1.2258461846385373,1.051020917110931,0.2932489831011924,0.9998034148804216
HIF1A,2.2963517716018735,-0.10600213053879207,0.744454599467517,-0.14238897928041788,0.8867727669516079,0.9998034148804216
HIF1AN,0.34492588926500795,2.0952535435535404,2.6001393022104176,0.8058235732879134,0.4203445836841172,0.9998034148804216
HIGD1A,0.6549549648657726,1.1716026321217001,1.44455101827012,0.8110496737766443,0.4173371450586226,0.9998034148804216
HIGD2A,0.9344649944406788,-0.244481485477959,1.1180964603135022,-0.21865867047768764,0.8269159460534096,0.9998034148804216
HINT1,5.502380781306861,0.04241101434798115,0.5395815513168074,0.07859982285250545,0.9373509284476371,0.9998034148804216
HIPK1,0.8374475089098289,-0.6559385297660185,1.36641245624635,-0.4800443136825149,0.6311958834563862,0.9998034148804216
HIPK2,0.33340837438392623,1.2339090213138937,1.912825178051621,0.6450715075649189,0.5188808470620392,0.9998034148804216
HIPK3,0.6545431084157258,0.28147796782008633,1.5255892017064192,0.1845044311438783,0.853617751283291,0.9998034148804216
HIST1H2AC,0.7477266656652107,-0.010237072614349352,1.2687123733007004,-0.008068867956033593,0.9935620446937288,0.9998034148804216
HIVEP1,1.409042216451094,-0.042750647238724446,0.9422698073902823,-0.045369857872371994,0.9638125061711552,0.9998034148804216
HIVEP2,1.094878031842827,0.418870045237087,1.252008471489831,0.33455847526227306,0.7379581733520095,0.9998034148804216
HLA-A,12.19108101659947,-0.11269399798525118,0.37147452471248993,-0.3033693846771133,0.7616083744613821,0.9998034148804216
HLA-B,13.246337529671461,0.03306005790570672,0.3571288943581359,0.0925717813035689,0.9262437627161236,0.9998034148804216
HLA-C,12.46175084224198,-0.18284635756340276,0.3559436049591334,-0.5136947398855382,0.6074654301480114,0.9998034148804216
HLA-DMA,2.485248738473185,-0.25333167953707914,0.7641717721905475,-0.33151143336646366,0.740258206218879,0.9998034148804216
HLA-DMB,1.4489690003009268,0.7588809858052186,1.005638151405164,0.7546262885361349,0.4504732456113889,0.9998034148804216
HLA-DOA,2.4876292681182886,0.004308560186694504,1.1030300654880294,0.0039061130983661864,0.9968833805914833,0.9998034148804216
HLA-DOB,1.1388741159140507,1.6801917800665573,1.096985881295089,1.5316439424753052,0.12561032261534963,0.9998034148804216
HLA-DPA1,12.36797750291223,0.16483113519528014,0.392710935425975,0.41972636951524456,0.6746853591851792,0.9998034148804216
HLA-DPB1,11.902546506238277,0.11346377513982499,0.38693462444286997,0.2932375858149072,0.7693405568223801,0.9998034148804216
HLA-DQA1,10.987767841515131,0.10019601777351544,0.4018590291471106,0.2493312592382643,0.8031045532908181,0.9998034148804216
HLA-DQA2,3.2651798270806975,0.0003154082722615927,1.218352809342681,0.0002588809003787335,0.9997934429288082,0.9998034148804216
HLA-DQB1,4.729012026765666,-0.45500708913121624,0.6360652199416154,-0.7153465947611182,0.47439490360569303,0.9998034148804216
HLA-DQB2,2.312859465915335,0.007303239861304266,1.321425879768328,0.005526787368947752,0.9955902841368945,0.9998034148804216
HLA-DRA,17.294516831425952,0.12169059795501574,0.3365823493383821,0.36154777038731295,0.7176900009066443,0.9998034148804216
HLA-DRB1,13.445504167779571,0.18983722038818646,0.38640487401372087,0.4912909571152188,0.6232206747632513,0.9998034148804216
HLA-DRB5,3.6076932481416972,-1.0538013604356187,1.169178774678354,-0.9013175600331299,0.36741949987366673,0.9998034148804216
HLA-DRB6,4.2892009396273,-0.35840168737621647,1.2086758414363132,-0.2965242417274716,0.7668297567214657,0.9998034148804216
HLA-E,8.629213391828127,0.06574030345511862,0.4503941042147697,0.14596173182535813,0.8839515983984263,0.9998034148804216
HLA-F,3.7529700664090577,-0.03248026051259081,0.6486149960324851,-0.050076332972979976,0.9600615596223379,0.9998034148804216
HM13,0.4472552143666151,-0.7140459778776483,1.4128629203545024,-0.5053894242609797,0.6132853453950624,0.9998034148804216
HMBOX1,0.5436392511509267,-2.069299344171753,2.2108603730007195,-0.9359701632189323,0.3492885500139479,0.9998034148804216
HMG20B,0.6062121377894152,0.5940151791318168,1.4775843006148413,0.40201779274768934,0.687670931752242,0.9998034148804216
HMGA1,1.5599136679002676,-0.4331166949269581,0.8792492714058412,-0.49259829835791974,0.6222964506370368,0.9998034148804216
HMGB1,0.8639171034046141,0.32163150071204927,1.0830679370912688,0.29696336646788374,0.7664944774881783,0.9998034148804216
HMGB2,1.850260440668559,-0.9417417815217688,1.209014949092877,-0.7789331159456357,0.4360191151039302,0.9998034148804216
HMGN1,3.7584204501404304,0.1295966212129424,0.6651173957197629,0.19484773973277036,0.845512147570678,0.9998034148804216
HMGN2,0.3861371549652442,-0.7607024139055871,2.146043156438499,-0.3544674353930623,0.7229886045724984,0.9998034148804216
HMGN3,2.5090988477388043,0.9169432152951652,0.8069476594378696,1.1363106448984808,0.25582657727696334,0.9998034148804216
HMOX1,1.0964635380699073,-0.5937271593728595,1.0214522825531638,-0.5812578517019051,0.5610666826332473,0.9998034148804216
HMSD,0.8698433952988452,1.6202148203891986,1.4332106177785056,1.1304792193770876,0.2582743499543023,0.9998034148804216
HNMT,0.33644507129532475,2.003831587907338,2.530305864248864,0.7919325549609738,0.4284000034328025,0.9998034148804216
HNRNPA0,2.7648928529119843,-0.34088378399872277,0.7794514039895596,-0.4373380845219296,0.6618661794263658,0.9998034148804216
HNRNPA1,4.374027013124768,-0.2899922505578541,0.5466687714321325,-0.5304715866577644,0.5957850039156575,0.9998034148804216
HNRNPA1P48,0.5564536689334662,-1.2333216286917643,2.1934687983574,-0.5622699669196795,0.573932097394273,0.9998034148804216
HNRNPA2B1,4.949254539469117,0.2787121363829622,0.55555027736488,0.5016866118850063,0.6158879834981114,0.9998034148804216
HNRNPA3,2.1342436108806377,-0.2949602531212312,0.9608991044746752,-0.3069627724156183,0.758871708412707,0.9998034148804216
HNRNPAB,0.42971092759395607,-1.0642258677691954,2.1465696609921334,-0.4957797956006308,0.6200497812691954,0.9998034148804216
HNRNPC,4.8911061754801555,-0.1447384944934116,0.5811618754730733,-0.24905022266918767,0.8033219329554823,0.9998034148804216
HNRNPCP2,1.1642503917402487,-1.788010453467956,1.1679507306457095,-1.5308954449469303,0.1257952351898398,0.9998034148804216
HNRNPD,1.9710035023890786,-0.5321801970312334,0.8365084127800879,-0.636192283186445,0.5246511022502662,0.9998034148804216
HNRNPDL,3.567187428914838,-0.3363150610355075,0.6406374494268344,-0.5249694056074959,0.5996044593058261,0.9998034148804216
HNRNPF,1.7362073589272704,-0.027460385701768338,0.9373451426832141,-0.029295917214827744,0.9766285830969472,0.9998034148804216
HNRNPH1,3.387314804789196,0.20675101932256626,0.7123128513621929,0.2902531084862298,0.7716226093428156,0.9998034148804216
HNRNPH2,0.7272205561010582,2.00303888615921,1.6215391472649932,1.2352701379659459,0.21672998359373907,0.9998034148804216
HNRNPH3,0.6398990279678252,-1.0744695033254035,1.6761746473366705,-0.6410247912010026,0.5215065760413264,0.9998034148804216
HNRNPK,3.5057144451250632,-0.0869556983534263,0.7002741373908783,-0.12417379667541464,0.9011776688678579,0.9998034148804216
HNRNPL,3.3085258804403925,0.3048834101973778,0.6722695261222283,0.45351365538759464,0.6501789126624534,0.9998034148804216
HNRNPM,2.651953918324612,-0.4657629807068501,0.7888151080312161,-0.590459001057087,0.5548829647559362,0.9998034148804216
HNRNPR,0.6778235976957508,0.2768522010143388,1.3474672347273466,0.20546117477235612,0.8372118290204469,0.9998034148804216
HNRNPU,3.321765323561295,-0.8928046101483111,0.6962858305399073,-1.282238659741246,0.19975893839675662,0.9998034148804216
HNRNPUL1,3.0202415095515014,-0.49384607678073705,0.6428399354554786,-0.7682255714726665,0.44235318391869094,0.9998034148804216
HNRNPUL2,0.8319362553525111,-0.7482448693479132,1.2416280368824661,-0.6026320662238258,0.5467534834524048,0.9998034148804216
HOMER2,0.6726878432178982,1.8128718384189018,1.686594892905342,1.0748709402861016,0.2824325139938788,0.9998034148804216
HOOK3,1.5477740728372058,0.596378149100046,1.1293155066112937,0.5280881610220529,0.597438147503556,0.9998034148804216
HOPX,0.9671315624730189,-1.8421953978758827,1.2773624426822319,-1.4421869129075089,0.14924965151555106,0.9998034148804216
HP1BP3,2.0060920759343968,-0.31664731793042583,0.8010509257848692,-0.39528987201428545,0.6926289730496284,0.9998034148804216
HPCAL1,0.5278383949410073,-2.058531239478919,1.6772412791177056,-1.2273316100124765,0.2196979794916183,0.9998034148804216
HPS1,1.0440220740719806,0.7217097517816047,1.2668034050040702,0.5697093557932817,0.5688748434536619,0.9998034148804216
HPS5,0.5064137669410528,-1.1569550453105444,1.8085134508726077,-0.639727088981458,0.5223500410264803,0.9998034148804216
HSBP1,0.3124746490823451,0.36612779985377736,2.803788599796903,0.1305832400774789,0.8961050016671637,0.9998034148804216
HSD17B11,0.49804061482301076,-0.28603744785792556,1.5335722795923818,-0.18651709584497272,0.8520392735404689,0.9998034148804216
HSD17B4,1.055814497332129,-0.3435885385194308,1.132267337064035,-0.3034517796922011,0.7615455901894613,0.9998034148804216
HSD3B7,0.28724881361880833,-0.5628122528394757,2.1725946219523053,-0.2590507438215646,0.7955960884951162,0.9998034148804216
HSDL2,0.24948898666620822,1.9013139512324773,2.6217830378471523,0.7251988146180547,0.468330069965332,0.9998034148804216
HSH2D,0.537459151628386,1.5070577450929314,1.9717598600810455,0.7643211405221458,0.444675890200098,0.9998034148804216
HSP90AA1,10.855333020215935,0.12095019867414669,0.4721953064172599,0.25614443225165795,0.797839314107446,0.9998034148804216
HSP90AA2P,1.5760655795683638,-0.7788718125459074,1.218681009198184,-0.6391104863924617,0.5227510585633677,0.9998034148804216
HSP90AB1,8.728546241542936,-0.12318592336887592,0.5691212595100641,-0.21644934416071931,0.8286375066716968,0.9998034148804216
HSP90AB3P,1.2018876448847826,-0.9442458036638873,1.299349407741921,-0.7267066102757135,0.46740570316211194,0.9998034148804216
HSP90B1,3.699505415175863,-1.1608130189609467,0.7967603605379229,-1.456916127425363,0.14513953367211901,0.9998034148804216
HSPA1A,11.38074817984911,-0.08520566436579645,0.6152588340958426,-0.13848751069297682,0.8898551395310578,0.9998034148804216
HSPA1B,8.47072673563487,0.24804163009312236,0.7180205527838814,0.3454519917729722,0.7297545962446033,0.9998034148804216
HSPA4,1.36197095568984,-0.47705581376041173,1.0287436783425201,-0.463726605376598,0.642843633093517,0.9998034148804216
HSPA5,3.1806989998970145,-0.25584545345907983,0.7663142209519842,-0.3338649426879299,0.7384814750226751,0.9998034148804216
HSPA6,2.073154083477813,2.220861390423201,1.3837027814308618,1.605013316607378,0.10849087410050577,0.9998034148804216
HSPA8,7.3209895354214565,0.18516471773434884,0.5371990796450039,0.344685470899747,0.7303308420648537,0.9998034148804216
HSPA9,0.5994413659134674,-0.8734804011538361,1.2415704758295685,-0.7035286503331282,0.481726358472532,0.9998034148804216
HSPB1,6.558209793511062,-0.008490607924810377,0.5380534908094621,-0.01578023016268676,0.9874097205189125,0.9998034148804216
HSPD1,3.714489026153705,-0.48776514965132656,0.9781107670312857,-0.4986808918705267,0.618004208024085,0.9998034148804216
HSPE1,1.727832534432907,-0.5305194033440876,1.1805278881076913,-0.4493916735795843,0.653149136744976,0.9998034148804216
HSPE1P2,0.3558565773307706,0.5643803524890748,1.6026779838247152,0.3521483156224608,0.7247270354785433,0.9998034148804216
HSPH1,6.2749921258806625,-0.5488385606514761,0.7073362395405185,-0.7759231465476707,0.4377943649303616,0.9998034148804216
HTATIP2,0.2802934677160803,1.0620514770169203,1.9142088390541934,0.5548252914460878,0.5790141661130814,0.9998034148804216
HUS1,0.08687992376698092,1.1684213873511187,3.69977649662878,0.3158086409856863,0.7521477589758941,0.9998034148804216
HUWE1,0.4488394338514645,0.6167133453322838,1.5036649665719948,0.4101401303099096,0.681703156041819,0.9998034148804216
IAH1,0.39928363178289594,1.4173397053511867,1.8437474468219814,0.7687276843660001,0.4420549865850577,0.9998034148804216
IBTK,1.3275919635906206,-0.7102997602070842,1.3845549899127931,-0.5130166482241509,0.607939675150728,0.9998034148804216
ICAM1,0.8662900634434432,-0.9617020283512382,1.9194543740638725,-0.5010288555674918,0.6163508151429423,0.9998034148804216
ID2,10.570705823978756,-0.03682240793387602,0.39162508289142517,-0.09402464127683244,0.9250895825359567,0.9998034148804216
IDH1,0.24139558152528354,-0.08257916552331152,2.1934196254820617,-0.03764859426073684,0.9699678627461952,0.9998034148804216
IDH2,0.599424491898453,-0.3286612052699093,1.2905474273020308,-0.2546680566067966,0.7989794900468964,0.9998034148804216
IDH3G,0.3598167159730008,-1.0503991896250138,2.2216671707219633,-0.4727977275208469,0.6363574955153575,0.9998034148804216
IDO1,5.437704221545116,-0.4540406937763512,0.62367576804984,-0.7280075915023642,0.46660893919240565,0.9998034148804216
IDO2,0.8201285385018472,-0.6513436144590892,1.0523469619883328,-0.618943787539827,0.5359533909446472,0.9998034148804216
IDS,2.2513626943920593,-0.5527840323851405,0.8335372613097773,-0.6631785500704842,0.5072162074960631,0.9998034148804216
IER2,3.0743689986266567,0.18099967780466578,0.815068641878556,0.22206679107111868,0.824261889315175,0.9998034148804216
IER3,0.42377440810977834,0.13461993576951004,2.152044897955961,0.06255442713921708,0.9501213201759265,0.9998034148804216
IER5,5.904885912989908,-0.11464058940915293,0.5957884676442193,-0.19241827533595637,0.847414578224512,0.9998034148804216
IFFO1,0.17335684743241958,0.5400225499562459,2.808144030109207,0.19230585901793817,0.8475026292225188,0.9998034148804216
IFFO2,0.8670299611781481,0.39193671755429393,1.36384961769076,0.2873753179752417,0.773824957911579,0.9998034148804216
IFI16,1.1707299256058534,0.7007439481791273,1.6302945756293796,0.4298265838911985,0.6673217934883353,0.9998034148804216
IFI27,0.7453750656430407,1.003535149795958,2.009417271080504,0.49941600693833843,0.6174863448861723,0.9998034148804216
IFI44L,0.26392358188706266,-0.6468051138795187,2.875724374855364,-0.22491902198104435,0.8220422710040658,0.9998034148804216
IFI6,2.0902663713194536,1.3886234867476708,1.82984610605852,0.7588744660821556,0.44792765462557105,0.9998034148804216
IFIH1,0.9152949985322696,-1.2895482160215073,1.5429530613327838,-0.8357663290856117,0.4032863721888026,0.9998034148804216
IFITM2,2.0473378564964073,0.03963596321653492,0.932541941921235,0.04250314268425975,0.9660976065162923,0.9998034148804216
IFITM3,1.8526036434588096,-0.4980649747038988,1.0912053143412583,-0.45643562046302166,0.6480767560719332,0.9998034148804216
IFNAR1,1.8050057659105636,-0.8188729130906325,0.8339865291234898,-0.9818778655229101,0.32616002154723145,0.9998034148804216
IFNGR1,2.7207313481069297,0.07090953699177759,0.7764092028758636,0.09133010882550678,0.9272302945731894,0.9998034148804216
IFNGR2,2.120711009858569,0.18147408116203306,0.762663562643332,0.23794775317842398,0.8119216172918646,0.9998034148804216
IFRD1,0.6351780153262103,-0.7028202322860129,1.2302437483300221,-0.5712853515736591,0.5678062296731928,0.9998034148804216
IGBP1,0.9995213078566171,0.40506355157751706,1.7567524132615155,0.23057520713775054,0.8176448304748032,0.9998034148804216
IGF2BP2,0.5862226612871551,0.11966459383110069,1.3150229458248535,0.0909981032734304,0.9274940981733716,0.9998034148804216
IGF2R,0.41385852615778757,0.6880647639321493,1.5986994914833939,0.4303903063694047,0.6669117455524095,0.9998034148804216
IGFBP4,0.6957375001009478,-0.4859700175884933,1.340558123854165,-0.3625132017336985,0.7169685599290495,0.9998034148804216
IGHA1,1.4093146930747056,-2.67183088577432,1.1705220958672446,-2.2825975649735595,0.022454084532960696,0.9998034148804216
IGHG1,1.6208085526985372,-2.1156479093115537,1.4217567341529045,-1.488051970136843,0.13673718854305222,0.9998034148804216
IGHG3,1.2312679705755474,-2.5233365335878597,2.2650197380254684,-1.1140461565194035,0.2652593858363347,0.9998034148804216
IGHG4,1.1567994644895636,-3.089298936336155,2.2727053763833878,-1.3593046280606036,0.17405007811927276,0.9998034148804216
IGHM,0.970357909779338,-1.4425024557660089,1.3904042956161975,-1.037469792285648,0.2995169667497948,0.9998034148804216
IGKC,6.290812106077373,-1.1171592023759136,0.7366087116929434,-1.5166250203698421,0.12936138462520302,0.9998034148804216
IGLC2,1.4376731773161895,-2.9164826828563113,1.9532025686462635,-1.4931798317660843,0.13539011992175937,0.9998034148804216
IGSF6,0.5233978085928687,1.8607367384585038,1.9294752290858255,0.964374515105908,0.3348581944658322,0.9998034148804216
IGSF8,0.3413785264004261,-1.0826180723014773,1.7676287414411502,-0.6124691497258736,0.540227403117501,0.9998034148804216
IK,1.0402420658249445,-0.076263930692143,1.181543797653597,-0.06454600400221637,0.9485354775579673,0.9998034148804216
IKBKB,0.35782820964437856,0.22356578823024126,1.8466814219503207,0.1210635389368506,0.9036407084221146,0.9998034148804216
IKZF1,2.630446529617258,-0.10155492398185592,0.8040958721863429,-0.1262970343396084,0.899496803717012,0.9998034148804216
IKZF4,0.3049502735605188,0.3759542266912518,2.1843688883376635,0.172111143268186,0.8633501524290867,0.9998034148804216
IL10RA,2.4541040199215782,0.05034719759619561,0.747918757160823,0.06731639915987504,0.9463298218597526,0.9998034148804216
IL13RA1,4.336588186065293,-0.28232006471272336,0.563627058080032,-0.5008987071600729,0.6164424124329861,0.9998034148804216
IL15,0.6660276225797823,-0.5917811750821904,1.313915682774121,-0.45039509219704266,0.6524255831272324,0.9998034148804216
IL18,0.4646867030073143,-1.876253658673443,1.7725191018649533,-1.0585238019152208,0.28981670526382297,0.9998034148804216
IL1B,1.312206519725182,0.2470015465657758,1.2297941284827472,0.20084788245859722,0.8408175209409733,0.9998034148804216
IL1R1,0.3697487246270025,2.1890080340031655,2.5870799799065036,0.8461307926329651,0.39747978448415167,0.9998034148804216
IL1RN,0.2841657037614794,2.0033013186105872,2.5971363382270622,0.7713500785939266,0.4404994565919118,0.9998034148804216
IL2RA,0.7286698654237665,-1.0844317637052943,1.950428969280791,-0.5559965427016663,0.5782132182381358,0.9998034148804216
IL2RG,6.17745340883876,0.388637021334275,0.5500701780088246,0.706522616334311,0.47986319316801707,0.9998034148804216
IL32,1.4989218161076698,-0.7726891605281349,0.9959190008374831,-0.7758554258713499,0.4378343536777516,0.9998034148804216
IL4I1,1.380364402810694,-0.5290308421524449,1.2879056179662234,-0.41076833175699307,0.6812424163671629,0.9998034148804216
IL4R,0.5590910022961215,-1.142585806711153,2.182738489651971,-0.5234643600816027,0.6006511464298288,0.9998034148804216
IL6R,2.265549649694944,-0.2663932733349842,0.7953314548455287,-0.33494623117442746,0.7376656468926072,0.9998034148804216
IL6ST,2.622760365280197,0.15826361051347987,0.7590409169467236,0.2085047155957052,0.8348349010379345,0.9998034148804216
IL7R,7.930823477312389,-0.46465359742890605,0.5271850222422839,-0.8813861885768073,0.3781088305341458,0.9998034148804216
ILF2,1.3831009268741405,-0.19252234600956708,1.152770797843042,-0.1670083475134841,0.8673634808079458,0.9998034148804216
ILF3,0.9690151201751979,-0.1257124704615763,1.1902062121515304,-0.1056224284313946,0.9158819289750106,0.9998034148804216
IMMT,0.5898503571422938,-2.2273601790461024,1.5146080769471977,-1.470585171799366,0.1414033364762379,0.9998034148804216
IMPDH1,0.6331113820768631,-1.8270341496921816,1.6594425644388235,-1.1009927001059134,0.2708998342708945,0.9998034148804216
IMPDH2,0.6565147407293338,0.16763130046222227,1.2542923897591938,0.13364611140980062,0.8936824196044826,0.9998034148804216
INIP,0.4356239820259722,2.3667645262055177,1.96689949645984,1.2032971336183582,0.22886135789571382,0.9998034148804216
INO80,0.4672324972203394,-0.24617238027603625,1.3055008830814137,-0.18856546438711558,0.8504334025926628,0.9998034148804216
INO80D,0.6914356123807747,-1.3543433558964033,1.9450008455478422,-0.6963201887528895,0.48622833262835363,0.9998034148804216
INPP5D,1.2869401825122453,0.655046262300899,0.9776533532710696,0.6700189388285943,0.5028457172511536,0.9998034148804216
INSIG1,1.589177019731645,0.005411200338280267,1.009286822683837,0.005361409875431759,0.9957222343301266,0.9998034148804216
INSM1,1.5043739548324642,-1.2427788408187788,1.3620538343717405,-0.9124300445819175,0.3615423795716589,0.9998034148804216
INSR,0.2981626276695567,-0.6105211367447484,2.1862200687312754,-0.2792587743003616,0.7800462415375732,0.9998034148804216
INTS6,0.27633499956805996,-0.5655275866882797,2.872075115120977,-0.1969055696736047,0.8439014350403249,0.9998034148804216
IP6K2,0.3387241470081585,1.1510049635638469,1.8908742028653396,0.6087157790929029,0.5427128462638028,0.9998034148804216
IPO5,0.6440251961276114,-1.857865681012753,1.7730510356732192,-1.0478354224628001,0.29471443920975315,0.9998034148804216
IPO7,1.5409366669558695,0.85299790482766,0.9219643284837653,0.9251962125589768,0.35486385325611114,0.9998034148804216
IPO8,0.4129646233578719,1.35296437960556,1.871223176631557,0.7230374209243551,0.4696568941725229,0.9998034148804216
IQGAP1,4.305797326229616,-0.2975230440909988,0.6022233589516314,-0.49404102260154087,0.6212772082431843,0.9998034148804216
IQGAP2,0.5247101588799785,-1.1734056182904902,1.4787013744288546,-0.793537923601184,0.4274644832505694,0.9998034148804216
IQSEC1,0.2240971216851153,-0.1356276122980528,2.182566801356882,-0.06214133387062167,0.9504502809153502,0.9998034148804216
IRAK1,0.6980015812782661,0.4147035283841281,1.5420763421678831,0.26892542025586696,0.7879870747928353,0.9998034148804216
IRAK4,0.898284036098207,1.40739332149528,2.3285335524601414,0.604411871157425,0.5455698452108714,0.9998034148804216
IRF1,4.36323713015695,-0.956906681798438,0.7583486296574191,-1.261829512675083,0.20701014005865892,0.9998034148804216
IRF2,2.8059965991054536,0.08448992036623086,0.779919194139671,0.10833163358600464,0.9137326302953117,0.9998034148804216
IRF2BP2,3.463443762136118,0.22531174680093632,0.7937300256117692,0.2838644621353171,0.7765142517664303,0.9998034148804216
IRF2BPL,0.39809915959876885,1.2773192482003006,1.844977067877907,0.6923225607727871,0.48873478510377677,0.9998034148804216
IRF3,0.661216741282747,-1.2423157387521786,1.4421623451174606,-0.8614257215618779,0.3890036146271848,0.9998034148804216
IRF4,4.552499161414603,-0.2346758557990523,0.720479939485979,-0.325721568273615,0.7446350242803657,0.9998034148804216
IRF7,0.6363177450586168,-0.778014068864201,1.5321416721752106,-0.5077951229925362,0.6115970303843501,0.9998034148804216
IRF8,4.795327452136714,0.06604812702765397,0.797655777138289,0.08280279403806445,0.934008347438368,0.9998034148804216
IRS2,2.3668986369647493,0.06113294916818056,1.2776893884435208,0.047846487355313036,0.9618385874059342,0.9998034148804216
ISCU,4.262269352115986,0.24199466226033775,0.6111848646593521,0.39594348003891605,0.6921467242434671,0.9998034148804216
ISG15,0.6165286700323797,-1.7137537279838904,2.174912380807161,-0.7879644914007415,0.43071747621413303,0.9998034148804216
ISG20,0.7254166237992161,-0.0325544443343827,1.5970480736133805,-0.020384135501148103,0.9837369392582582,0.9998034148804216
ISG20L2,0.7934239394816652,0.14559869454382168,1.4456401515842092,0.10071572402320654,0.9197761288796882,0.9998034148804216
IST1,2.001203542221619,-0.1011022184511658,1.0430242576778943,-0.09693179972271372,0.9227805551792521,0.9998034148804216
ITCH,1.3914721148157048,0.010989582953552911,0.8799281225850819,0.012489182549669344,0.9900353331148369,0.9998034148804216
ITFG1,0.28122204172723086,-0.5367836440507577,2.1654250752180437,-0.2478883477400885,0.8042207957468338,0.9998034148804216
ITGA4,2.234701319851228,0.21032807410160476,0.877271722640464,0.2397524833794334,0.8105221454111753,0.9998034148804216
ITGA5,0.2131833076343669,-0.1314671430971606,2.8322574696522693,-0.04641779375845427,0.9629772544301242,0.9998034148804216
ITGAX,0.216572746163289,-0.2530315976909195,2.186747182414365,-0.11571140903977291,0.9078812638882081,0.9998034148804216
ITGB1,0.32358916386188447,0.2196891709539121,1.8189037798254906,0.12078108440403018,0.9038644328659676,0.9998034148804216
ITGB2,1.0387349171974583,-0.73040991732124,1.2973224799127125,-0.563013382278232,0.5734257713985584,0.9998034148804216
ITM2B,5.394559792006037,0.2487793166524829,0.5075485837077446,0.4901586264611358,0.6240216551890111,0.9998034148804216
ITPA,0.24139558152528354,-0.08257916552331152,2.1934196254820617,-0.03764859426073684,0.9699678627461952,0.9998034148804216
ITPRIPL2,0.8862149516220729,0.46121035626277496,1.3888222211877626,0.332087396951594,0.7398232664115566,0.9998034148804216
ITSN2,2.005520087196747,-0.41711220455977205,0.9961380302896258,-0.4187293245279444,0.6754139618273738,0.9998034148804216
IVNS1ABP,0.8903165886451839,-0.8499213459180679,1.6334450126738762,-0.5203244304666153,0.6028374709936979,0.9998034148804216
IWS1,0.5957892264370401,-0.36590298446905273,1.2714014269471439,-0.2877950084951922,0.7735036584437,0.9998034148804216
JADE3,0.8119233800778392,-0.7518714729365245,1.7552512711561004,-0.42835546413893355,0.6683923438440649,0.9998034148804216
JAG1,0.4804512018466518,-1.3551086683521882,2.1411232882609488,-0.6328961418437643,0.5268014674592203,0.9998034148804216
JAK1,3.6002891666257435,-0.46974833458504395,0.6809035266995535,-0.6898897070808078,0.4902635491584151,0.9998034148804216
JAK2,0.904374765458972,0.10709597367457215,1.1942505603081646,0.08967630180297934,0.9285444484723275,0.9998034148804216
JAK3,0.3135692526110518,-0.3578417703593109,2.8598145948791207,-0.1251276117689847,0.9004225240508859,0.9998034148804216
JARID2,1.144565192217717,0.793588006097646,1.0997571610787116,0.7216029448894378,0.4705386280745353,0.9998034148804216
JCHAIN,0.6710823647507191,-2.346985405693006,2.2028938387800263,-1.0654101275224312,0.28669037576626444,0.9998034148804216
JDP2,0.29617412134093446,1.0233926204847206,1.8568884353210748,0.5511330681036665,0.5815424583630684,0.9998034148804216
JMJD1C,0.7105299692196447,-1.6619757660710586,1.7193316460413488,-0.9666405954300042,0.33372373326793137,0.9998034148804216
JMJD6,0.62460520115829,0.0025637670256241627,1.5044479662490193,0.0017041247574791846,0.9986403058244268,0.9998034148804216
JMY,1.658074135964344,-0.2867209347418019,0.8561777876172324,-0.33488480884297944,0.7377119819066373,0.9998034148804216
JOSD1,1.621576697051428,-0.5031793501467473,0.9328573565568129,-0.5393958107421567,0.5896137710501371,0.9998034148804216
JPT1,1.847511514822933,-1.1697734672030708,1.2011135965129471,-0.9739074393955224,0.3301024995863173,0.9998034148804216
JPT2,0.274837395937811,-0.6520234356758038,2.169104312836113,-0.3005957029439863,0.7637228085596186,0.9998034148804216
JTB,0.9287946007194241,-0.2783780608183232,1.1419762422545525,-0.24376869720926408,0.8074099650898838,0.9998034148804216
JUN,4.252334687620599,0.07005024850834102,0.761947012795887,0.09193585292932478,0.9267490055562078,0.9998034148804216
JUNB,7.310899631955124,-0.2689503840229403,0.5088168285833263,-0.5285799700685326,0.5970968581294198,0.9998034148804216
JUND,8.41079642979596,-0.34074575391448214,0.4317014558341173,-0.7893087903910494,0.42993155016527895,0.9998034148804216
JUP,0.360864906555777,1.0333554723964178,1.7962709287719554,0.5752781809495102,0.5651031755080795,0.9998034148804216
KANSL1,0.15003161570067391,0.48612942417287297,2.813872447032991,0.17276171302130575,0.8628387330319699,0.9998034148804216
KANSL2,0.3154610875097249,-0.5514307667623984,2.193179523747298,-0.2514298354474037,0.8014818030566206,0.9998034148804216
KANSL3,0.38780078811304924,-0.14595407561532284,1.5055025940509146,-0.0969470768048287,0.9227684229701599,0.9998034148804216
KARS,0.3368944843427974,-0.27027085016965574,2.1710603153202315,-0.12448795100830296,0.9009289398725788,0.9998034148804216
KAT2B,0.9942402064436197,-0.18552012299465898,1.7309547943759271,-0.10717791336748676,0.9146478370669234,0.9998034148804216
KAT6A,1.6128264560180765,0.3622689585565471,1.2544927186084727,0.28877725090217227,0.7727518419330471,0.9998034148804216
KAT6B,0.21168570400411804,-0.22518240158603886,2.177601068772614,-0.10340847311990023,0.9176387876230103,0.9998034148804216
KAT7,0.279724438096982,-0.6188348157641775,1.8162363631762006,-0.34072372314029137,0.7333115777106957,0.9998034148804216
KATNA1,0.4278103238621649,-2.3274311686795133,1.5231006298629772,-1.5280875885980667,0.1264907925932527,0.9998034148804216
KBTBD2,0.5964380534710734,0.5746290971780281,1.937716872579353,0.29654956578518205,0.7668104201843458,0.9998034148804216
KBTBD8,0.14250724017884758,0.38119383927918726,2.8103569846371794,0.13563893888320377,0.8921067211276952,0.9998034148804216
KCMF1,1.0241829522991062,0.03335646319178758,1.3973582604002959,0.023871088851782424,0.9809554354632737,0.9998034148804216
KCNMB1,0.6796117707102112,0.8248906624441813,1.2381669380343956,0.6662192609937597,0.5052709634179475,0.9998034148804216
KCNN1,0.3304647123496777,-1.0486128522637244,1.7560785854132115,-0.5971332154346509,0.5504184432736287,0.9998034148804216
KCTD13,0.6244302307930181,-0.5265231987501292,1.1915104833639198,-0.44189556542014463,0.6585647797957379,0.9998034148804216
KCTD20,1.2817412816826055,0.162558977539226,1.1054912762320752,0.14704682075220654,0.8830950643493526,0.9998034148804216
KCTD5,1.1452631725382778,-1.1767956369458181,1.3315653780042251,-0.8837685752310721,0.3768211533553555,0.9998034148804216
KDELR1,1.2994968785544878,-1.3128701726318583,1.2163939518653184,-1.079313301927057,0.28044808503124097,0.9998034148804216
KDELR2,0.2490859865646659,0.816669536663033,1.8482599774547832,0.4418585840871038,0.6585915420974746,0.9998034148804216
KDM1A,0.3413785264004261,-1.0826180723014773,1.7676287414411502,-0.6124691497258736,0.540227403117501,0.9998034148804216
KDM1B,0.37586853139572984,0.10849601342104022,1.8035415331793307,0.06015720260668495,0.9520304313200649,0.9998034148804216
KDM2A,3.102286926169173,0.6619048775673316,0.6704013283259502,0.9873263217126449,0.3234826909059412,0.9998034148804216
KDM2B,4.474634550397944,-0.03130356370772428,0.5549270181177327,-0.05641023537456046,0.9550150032905187,0.9998034148804216
KDM4C,0.4308506573263625,-1.0169706394062674,1.790860408776323,-0.5678670623475077,0.5701252387916258,0.9998034148804216
KDM5A,1.3755015925354301,-0.42860700696904924,0.8896546179161234,-0.4817678662456606,0.6299708589819348,0.9998034148804216
KDM5B,1.5896796641647137,-1.3095739227651122,0.974038196973328,-1.344479022315972,0.17879353550892552,0.9998034148804216
KDM5C,0.6202541879011922,-0.39755451931052715,1.5328730263138768,-0.2593525442003064,0.7953632414687003,0.9998034148804216
KDM6A,0.3924766745509642,-1.3340114570965118,2.138283427273791,-0.623870269058444,0.5327127869694435,0.9998034148804216
KDM6B,4.6018286551783785,-0.2878100784314822,0.6540547165681717,-0.44003975682894403,0.6599083129038965,0.9998034148804216
KHDRBS1,2.8160523145146152,0.3527267460950344,0.6580651408947223,0.5360058209669912,0.5919545274583062,0.9998034148804216
KHNYN,0.29966023129980557,-0.4815264235512133,2.1738603316843053,-0.22150752582072603,0.8246972773782822,0.9998034148804216
KHSRP,1.5256045305001893,-0.25296023317137245,0.9464473333626992,-0.2672734385257469,0.7892586360802394,0.9998034148804216
KIAA0368,1.0809185800329644,0.07955142543025823,1.105152083451268,0.07198233312995973,0.9426159674946818,0.9998034148804216
KIAA1109,0.6998104368751379,-0.3038582482857373,1.1775509894046536,-0.2580425400002101,0.7963740764615322,0.9998034148804216
KIAA1143,0.6981974434090065,1.093274466581794,2.431953531064337,0.449545788032934,0.6530379853593589,0.9998034148804216
KIAA1191,0.42150380499347,0.4054822482493821,1.5833027731060911,0.2560989945428538,0.7978743983406097,0.9998034148804216
KIAA1551,0.290147349449357,1.0233926204847204,1.856888435321075,0.5511330681036662,0.5815424583630684,0.9998034148804216
KIAA2026,0.44896397371811997,0.7110983202036358,1.5037380711711243,0.4728870897375274,0.6362937361145997,0.9998034148804216
KIDINS220,0.6606045515185381,-0.2878536716837851,1.221563590082336,-0.23564362430316307,0.8137092192190456,0.9998034148804216
KIF1B,0.6650223614632479,1.3704780926325686,1.6791041993129683,0.8161959771128684,0.4143880573198081,0.9998034148804216
KIF1C,0.3474052982920035,-1.1478966969203455,2.2184209978542992,-0.5174386187430672,0.6048500069484439,0.9998034148804216
KIF2A,4.7859238269100475,-0.4056473984397044,0.6648495219410144,-0.6101341507404943,0.5417729458129725,0.9998034148804216
KIF5B,1.7349895022741388,-0.825243022988644,0.9287954869070895,-0.8885088640306839,0.3742670899247039,0.9998034148804216
KLC1,0.44900546336902064,1.2318415570752732,1.608994661464544,0.7655970442773393,0.44391610371983137,0.9998034148804216
KLF10,1.3547189869128688,-0.6594674364043775,1.091959725132502,-0.6039301827953001,0.545890060862333,0.9998034148804216
KLF12,0.5131755979692847,0.29608793197860617,1.4559810498505918,0.20335974290942163,0.8388538628362184,0.9998034148804216
KLF13,0.3834998216025889,-0.870815371043193,2.1575231284897236,-0.40361809314775127,0.6864935786654789,0.9998034148804216
KLF2,1.1803933807800902,-0.11855736593174263,1.3659890224545514,-0.08679232701204757,0.9308365867663889,0.9998034148804216
KLF3,1.8635850165782637,0.8047071221652735,1.0538526600348521,0.7635859856715272,0.44511400337747287,0.9998034148804216
KLF4,3.717513250552523,-0.1500479280890004,0.7223197535944547,-0.2077306170048958,0.8354393101978923,0.9998034148804216
KLF6,9.501485448262095,0.037252413520489684,0.41046745199682916,0.0907560717403178,0.9276864156137743,0.9998034148804216
KLF7,1.3683148786601045,1.9185109104168578,1.2411465421281993,1.5457569636597295,0.12216327426471281,0.9998034148804216
KLHL15,0.25530460283652967,0.12163838708911832,2.1916515676701533,0.05550078711573055,0.9557395028907932,0.9998034148804216
KLHL18,0.15491865785984485,0.46407877924934526,2.809804227670471,0.1651640974410875,0.8688148232103852,0.9998034148804216
KLHL24,0.6312742183791273,-0.35674644311971937,1.5636871266998282,-0.22814438836791798,0.8195339929548502,0.9998034148804216
KLHL28,0.7234484163010261,-0.6879390919340806,1.6500780403155706,-0.4169130641860522,0.6767419974681796,0.9998034148804216
KLHL36,0.2350109357358637,-0.27046325201020144,2.8450461092656774,-0.0950646286994658,0.9242634930062436,0.9998034148804216
KMT2A,2.053015311585879,-0.12536529780183042,0.8351309495162635,-0.1501145393718749,0.8806742492064404,0.9998034148804216
KMT2C,1.3815856842792433,0.024665197735463433,1.1406397442857765,0.021624003423541763,0.982747886043713,0.9998034148804216
KMT2E,2.675646557736952,0.07289642663439083,0.8458936051453272,0.08617682672026702,0.9313258517641241,0.9998034148804216
KPNA1,0.4338822219574422,-1.3260616286240998,2.26095927875158,-0.5865039857578961,0.5575368838656005,0.9998034148804216
KPNA2,0.30340754372657003,-0.5635879756056554,2.8886024065483626,-0.1951074936197591,0.8453087962547943,0.9998034148804216
KPNA3,0.4115636911575721,-0.03466252799104904,1.9131347119904947,-0.018118184659868978,0.985544571071715,0.9998034148804216
KPNA4,0.6099440746807772,0.06208365001909173,2.0148004186927686,0.03081379646494837,0.9754180376572262,0.9998034148804216
KPNB1,2.180379011522716,-0.13821813783792408,0.8668612636289993,-0.15944666538598373,0.8733169754861905,0.9998034148804216
KRAS,1.6113442588378974,-0.02974283891491389,0.8999158814903719,-0.033050687877244786,0.9736341666169553,0.9998034148804216
KRT8,0.32249456033317786,1.2472119261099917,1.9161642352177337,0.650889888866061,0.5151175688873245,0.9998034148804216
KTN1,2.281188717089628,0.04381478555682063,0.8142773276410754,0.05380818557695826,0.9570879878223008,0.9998034148804216
KYNU,2.728159050316696,-1.060368858524258,0.8783491747871178,-1.207229298964453,0.22734384994770596,0.9998034148804216
L3MBTL4,0.28575120998855946,-0.6992375790941393,2.183326984280146,-0.32026241791935783,0.7487694101037143,0.9998034148804216
LACTB,0.8369980958623562,0.29280753732395337,1.2651607662371063,0.23143899584780336,0.8169737730811611,0.9998034148804216
LAD1,4.626210563872451,-0.44054033636115697,0.5658759300507604,-0.7785104701690342,0.43626813660678865,0.9998034148804216
LAMB1,0.29921081825233287,1.7922770393474128,2.4745006955452262,0.7242984585027591,0.4688825231559536,0.9998034148804216
LAMP1,2.043347999461301,-0.17694904893355265,0.8423786195937246,-0.21005880825761505,0.8336217744288236,0.9998034148804216
LAMP2,1.466774487659368,-0.5051762881266232,1.02543397902704,-0.49264633165944866,0.622262504847497,0.9998034148804216
LAMP3,9.67596978519858,-0.08113194614019134,0.39738586580387086,-0.2041641465432338,0.8382252281318898,0.9998034148804216
LAMTOR1,0.8493262543423097,-1.7355166113081752,1.8160228575679704,-0.9556689245819243,0.3392395272068507,0.9998034148804216
LAMTOR2,0.37486379652244367,2.275117690739584,2.557333142475119,0.8896446274252746,0.3736567352608442,0.9998034148804216
LAMTOR3,0.8012111879655947,-0.8784175127554523,1.0248431417213313,-0.8571238631504703,0.39137643429029256,0.9998034148804216
LAMTOR4,0.2970228979371502,-0.6064776300211836,2.18518810930786,-0.2775402389560322,0.7813653126355901,0.9998034148804216
LAMTOR5,1.1037492725135374,0.5671963274419861,1.1064476911757417,0.5126282353567638,0.6082113983991819,0.9998034148804216
LANCL2,0.388279949076727,0.22021795569857336,1.7862857798603553,0.12328260023196798,0.9018833187237508,0.9998034148804216
LAP3,2.896409429529215,-0.42280272833921606,0.7103202258099599,-0.5952283392424945,0.5516908495400218,0.9998034148804216
LAPTM4A,1.865400893544066,-0.08363104479085831,1.1139528701161792,-0.07507592738832483,0.9401543009208904,0.9998034148804216
LAPTM5,1.8305698886659343,-0.8085196829744495,1.1654035939623475,-0.6937679677351086,0.48782773387626877,0.9998034148804216
LARP1,0.6664652938925595,-0.538344822784244,1.3458006600712706,-0.4000182484349015,0.6891430761210438,0.9998034148804216
LARP4,0.5190863870899434,-0.2980074319381006,2.0365234362294258,-0.14633145223698196,0.8836597377945393,0.9998034148804216
LARP4B,0.28575120998855946,-0.6992375790941393,2.183326984280146,-0.32026241791935783,0.7487694101037143,0.9998034148804216
LARP7,0.39919376312747545,0.19979695161886057,1.4843618072726752,0.1346012479167474,0.8929271548931914,0.9998034148804216
LASP1,0.1921529109028367,0.6753883122830509,2.8033236855837353,0.24092412722664774,0.8096139220123499,0.9998034148804216
LBH,0.1624430333816712,0.5621265781201167,2.8122283959823533,0.19988653088176983,0.8415693246679163,0.9998034148804216
LCOR,0.6946324415797762,-1.0705524641627717,1.2331544328660546,-0.8681414392475004,0.385316907967851,0.9998034148804216
LCP1,9.214233181665293,0.11699913662468932,0.44008180590327367,0.26585769976231366,0.7903488036930068,0.9998034148804216
LDHA,4.2407955985791075,0.38139120514777575,0.5838200822281733,0.6532683899673005,0.5135832671094491,0.9998034148804216
LDHB,1.6694760518264866,-0.02790589383102922,0.9369155594308145,-0.029784854729045514,0.9762386375840959,0.9998034148804216
LDLR,0.7222400934306469,-2.021910410829781,1.7745653669783243,-1.139383450423485,0.25454325556055246,0.9998034148804216
LDLRAD4,0.27431182202820276,2.000579102697867,2.6474088353869374,0.7556744073513937,0.44984443203270685,0.9998034148804216
LEMD2,0.5129475682330145,-0.08377984604659144,1.3804889693922089,-0.06068852986451417,0.9516072666854635,0.9998034148804216
LEPROT,0.2624259782568138,-0.7511390533542224,2.1618801794346747,-0.34744712519203674,0.7282554350052475,0.9998034148804216
LEPROTL1,0.7341876437384818,-0.7483647915839163,1.4891581190818226,-0.5025421961539848,0.6152861783141403,0.9998034148804216
LGALS1,5.036144532594472,-0.1850178812753995,0.6157251696398991,-0.3004877669425231,0.7638051261197396,0.9998034148804216
LGALS2,1.8055537317495955,0.3360345725436631,1.0956131018950466,0.3067091585181255,0.75906475808245,0.9998034148804216
LGALS3,2.5885335848129367,-1.0307033277662854,0.872959289516715,-1.1807003375116154,0.23772178739065386,0.9998034148804216
LGALS3BP,0.37453173748733154,0.6158541017564347,2.7868207248876145,0.22098805863490578,0.8251017309649737,0.9998034148804216
LGALS9,4.139765735896841,0.10128408258927375,0.623805988803461,0.16236471660611893,0.8710186541924486,0.9998034148804216
LGMN,0.38581228178442695,1.320105776981635,1.5937459190350565,0.8283037849476668,0.40749847986716203,0.9998034148804216
LHFPL2,0.21807034979353787,-0.10495025331892445,2.1886300435989563,-0.047952486819721044,0.9617541090374094,0.9998034148804216
LIMCH1,2.3831137553474626,0.19143686095917245,0.8553653417337438,0.2238071285085601,0.8229073829153452,0.9998034148804216
LIMD2,0.8492176691630672,0.5898946596370658,1.192290916145169,0.4947573210943112,0.6207714340404331,0.9998034148804216
LIMS1,0.8103197829722704,0.04919350737347305,1.2453054373725225,0.039503165968075044,0.9684892294111908,0.9998034148804216
LIN7C,0.17335684743241958,0.5400225499562459,2.808144030109207,0.19230585901793817,0.8475026292225188,0.9998034148804216
LINC-PINT,0.3293249826172712,-1.085657870628993,2.197922997607265,-0.4939471818670981,0.6213434819070435,0.9998034148804216
LINC01578,1.7084539162549321,2.30801658964631,1.3431761194683587,1.7183275939717004,0.08573687895701841,0.9998034148804216
LINC01857,0.5221009056914109,1.6947274363302933,1.5644012068646433,1.0833074206883595,0.27867199261286735,0.9998034148804216
LINC02362,0.48967556788686495,-1.4656011991700553,1.745350106630496,-0.8397175979777989,0.4010667446189091,0.9998034148804216
LIPA,0.4501899355531478,1.452298255936755,2.0421880254910985,0.7111481596252681,0.47699242906434736,0.9998034148804216
LITAF,6.155113671369732,-0.06294082563639809,0.5931427784992681,-0.10611412280133788,0.9154918060367851,0.9998034148804216
LMAN1,0.7330064243551746,-0.794667633085671,1.1935381362779767,-0.665808329814936,0.5055336199476559,0.9998034148804216
LMAN2,0.6261389901445229,0.5970032824527308,1.5001201828142159,0.39797030217456075,0.6906520769834952,0.9998034148804216
LMBR1L,0.3397930201733461,1.292049432066063,1.929016842464802,0.6697968641969689,0.5029872928514099,0.9998034148804216
LMBRD1,0.27374279240910443,0.1585405270567461,2.184339143499967,0.07258054571265732,0.9421399081550659,0.9998034148804216
LMF2,0.6820625639874971,1.0600665734732422,1.3864990790835379,0.7645634890532604,0.44453151730218154,0.9998034148804216
LMNA,1.8584811192386874,1.2951038311128,1.490834537796028,0.8687106437897624,0.38500541816704126,0.9998034148804216
LMNB1,1.9211823257241956,0.9039189369252895,1.0981944353749027,0.8230955355521435,0.41045366740665334,0.9998034148804216
LMNB2,0.34833220180894425,0.39661836626852665,1.9039085413413117,0.20831797203299868,0.8349806998038275,0.9998034148804216
LMO4,0.4925047456298067,-1.3389623776392472,1.727144863811035,-0.7752461334857328,0.4381942325092061,0.9998034148804216
LNPEP,1.3210003846417757,0.2519647032988981,1.1187473203051796,0.2252203859850725,0.821807831094055,0.9998034148804216
LONRF1,0.7769573822226984,-0.12436906963051157,1.1192872482429532,-0.11111452384161884,0.9115255317015625,0.9998034148804216
LPCAT1,0.5977777327656625,-1.2711688909690735,1.6699591738068602,-0.7611975854902493,0.44653906020522793,0.9998034148804216
LPGAT1,0.5721607920083894,1.9820345006694915,2.1671057278379307,0.9145998163397961,0.36040175517124495,0.9998034148804216
LPIN2,0.4438142306114438,1.4766425721191867,1.862113459503827,0.7929928031950579,0.427782015813446,0.9998034148804216
LPP,0.9862068373449312,-0.16158147725383326,1.0639915585833868,-0.15186349548577727,0.8792946006676033,0.9998034148804216
LPXN,0.40659685158346637,0.04448619597533137,1.5377622839132863,0.028929176141661652,0.9769210761592937,0.9998034148804216
LRCH3,0.8290707202389876,-0.34980432035415193,1.0559580116219351,-0.331267263001166,0.740442616929891,0.9998034148804216
LRIF1,0.7883427876308504,-1.8242395839083998,1.801503370191918,-1.0126206889716003,0.3112413738637321,0.9998034148804216
LRP10,0.2504175606773587,0.07773755531625526,2.8222827834697344,0.027544212001564265,0.978025677132716,0.9998034148804216
LRRC47,0.16733007554084214,0.5400225499562459,2.808144030109207,0.19230585901793817,0.8475026292225188,0.9998034148804216
LRRC8C,0.7281193821960036,-0.8068114519135666,1.2689432268047942,-0.6358136714635548,0.5248978755134688,0.9998034148804216
LRRFIP1,3.945282569587439,-0.1291461379581478,0.625803647661688,-0.20636846467850048,0.8365031021721435,0.9998034148804216
LRRFIP2,1.5370846431618124,-1.0844223053234698,1.068068585951549,-1.0153114880327194,0.3099573699674236,0.9998034148804216
LRRK1,2.4521486574734634,-0.34212730618097814,0.8869061198673754,-0.38575368747273786,0.699679097492294,0.9998034148804216
LRRK2,0.8277221000966826,1.559656332738345,1.7227898475720527,0.9053085232284056,0.3653019622746123,0.9998034148804216
LSM14A,1.3463399375648737,-0.5420370765618043,1.0600730565827146,-0.5113204917301949,0.609126658445905,0.9998034148804216
LSM2,0.4342400958552846,-1.1387053482269618,1.7397364721495385,-0.6545274910630744,0.5127720216422866,0.9998034148804216
LSM3,0.310574045350554,-0.5296251999456226,2.1870360438258776,-0.24216573907905337,0.8086517412795424,0.9998034148804216
LSM4,0.37340086410342965,1.2238957472435716,1.6044790773112487,0.7627994434770378,0.4455830130754824,0.9998034148804216
LSM5,0.3598167159730008,-1.0503991896250138,2.2216671707219633,-0.4727977275208469,0.6363574955153575,0.9998034148804216
LSM8,1.5035933302399906,1.4679124193752164,1.3192494369101626,1.1126875466501922,0.26584264585826434,0.9998034148804216
LSP1,6.157090156064417,-0.35083580191855146,0.48853027085686074,-0.718145471934013,0.47266759517328605,0.9998034148804216
LSR,0.40856848389707423,-0.2748953533271789,1.4797737360755014,-0.18576850407970286,0.8526263046694547,0.9998034148804216
LST1,1.3293656683128139,0.6649078621717968,0.988465538246319,0.672666710618399,0.5011593505308456,0.9998034148804216
LTA4H,1.5663214335980544,-0.09869208234034577,1.1831849864297612,-0.08341221657836219,0.9335237749393925,0.9998034148804216
LTB,1.0002076067910968,1.3074949665681757,2.1244731142053945,0.6154443460948251,0.5382613126895095,0.9998034148804216
LUC7L,1.5321638617807287,2.0355381290965906,1.3420830303795601,1.5167005937933002,0.12934229432635522,0.9998034148804216
LUC7L2,0.20969719767549577,1.6302434673189126,2.497465219860034,0.6527592273778599,0.5139115128440382,0.9998034148804216
LUC7L3,1.1939089469870314,0.24689983254886982,1.0567314763887863,0.23364481712289975,0.8152607315112532,0.9998034148804216
LUZP1,0.629721943547941,-1.7041876326764511,1.7201028859263678,-0.990747499245462,0.3218088910053406,0.9998034148804216
LY6E,0.7943077710410952,-0.6995903621912615,1.3140128217467133,-0.5324075614888584,0.5944437492237047,0.9998034148804216
LY75,4.872848166736184,0.6334794818903406,0.6400599310767524,0.9897190108817754,0.32231148018288736,0.9998034148804216
LY86,0.3558565773307706,0.5643803524890748,1.6026779838247152,0.3521483156224608,0.7247270354785433,0.9998034148804216
LY96,0.3492607758200948,-0.8743330126969072,2.131818474024985,-0.4101348324682263,0.6817070421250876,0.9998034148804216
LYN,2.9155113559743593,0.01784145592235933,0.7149117500648795,0.024956165457820756,0.9800899276051552,0.9998034148804216
LYPD3,1.1364342304793662,1.865963813372717,1.4144548000936912,1.3192106338421832,0.18709870421387342,0.9998034148804216
LYPLA2,0.23650853936611257,-0.05404098014351005,2.1849689476744043,-0.024733065520692717,0.9802678806704584,0.9998034148804216
LYRM4,0.5118440238565919,0.6994524284804917,2.1156265837458528,0.33061242180180317,0.7409372621627499,0.9998034148804216
LYSMD2,0.2428931851555324,0.05200081019056174,2.1918500336977766,0.023724620476353205,0.9810722672307575,0.9998034148804216
LYST,2.7374189670616755,0.5783138093148815,0.9353699035301669,0.6182728427890134,0.5363955003199863,0.9998034148804216
LYZ,0.520874943856383,0.9733651817645305,1.8719732344077402,0.5199674674154656,0.603086250009985,0.9998034148804216
M6PR,1.8567008121169064,-0.06946680492330794,0.9655519640960268,-0.07194517489107326,0.9426455388088784,0.9998034148804216
MACF1,2.0174771825018194,0.44774602803415875,0.9290190521321233,0.48195570048490366,0.6298374161548149,0.9998034148804216
MAD2L2,0.4789535982164029,-1.4351639578296127,1.7158528583689914,-0.8364143526816231,0.4029218409604336,0.9998034148804216
MAF,0.5885726780664188,-0.3367405588024638,1.651600501927484,-0.2038874161211952,0.8384414790110428,0.9998034148804216
MAF1,0.6367754163610964,2.4203049585615846,2.0175550060860026,1.1996227866207747,0.23028587275780688,0.9998034148804216
MAFB,0.3128067081174573,2.05239054814326,2.5514182349807446,0.8044116483939565,0.4211592761176789,0.9998034148804216
MAFF,3.794876355376966,0.12839937037846297,0.7497305107971571,0.17126069771649188,0.8640187825215033,0.9998034148804216
MAGED2,0.592128146112897,-0.06136042344929036,1.2421503545143016,-0.04939854762854627,0.9606016855752308,0.9998034148804216
MAGEF1,0.36236251018602594,1.1350469678828803,1.8136344595424183,0.6258410904748986,0.5314191771022536,0.9998034148804216
MALAT1,14.266794770781603,-0.09796570474143748,0.34943281442660673,-0.280356339464546,0.7792041304109091,0.9998034148804216
MALSU1,0.5812313780917608,-1.6208627796181498,2.1814040642004424,-0.7430364718845658,0.4574595995468189,0.9998034148804216
MALT1,2.55487101273454,-1.8910880391871934,0.9314522985185034,-2.030257526010739,0.042330369173602854,0.9998034148804216
MAML1,0.48113638625126676,-0.7829974904296506,2.0445006298363295,-0.3829773779489286,0.7017365374657379,0.9998034148804216
MAN1A2,0.6684086740174818,-1.9243859406618509,1.7133858828794801,-1.1231480076325646,0.2613746398033915,0.9998034148804216
MAN2A1,1.30597549121038,0.17169923107548074,1.3071849878660802,0.13135036943452963,0.8954981478633331,0.9998034148804216
MANBA,0.4969008850906042,-0.27138380154184644,1.4565364788810886,-0.1863213214888538,0.8521927880883311,0.9998034148804216
MANF,0.33539688071254853,-0.38617879065872446,2.185399343777708,-0.17670856896624262,0.8597373097417165,0.9998034148804216
MAP1LC3B,1.0034460103379783,-0.25847836417505593,1.1740771933490064,-0.2201544886820918,0.8257508398016553,0.9998034148804216
MAP1LC3B2,0.567215442095482,-1.3897350593319808,1.3266249225911775,-1.047571951699457,0.2948358657589293,0.9998034148804216
MAP2K1,1.3530839713968852,0.06361330652076752,1.1207816394510879,0.056757984143925355,0.9547379837482123,0.9998034148804216
MAP2K2,0.7365863360229411,1.2148059706201322,1.6594747373792718,0.7320424609407531,0.46414265163942037,0.9998034148804216
MAP2K4,0.772283854927726,-0.13497339741855882,1.2326337279296593,-0.10950000341566278,0.9128059190608131,0.9998034148804216
MAP3K1,2.69067750465838,0.25441457213061563,0.6701578546478102,0.3796337987627091,0.7042172680799004,0.9998034148804216
MAP3K13,1.6086344011659055,0.24860639579448135,0.9888761633286621,0.2514029612743883,0.8015025784496532,0.9998034148804216
MAP3K2,0.9021629097605578,0.09406782643385896,1.273441810556956,0.07386896335115398,0.9411146520142665,0.9998034148804216
MAP3K20,0.1921529109028367,0.6753883122830509,2.8033236855837353,0.24092412722664774,0.8096139220123499,0.9998034148804216
MAP3K7,0.7510643869532857,3.0153791129566403,2.112161883419822,1.4276268957540368,0.1533992779313526,0.9998034148804216
MAP3K8,1.1148101884928514,0.3061281566453643,1.222464647783323,0.25041882168164287,0.8022634756177133,0.9998034148804216
MAP4,2.3135447017814768,-1.1573226927256968,0.9715992399924585,-1.1911523240123982,0.23359379195526464,0.9998034148804216
MAP4K4,2.7435597640616596,-0.49826672225733265,0.7638946242288845,-0.6522715391017567,0.5142260168778764,0.9998034148804216
MAP7D1,1.248558150467129,-0.006859915255979873,1.2386643499814622,-0.0055381550749260995,0.9955812141586118,0.9998034148804216
MAPK1,0.7396022258658503,0.0689626793656753,1.1145615467645817,0.061874267568143224,0.9506629597293533,0.9998034148804216
MAPK13,0.4133586826116982,2.3171970514243587,2.642041752134736,0.877047854959935,0.3804606458359483,0.9998034148804216
MAPK14,0.7068971410841871,-0.2807790431330709,1.3474233172440173,-0.20838220590346368,0.8349305490063405,0.9998034148804216
MAPK1IP1L,1.5353439279421588,-1.4110114869311885,1.3760524958521314,-1.0254052742787318,0.3051720005731591,0.9998034148804216
MAPK8,0.8215765610823248,-0.649269232449524,1.936150955847182,-0.3353401915737659,0.7373684786206811,0.9998034148804216
MAPK9,0.4414395981962936,0.579849591674937,1.37221941767314,0.4225633191069273,0.6726138938069053,0.9998034148804216
MAPKAP1,0.36620136176242063,-0.8777063646711518,1.7924279454259795,-0.4896745595330252,0.624364206919515,0.9998034148804216
MAPKAPK2,0.8851925759020269,-0.9638814129804136,1.2394323085231354,-0.7776797541520774,0.43675783057149564,0.9998034148804216
MAPKAPK3,0.22450012178665757,0.8787843464036867,2.79824016735673,0.31404893570440123,0.7534838721751099,0.9998034148804216
MAPRE1,2.498195275061028,-0.5743220396644995,0.7413915595492289,-0.7746541382446964,0.43854405763220583,0.9998034148804216
MAPRE2,0.4537264760106355,0.5987725626145219,1.508090444692316,0.39704022044691417,0.6913378014276325,0.9998034148804216
MARCH6,2.0303009362963076,0.054010039527098055,1.0871896086718902,0.0496785832906154,0.9603785234404774,0.9998034148804216
MARCH7,0.7469118091136215,-1.1812629505852081,1.1878465726868,-0.9944575147557144,0.32000017929841995,0.9998034148804216
MARCH8,0.5100490324024657,-1.145534613477975,1.4581503691039346,-0.7856080125549267,0.43209716884961324,0.9998034148804216
MARCKS,8.918631428179784,-0.10760544726496553,0.4270431367353772,-0.2519779338630248,0.8010581198277769,0.9998034148804216
MARCKSL1,10.465652320697918,0.006147225193609004,0.4114165362822425,0.014941609418907377,0.9880787641054383,0.9998034148804216
MARF1,0.7972514330753436,0.5723271658723642,1.3308097999247432,0.43005932621230253,0.667152486240844,0.9998034148804216
MARK2,0.5497294630765595,1.1258149059518026,1.8639157239720285,0.6040052624013903,0.5458401434888873,0.9998034148804216
MARK3,2.219992884215584,0.5281230557510543,0.931857750558834,0.5667421400254915,0.5708893861297277,0.9998034148804216
MAT2B,0.4597117582513122,0.20054710253422772,1.5410972386341992,0.13013267268713236,0.896461460834839,0.9998034148804216
MATR3,2.323232471380097,0.05080180585303538,0.862707113842369,0.05888650393384575,0.9530425076978147,0.9998034148804216
MAU2,0.29921081825233287,1.7922770393474128,2.4745006955452262,0.7242984585027591,0.4688825231559536,0.9998034148804216
MAX,0.18576826511341685,0.6101673702747812,2.8058973637696756,0.21745890571529378,0.8278507291853331,0.9998034148804216
MBD1,0.5204719437548407,0.09947314656511026,1.5100493300801896,0.06587410396707229,0.9474780578301394,0.9998034148804216
MBD2,1.5761351493933522,0.3298954199909763,1.1304134897271962,0.2918360608652948,0.7704119722132452,0.9998034148804216
MBD4,0.5180175139247557,-0.45388583644789393,1.6358907737579171,-0.2774548544003593,0.7814308664526893,0.9998034148804216
MBD6,0.1981796827944141,0.6753883122830514,2.8033236855837353,0.24092412722664794,0.8096139220123497,0.9998034148804216
MBNL1,3.073800892188765,0.18026510603277615,0.832816534176587,0.21645236211719288,0.8286351544433785,0.9998034148804216
MBNL2,1.0872678054160343,0.09337496595566029,1.2680252955683722,0.07363809403644937,0.9412983587515233,0.9998034148804216
MBOAT2,0.8115131960041134,0.24741449589463324,1.238029281395618,0.19984543145516345,0.8416014687901996,0.9998034148804216
MBOAT7,0.5775436461943859,-0.5233235431015238,2.4717696608212947,-0.2117201903544844,0.8323253355373387,0.9998034148804216
MBP,0.7446237366408934,2.6041120286919845,2.127287753319208,1.2241465803715494,0.22089693682516465,0.9998034148804216
MCCC2,0.664684306732394,0.9924478946281143,1.2968791399129571,0.7652585843078057,0.444117580593293,0.9998034148804216
MCL1,5.80591530034393,-0.2549826242411813,0.5101383022384127,-0.49983038545107195,0.6171945133190293,0.9998034148804216
MCM5,1.0013535622259009,-0.6799713538785063,1.37805737016103,-0.49342746434355605,0.6217105805127496,0.9998034148804216
MCOLN2,0.6803743152038056,-0.45867669361040697,1.6617751494780355,-0.2760160986608071,0.7825357014233894,0.9998034148804216
MCRIP1,0.5810031763408926,-0.9817945829993194,1.4635296508737898,-0.670840240519313,0.5023223092777409,0.9998034148804216
MDH1,1.1052345580091727,-1.0202943326844136,1.2535421123561818,-0.813929043649478,0.41568560119230913,0.9998034148804216
MDH2,0.7692330571386894,2.2115023879639457,1.6308700760752466,1.3560260994462623,0.17509086405336616,0.9998034148804216
MDM2,0.698312833244889,-0.4071616049232636,1.25687501605867,-0.323947568152041,0.7459777299493003,0.9998034148804216
MEAF6,0.7041999946311621,-0.7095692696353156,1.6055245138032084,-0.44195480264232745,0.6585219124737482,0.9998034148804216
MECP2,1.2663712074318443,0.15179938148199923,1.6661947405615243,0.09110542590648275,0.9274088213257404,0.9998034148804216
MED12,0.39501733648367054,-0.40418509676046177,1.4784077088032057,-0.27339217345373285,0.7845517683920111,0.9998034148804216
MED13,1.3278463941986527,0.3960225364395699,0.8999117250317296,0.44006820382922196,0.659887710091076,0.9998034148804216
MED13L,3.6638106971438407,-0.542725550673565,0.6181351828149835,-0.8780046270817276,0.379941207693258,0.9998034148804216
MED14,0.22898416384428627,-0.16386281049873566,2.191315176608689,-0.07477829398887846,0.9403911123421959,0.9998034148804216
MED25,0.42987695711151214,-0.7161724143651165,1.5160970815013475,-0.47237899413137285,0.6366562951342245,0.9998034148804216
MED28,0.6098312765488173,-1.3774372826111931,2.1689236042686777,-0.6350787459273561,0.5253770581800878,0.9998034148804216
MED29,0.5849169020371925,-0.14476103925678732,1.2587009319821127,-0.11500828797260675,0.9084385527853113,0.9998034148804216
MED4,1.337683401916915,0.8719918814854604,1.0217844586541822,0.8534010026282672,0.39343696568493247,0.9998034148804216
MEF2A,0.1609454297514223,0.4640787792493459,2.809804227670471,0.1651640974410877,0.8688148232103851,0.9998034148804216
MEF2D,1.4282344753664136,-0.9181058638181628,1.184802455170578,-0.774902060517744,0.4383975344909753,0.9998034148804216
MELTF,0.7359979950628732,-1.1657248060845826,1.4224302198226726,-0.8195303993400167,0.41248386523574776,0.9998034148804216
MESD,0.25978864489415837,-0.9049405003876693,2.1631690433306985,-0.41834016771722304,0.6756984254411587,0.9998034148804216
METAP2,1.1345558897544854,-1.448916597155124,1.2620074610886811,-1.1481046204791883,0.2509253769885764,0.9998034148804216
METRNL,1.8528458338385008,-0.4112967585749037,0.8774179115193168,-0.46875810622866315,0.6392425481459251,0.9998034148804216
METTL26,0.35113556468915574,1.2278824037710943,1.8682101673658535,0.6572506804747716,0.5110197430458916,0.9998034148804216
METTL7A,0.21807034979353787,-0.10495025331892445,2.1886300435989563,-0.047952486819721044,0.9617541090374094,0.9998034148804216
METTL9,0.6249545179603957,0.5175581833833864,1.2728030855934118,0.4066286366222064,0.6842807614096903,0.9998034148804216
MFHAS1,0.33649148424125513,-1.1051001611204625,2.1355448668826997,-0.5174792523715976,0.6048216485625544,0.9998034148804216
MFSD1,0.9370158927714477,1.731582027942303,2.2509252631880043,0.7692756646614952,0.44172968061567097,0.9998034148804216
MFSD10,1.0898668310146558,0.5046132155754175,1.3484376820669477,0.37422064236733804,0.708240167514478,0.9998034148804216
MFSD14B,0.8950987696932984,1.065543612128242,1.307238024603612,0.8151106317851656,0.4150089864566856,0.9998034148804216
MGAT1,2.934280382237454,-1.0667790052278623,0.8536905419059161,-1.2496085558664072,0.2114425761455362,0.9998034148804216
MGEA5,2.353503974071664,-0.549021878921289,0.8548333556355715,-0.6422560318941805,0.5207069573046229,0.9998034148804216
MGLL,3.7113824502983994,-0.8725104841603049,0.6662100190423991,-1.3096628078551553,0.1903099307038092,0.9998034148804216
MGP,0.2841657037614794,2.0033013186105872,2.5971363382270622,0.7713500785939266,0.4404994565919118,0.9998034148804216
MGRN1,0.7655011183652161,-1.5615698338040844,1.6450612943237357,-0.9492472038532925,0.3424948987479157,0.9998034148804216
MGST3,1.2565251362618997,0.15686458044211843,0.9834025448880892,0.15951207494583974,0.8732654456885465,0.9998034148804216
MIA3,0.9905963951009554,-0.44241882699040375,1.2813168457686104,-0.3452844848262449,0.7298805095804697,0.9998034148804216
MIB1,0.5039424630959535,-1.0280571283320492,1.2856686643259612,-0.7996283621573913,0.4239261498609149,0.9998034148804216
MICAL1,1.5754960281566692,0.09651759384876578,0.9116615754895036,0.10586998119005075,0.9156855117215785,0.9998034148804216
MID1IP1,0.30854041281823186,-0.05347464111366537,1.8301507289189651,-0.029218708748241635,0.9766901601800488,0.9998034148804216
MIDN,1.1181581373708729,0.06335350414909191,1.2177000713068633,0.05202718275371331,0.9585070340345502,0.9998034148804216
MIER1,0.5454947286790178,-1.7653838092895204,1.7266212220047346,-1.022449965742793,0.30656798219078096,0.9998034148804216
MIR1244-2,1.5418249671443967,-0.6958713467815159,0.9696655854820477,-0.7176405527845756,0.47297894644628224,0.9998034148804216
MIR155HG,0.5837808088575852,0.1448670309529775,1.5601792247382762,0.09285281373829299,0.926020492906715,0.9998034148804216
MIR22HG,0.4468175430538379,-0.7605657145860012,1.4529079711986235,-0.5234782447772985,0.6006414865157892,0.9998034148804216
MIS18BP1,1.323547098182402,-1.0076727029274888,0.9430109054402014,-1.0685695118839618,0.28526369264623896,0.9998034148804216
MKL1,0.310574045350554,-0.5296251999456226,2.1870360438258776,-0.24216573907905337,0.8086517412795424,0.9998034148804216
MKNK2,4.067624174622313,-0.04119457573038339,0.6177868693121393,-0.06668088587938191,0.9468357512981073,0.9998034148804216
MKRN1,1.0996611322185428,-0.651891532342652,1.0274681677536892,-0.6344639695922213,0.5257780735752869,0.9998034148804216
MLEC,0.2846114802561529,-0.6952472495223327,2.1822546025199654,-0.3185912627790973,0.7500364797607599,0.9998034148804216
MLF2,1.3507722623816554,0.2276030268281359,0.9489404084553291,0.23984965209630463,0.8104468133978879,0.9998034148804216
MLLT10,0.5551618983123272,-1.2754188291385782,1.5420319760909589,-0.8271027118203843,0.40817884730610676,0.9998034148804216
MLLT6,2.079152845163441,-1.356290764372312,0.9318111608755272,-1.455542519042104,0.1455191280390824,0.9998034148804216
MMADHC,0.5998274919999953,0.5587108199506929,1.296849626471505,0.43082159145223703,0.6665980988452742,0.9998034148804216
MMD,1.9576466366819167,0.032873103295949446,0.8618423658681617,0.03814282587841375,0.9695738060240497,0.9998034148804216
MMGT1,0.8080528164087613,0.3307944912281021,1.348614445417784,0.2452847011627746,0.806235996696262,0.9998034148804216
MMP14,0.12411417680997275,1.3689289077528726,3.678209247646588,0.3721726567428833,0.7097643029399258,0.9998034148804216
MMP24OS,0.2921358557779793,-0.5225845821870232,1.8260099374281002,-0.2861893418406438,0.7747331064901044,0.9998034148804216
MMS19,0.28575120998855946,-0.6992375790941393,2.183326984280146,-0.32026241791935783,0.7487694101037143,0.9998034148804216
MNDA,1.489735250005472,-0.41015374742244126,1.1215352877047307,-0.3657073940685703,0.7145834281177317,0.9998034148804216
MOB1A,4.816470953109994,0.19315635086295946,0.5934413383193101,0.3254851632176469,0.7448139098887103,0.9998034148804216
MOB1B,2.2341189057528283,-0.072171639799243,0.7874665621967247,-0.09165041827034821,0.9269757919984943,0.9998034148804216
MOB3A,3.629945877481608,-0.02825198772357809,0.6503936601553566,-0.04343828892309569,0.965352156345485,0.9998034148804216
MORF4L1,2.2973709029171774,0.25599182536323245,0.8055233416401864,0.31779566417279526,0.750639939833456,0.9998034148804216
MORF4L1P1,0.9745494890066786,-1.5647044315949101,1.5952672882641823,-0.9808415449284817,0.3266708874012856,0.9998034148804216
MORF4L2,1.5125640490399688,0.5088660143862055,1.4200113767109286,0.358353477114286,0.7200788027443055,0.9998034148804216
MOSPD2,1.5917531020707012,0.4797506346584252,0.8342008993867968,0.5751020347869197,0.5652222918806538,0.9998034148804216
MPC2,0.3959112392835861,-0.7962732752623601,2.1569061497634436,-0.3691738165565018,0.7119981709338093,0.9998034148804216
MPHOSPH6,0.4494548764164933,-0.6113227784967176,1.4487568747767219,-0.4219636773705959,0.6730515299207784,0.9998034148804216
MPHOSPH8,1.1806006813541445,-0.23034539548528135,1.5163373343214301,-0.1519090708060435,0.8792586538602035,0.9998034148804216
MPZL1,0.12411417680997275,1.3689289077528726,3.678209247646588,0.3721726567428833,0.7097643029399258,0.9998034148804216
MR1,0.24891995704710984,0.020990208654375,2.1857803242442353,0.009603073292204082,0.9923379738481592,0.9998034148804216
MRC1,0.6317252898363436,2.8095280693459723,2.0037106398866102,1.4021625744847883,0.16086670471742204,0.9998034148804216
MREG,2.1931031768978557,-0.26859658375845535,0.7700455104993438,-0.3488061161271899,0.727234871457378,0.9998034148804216
MRFAP1,0.6622335134551082,0.7580924826004742,1.481306341306365,0.511772927355399,0.6088099397100855,0.9998034148804216
MRPL14,0.21168570400411804,-0.22518240158603886,2.177601068772614,-0.10340847311990023,0.9176387876230103,0.9998034148804216
MRPL18,1.5099186803741729,-0.830581601491209,0.9120775884209724,-0.910647966834869,0.3624808883238353,0.9998034148804216
MRPL21,0.2380061429963615,0.013129840227973408,2.8257825710019997,0.004646443913523634,0.9962926874785687,0.9998034148804216
MRPL28,0.21168570400411804,-0.22518240158603886,2.177601068772614,-0.10340847311990023,0.9176387876230103,0.9998034148804216
MRPL32,0.5358204417653132,0.9257660003764732,1.8818059864537848,0.49195613524487475,0.6227503531958447,0.9998034148804216
MRPL33,0.21054597427171157,-0.2773379730231575,2.835788601140914,-0.0977992410688078,0.9220917100352884,0.9998034148804216
MRPL34,0.7162601201190903,0.6975002165791037,1.5416555618997,0.4524358318531354,0.6509550384392973,0.9998034148804216
MRPL37,0.4458027369400661,0.022256973519610864,1.5203318732859326,0.014639549371221357,0.988319746792729,0.9998034148804216
MRPL41,0.673743842481895,-0.8211389158453091,1.7331824308405173,-0.47377523637087227,0.635660195389293,0.9998034148804216
MRPL51,0.8538351919350672,0.15124394658414386,1.1968537799099828,0.12636793994628076,0.8994406788931635,0.9998034148804216
MRPL52,0.5348371965532253,-0.18901855302286572,1.6298303322027288,-0.11597437431870937,0.9076728510605709,0.9998034148804216
MRPL54,0.3492607758200948,-0.8743330126969072,2.131818474024985,-0.4101348324682263,0.6817070421250876,0.9998034148804216
MRPS14,0.6410483026974692,-0.37537932347031333,2.0395471642593233,-0.1840503274689581,0.8539739736258402,0.9998034148804216
MRPS21,0.7138508164927053,0.8335048342564546,1.2496564426755996,0.6669871860716087,0.5047803184050151,0.9998034148804216
MRPS27,0.6686029557237235,-0.5294607351013391,1.4991969380240373,-0.3531628978639563,0.7239663211914515,0.9998034148804216
MRPS33,0.3657104590640473,0.5215328601791986,1.5535396012261178,0.3357061897666357,0.7370924376960046,0.9998034148804216
MRPS34,0.16733007554084214,0.5400225499562459,2.808144030109207,0.19230585901793817,0.8475026292225188,0.9998034148804216
MRPS36,0.2350109357358637,-0.27046325201020144,2.8450461092656774,-0.0950646286994658,0.9242634930062436,0.9998034148804216
MRPS6,1.1632488249708033,0.6954396751689204,1.0310042856279702,0.6745264640149752,0.4999766667058325,0.9998034148804216
MS4A6A,0.4879240321422289,0.20549382696766066,1.5707316334871946,0.13082682145481597,0.8959123048944433,0.9998034148804216
MSI2,0.8853685341687996,0.38833135928313217,1.4087510909451073,0.27565647457465836,0.7828119290043417,0.9998034148804216
MSL1,1.6533552595138052,-1.2657161100058207,0.8615264704714736,-1.4691552185426793,0.14179069341331788,0.9998034148804216
MSL2,0.5986788214198729,0.3873376967608526,1.5897149525649055,0.24365229510857117,0.8075001229221432,0.9998034148804216
MSL3,0.660135319304077,1.3796710542805473,1.6817075896645,0.8203988985717732,0.4119887431720958,0.9998034148804216
MSN,3.503720103900812,0.13820232314033332,0.6472501700573815,0.21352226624842924,0.830919623588488,0.9998034148804216
MSR1,0.0992913414479782,1.240280285129172,3.6917755027543175,0.33595766703686014,0.7369027896980476,0.9998034148804216
MT-ATP6,14.46342400231215,0.026262678322320168,0.3353366230792394,0.07831735788701596,0.9375756102738695,0.9998034148804216
MT-ATP8,7.186300226724864,-0.29179856255770736,0.4871743219729753,-0.5989612945443666,0.5491986955577985,0.9998034148804216
MT-CO1,18.047010157729076,-0.01258285419698551,0.3117553480863845,-0.04036130983548972,0.9678050753773253,0.9998034148804216
MT-CO2,15.48538436308484,-0.018708948343215723,0.32562314747152893,-0.057455830423884566,0.9541820901660605,0.9998034148804216
MT-CO3,15.411899102210944,-0.0029069932079366203,0.32915839996537005,-0.00883159356784593,0.9929534994460857,0.9998034148804216
MT-CYB,14.59044775842952,0.11680527574056053,0.3403326517747814,0.3432091370940735,0.7314411312955027,0.9998034148804216
MT-ND1,14.349583581352013,-0.019910129346778313,0.33556505591346897,-0.059333142697410274,0.9526867635501421,0.9998034148804216
MT-ND2,14.501864217200469,-0.08269017010977642,0.3353369397781774,-0.24658831253268806,0.8052268505354216,0.9998034148804216
MT-ND3,14.928405120241766,0.15323823557534963,0.3305894766332032,0.46353028879189356,0.6429843094013138,0.9998034148804216
MT-ND4,16.13438871692117,0.016451875204037725,0.3183640919185156,0.05167629020250355,0.9587866296687093,0.9998034148804216
MT-ND4L,6.8458137657740075,-0.44430408213100536,0.4698294752851497,-0.9456709412736347,0.34431644827736263,0.9998034148804216
MT-ND5,11.960866875249582,-0.02944594164034403,0.3620522936828485,-0.0813306313870177,0.935179014349383,0.9998034148804216
MT-ND6,9.19530921286655,-0.02944508840692375,0.4182753550857589,-0.07039642199547384,0.9438781390192742,0.9998034148804216
MT-RNR1,10.659891798237402,-0.04075797223576125,0.414108112378845,-0.09842350588503805,0.9215960102986178,0.9998034148804216
MT-RNR2,18.189401714389774,-0.014496930959278531,0.3140776069190922,-0.046157161924036835,0.9631849858915256,0.9998034148804216
MT-TF,0.8705129049152898,1.2366455402678203,1.1987708718447836,1.0315945851810293,0.3022620780890758,0.9998034148804216
MT-TL1,1.5909575568600816,0.4112554535034793,1.0751386482894358,0.3825138777754793,0.7020802371589028,0.9998034148804216
MT-TV,0.553709420885778,-0.47234094872980054,1.2467785674456813,-0.3788491084647869,0.7047999175189821,0.9998034148804216
MT2A,1.3417836676985844,1.4227681438804196,1.0216834108503416,1.3925724238746886,0.16374912676007303,0.9998034148804216
MTA2,0.6182374293838845,-0.7359450664927796,1.5140318449109156,-0.48608295061064716,0.6269083545327789,0.9998034148804216
MTATP6P1,5.7981111482132714,-0.09137590326508115,0.5703309913941371,-0.16021556717743618,0.8727112669648864,0.9998034148804216
MTCH1,1.3460594394211478,-0.4033866241003872,1.1169708619797298,-0.36114337251861783,0.7179922714778069,0.9998034148804216
MTCH2,0.5949368132880253,0.035744042066225314,1.3647794464272045,0.026190343179477136,0.9791055182684394,0.9998034148804216
MTDH,1.9407236897042393,-0.11424290478263778,0.8117865636920704,-0.14073022379558967,0.8880830675664637,0.9998034148804216
MTHFD2,2.1188479489411787,-0.33999139489369157,1.0207441536974373,-0.33308189291326545,0.7390724671093549,0.9998034148804216
MTHFR,0.8733147674337781,-0.6255762765353396,1.481530179164858,-0.4222501069049963,0.6728424714279029,0.9998034148804216
MTMR1,0.6104764670300512,-0.8964996679008891,1.4271817967344353,-0.6281608061090668,0.529898602907251,0.9998034148804216
MTMR10,0.9927426028133708,-0.193791759314019,1.4323387222712578,-0.13529743789005694,0.8923767107209485,0.9998034148804216
MTMR4,0.42825845016740705,-0.4938391447141222,1.8028971403200855,-0.2739142093411087,0.7841505515888161,0.9998034148804216
MTMR6,0.9284631458338334,-0.2996918266318766,1.1576799003007208,-0.25887279078960274,0.795733392529733,0.9998034148804216
MTND2P28,1.025442778266582,0.4022587755784889,1.176388806131332,0.3419437293876977,0.7323932397288933,0.9998034148804216
MTPN,2.257389466283637,-0.5627549216547932,0.88732706718474,-0.6342136315533228,0.5259414126003175,0.9998034148804216
MTSS1,1.4808305282820797,1.4974796531920522,1.0749552254245298,1.3930623506673554,0.1636009368693433,0.9998034148804216
MVP,0.6223022747592041,-0.18344370473233554,2.454601073786399,-0.07473463068659073,0.9404258534054941,0.9998034148804216
MX1,1.2118532887092586,0.6503955331302502,1.772176429253628,0.36700382783229524,0.7136161627466022,0.9998034148804216
MX2,0.47625447637241464,-0.031806394337318765,1.8658802191001018,-0.017046321629723218,0.9863996618141155,0.9998034148804216
MXD1,2.6502545275982827,-0.3079078844727234,0.7425182720430227,-0.4146805487028914,0.6783757735538158,0.9998034148804216
MXI1,1.0068591432930738,0.820705366300793,1.5142669881637172,0.5419819442118495,0.5878309443999717,0.9998034148804216
MYADM,4.581990211103836,-0.1968970787067735,0.6918920558431803,-0.28457774163460103,0.7759676660405919,0.9998034148804216
MYCBP2,0.7898281417003851,0.14380520285985957,1.2984008141884962,0.11075563207324247,0.911810129288969,0.9998034148804216
MYDGF,0.4154440323848675,-1.3704191483421169,1.7848371634365265,-0.7678118634102794,0.4425989653943998,0.9998034148804216
MYH9,4.553256921065823,0.21140306056371796,0.5456316002149011,0.38744651240957323,0.6984256754798351,0.9998034148804216
MYL12A,2.2403855933803656,0.34313711012800974,0.7717182209225032,0.44464041514767855,0.6565796357693081,0.9998034148804216
MYL12B,3.396445945520432,0.5804697156576978,0.6887639884707698,0.8427701293537243,0.39935701691474734,0.9998034148804216
MYL6,9.197208796312099,0.05581171859708921,0.4411775522376586,0.12650625199312932,0.8993312004330656,0.9998034148804216
MYLIP,0.42975605379765597,-0.39249052563749887,1.7940586179004114,-0.21877240895106922,0.8268273407137376,0.9998034148804216
MYO1C,0.26019164499570063,0.013312471915519784,2.822992882810618,0.004715729889572257,0.9962374058736949,0.9998034148804216
MYO1E,0.0992913414479782,1.240280285129172,3.6917755027543175,0.33595766703686014,0.7369027896980476,0.9998034148804216
MYO1F,0.5387522089917557,-2.073794461474471,1.812632081766476,-1.1440790893723356,0.2525908387901272,0.9998034148804216
MYO1G,1.1095318879668339,-1.0508978024694622,0.961045188923602,-1.0934946811881945,0.2741766630140673,0.9998034148804216
MYO5A,0.743920238405923,-0.8147974828981893,1.201372536208074,-0.6782221653492743,0.49763084071558183,0.9998034148804216
MYO9A,0.7721501374784622,-0.08692729153379024,1.3410766470296052,-0.06481903307042768,0.9483180871185842,0.9998034148804216
MYO9B,1.2488157191343154,-0.6007182738905399,0.9361422481906803,-0.6416955062668864,0.521070907546184,0.9998034148804216
MZT2B,0.4338822219574422,-1.3260616286240998,2.26095927875158,-0.5865039857578961,0.5575368838656005,0.9998034148804216
N4BP1,1.1315879977184413,-0.05414844077274949,1.2216185169854974,-0.04432516372326101,0.9646452136325148,0.9998034148804216
N4BP2,0.6254039310078684,-0.7574333423654795,1.5539068800841387,-0.4874380518377441,0.6259479331456657,0.9998034148804216
N4BP2L1,2.5884683160388833,-0.49940033117165145,0.7857539735078588,-0.6355683178313023,0.5250578249417964,0.9998034148804216
N4BP2L2,0.746466032618948,0.392112562901184,1.2368561453816436,0.31702357979568757,0.7512257103083488,0.9998034148804216
NAA25,2.061394698106049,-0.821539155716278,1.0494095017662366,-0.7828585069351522,0.43371020586031006,0.9998034148804216
NAA50,1.222508461692109,-0.025376038554185944,1.0640097019134596,-0.023849442827965757,0.9809727015758748,0.9998034148804216
NAAA,0.7270939647403061,1.491214019547256,1.9559388156911182,0.7624032038140954,0.4458193946860064,0.9998034148804216
NAB1,0.7873287464667128,-1.746064943326655,1.9593609263181833,-0.8911400242157882,0.37285405516892534,0.9998034148804216
NABP1,3.7313421788844545,-1.0358523509181339,0.6628479726019996,-1.5627299075109355,0.1181161367314287,0.9998034148804216
NACA,5.394309256120034,-0.12326282154812723,0.5357314573465533,-0.23008322520137386,0.8180270995955112,0.9998034148804216
NACA2,0.30604487708922545,-0.3803121563156592,2.1670396648953236,-0.17549847493632736,0.8606879690087944,0.9998034148804216
NACA3P,0.5073148555952633,0.8086253030468603,1.6663102270127277,0.48527896542801685,0.6274784743074345,0.9998034148804216
NADK,0.41160518080847275,0.3245747051727301,1.4787851842011244,0.21948739319299662,0.8262703992326663,0.9998034148804216
NAF1,0.9845385885509425,0.6705971262785599,1.1389122686387843,0.5888049016102448,0.5559921573676478,0.9998034148804216
NAMPT,4.296424129972337,-0.10661672365217002,0.6494093925790722,-0.16417490241209956,0.8695934579840293,0.9998034148804216
NAMPTP1,2.8499994281569156,-0.3916250473778142,0.9958179005528899,-0.39326974054230124,0.6941202649855647,0.9998034148804216
NAP1L1,9.793479359478718,-0.3590325901616006,0.43364981325678215,-0.827932076034361,0.40770896816281954,0.9998034148804216
NAP1L1P3,1.284119080319485,-1.1574703947097025,1.2234411551517297,-0.9460777004564265,0.3441089566781671,0.9998034148804216
NAP1L4,0.2846114802561529,-0.6952472495223327,2.1822546025199654,-0.3185912627790973,0.7500364797607599,0.9998034148804216
NAP1L4P3,1.1356749369044805,-0.5692470232426342,1.46351695597551,-0.38895826995267135,0.6973070161649216,0.9998034148804216
NAPSA,0.9096130904788379,2.692238908164728,1.6486222182495687,1.6330235504306279,0.1024640436905626,0.9998034148804216
NAPSB,1.3979985582387737,0.03784414730941015,1.083168402449334,0.03493837820955115,0.9721288778970361,0.9998034148804216
NARS,0.5596947031264548,-0.657935809361535,1.4628704604762874,-0.4497567126670406,0.6528858734633836,0.9998034148804216
NASP,0.37517821471079604,-1.4317064315605128,2.1207773226246336,-0.6750856944229582,0.49962132190605635,0.9998034148804216
NAV1,2.380051912199465,-0.4044767376930117,0.7491570905513534,-0.5399091095771795,0.589259715277454,0.9998034148804216
NBN,1.5840905635859137,-1.262897805011431,0.9600520443762919,-1.3154472326881883,0.18835964037848063,0.9998034148804216
NBR1,0.4703006991212434,2.4525112535573323,1.964176605955842,1.2486205395791528,0.21180389624810925,0.9998034148804216
NCBP2,0.99309412756742,-1.6511493522174392,1.2834567578306635,-1.2864861571248107,0.19827344689347803,0.9998034148804216
NCCRP1,2.7127707881917296,-0.8108640093500223,0.8654402415529385,-0.9369381852350832,0.34879035566326244,0.9998034148804216
NCEH1,0.25639920636523633,-0.725813583514047,2.153948444658929,-0.3369688746793461,0.7361403637210233,0.9998034148804216
NCF4,0.32443794045810026,-1.0637334645323102,2.1205204727735483,-0.5016379130454671,0.6159222453085478,0.9998034148804216
NCK2,0.4129646233578719,1.35296437960556,1.871223176631557,0.7230374209243551,0.4696568941725229,0.9998034148804216
NCKAP1L,3.195819528717599,-0.18205822801468322,0.8308058823044053,-0.21913449566547183,0.8265452800801061,0.9998034148804216
NCL,3.0864557272259012,-0.9861464014527557,0.7639007267275454,-1.2909352837996146,0.19672611922846117,0.9998034148804216
NCOA1,1.241115039925182,-0.5683269189057815,1.4884627228847647,-0.3818213987948026,0.7025938452280476,0.9998034148804216
NCOA3,1.9397555194882645,-0.31678834096016745,0.788776684569014,-0.401619808442056,0.6879638495567556,0.9998034148804216
NCOA4,1.4273261182408081,-0.8319537552543076,1.1778375652541577,-0.7063399740309572,0.4799767400345668,0.9998034148804216
NCOA6,0.5337736276829544,-0.7614308711646839,1.432139376379569,-0.5316737209541518,0.5949519958218196,0.9998034148804216
NCOA7,0.909157778319301,-0.44071059155839043,1.6660903272971843,-0.26451782615732083,0.7913809305550937,0.9998034148804216
NCOR1,0.9562511328912748,-0.40279314100214403,1.010220017956171,-0.3987182334963585,0.6901008312385188,0.9998034148804216
NCOR2,3.5471280259525697,-0.5250222358764512,0.8191240973453567,-0.6409556715251814,0.5215514839466016,0.9998034148804216
NCSTN,0.4218738043779872,-0.6743784796650794,2.2146452784308583,-0.3045085758125999,0.7607404602233234,0.9998034148804216
NDE1,2.059707956541102,-0.3203483631919096,0.8318955224119111,-0.38508244672735464,0.7001763325894388,0.9998034148804216
NDEL1,1.0288241675257863,-0.24242234882658212,1.1656756843584877,-0.20796723486601304,0.8352545507870865,0.9998034148804216
NDFIP1,1.237331204970259,0.019152053295308117,1.2046975551971713,0.015897810377952935,0.9873159168477653,0.9998034148804216
NDRG1,1.6215664694614815,0.5942594624289623,0.9351937770760759,0.6354399237845021,0.5251415367402572,0.9998034148804216
NDRG2,0.3184562947702227,-0.310877463090458,2.1662546093111734,-0.14350919866677675,0.8858880469603357,0.9998034148804216
NDUFA1,3.2611887946390565,0.3255817013542871,0.7426645385166599,0.4383967248585459,0.6610987202098173,0.9998034148804216
NDUFA11,0.7207876160040977,-1.32575198413122,1.9641350613338124,-0.6749800511330026,0.4996884392297204,0.9998034148804216
NDUFA12,0.1624430333816712,0.5621265781201167,2.8122283959823533,0.19988653088176983,0.8415693246679163,0.9998034148804216
NDUFA2,0.582525395607028,-0.07343600955196569,1.4148896996742393,-0.05190228578868969,0.9586065529367012,0.9998034148804216
NDUFA3,0.4744695561587742,-0.7720568126201865,2.1345244279650486,-0.36169968471910524,0.7175764626842192,0.9998034148804216
NDUFA4,1.6447152166832062,-0.11411636321802782,0.8520313384229283,-0.13393446704583903,0.8934543950566933,0.9998034148804216
NDUFA6,0.2736976662054046,-0.6480417206985202,2.168093781930468,-0.2988993032033441,0.7650168787805304,0.9998034148804216
NDUFAB1,0.5931518930743848,-0.5395721752849049,1.608820968063304,-0.33538360451283833,0.7373357342068354,0.9998034148804216
NDUFAF3,0.5878101335728244,1.1483332184803072,1.5188301565322833,0.7560642732444317,0.44961066097961333,0.9998034148804216
NDUFB1,0.757180432683136,-1.5344971163898724,1.6558234450699902,-0.9267274967984347,0.35406803726691516,0.9998034148804216
NDUFB11,1.0256927633609167,-1.2077418683352785,1.5829915704496305,-0.7629490206269598,0.44549379957197754,0.9998034148804216
NDUFB2,1.4640863426004411,-0.5650215142566458,1.1031789338762257,-0.5121757648791724,0.6085280028654501,0.9998034148804216
NDUFB3,0.8106192932041978,0.5438806753101225,1.254023539122883,0.4337085057354949,0.6645001292061866,0.9998034148804216
NDUFB4,1.0410944789739593,-0.4121874466329762,1.1727185499182313,-0.3514802820009253,0.7252280627253993,0.9998034148804216
NDUFB5,0.9904397481751523,-0.670554615279347,1.2517530258150131,-0.5356924261019865,0.5921711389629452,0.9998034148804216
NDUFB6,0.12411417680997275,1.3689289077528726,3.678209247646588,0.3721726567428833,0.7097643029399258,0.9998034148804216
NDUFB8,1.3353353493141293,0.57631563629794,1.08860937265298,0.5294053595124192,0.5965242810657729,0.9998034148804216
NDUFB9,0.47701021809148053,0.3081299468942018,1.3923180625410077,0.2213071532892841,0.8248532805489635,0.9998034148804216
NDUFC1,0.6786831966990606,2.152664932420277,1.5633647435201155,1.3769435068449074,0.1685297146501068,0.9998034148804216
NDUFS3,0.29617412134093446,1.0233926204847206,1.8568884353210748,0.5511330681036665,0.5815424583630684,0.9998034148804216
NDUFS4,0.5146732015995336,0.35995272558523544,1.9099069505082873,0.188466105895599,0.8505112829666357,0.9998034148804216
NDUFS5,1.8106289535736788,-0.2603505144685088,1.0129437641485266,-0.2570236608222349,0.7971605077972206,0.9998034148804216
NDUFS6,0.5661208385667753,-0.3536135165797738,1.2469061441718927,-0.28359272927844864,0.7767225096478588,0.9998034148804216
NDUFS8,0.3368944843427974,-0.27027085016965574,2.1710603153202315,-0.12448795100830296,0.9009289398725788,0.9998034148804216
NDUFV1,0.35419294418296565,-0.1392133718619634,1.837525592415461,-0.07576132405261625,0.9396089865880198,0.9998034148804216
NEAT1,2.4520971122472144,0.044128749306940766,0.8355883787477226,0.05281158813275447,0.9578820283920941,0.9998034148804216
NECAP2,2.5214939176480353,0.966781497559215,0.7930881371241092,1.219008899899766,0.22284081455654514,0.9998034148804216
NECTIN2,1.4915428747722919,-0.6131922946422217,1.0649959404131157,-0.5757696075389379,0.5647709189843626,0.9998034148804216
NEDD8,0.3094794418218474,0.11589326135251996,2.8227530502171008,0.041056819102048794,0.9672505989201493,0.9998034148804216
NEK6,1.3283409334498255,0.02645123440434353,1.033070811934684,0.02560447367088705,0.9795728177678062,0.9998034148804216
NEK7,0.48100335745073586,0.7141284482550978,1.8802783563280174,0.37979932378188636,0.7040943843442676,0.9998034148804216
NELFB,0.19967728642466304,0.7585756920559203,2.8047174367970533,0.27046421222460215,0.7868031457772343,0.9998034148804216
NELFCD,0.7921198507259123,-1.7093028651928897,1.6480224987738006,-1.0371841807163946,0.29965002909074967,0.9998034148804216
NEMF,0.40488809223196154,-1.2347887259633445,2.1439062783883385,-0.57595275428345,0.5646471163906739,0.9998034148804216
NET1,5.014849298724361,0.3354513598002701,0.5845013754812011,0.5739103000811655,0.5660285026430001,0.9998034148804216
NETO2,0.38495229902913786,-1.4624304241266985,2.231538559235516,-0.6553462489250914,0.5122448501705503,0.9998034148804216
NEU1,0.2861090838864018,-0.5587720203345231,2.17162289212086,-0.25730619361302304,0.7969424115728079,0.9998034148804216
NFAT5,0.7475110550978834,-0.39824567264042204,2.359414501774701,-0.16879004191119032,0.8659617913435231,0.9998034148804216
NFATC2IP,0.6267863168168328,-1.1753280322536699,2.0169752823843923,-0.5827181138601962,0.5600830771926806,0.9998034148804216
NFE2L1,0.8022263778313456,-0.8954867486918648,1.2162839813230586,-0.7362480822264594,0.46157973557091114,0.9998034148804216
NFE2L2,3.151526571070663,-0.5040661128167111,0.8661648143468798,-0.5819517307416782,0.5605991943814654,0.9998034148804216
NFIC,0.5616367965091467,0.43507946170662515,1.522181082722798,0.28582634920700617,0.7750111259023609,0.9998034148804216
NFIL3,0.46394997337645005,-1.0555747807852505,2.166451595507381,-0.48723672523965883,0.6260905823124155,0.9998034148804216
NFKB1,5.213045271496251,0.14962829806911143,0.5912153934494919,0.2530859306556509,0.8002018107495883,0.9998034148804216
NFKB2,1.8880824305220978,-0.2116960155811234,0.8889820310391363,-0.2381330647748534,0.8117778902811961,0.9998034148804216
NFKBIA,7.614909741158564,-0.03404996547938879,0.4821407130666559,-0.07062246468010136,0.9436982308219525,0.9998034148804216
NFKBIB,1.0892978013955572,-0.6417406138999778,1.1642710270931145,-0.5511952105363639,0.5814998629426806,0.9998034148804216
NFKBID,1.8722867065924969,0.06354521369714958,1.390538832069393,0.04569826619123028,0.9635507457463729,0.9998034148804216
NFKBIE,1.2661290170521524,0.016525535929960512,1.4387798955907705,0.011485798474529726,0.9908358602234567,0.9998034148804216
NFKBIZ,2.017562429455032,-0.5629598187749767,0.9955516657975552,-0.5654752416329684,0.5717505596855108,0.9998034148804216
NFX1,0.36276679702979875,-1.5622785436991953,2.0978997920059785,-0.7446869243479781,0.45646100560312697,0.9998034148804216
NFYC,0.6287764955217762,-0.18829137429225642,2.089152579404868,-0.09012811038717648,0.928185411259709,0.9998034148804216
NIN,1.7120562938588741,0.11117777993161078,0.9593448855448072,0.11588927152978303,0.9077402984825467,0.9998034148804216
NINJ1,2.2824519829385,-1.5589438572670706,1.2571321752448918,-1.240079514282884,0.21494598528850317,0.9998034148804216
NIPBL,1.79180758306655,-0.6849284267253758,0.8540130288742649,-0.8020116831569052,0.4225462000893173,0.9998034148804216
NIPSNAP3A,0.6346612977651067,1.0079586478697435,1.8702036305072913,0.5389566309398808,0.5899167799097416,0.9998034148804216
NKG7,0.22559472531536418,-0.05632139809151552,2.8291726549415825,-0.019907373978446167,0.9841172627275617,0.9998034148804216
NKIRAS2,0.2554706323540858,0.9091997705615067,1.8698823936680522,0.4862336656253425,0.6268015046985805,0.9998034148804216
NKRF,0.22898416384428627,-0.16386281049873566,2.191315176608689,-0.07477829398887846,0.9403911123421959,0.9998034148804216
NKTR,1.3018093387363259,-0.546114089150146,0.9304385991161226,-0.5869426415337147,0.5572422299457944,0.9998034148804216
NME2P1,0.4356239820259722,2.3667645262055177,1.96689949645984,1.2032971336183582,0.22886135789571382,0.9998034148804216
NME4,0.44795727278624436,-0.7592803395632278,1.5385702979366738,-0.49349733358396025,0.6216612234150838,0.9998034148804216
NMRK1,1.587167463405982,0.5564014144953796,1.3017550742389359,0.42742404120888616,0.6690704997740683,0.9998034148804216
NMT1,1.0580895552945089,-0.7939071146653359,1.0297330578461064,-0.7709834200389295,0.44071675914027664,0.9998034148804216
NOL4L,0.4036016443229685,-0.194915284131783,1.5231325617040867,-0.12797000670362596,0.8981727090315567,0.9998034148804216
NOL7,0.4114838937426373,0.02776154790347433,1.5424312187863467,0.01799856458125786,0.9856399985245956,0.9998034148804216
NOLC1,0.8211767290846234,0.7477379021203658,1.3381208482828544,0.5587969898831646,0.5763002770309503,0.9998034148804216
NONO,2.046452894544208,0.2131654078750919,0.7647201421287185,0.27874956618994307,0.7804370211571184,0.9998034148804216
NOP10,0.7467219307919247,1.5056474040775645,1.475807947189239,1.0202190650518967,0.30762457770612506,0.9998034148804216
NOP53,1.7005654305510243,-0.42942558436890405,0.9207529190682473,-0.46638525436711054,0.6409397643380391,0.9998034148804216
NOP56,0.6582920913367001,-1.5319738357355213,1.6749025237943018,-0.9146644738853269,0.36036780012505676,0.9998034148804216
NOP58,1.1200253566336598,-0.6356503491773241,1.3226153081546674,-0.48060108276244967,0.6308000457614535,0.9998034148804216
NORAD,1.5846862447782435,-0.9724336139002461,0.8912562873676283,-1.0910819117724029,0.2752368412656042,0.9998034148804216
NOTCH2,0.18576826511341685,0.6101673702747812,2.8058973637696756,0.21745890571529378,0.8278507291853331,0.9998034148804216
NPC2,3.2915132117349994,0.8771212075118068,0.7062841470993848,1.2418814879450815,0.2142802911986087,0.9998034148804216
NPEPPS,0.7530913730605397,0.19576646661498215,1.6399197438218711,0.1193756385655458,0.9049777608738885,0.9998034148804216
NPIPA1,0.2538069992062808,-0.007794678172374013,2.194000474185971,-0.003552724014458581,0.9971653423231742,0.9998034148804216
NPLOC4,0.26019164499570063,0.013312471915519784,2.822992882810618,0.004715729889572257,0.9962374058736949,0.9998034148804216
NPM1,7.022276690980126,-0.05798894821920309,0.49504710739502733,-0.11713824271056751,0.9067505050261409,0.9998034148804216
NPM1P27,2.8948313598579003,0.1221409192537742,0.9540443397782883,0.12802436339820297,0.8981296924874306,0.9998034148804216
NPTN,0.4530812855294016,-0.36710813505276807,1.8004819426030054,-0.2038943720379833,0.8384360431630502,0.9998034148804216
NR1D2,0.25639920636523633,-0.725813583514047,2.153948444658929,-0.3369688746793461,0.7361403637210233,0.9998034148804216
NR1H2,0.2970228979371502,-0.6064776300211836,2.18518810930786,-0.2775402389560322,0.7813653126355901,0.9998034148804216
NR3C1,1.6744715071503018,-0.8899822018090899,0.823306372470983,-1.0809854406179236,0.27970359007758494,0.9998034148804216
NR4A2,5.461819736562623,-0.18003428783200445,0.7276130208713106,-0.2474313717151665,0.8045743977033096,0.9998034148804216
NR4A3,6.953090567647225,-0.227191915867219,0.5683555721098378,-0.39973553003772255,0.6893513198610397,0.9998034148804216
NRARP,0.6762845044146013,-0.0428470185074187,1.3478639636618588,-0.031788830076747876,0.9746404544434277,0.9998034148804216
NRAS,0.3924766745509642,-1.3340114570965118,2.138283427273791,-0.623870269058444,0.5327127869694435,0.9998034148804216
NRBP1,0.3744607964209014,1.2879420108725814,1.850013505572706,0.6961797884139636,0.4863162435923236,0.9998034148804216
NRDC,0.8137438927124274,-0.7614240012114537,1.1161972045252093,-0.6821590290000201,0.4951383984615685,0.9998034148804216
NRIP1,2.4202001572667733,0.2320509728235042,1.1257983157288394,0.2061212648672999,0.8366961884519475,0.9998034148804216
NRM,0.67042376204058,0.34869779515877986,1.1676699239395838,0.29862702464949487,0.7652246431436256,0.9998034148804216
NRP2,3.7502409849114824,-0.3764285131252524,0.6146713684651901,-0.6124061286036137,0.540269088005311,0.9998034148804216
NRROS,0.9428511051568909,-0.7056509430151106,1.2762352457590367,-0.5529160437779846,0.5803209008485679,0.9998034148804216
NSA2,1.3192290856423297,-0.43336437833938773,0.8834914082606269,-0.49051340430415,0.6237706469561997,0.9998034148804216
NSD1,0.3702396273253758,0.31024236746738026,1.8619690244747578,0.1666205846549442,0.8676685959046475,0.9998034148804216
NSD3,1.6648065422819682,0.043915998983487886,1.012209910506254,0.04338625667231752,0.9653936329726664,0.9998034148804216
NSF,1.07044412345434,0.2943332070008497,1.230531189398984,0.23919199247977443,0.8109567115558904,0.9998034148804216
NSFL1C,0.7256746581632687,-1.34612338803418,1.968331668260899,-0.683890530107426,0.4940442943336366,0.9998034148804216
NSMCE1,0.4101075771782238,0.12865837617821954,1.8031077919219411,0.07135367988237795,0.9431162736933811,0.9998034148804216
NSRP1,0.6066823579053771,0.8784386180646381,1.4263906321924895,0.6158471587228525,0.5379953993916123,0.9998034148804216
NSUN2,0.9002989432985911,1.001734450214528,1.114553996981476,0.8987760601348208,0.3687719540953265,0.9998034148804216
NT5DC1,0.3642128554337984,0.40102845831778855,1.5377080332403077,0.260796230265331,0.7942496516885138,0.9998034148804216
NUAK2,2.5560805612765094,0.12422389914371533,0.8286687552866043,0.14990778685839445,0.8808373681193713,0.9998034148804216
NUB1,6.420433508689622,-0.06567067114493944,0.5208144599502977,-0.12609225779024358,0.8996588959451681,0.9998034148804216
NUBP2,0.38463955133499533,-0.8821998448839369,2.2214159424499136,-0.39713402070527726,0.6912686335079454,0.9998034148804216
NUCB1,0.9474156938245692,-0.4791870851435942,1.1308618021879298,-0.42373620208631074,0.6717582100866273,0.9998034148804216
NUCKS1,3.099455471900389,0.022018692330818556,0.6643797994284572,0.033141724582475975,0.9735615696061897,0.9998034148804216
NUDC,0.38051338317520905,-0.0007887055660259855,2.15467296577586,-0.00036604421114179913,0.9997079389818808,0.9998034148804216
NUDT21,0.4102321170448793,0.21399360513329993,1.4898247959670148,0.14363675897500489,0.8857873121619388,0.9998034148804216
NUFIP2,2.614099203295827,-0.7800258964057629,0.6926371652011991,-1.1261681232181338,0.26009436343174885,0.9998034148804216
NUMB,0.08687992376698092,1.1684213873511187,3.69977649662878,0.3158086409856863,0.7521477589758941,0.9998034148804216
NUP153,0.36204937873990406,1.2154162832397555,1.8650094040299117,0.6516944529145453,0.5145983017522157,0.9998034148804216
NUP50,0.6931799641532271,-0.5733304218191086,1.28643452996367,-0.4456739993097822,0.6558327487319472,0.9998034148804216
NUP62,1.8874297390084886,0.6448608125177379,0.8154769334288027,0.7907775021990111,0.4290738406331428,0.9998034148804216
NUP98,1.1216635586707138,0.29085703303351573,1.035411574740844,0.28090958236227476,0.7787797508066686,0.9998034148804216
NUTF2,1.132955929201716,-0.4073702664786728,1.165084790107555,-0.34964860063194747,0.7266024323028841,0.9998034148804216
NXF1,0.708628078745623,-0.14659868115749666,1.2563219393837854,-0.11668878538362706,0.9071066775279266,0.9998034148804216
OARD1,0.29966023129980557,-0.4815264235512133,2.1738603316843053,-0.22150752582072603,0.8246972773782822,0.9998034148804216
OAT,0.4887728087384446,-0.9204574091596921,2.1620039165310914,-0.4257427112512148,0.6702953358068757,0.9998034148804216
OAZ1,5.588933470867969,-0.09172478343315342,0.5289774735878008,-0.17340016921898044,0.86233689210246,0.9998034148804216
OAZ2,0.29706802414085004,0.05639858477381618,2.8268701141259576,0.019950893566701454,0.9840825460149125,0.9998034148804216
OCIAD1,0.8322150830020272,0.7658586010033057,1.2856099025912442,0.595716165113274,0.5513648573058897,0.9998034148804216
OFD1,0.7715761845643342,1.2366767291294556,1.3794413756731942,0.8965054629638997,0.3699828639281648,0.9998034148804216
OGDH,0.2380061429963615,0.013129840227973408,2.8257825710019997,0.004646443913523634,0.9962926874785687,0.9998034148804216
OGFRL1,2.5207471148945744,-0.346898470567452,0.9848413545738358,-0.35223792030703577,0.7246598406523961,0.9998034148804216
OGT,0.9346161141196987,-0.4572391855585282,1.428541347085367,-0.320074169705642,0.7489121060555307,0.9998034148804216
OIP5-AS1,0.36620136176242063,-0.8777063646711518,1.7924279454259795,-0.4896745595330252,0.624364206919515,0.9998034148804216
OLA1,1.3445758244197226,-0.16152191911113956,0.8506060274627194,-0.189890400368952,0.8493950150042281,0.9998034148804216
OLR1,1.3142194696750926,0.8663276509283016,0.9907828241031031,0.8743870299856444,0.38190751825499747,0.9998034148804216
OPTN,1.0283347323923573,0.35518542132990455,2.3506952594274373,0.15109802936192487,0.8798983869953309,0.9998034148804216
ORAI1,1.4769623079072556,0.33494727441060757,1.2769178623214796,0.26230917766446005,0.7930830869391908,0.9998034148804216
ORMDL1,0.5789977959972561,0.9357053840901354,2.089701040523287,0.4477699756783502,0.6543192141084835,0.9998034148804216
ORMDL3,0.7199034032470129,0.14279845471862349,1.3759672395776381,0.10378041759370403,0.9173436070395838,0.9998034148804216
OS9,0.5172824547881013,-1.8605398077837003,1.6534746210130777,-1.1252303386693376,0.2604914401505549,0.9998034148804216
OSBPL3,0.6301321295037782,1.0813469934861517,1.5577344061640488,0.6941793088778141,0.4875697668324842,0.9998034148804216
OSBPL8,1.0870421953690887,-0.9195694046810068,1.1797490962037533,-0.77946184289527,0.4357077063339263,0.9998034148804216
OSBPL9,0.5855774708059212,-0.494863570586269,1.5542999478011676,-0.31838357280159546,0.7501939974875732,0.9998034148804216
OSER1,0.8086110236207655,-0.7772262822776762,1.1386721314931871,-0.6825724989496913,0.4948770167162826,0.9998034148804216
OSGIN2,0.5965259560679044,-1.2413778012507513,1.4500099476832238,-0.8561167481879571,0.3919332055616095,0.9998034148804216
OST4,2.80240813034195,-0.38079600760318205,0.691018450804037,-0.5510648914802572,0.5815891915870157,0.9998034148804216
OSTC,0.44430513330981714,-0.16781578041052342,1.9683067551922893,-0.08525895669861126,0.9320555204863821,0.9998034148804216
OSTF1,2.7206357774380354,0.3600149836690574,0.8360563907209067,0.4306108866157068,0.666751324037161,0.9998034148804216
OTUB1,0.5071658721073194,-1.4261083321797612,2.1898424758736095,-0.6512378620342697,0.5148929529646102,0.9998034148804216
OTUD1,2.0755788326077385,-0.37113322341824995,0.9098790031725151,-0.40789294194525144,0.683352274748108,0.9998034148804216
OTUD5,0.9754096947138344,1.4977813271991829,1.3909936080116672,1.0767708194864831,0.28158266475084825,0.9998034148804216
OTULIN,0.7540914922876422,0.009379691885377479,1.49655136805751,0.00626753754370096,0.9949992612995088,0.9998034148804216
OXA1L,1.5238280854373984,-0.4596645191408274,0.9487911356708353,-0.484473876134841,0.6280495999639809,0.9998034148804216
OXSR1,0.938911183400206,-0.6057048139909291,1.211549027660796,-0.4999424704755007,0.6171155863362457,0.9998034148804216
P2RY10,2.1455648798789997,-0.3100310215882969,0.8144706514671026,-0.3806533986581828,0.7034604525012195,0.9998034148804216
P2RY13,0.48562919714201347,-0.36903995750227875,1.519187666698861,-0.24291926902236446,0.8080679380746024,0.9998034148804216
P2RY8,1.8202392648777055,-0.4844970994672611,1.0791666829503088,-0.4489548344308644,0.6534642384253435,0.9998034148804216
P4HA1,0.6207780913165908,0.06082708363078197,1.1450414143356307,0.053122169092962204,0.9576345680074809,0.9998034148804216
PA2G4,0.5368587035988727,0.4332612722870371,1.4612850558981125,0.2964933299894405,0.7668533600065445,0.9998034148804216
PABPC1,12.331884721856722,-0.04832358948236584,0.3639103753560836,-0.13278980967520249,0.8943596136873384,0.9998034148804216
PABPC1P3,1.2138992305680785,0.039607408974937225,1.279069588097377,0.030965796813176884,0.975296816773296,0.9998034148804216
PABPC1P4,1.2689679723533116,-0.10378312722329296,0.9592222556258342,-0.10819507847592712,0.9138409488471123,0.9998034148804216
PABPC3,1.3531564379119316,-1.6358895920926362,1.191215849936514,-1.3732940106361253,0.16966096381130114,0.9998034148804216
PABPC4,3.088582938515252,-0.713812525559031,0.8094827166525237,-0.8818131763342393,0.3778778450227538,0.9998034148804216
PABPN1,0.7844370152928042,-0.10175350562820765,1.2267075102079936,-0.08294846553189757,0.9338925168700065,0.9998034148804216
PACS1,1.9774074595194682,-0.09007361189812754,0.7420441093142277,-0.12138579198663885,0.9033854700147684,0.9998034148804216
PACSIN2,1.132916700227969,-0.235209988462679,1.1183150154941748,-0.21032534232650135,0.8334137573130006,0.9998034148804216
PADI2,1.9875679774790145,-3.1765048410248915,2.6768544392612315,-1.1866557981021766,0.2353634169224087,0.9998034148804216
PAFAH1B1,1.3577497865943144,-0.7352476887726328,1.0194918212981272,-0.7211903748638571,0.47079239291769714,0.9998034148804216
PAFAH1B2,0.4089263577949167,-0.12615620271482517,1.4777215238432209,-0.08537210880350535,0.9319655661425055,0.9998034148804216
PAG1,0.867778898240574,-1.8547066157763452,1.8945638835307896,-0.9789622993972815,0.32759860782055505,0.9998034148804216
PAIP2,0.3875896323917933,-1.3192498279297424,2.132688142218691,-0.6185854376989656,0.5361894975780643,0.9998034148804216
PAK1,1.8559406873126367,-0.035446652764503754,0.9605505282830193,-0.036902434302820614,0.9705627987780182,0.9998034148804216
PAK2,2.1279343610037196,-0.5450506024333172,0.8430265630947357,-0.6465402471215688,0.5179295409959199,0.9998034148804216
PALLD,0.7571376562900048,0.2529333276376684,1.394687760928322,0.18135480551525937,0.8560890905648177,0.9998034148804216
PAN3,0.4800933279488093,-1.4373656091413936,1.7165918768802169,-0.8373368349812437,0.4024032598515578,0.9998034148804216
PANK3,0.7830808255442249,-0.6589180425905764,1.2837635955827102,-0.5132705467407248,0.6077620838022777,0.9998034148804216
PAPD5,2.3972307554680077,-1.1999216734365248,0.836790170280005,-1.43395765874617,0.15158434613270202,0.9998034148804216
PAPD7,0.4206889484418808,-1.2881026760759169,2.24933780260689,-0.572658617386441,0.5668758622321741,0.9998034148804216
PAPOLA,1.9797090972942124,-0.42696113974481203,0.811203708257754,-0.5263303599311805,0.5986586924054982,0.9998034148804216
PAPSS1,0.4813075480491416,0.3574208637917771,1.454188816919668,0.24578710799666512,0.80584703731695,0.9998034148804216
PARK7,2.6019947209902683,0.16533666253873971,0.8181397587942528,0.20208853164941817,0.8398475133189894,0.9998034148804216
PARN,0.3289671087194288,-1.207486723999337,1.742798504783729,-0.6928435620554878,0.48840773103775725,0.9998034148804216
PARP1,1.5824935663256081,-0.8791253503891701,1.2251797336639516,-0.7175480676293171,0.4730359883412968,0.9998034148804216
PARP12,0.34833220180894425,0.39661836626852665,1.9039085413413117,0.20831797203299868,0.8349806998038275,0.9998034148804216
PARP14,2.5673495088845026,0.5241175815160727,0.7124111126529634,0.7356954042509243,0.4619160871392518,0.9998034148804216
PARP4,0.9915899144827944,-0.4267854753263473,1.1543860516439381,-0.3697077548005458,0.7116002530848013,0.9998034148804216
PARP8,0.32953613833852713,0.28141149726735015,1.549361922449155,0.181630575264499,0.8558726523506909,0.9998034148804216
PARP9,1.0980251954928464,0.2926597366204962,1.2703128372475174,0.2303839873449001,0.8177934027791778,0.9998034148804216
PARVB,0.6980463237299868,0.4858273714787614,1.3288787731116607,0.3655919421010566,0.7146695887511758,0.9998034148804216
PARVG,0.32334333692939365,-0.33333947450425055,2.1719443592913614,-0.1534751445534309,0.8780235898523324,0.9998034148804216
PATL1,0.6396539522019427,0.15555384087890925,1.490832245421051,0.10434027125230089,0.9168993204694599,0.9998034148804216
PAX8-AS1,0.3863031844828003,-0.28132524627889316,1.5006546812874118,-0.18746834284190167,0.851293442397538,0.9998034148804216
PAXX,0.2981626276695567,-0.6105211367447484,2.1862200687312754,-0.2792587743003616,0.7800462415375732,0.9998034148804216
PBRM1,0.612826483809315,-1.199649167059512,2.1816795026049234,-0.5498741522882403,0.5824056939626492,0.9998034148804216
PBX3,0.18726586874366577,0.6975679275826062,2.8074347556914407,0.24847164343479203,0.8037695075143655,0.9998034148804216
PBXIP1,1.4548439033183695,0.509985365338496,1.094896021309362,0.4657842894785715,0.6413699116084433,0.9998034148804216
PCBP2,1.8635008064464098,0.4457015889526661,0.7979393383292933,0.5585657549931873,0.5764581167752139,0.9998034148804216
PCF11,1.0318142425059653,-0.5072287067940995,0.9877098581733131,-0.5135401885450213,0.6075735060243426,0.9998034148804216
PCGF3,0.24742235341686097,-0.1956668088954376,2.841653708286464,-0.06885666903214115,0.9451037097170758,0.9998034148804216
PCGF5,0.6119325810093995,-0.8627665131292656,1.6106692174933945,-0.5356571689325179,0.5921955102042162,0.9998034148804216
PCIF1,0.5999153945968264,-1.442260561158456,1.3384175390447468,-1.0775864176046466,0.28121836628416463,0.9998034148804216
PCM1,0.898249184064258,-0.5557031739067894,0.9982723039773241,-0.5566649216779356,0.5777563879162155,0.9998034148804216
PCMT1,0.43761248835459443,0.6578006697928822,1.4976803187657675,0.4392130026352842,0.6605072043591782,0.9998034148804216
PCMTD1,0.2966650240393078,-0.8024183859394124,2.9209006458495814,-0.27471608357497507,0.7835343735149353,0.9998034148804216
PCMTD2,0.1797414932218394,0.6101673702747817,2.805897363769675,0.21745890571529397,0.827850729185333,0.9998034148804216
PCNA,0.9723495420826482,0.7141275985474631,2.3186427159004213,0.30799380760573064,0.7580870442772626,0.9998034148804216
PCNP,1.2631772794677225,0.583077481352715,1.0082239130853201,0.5783214162897687,0.563047137996885,0.9998034148804216
PCNX1,0.15491865785984485,0.46407877924934526,2.809804227670471,0.1651640974410875,0.8688148232103852,0.9998034148804216
PCYT1A,0.26392358188706266,-0.6468051138795187,2.875724374855364,-0.22491902198104435,0.8220422710040658,0.9998034148804216
PDAP1,0.5337736276829544,-0.7614308711646839,1.432139376379569,-0.5316737209541518,0.5949519958218196,0.9998034148804216
PDCD10,0.3218006070954449,-1.2299707800078743,2.9574031486099965,-0.41589554017549835,0.6774864431237244,0.9998034148804216
PDCD1LG2,0.1748544510626685,0.6323132785594567,2.8099958794125475,0.22502284903408717,0.8219614990946441,0.9998034148804216
PDCD2,0.38581228178442695,1.320105776981635,1.5937459190350565,0.8283037849476668,0.40749847986716203,0.9998034148804216
PDCD6,0.4346430959568269,-0.4097723149039623,1.797725713689514,-0.22793928561158375,0.819693441012202,0.9998034148804216
PDCD6IP,0.607272070106887,0.6461088290855342,1.3192357373148726,0.4897599502577167,0.6243037739603907,0.9998034148804216
PDCL3,0.4091375135161726,1.4005069374263037,1.588956004924746,0.8814007015207653,0.37810097810929066,0.9998034148804216
PDE4A,0.5427956068350297,-0.45162436073181306,1.2400100891884227,-0.3642102307630398,0.7157010278473588,0.9998034148804216
PDE4B,2.6007602979709685,-0.5514495176479889,0.9062863606318151,-0.6084716063293144,0.5428747321250365,0.9998034148804216
PDE6D,0.28575120998855946,-0.6992375790941393,2.183326984280146,-0.32026241791935783,0.7487694101037143,0.9998034148804216
PDE7A,0.3558565773307706,0.5643803524890748,1.6026779838247152,0.3521483156224608,0.7247270354785433,0.9998034148804216
PDE8A,0.1609454297514223,0.4640787792493459,2.809804227670471,0.1651640974410877,0.8688148232103851,0.9998034148804216
PDGFC,0.6589932304287279,2.8488368005543667,2.0964742545222976,1.358870396051442,0.17418766123271334,0.9998034148804216
PDHA1,0.99873492644558,1.5200277792664618,1.2761441492426517,1.1911097818914476,0.23361049025197878,0.9998034148804216
PDIA3,2.302475680620266,-0.30364657257251293,0.7412426987959451,-0.40964527956329055,0.6820661763649216,0.9998034148804216
PDIA4,0.30340754372657003,-0.5635879756056554,2.8886024065483626,-0.1951074936197591,0.8453087962547943,0.9998034148804216
PDLIM5,1.0363622508408976,0.4589024482573353,1.2537076306715051,0.3660362568037814,0.7143380211334616,0.9998034148804216
PDPK1,0.8741166653871972,0.35979968984480076,1.2715901393439792,0.2829525636542161,0.7772132002869492,0.9998034148804216
PDRG1,0.24398778868423904,-0.8383961779387022,2.139488348788728,-0.39186760629631867,0.6951560390480139,0.9998034148804216
PDS5A,1.1587313984441703,-0.11617433617594683,0.9943082111983278,-0.11683936114329678,0.906987351668405,0.9998034148804216
PDS5B,0.3951140079136196,-1.2103451038504154,2.225115569674683,-0.5439470741860705,0.5864778938734782,0.9998034148804216
PEA15,6.414637872486402,-0.04381697453127561,0.5721482637580433,-0.0765832517667229,0.9389550829731026,0.9998034148804216
PEBP1,2.098026585522854,0.4071598216835519,0.9048278839796483,0.4499859353281269,0.6527205819947894,0.9998034148804216
PECAM1,0.46997674526802746,-1.0732756891507753,2.1719612718545815,-0.49415047268975143,0.6211999145801814,0.9998034148804216
PELI1,2.9413304510587905,-0.3665372683167461,0.6501174855221188,-0.5638015842972978,0.5728891734795127,0.9998034148804216
PER1,1.3190179299210738,-0.9307032188569399,0.9407094812765555,-0.9893630683874506,0.32248553705511507,0.9998034148804216
PEX14,0.15003161570067391,0.48612942417287297,2.813872447032991,0.17276171302130575,0.8628387330319699,0.9998034148804216
PEX19,0.502033754182266,0.02768832251193181,1.5480585544038203,0.01788583670376408,0.9857299278812629,0.9998034148804216
PEX2,0.0992913414479782,1.240280285129172,3.6917755027543175,0.33595766703686014,0.7369027896980476,0.9998034148804216
PFDN2,1.2919593900565243,0.7571362655490675,1.1978191666281897,0.6320956340015614,0.5273243879547095,0.9998034148804216
PFDN5,4.110739751587409,0.2293031902732262,0.6309761526856437,0.36341023237920456,0.7162984592018833,0.9998034148804216
PFKFB3,3.245213222695563,-0.8834610720938805,0.8086335109201687,-1.0925358152527753,0.27459765708794226,0.9998034148804216
PFKL,1.203699216671655,-0.9369416666398732,1.047823911468451,-0.8941785507899086,0.37122636654592156,0.9998034148804216
PFN1,10.577896535492552,-0.3128342202907911,0.4472421857630128,-0.6994738650538603,0.4842559403574914,0.9998034148804216
PGD,0.42825845016740705,-0.4938391447141222,1.8028971403200855,-0.2739142093411087,0.7841505515888161,0.9998034148804216
PGK1,2.2030913042951377,-0.13256713799512687,0.7995081605455109,-0.1658108628993546,0.8683057971066468,0.9998034148804216
PGLS,0.5168366782934278,-0.12643999880895462,1.5559160937356924,-0.08126402144564059,0.9352319860518825,0.9998034148804216
PGRMC1,0.16134842985296458,1.5377518713205713,3.6618030825270074,0.4199439010410604,0.6745264358906251,0.9998034148804216
PHACTR2,1.0571727230180537,-0.9627100855380887,1.0960200961818323,-0.8783690088273463,0.3797434970286212,0.9998034148804216
PHACTR4,0.4472552143666151,-0.7140459778776483,1.4128629203545024,-0.5053894242609797,0.6132853453950624,0.9998034148804216
PHB2,0.49739178778897764,-1.340456653309209,1.6692870550548367,-0.8030114708252948,0.42196810455358225,0.9998034148804216
PHC3,0.4823259907157127,0.1481215429223695,1.466996995425639,0.10096922037621014,0.9195748938596452,0.9998034148804216
PHF10,0.1921529109028367,0.6753883122830509,2.8033236855837353,0.24092412722664774,0.8096139220123499,0.9998034148804216
PHF11,1.616217679782874,0.24472587821195077,0.9176459170590723,0.2666887888481684,0.7897087865943782,0.9998034148804216
PHF12,1.7199516678812037,0.5578932785354349,1.273193796037189,0.43818410070161795,0.6612528331156445,0.9998034148804216
PHF20L1,0.47285823506896396,2.535847592514718,1.9306010574215053,1.3135016075778883,0.18901397957063792,0.9998034148804216
PHF21A,1.268410684468909,-1.4297324217311849,1.1817718357579958,-1.2098210318357652,0.22634757404318018,0.9998034148804216
PHF3,1.0553430603526928,-1.4816516928665433,1.6093033577731606,-0.9206789296188056,0.35721808001873556,0.9998034148804216
PHIP,1.8666592700870877,-0.05619883403799216,1.009519145939522,-0.05566891352584501,0.9556055644970556,0.9998034148804216
PHKB,1.1049362646407195,-0.6494133533768862,1.4581779566039632,-0.445359464142047,0.6560600012823556,0.9998034148804216
PHLDA1,1.040752731778128,1.6241331734608344,1.6630795834404248,0.9765817520896855,0.32877625671933786,0.9998034148804216
PHLDA2,0.36236251018602594,1.1350469678828803,1.8136344595424183,0.6258410904748986,0.5314191771022536,0.9998034148804216
PHPT1,0.40557840891689534,0.3392662429604357,1.4826838643055895,0.22881900257229149,0.8190095966710971,0.9998034148804216
PHTF2,0.15003161570067391,0.48612942417287297,2.813872447032991,0.17276171302130575,0.8628387330319699,0.9998034148804216
PHYHD1,0.6119525809991019,2.2964283482511365,2.0188254531184486,1.1375071305465656,0.25532634543860355,0.9998034148804216
PHYKPL,0.520392146339906,0.10864672608311944,1.3079623893322014,0.08306563473785401,0.9337993508878812,0.9998034148804216
PI4K2A,1.4293298438447541,-1.8542228277887742,1.599236698154222,-1.1594423951931865,0.24627590429829027,0.9998034148804216
PIAS1,1.551654233241787,-1.0570712904809296,0.9532750678846036,-1.1088838112871853,0.26748030840733084,0.9998034148804216
PIAS2,0.9709979540136755,0.5618794549903572,1.9211940420669757,0.2924636672232451,0.7699321354295071,0.9998034148804216
PICALM,2.45346708581324,-0.21753756812618832,0.8811266718525912,-0.24688569200704147,0.80499668976089,0.9998034148804216
PIGA,0.330015299302205,0.825000866355947,1.7909506826005681,0.4606496841990066,0.6450499595065982,0.9998034148804216
PIGC,0.4233262818045362,-1.1082274537908419,1.7298896052925072,-0.6406347840927408,0.5217599945231303,0.9998034148804216
PIGR,0.9979196768096377,3.505250468001337,2.075916414742893,1.6885316013243579,0.09130922802647708,0.9998034148804216
PIGS,0.4104654510760663,0.28151838122445494,1.7850876980675194,0.1577056306696965,0.874688763389441,0.9998034148804216
PIGX,0.2782268344667331,-0.8188752088406853,2.1839513303200895,-0.3749512168481645,0.7076967475134024,0.9998034148804216
PIK3CA,1.6310417481346997,0.738898814206485,1.2600929224836495,0.5863843856452361,0.5576172348255316,0.9998034148804216
PIK3CB,0.8835836139551592,-0.18226225960493508,1.1850915693272017,-0.15379592963302297,0.877770643335882,0.9998034148804216
PIK3CG,0.7909115297376444,0.645429390078871,1.1078784219771485,0.5825814252497318,0.5601751126301138,0.9998034148804216
PIK3R1,0.31093191924839636,-0.40264454084470014,2.1728586896312367,-0.18530636288779292,0.8529887475981208,0.9998034148804216
PIK3R5,1.5361834001296346,0.04527321676183363,1.0995430305639986,0.041174574803690245,0.9671567228462381,0.9998034148804216
PIKFYVE,3.224110618267355,-0.1193053692086939,1.2725810005532638,-0.09375070754382238,0.9253071888265112,0.9998034148804216
PIM1,1.4451936077000749,-0.28154676176836724,0.9958091719114728,-0.28273164147296753,0.7773825590522563,0.9998034148804216
PIM2,3.366610554197688,-0.2607091741050296,0.6644738128355793,-0.39235432468358356,0.6947964295086468,0.9998034148804216
PIM3,6.158128745737778,0.10001586088122472,0.5224330963362631,0.19144242886336912,0.8481789813112471,0.9998034148804216
PIP4K2A,1.6924639202282032,-0.16954910275943513,0.8765727378730784,-0.19342274227102946,0.8466279059700678,0.9998034148804216
PIP4P1,1.1638009786927759,-0.8461548596017444,1.1366462629480183,-0.7444311279457761,0.4566156930174037,0.9998034148804216
PIP5K1C,0.43537982558769106,-1.1990649326216993,2.16401554177425,-0.5540925697967033,0.5795154949100121,0.9998034148804216
PITPNA,1.0482356735612322,-0.7346061304477666,1.0317542166406675,-0.7119972165847811,0.47646649962317567,0.9998034148804216
PITPNB,0.8727360320173297,-1.5521306846450023,1.1366010563809192,-1.3655896903590619,0.17206778427749325,0.9998034148804216
PITPNC1,0.2350109357358637,-0.27046325201020144,2.8450461092656774,-0.0950646286994658,0.9242634930062436,0.9998034148804216
PITPNM1,0.8433590629801218,-1.2923833118657304,1.903548117627739,-0.6789338813648371,0.4971797567284617,0.9998034148804216
PJA2,0.5531423573252691,1.2402411325161002,1.3994739247935029,0.886219536172567,0.375499238250112,0.9998034148804216
PKD2,0.5041536188172094,0.08919908103324287,1.4938695530473465,0.059710087036237904,0.9523865377783313,0.9998034148804216
PKIB,0.7601646631585725,0.047328075832383604,1.819868924648606,0.026006310230019487,0.9792523053187775,0.9998034148804216
PKM,5.6376124249743516,0.12229861357553633,0.5026373537679727,0.2433138179220794,0.8077623008370032,0.9998034148804216
PKN1,0.6486376235899838,0.6559473889789199,1.2830646439730609,0.5112348719607398,0.6091866031429469,0.9998034148804216
PKN2,0.3864950288630867,-0.6481617381373848,2.132368585998869,-0.30396327463892236,0.7611558707039365,0.9998034148804216
PLA1A,0.4114838937426373,0.02776154790347433,1.5424312187863467,0.01799856458125786,0.9856399985245956,0.9998034148804216
PLA2G16,1.4020690733521455,0.36924228236459594,1.0923806111692196,0.3380161443632553,0.7353510216592001,0.9998034148804216
PLAGL1,0.3925218007546641,-0.5976620221531143,1.794501695714067,-0.33305180127750894,0.7390951812833865,0.9998034148804216
PLAU,0.3113800455536385,1.2402613528771935,2.776552257316076,0.4466911615328568,0.6550980643020035,0.9998034148804216
PLAUR,1.9031953198576517,0.3176783007097903,1.0608049701453859,0.29946909153927864,0.7645821518906936,0.9998034148804216
PLBD1,0.310574045350554,-0.5296251999456226,2.1870360438258776,-0.24216573907905337,0.8086517412795424,0.9998034148804216
PLCB2,0.24742235341686097,-0.1956668088954376,2.841653708286464,-0.06885666903214115,0.9451037097170758,0.9998034148804216
PLCL1,1.211715934707196,0.27773329311096473,1.2621143171256222,0.22005399141932172,0.8258291060300638,0.9998034148804216
PLD3,0.6446393519504097,-0.48660077887063824,2.1743258552917877,-0.2237938612956143,0.8229177068103952,0.9998034148804216
PLEC,0.48652309994192905,-0.8092230881782194,2.145344853509917,-0.37719953827203134,0.7060253233997897,0.9998034148804216
PLEK,5.959333040049122,-0.08214954717777434,0.7497145133353555,-0.10957443895851053,0.9127468833221881,0.9998034148804216
PLEKHA1,0.21168570400411804,-0.22518240158603886,2.177601068772614,-0.10340847311990023,0.9176387876230103,0.9998034148804216
PLEKHA2,1.1071315251881648,-0.7697502811299016,1.1758540706861087,-0.6546307916259998,0.5127054941988032,0.9998034148804216
PLEKHA3,0.531988707469314,-1.271474377435205,2.1866438399058747,-0.5814730109362192,0.5609217028738334,0.9998034148804216
PLEKHB2,1.0083943035207483,-1.25426130771357,1.581803300220259,-0.7929312750447035,0.4278178645759948,0.9998034148804216
PLEKHG1,0.9606404676954325,-1.8704987941322164,1.8769844473815986,-0.9965446419876148,0.318985587829843,0.9998034148804216
PLEKHG2,0.7640035147349671,-1.7160216823586467,1.640607623258177,-1.0459671514573976,0.29557619868018403,0.9998034148804216
PLEKHM2,0.34437373366092383,-0.8629448502930864,2.1926283097727226,-0.39356640906571855,0.6939011853741471,0.9998034148804216
PLEKHO1,1.5082112926761484,-0.5770268191001547,1.1035533544823188,-0.5228807621819429,0.6010572328889343,0.9998034148804216
PLGRKT,0.5103722350890733,-0.1341938696223529,1.359295356414047,-0.09872311340514643,0.9213581166672397,0.9998034148804216
PLIN2,0.4069829776699943,2.313747254122621,2.5915309706887166,0.8928109601205064,0.3719584159676912,0.9998034148804216
PLK2,0.2861542100901017,0.22438981994891594,2.182476642544912,0.10281430535140235,0.9181103514068776,0.9998034148804216
PLP2,1.0250196218258765,0.5122848496718296,1.6050623176917356,0.3191681992812305,0.7495989701357311,0.9998034148804216
PLS3,0.6501154080532443,0.716784395739066,1.8912203934677096,0.3790062745806068,0.7046832044107328,0.9998034148804216
PLSCR1,0.8432115798539012,-0.3805864174265837,1.2948075697713348,-0.293932802303431,0.7688092520652317,0.9998034148804216
PLXDC2,0.14853401207042502,0.3811938392791873,2.8103569846371794,0.1356389388832038,0.8921067211276952,0.9998034148804216
PLXNB2,0.6012122974982843,-0.89921829861326,1.8234985269474242,-0.493128064171552,0.621922102344096,0.9998034148804216
PLXNC1,2.5374626949394763,-0.47142871331916114,0.8812717481245357,-0.5349413666356883,0.5926904024166333,0.9998034148804216
PLXND1,0.9957612088462806,-0.5223137333229564,1.603950960321986,-0.3256419592891445,0.7446952621548173,0.9998034148804216
PMAIP1,2.53535652413124,0.4662204509460324,0.8094040539462594,0.5760045908751864,0.5646120785291127,0.9998034148804216
PML,1.150294957483072,-0.2126581323554983,1.117280952453905,-0.1903354137456951,0.8490463046934292,0.9998034148804216
PMPCB,0.6120188131120208,-0.6428309028345568,1.2140484875374706,-0.5294935988417154,0.596463083767319,0.9998034148804216
PNISR,2.4241284963009337,-0.09086255748019348,0.8242849214350983,-0.1102319781878331,0.9122254018746739,0.9998034148804216
PNKD,2.2385484855948086,0.11873728200155723,0.8340423076068773,0.14236361982913173,0.8867927968211062,0.9998034148804216
PNMA1,0.5788901301456151,-0.19511066262291463,1.4934346018311169,-0.13064560201276124,0.8960556666724359,0.9998034148804216
PNN,0.401140779805197,-1.2285471859864887,2.2307208723793224,-0.5507399877762836,0.5818119283720748,0.9998034148804216
PNPLA2,1.08230868982617,-0.8621538024765331,1.1512221969122602,-0.7489030395600005,0.4539156481698744,0.9998034148804216
PNPLA6,0.11170275912897548,1.3068619861593433,3.6846353847203996,0.35467878085812604,0.7228302492046548,0.9998034148804216
PNPLA8,0.3774730497110114,-0.8575778444387671,2.2143897951685894,-0.38727501648980306,0.6985526192127401,0.9998034148804216
PNRC1,8.821346617247128,-0.2882884948641947,0.42254433053923623,-0.6822680462811821,0.49506947425784453,0.9998034148804216
PNRC2,2.293721706710613,-0.6784630127664351,0.8502127173294851,-0.7979920776737907,0.4248750875292523,0.9998034148804216
POGLUT1,3.4589606663750954,-0.7678234284828728,0.7618682526981675,-1.0078165427731303,0.31354254268632586,0.9998034148804216
POGZ,0.23650853936611257,-0.05404098014351005,2.1849689476744043,-0.024733065520692717,0.9802678806704584,0.9998034148804216
POLDIP3,0.44665151353628185,-1.0505541376780068,1.7465450891521834,-0.6015041605298446,0.547504241503538,0.9998034148804216
POLE3,1.3602480533315444,1.242526014733649,1.272298808972539,0.9765992123635379,0.3287676092008721,0.9998034148804216
POLG2,0.33939002007180386,0.18242034308586477,1.5142258354217382,0.12047102804520406,0.9041100287418955,0.9998034148804216
POLR1D,1.6443705243354005,0.5356908263613633,0.8864667269315237,0.6042988530608926,0.5456449687462863,0.9998034148804216
POLR2A,2.048909288550771,-0.24526480102717413,1.1476071893090538,-0.2137184250081616,0.8307666422184097,0.9998034148804216
POLR2E,1.490630425581041,-1.1600197371411463,1.1717353137291397,-0.9900015161694601,0.3221733779478452,0.9998034148804216
POLR2G,0.7359049601857232,-0.07770680147810104,1.243264221772867,-0.06250224217607812,0.9501628764346813,0.9998034148804216
POLR2L,0.36724955234519685,1.1237118025491228,1.810645512887395,0.6206139161702422,0.5348536811622201,0.9998034148804216
POMP,1.8718020295965208,-0.4971475648001235,0.8436626588136659,-0.5892729275220004,0.5556782026132214,0.9998034148804216
PON2,0.4592623452038396,2.385941343867443,1.9967390410515835,1.1949189627758698,0.23211869325424472,0.9998034148804216
POU2F1,0.5360785182585185,-1.6359471267021655,2.1548935071453386,-0.7591777140158359,0.44774625561614867,0.9998034148804216
PPA1,3.9721829002421765,-0.7516320677765305,0.6064989401339439,-1.2392965890600474,0.2152356814396168,0.9998034148804216
PPA2,0.7651149941607995,0.8786515903632965,1.5628622188360952,0.5622066870473404,0.5739752058852932,0.9998034148804216
PPARA,0.5602600961927541,-0.10611995646900617,1.395776071282254,-0.07602935646512211,0.9393957427035039,0.9998034148804216
PPCS,0.08687992376698092,1.1684213873511187,3.69977649662878,0.3158086409856863,0.7521477589758941,0.9998034148804216
PPDPF,4.769883876771797,0.08322355803021585,0.6780387769917511,0.12274159067930171,0.9023117282536451,0.9998034148804216
PPFIA1,0.875457561545261,0.355189060713175,1.6881098744447869,0.21040636399926005,0.8333505260760364,0.9998034148804216
PPHLN1,0.5150932477306881,-0.6223656024570996,1.797988854586707,-0.3461454173475169,0.7292334325564814,0.9998034148804216
PPIA,6.020120751137363,0.188453581426557,0.501603488737095,0.37570229405906497,0.7071382322218884,0.9998034148804216
PPIAP22,3.6880768254720033,0.48111382213987663,0.6717559986589987,0.7162032391229941,0.4738658633012951,0.9998034148804216
PPIF,2.142215347758072,0.1252759264137617,0.9858680044175274,0.12707170316149724,0.8988836474841086,0.9998034148804216
PPIG,1.5810038171757856,-0.6989487972163271,1.0180850541872104,-0.6865328140725274,0.49237717921844326,0.9998034148804216
PPM1A,0.3436111891673294,1.138276535515803,1.8876427161697042,0.6030148214835529,0.5464988292979366,0.9998034148804216
PPM1B,0.7265302394161244,0.25063882746104327,1.2896698364209722,0.19434340509707795,0.8459070011165528,0.9998034148804216
PPM1G,0.3740836111820893,-0.7176630185929953,2.133243633048039,-0.3364186853648676,0.7365551609154116,0.9998034148804216
PPM1K,2.4781886858373676,-0.4734911590106884,0.7587661342628934,-0.6240277967474963,0.5326093302148667,0.9998034148804216
PPM1M,0.26881062404623357,-0.6262958682804711,2.161620801275724,-0.2897343826034844,0.7720194504751796,0.9998034148804216
PPP1CB,1.106241258941048,-0.37459220312917135,1.1900542667766718,-0.31476900977278555,0.7529370431384702,0.9998034148804216
PPP1CC,0.8529798336340781,-0.19752022638514632,1.2420914931054392,-0.15902228417273215,0.8736513170010684,0.9998034148804216
PPP1R10,1.4004617818994878,-0.02941230823325423,1.0338355906947447,-0.028449695965186258,0.9773034885745436,0.9998034148804216
PPP1R12A,2.2380270857851152,-0.47878242947755917,0.7467795111853222,-0.6411295734635435,0.5214385015084098,0.9998034148804216
PPP1R14A,0.35004096116044914,2.1931311396956366,2.5450703724530515,0.8617172882264152,0.38884310970789604,0.9998034148804216
PPP1R14B,0.279724438096982,-0.6188348157641775,1.8162363631762006,-0.34072372314029137,0.7333115777106957,0.9998034148804216
PPP1R15A,4.663802086663765,-0.5007889004301072,0.6126918670406735,-0.8173584918777163,0.4137235891729232,0.9998034148804216
PPP1R15B,4.299096364355115,-0.1260262733871332,0.5835048175409857,-0.21598154736448436,0.8290021311818345,0.9998034148804216
PPP1R16B,1.0412392217595827,0.047737318178891874,1.2065705723199442,0.03956446417146121,0.9684403587265848,0.9998034148804216
PPP1R18,3.9489444009888093,0.7442086706407544,0.7128710882657161,1.0439596764280015,0.29650404619341153,0.9998034148804216
PPP1R2,1.0154390496299386,-0.02510318565616542,1.393208845708937,-0.01801825026698823,0.9856242941665725,0.9998034148804216
PPP1R21,0.38780078811304924,-0.14595407561532284,1.5055025940509146,-0.0969470768048287,0.9227684229701599,0.9998034148804216
PPP1R9B,1.6384184734906175,-0.99741238374524,0.8966509103314882,-1.1123753650977732,0.2659767920844962,0.9998034148804216
PPP2CA,2.0671620684307452,0.15813192276706084,0.9269762551646016,0.1705889680410224,0.8645469729986387,0.9998034148804216
PPP2CB,0.2717542860804822,1.9533044155865347,2.5822762430559694,0.7564273655226429,0.4493930058605895,0.9998034148804216
PPP2R1A,0.9091629981150064,-0.5689722106008709,1.0040051868404254,-0.5667024613601943,0.570916348311511,0.9998034148804216
PPP2R2A,0.8876763698963378,0.08352674921182052,1.2441460524648351,0.0671358069628094,0.946473588352603,0.9998034148804216
PPP2R2D,0.5865805351849974,0.24802111783630099,1.2886905646020486,0.1924597918608108,0.8473820605493155,0.9998034148804216
PPP2R3C,0.38177401622147183,-0.12900388511957128,1.500110704841966,-0.08599624327936624,0.9314694035931206,0.9998034148804216
PPP2R5A,0.33575475461039095,-0.26607347143081994,2.170172445526021,-0.1226047598103787,0.9024200851009745,0.9998034148804216
PPP2R5C,2.409533587969763,-0.12143493849999497,0.720228180128459,-0.1686062026597404,0.8661064014008573,0.9998034148804216
PPP2R5E,0.39268783027222015,-0.1318293666246687,1.351139210256487,-0.09756904812172798,0.9222745032256923,0.9998034148804216
PPP3CA,0.761201652216479,0.5214420000212606,1.2381766862722228,0.4211369878003159,0.6736550537583175,0.9998034148804216
PPP3CB,0.8608767699404164,-0.4465598965817378,1.0994094107582335,-0.40618162097935584,0.6846091572349848,0.9998034148804216
PPP3R1,1.2042771871384692,-0.12386686156927722,0.9555547639823904,-0.12962821832737983,0.8968605766112613,0.9998034148804216
PPP4C,0.5616815389608673,0.5458416471440286,1.47896082319411,0.36907106569947873,0.7120747550850826,0.9998034148804216
PPP4R2,0.42498991495234123,-0.7126267407561298,1.4256996097867967,-0.49984354057773644,0.6171852496360863,0.9998034148804216
PPP4R3A,0.8548951242525389,0.17953772810083965,1.0494784391076328,0.17107328879810035,0.8641661386846593,0.9998034148804216
PPP4R3B,0.8407749472200368,-0.7449996581676006,1.1917066116176955,-0.6251535830251814,0.5318702630269105,0.9998034148804216
PPP6C,0.5567046281462759,-0.2510965986666012,1.4701735189437601,-0.17079385217535442,0.8643858633004965,0.9998034148804216
PPP6R2,0.11170275912897548,1.3068619861593433,3.6846353847203996,0.35467878085812604,0.7228302492046548,0.9998034148804216
PPP6R3,0.7952109958863814,-1.3791583307029087,1.6651450880319885,-0.8282511479722866,0.4075282827668393,0.9998034148804216
PPT1,1.5451392896600598,0.7999793979961249,1.181427994669887,0.6771292043233275,0.49832398091258046,0.9998034148804216
PPTC7,0.6882477957903563,-1.187067291008195,1.143058738080413,-1.03850069245058,0.2990370130621436,0.9998034148804216
PQBP1,0.5891136275114295,-1.3900339545057179,1.840272038053953,-0.7553415613354905,0.4500440673835243,0.9998034148804216
PQLC1,0.6048075690363163,-0.740598949647316,1.397770402198677,-0.5298430618378829,0.596220746104825,0.9998034148804216
PRCC,0.22210861535649304,1.7112051193882027,2.514883403818043,0.6804311948578956,0.4962314744713726,0.9998034148804216
PRCP,0.5602637327455532,0.4857281076509123,1.2911069158370216,0.376210600139196,0.7067603355516348,0.9998034148804216
PRDM1,0.6932766355831763,-1.2353663582846552,1.7560880185726262,-0.7034763321765494,0.481758951365016,0.9998034148804216
PRDM2,3.344771916514351,-0.8698232448764779,0.8337557023537647,-1.0432591254499266,0.2968282964113357,0.9998034148804216
PRDX1,0.18743189826122184,1.6050899077235694,2.529584117801749,0.6345271922083459,0.5257368265740283,0.9998034148804216
PRDX3,0.7258850489348904,-0.31405838281493775,1.3231976353556358,-0.23734805324869576,0.8123867858280183,0.9998034148804216
PRDX5,1.485488617523774,0.6799892184284609,1.0783121259481325,0.6306051857022045,0.5282987073268963,0.9998034148804216
PRDX6,0.5251582851852207,0.3611944973011401,1.6111577157899344,0.22418320302308212,0.8226147529115673,0.9998034148804216
PRELID3B,0.6971560574828702,1.3357286133155888,1.4880628954196786,0.8976291374692686,0.3693832996615575,0.9998034148804216
PREX1,2.5231955004776196,-0.6193777167274249,0.8032412119505294,-0.7710980307190357,0.4406488277831293,0.9998034148804216
PRKACA,0.5089959185246598,-0.16334247275612873,1.9257637451712977,-0.0848195803694494,0.9324048267517067,0.9998034148804216
PRKAG2,0.388279949076727,0.22021795569857336,1.7862857798603553,0.12328260023196798,0.9018833187237508,0.9998034148804216
PRKAR1A,3.2870401715493256,-0.49310996828553727,0.6224772712526198,-0.7921734512382197,0.4282595464706609,0.9998034148804216
PRKAR2A,0.3278725051907222,-0.47712206945098146,2.1925928572246765,-0.21760632297913685,0.8277358575233258,0.9998034148804216
PRKAR2B,0.9375302511896086,0.4876501214080607,1.291086516190669,0.3777052236955157,0.7056495868352919,0.9998034148804216
PRKCA,0.30039529043646,2.000157765915178,2.5632308685368215,0.7803268096006255,0.435198536272135,0.9998034148804216
PRKCB,0.4492888468989373,-1.0107151584593208,2.1522921084584357,-0.4695994351729694,0.6386412282996319,0.9998034148804216
PRKCD,0.7137609478372847,0.08171091842091095,1.1389280467494038,0.07174370554322616,0.9428058737619697,0.9998034148804216
PRKCSH,0.7491151077162989,-0.7254428067093113,1.5903556337237938,-0.45615131064156883,0.6482811749771816,0.9998034148804216
PRKDC,0.5094453315721325,-1.4312772350221226,2.1914595258248553,-0.6531159796270463,0.5136815112019818,0.9998034148804216
PRMT1,1.282091969726153,-1.3788668480775814,1.5294471486438306,-0.9015459274288952,0.3672981261064622,0.9998034148804216
PRMT2,1.0112747484728084,-0.8978721792106307,1.2714412533833295,-0.7061845577382169,0.4800733723031817,0.9998034148804216
PRNP,0.5386191801912248,-0.8819847111785099,1.271668005750592,-0.693565228652525,0.48795490604359015,0.9998034148804216
PRPF3,0.0992913414479782,1.240280285129172,3.6917755027543175,0.33595766703686014,0.7369027896980476,0.9998034148804216
PRPF38B,1.0648889429201664,-1.0189382935413882,1.263921704862615,-0.8061720038680277,0.4201436788282462,0.9998034148804216
PRPF39,0.852497036117601,-0.8403176864940893,1.960083044483137,-0.42871534900485625,0.668130389164766,0.9998034148804216
PRPF4,0.41160518080847275,0.3245747051727301,1.4787851842011244,0.21948739319299662,0.8262703992326663,0.9998034148804216
PRPF40A,1.1894394198014746,0.8865486396895612,1.3223737097898962,0.6704221606390067,0.5025887117064048,0.9998034148804216
PRPF4B,0.8196493775381692,-0.7746326319383142,1.021069515647151,-0.7586482801294427,0.44806298333402517,0.9998034148804216
PRPF8,0.7843572178778693,-0.04488678319393932,1.0808098015716392,-0.041530695899193414,0.966872822168484,0.9998034148804216
PRPS1,0.2921358557779793,-0.5225845821870232,1.8260099374281002,-0.2861893418406438,0.7747331064901044,0.9998034148804216
PRR13,1.6370660923094351,-1.4402115441783783,1.0723373698933671,-1.3430582432481977,0.17925311516718057,0.9998034148804216
PRR14L,0.28874641724905725,-0.49095724846111827,2.8680535517002865,-0.1711813394035341,0.8640811799168435,0.9998034148804216
PRRC2A,0.5782191248016508,-0.2621333053402621,1.5451573248349073,-0.16964829478983295,0.8652867392655224,0.9998034148804216
PRRC2C,3.414876356501443,-0.7409148111678366,0.703794790456227,-1.0527426761535803,0.29245894375471926,0.9998034148804216
PRRG4,1.1446378012240324,-1.1900071454732606,1.2260953188396624,-0.9705665841701816,0.3317641528488854,0.9998034148804216
PSAP,5.811962568836744,-0.10139804838021708,0.5772196174624492,-0.17566632406912866,0.8605560933349929,0.9998034148804216
PSD3,0.8287128463411453,-0.4548712706677502,1.0638235083753647,-0.42758151806817485,0.6689558241072258,0.9998034148804216
PSEN1,0.43189371562881995,-0.2516237304834013,1.9592082345907704,-0.12843133570023973,0.8978076341893712,0.9998034148804216
PSEN2,1.612681902195141,-0.16968860064272873,1.1937435911247205,-0.14214828201326857,0.8869628818189264,0.9998034148804216
PSENEN,0.6774337791442453,1.452573697701674,1.6560311979140678,0.877141505263507,0.38040978319020413,0.9998034148804216
PSIP1,1.250744191302813,0.3396250268590253,0.9484581139166289,0.3580812076735303,0.7202825419921606,0.9998034148804216
PSMA1,0.2802934677160803,1.0620514770169203,1.9142088390541934,0.5548252914460878,0.5790141661130814,0.9998034148804216
PSMA3,1.4806579170597507,0.529309408623097,0.990575765205104,0.5343452032803374,0.5931027231936388,0.9998034148804216
PSMA3-AS1,0.32443794045810026,-1.0637334645323102,2.1205204727735483,-0.5016379130454671,0.6159222453085478,0.9998034148804216
PSMA4,1.2800961949261358,0.36054497883180636,0.9203678086964395,0.391740101538822,0.6952502566662697,0.9998034148804216
PSMA5,0.6514165428489069,-0.6814575925411461,1.2469399771135425,-0.5465039256489366,0.5847195899979771,0.9998034148804216
PSMA7,1.043686686132915,-0.8919557166970782,1.4917849676044486,-0.5979117205674799,0.549898838918884,0.9998034148804216
PSMB1,2.9268661883823284,0.25074383653082805,0.9168639545163705,0.273479871572758,0.7844843629693785,0.9998034148804216
PSMB2,1.8023018772293922,-0.2826285767564322,1.1599144529731154,-0.24366329433346842,0.8074916034967767,0.9998034148804216
PSMB3,0.9070776483418369,1.7332799549390363,1.384364940036873,1.2520397655352857,0.21055537434588723,0.9998034148804216
PSMB4,1.8707839706819291,-0.23611342615248027,0.896403733798591,-0.26340076156524755,0.7922417036804359,0.9998034148804216
PSMB5,0.8234062237476859,0.6162576405172218,1.8251226970007757,0.3376527186527887,0.7356249091745433,0.9998034148804216
PSMB6,0.8260606031399536,-1.2350246847090358,1.6740098301253261,-0.7377642965313859,0.4606576929396424,0.9998034148804216
PSMB7,0.26881062404623357,-0.6262958682804711,2.161620801275724,-0.2897343826034844,0.7720194504751796,0.9998034148804216
PSMB8,1.2136453262032947,-1.1495322919903095,1.0229540199437253,-1.1237379878066736,0.2611241957640503,0.9998034148804216
PSMB9,0.7587778337180221,0.40876334435001194,1.5048677753411324,0.27162741541020174,0.7859085172990198,0.9998034148804216
PSMC2,0.6067545857140377,-1.6934202468093276,2.167833193698846,-0.7811580022538285,0.43470957128553245,0.9998034148804216
PSMC3,0.471761665481668,-0.4440140717907629,1.9449730259657738,-0.2282880358046551,0.819422325057039,0.9998034148804216
PSMC4,0.40897148399861655,0.7088648890091376,1.5943971044817253,0.44459745129778144,0.6566106896788444,0.9998034148804216
PSMC5,0.6268048632081682,0.05131070312849307,1.1472126034368817,0.04472641163004458,0.964325381323066,0.9998034148804216
PSMD1,0.5616367965091467,0.43507946170662515,1.522181082722798,0.28582634920700617,0.7750111259023609,0.9998034148804216
PSMD11,0.7799742599671083,0.2315608827233558,1.2515721721276116,0.18501600457424167,0.8532164824532749,0.9998034148804216
PSMD13,0.460560534847528,-0.8613837817433347,1.7442026610016557,-0.4938553305776186,0.6214083535291348,0.9998034148804216
PSMD2,0.36769896539266955,-0.7543397761130256,1.788876981069661,-0.4216834271420762,0.6732561027340875,0.9998034148804216
PSMD4,1.28151400114145,0.40561385450827725,1.0480269878465527,0.38702615410860525,0.6987368457009866,0.9998034148804216
PSMD6,0.274837395937811,-0.6520234356758038,2.169104312836113,-0.3005957029439863,0.7637228085596186,0.9998034148804216
PSMD8,0.43537982558769106,-1.1990649326216993,2.16401554177425,-0.5540925697967033,0.5795154949100121,0.9998034148804216
PSME1,2.1842076170919347,-0.0494589722348855,0.9035150620503957,-0.054740617298228066,0.9563451099325841,0.9998034148804216
PSME2,1.11027294279923,-0.5765330922106874,1.11975259570624,-0.5148754237511384,0.606640075534411,0.9998034148804216
PSME3,1.1743662251365334,-0.2947354021463605,1.004855711536343,-0.2933111677254976,0.7692843182460712,0.9998034148804216
PSMF1,1.2217001868452926,-0.053886105860266494,0.9381342482258898,-0.05743965318627987,0.9541949764526889,0.9998034148804216
PSMG2,0.6197596486500198,0.24642612170728162,1.3076279647885076,0.1884527773518043,0.8505217304179187,0.9998034148804216
PSPC1,0.48852773297256213,0.7986759596253392,1.5031704366130083,0.5313276127389395,0.595191773859217,0.9998034148804216
PTBP1,2.714314581291785,0.29114291247997903,1.1355759843067936,0.2563834710344862,0.7976547496346126,0.9998034148804216
PTBP3,5.0994303093920585,-0.008772375928099244,0.5802819486434823,-0.015117437219279894,0.987938489662293,0.9998034148804216
PTDSS1,0.5894045806476202,-0.45392110462073887,1.2609669921892985,-0.35997857789492044,0.7188631535303461,0.9998034148804216
PTEN,1.81027402482781,0.11736822947406453,1.0552854269160816,0.11121941654880627,0.911442354974101,0.9998034148804216
PTENP1,0.3860920287615444,-1.4463883559370936,1.6705850932345678,-0.8657974752645572,0.3866012339799576,0.9998034148804216
PTGER4,1.399977075271797,-1.422750243592712,1.3978179155909731,-1.0178366064160782,0.3087556123028484,0.9998034148804216
PTGES2,0.9918458126557709,0.3688256276537944,1.1105881981879493,0.33209935802989377,0.7398142348656911,0.9998034148804216
PTGES3,2.9010897796213175,-0.024237665581882475,0.7916694897649422,-0.030615889452906643,0.9755758701390835,0.9998034148804216
PTGIR,0.9660199129147,-0.260750308951228,1.2028084970757205,-0.2167845584606084,0.8283762463739903,0.9998034148804216
PTK2B,2.3866711787623025,-1.3783783862893926,0.7882923737536099,-1.7485623763248797,0.08036669458689104,0.9998034148804216
PTMA,8.563496105977265,-0.22653358665643664,0.4913966682967659,-0.4609994354288697,0.6447990101541182,0.9998034148804216
PTMAP2,4.963220495845422,-0.2469837634527279,0.6424295885935217,-0.38445265884071783,0.7006429775315595,0.9998034148804216
PTMAP5,1.7547727440101188,0.46094721287082996,0.9831278809307463,0.46885783814252346,0.6391712547346771,0.9998034148804216
PTMS,3.5490906928558266,-0.9399276862464225,0.7437117239730553,-1.2638333590132784,0.20628984501502245,0.9998034148804216
PTP4A1,1.6331154874499572,-0.5474441099323715,1.1608171775100011,-0.4716023509461333,0.6372106483483324,0.9998034148804216
PTP4A2,4.9079192116835575,-0.4185909293426507,0.5949507573439441,-0.7035723951531356,0.481699107473443,0.9998034148804216
PTPA,0.1998433159422191,1.6709221091912922,2.551286296666043,0.6549332042330221,0.5125107608372701,0.9998034148804216
PTPN1,6.535774414121381,-0.955560750272094,0.6176039155104924,-1.5472064316209149,0.12181347558318177,0.9998034148804216
PTPN11,0.6153635091892222,-0.9021453925511753,1.2592236703102295,-0.7164298240430294,0.4737259848616536,0.9998034148804216
PTPN12,0.5294141254919812,0.337496662137283,1.283564434551533,0.26293706264555516,0.792599089227394,0.9998034148804216
PTPN2,1.3889116337160101,-0.5055748927843727,0.9532612249619083,-0.5303634298191193,0.5958599762870209,0.9998034148804216
PTPN23,0.22295739195270883,-0.19555492341157604,2.833231920194306,-0.06902185522396793,0.9449722230298979,0.9998034148804216
PTPRA,0.7374025638159721,-0.02089531950829416,1.4415570127993598,-0.014494965736885797,0.9884350956027637,0.9998034148804216
PTPRC,2.9753183518308504,0.0016117231418415188,0.7084062684653043,0.00227513958245057,0.9981847028195664,0.9998034148804216
PTPRF,0.8304752889920866,0.6971584211104769,1.1133339934456818,0.6261898273247061,0.5311904387937089,0.9998034148804216
PTPRJ,1.7029057591695687,0.5934370806282933,0.9670678099757598,0.6136457800649658,0.5394494246312143,0.9998034148804216
PTTG1IP,1.1421253914800116,-0.7789786230150471,1.1992140804323304,-0.6495742801270448,0.5159672511583209,0.9998034148804216
PUF60,0.5119149649230219,0.47859528420967634,1.6394919443966771,0.291916825724811,0.7703502184645068,0.9998034148804216
PUM1,0.6097433739519862,0.2113889588389503,1.6439293765115377,0.12858761565993995,0.8976839662189958,0.9998034148804216
PUM2,0.4090593865954476,-1.5314406106550897,2.2553787812341333,-0.6790170340332334,0.49712706897177605,0.9998034148804216
PURA,0.7295113735485874,-0.3305651141137864,1.3923416951075207,-0.23741665948476762,0.8123335667526811,0.9998034148804216
PURB,1.3137278876603604,-1.491962685600384,0.9286802878670034,-1.6065407063039208,0.1081551585007578,0.9998034148804216
PUS10,0.4956659824078604,-0.8363583729339326,1.5616517286605052,-0.5355601108649959,0.5922626032080084,0.9998034148804216
PXDC1,2.896837575867356,0.10520212044863321,0.7270645213449244,0.1446943391681804,0.8849522088118221,0.9998034148804216
PYCR2,0.34541679196338126,0.12549230539330902,1.8346556120378144,0.06840101464814993,0.9454664141513958,0.9998034148804216
PYGO2,0.28575120998855946,-0.6992375790941393,2.183326984280146,-0.32026241791935783,0.7487694101037143,0.9998034148804216
PYM1,0.16733007554084214,0.5400225499562459,2.808144030109207,0.19230585901793817,0.8475026292225188,0.9998034148804216
QARS,0.2841657037614794,2.0033013186105872,2.5971363382270622,0.7713500785939266,0.4404994565919118,0.9998034148804216
QKI,2.382737156117682,0.3014217059176208,0.7479152632766568,0.40301585048161226,0.6869365640638918,0.9998034148804216
QRICH1,0.6589824080216338,-0.4322558584231129,1.2065525219962439,-0.3582569764206739,0.7201510119489023,0.9998034148804216
QSER1,1.2264981252986773,-0.4745447129091315,1.6817257949213087,-0.28217722195985967,0.777807623171618,0.9998034148804216
QSOX1,0.5484213446836542,1.8893006911272694,1.550473099210525,1.2185317449811093,0.22302196888615522,0.9998034148804216
R3HDM2,0.6019820278461736,-0.1461481611269775,1.1535749080504152,-0.12669152224711042,0.8991845560345714,0.9998034148804216
R3HDM4,0.7852857918890198,-0.844017416462504,1.1190166316232615,-0.7542492154367361,0.4506995904226849,0.9998034148804216
RAB10,2.8402728869795064,0.02760256226988572,0.7314386317615005,0.03773735905008373,0.969897088985399,0.9998034148804216
RAB11A,1.5075233258017833,0.4725635107103424,1.1710676415115333,0.40353220767025033,0.6865567459772115,0.9998034148804216
RAB11B,1.8426696706283296,-0.631339699392386,0.909275896190614,-0.6943323825445786,0.4874737875515248,0.9998034148804216
RAB11FIP1,3.335520268046463,-0.4909657299439537,0.7702991004954606,-0.6373702495928684,0.5238837021805136,0.9998034148804216
RAB11FIP4,0.6566360277951692,0.3911402183918334,1.581551069257473,0.24731431440621826,0.8046649815242263,0.9998034148804216
RAB12,1.174069825214157,-0.41892041971515936,1.1062803254268578,-0.37867474462543577,0.7049294099581429,0.9998034148804216
RAB14,0.35528754771167226,-0.8420684454323394,1.7825688020991641,-0.4723904314047875,0.6366481329434632,0.9998034148804216
RAB1A,1.9166287276246041,-0.4781275839900145,0.9093768432169247,-0.5257749716813065,0.5990445661977633,0.9998034148804216
RAB21,1.264642390206965,-0.8823799623668804,1.2242591728990468,-0.7207460494475233,0.47106577442316644,0.9998034148804216
RAB22A,0.5929453618074287,0.3312773137497323,1.5334873969639873,0.21602871624872708,0.8289653636936352,0.9998034148804216
RAB27A,0.20969719767549577,1.6302434673189126,2.497465219860034,0.6527592273778599,0.5139115128440382,0.9998034148804216
RAB29,1.0937847150563509,-0.7815272065998901,1.1806279251509375,-0.6619589372324695,0.5079975383463213,0.9998034148804216
RAB2A,1.4457432414789924,-0.521402460060362,0.9281993853650129,-0.5617354075873702,0.5742963063869322,0.9998034148804216
RAB30,1.723576016691899,-0.8880688428468397,0.8567099441357507,-1.03660386916919,0.2999205093585815,0.9998034148804216
RAB31,2.4777834777838823,0.12050873006992709,0.7236113220586711,0.1665379277470124,0.8677336378727133,0.9998034148804216
RAB35,0.3537899440814234,-0.9741819358956924,1.7829620375728685,-0.5463840033418985,0.5848020037433286,0.9998034148804216
RAB3GAP1,0.4434281045249159,-0.592642207188182,1.2852574637330378,-0.4611077732759079,0.6447212850736149,0.9998034148804216
RAB3GAP2,0.785955905654986,-0.6492120280279313,1.4935854930724708,-0.4346668008219806,0.6638042995307483,0.9998034148804216
RAB4A,0.5986340789681522,0.2260140243343762,1.294424397581176,0.1746058130213838,0.8613893806278708,0.9998034148804216
RAB5A,1.0418341537567979,-0.4564218384523117,1.021089229776305,-0.4469950569866478,0.6548786288760169,0.9998034148804216
RAB5B,4.283640985465237,0.30562086912949626,0.6955078147327917,0.4394211864418997,0.6603563778445971,0.9998034148804216
RAB5C,0.7290132849959191,-1.1255648100424083,1.724836341873448,-0.6525632506211371,0.5140378837605108,0.9998034148804216
RAB6A,0.8154450824576581,-1.6449126653269315,1.617238137631499,-1.0171122156047858,0.30910004978538685,0.9998034148804216
RAB7A,3.8071030319914954,-0.14567885681484927,0.5974092811814765,-0.24385101036051032,0.8073462119831433,0.9998034148804216
RAB8A,0.5230294797025614,0.23170828576623537,1.2901075659160368,0.1796038500105312,0.8574635819644698,0.9998034148804216
RAB8B,5.534753152299688,-0.49238434414145615,0.5657302252861747,-0.8703518428635901,0.3841081554308158,0.9998034148804216
RAB9A,2.362137626042289,-0.30657259768305917,0.7370380496125133,-0.41595219927144206,0.6774449816416688,0.9998034148804216
RABAC1,0.22898416384428627,-0.16386281049873566,2.191315176608689,-0.07477829398887846,0.9403911123421959,0.9998034148804216
RABEP1,0.5959818357669606,-0.48738350035168804,2.472040379569953,-0.19715838963620627,0.8437035917074405,0.9998034148804216
RABGAP1,1.5438256671215551,-1.0419251250386863,1.1091897709423388,-0.9393569543591209,0.34754750586006067,0.9998034148804216
RABGAP1L,1.2588908278293338,0.301825852957604,1.2852299319192733,0.23484191074423408,0.814331437165658,0.9998034148804216
RABGGTA,0.652597762232214,-0.5533719182185539,1.2567643350792523,-0.44031478517701406,0.6597091337269859,0.9998034148804216
RABGGTB,1.61755260094001,0.5360354385738187,1.2394010324439526,0.43249555595158745,0.6653812814533915,0.9998034148804216
RABL3,0.45328198625819255,-0.7413240963822917,1.2744575969592318,-0.5816781179311419,0.5607835134546113,0.9998034148804216
RABL6,0.5130857293138642,-0.7077558679103098,1.4904385767280501,-0.47486416344915167,0.6348837959114184,0.9998034148804216
RAC1,5.437642210022535,0.13671762164913787,0.5242845960372509,0.26076986179358197,0.7942699873037373,0.9998034148804216
RAC1P2,1.0935049680792335,0.43167864951700985,1.2186973406849404,0.3542131709866495,0.7231791336490014,0.9998034148804216
RAC2,0.7662024118352111,-1.3702329302288707,1.6466705156453578,-0.8321233162372215,0.405339342219707,0.9998034148804216
RACK1,6.131904048068272,-0.06730156538068506,0.5142592972741934,-0.13087087727419563,0.8958774530734295,0.9998034148804216
RAD21,1.806276088999657,-0.38249872670933566,0.8194557931968389,-0.4667716426985547,0.6406632662732654,0.9998034148804216
RAD23A,1.2752471710226434,0.5369500127217023,1.7002361189442545,0.31580908483176817,0.7521474220648714,0.9998034148804216
RAD23B,1.1379919548488306,0.8137671353348678,0.995880499934555,0.8171333160839529,0.4138522454868211,0.9998034148804216
RAF1,0.6874405088450414,-0.2074960277003987,1.3492780358520708,-0.15378300260358477,0.8777808363589363,0.9998034148804216
RALA,2.3357353406953383,-0.04751582257021706,0.8106836164083642,-0.05861204248918977,0.9532611186552813,0.9998034148804216
RALB,0.3413785264004261,-1.0826180723014773,1.7676287414411502,-0.6124691497258736,0.540227403117501,0.9998034148804216
RALBP1,0.1609454297514223,0.4640787792493459,2.809804227670471,0.1651640974410877,0.8688148232103851,0.9998034148804216
RALY,1.060123187826831,-0.9106504365855572,1.1751023315169316,-0.7749541568945785,0.43836674888432225,0.9998034148804216
RAN,4.548005710060299,0.24552247043577985,0.6085637565362422,0.40344576521155034,0.6866203251497718,0.9998034148804216
RANBP2,1.6017988281842641,0.34307691419693315,1.2984995821842686,0.26421026152340144,0.7916179043882979,0.9998034148804216
RANBP9,0.7903239537272105,-1.3624155915518465,1.6611627165577931,-0.8201578195632752,0.4121261443660318,0.9998034148804216
RANGAP1,0.204564328583834,0.7363683487491481,2.8005951038914976,0.2629328130031884,0.7926023647455985,0.9998034148804216
RAP1A,0.9121582053755043,-0.3932057134766721,1.0618887824668908,-0.3702889793818234,0.7111671843465761,0.9998034148804216
RAP1B,1.791533129169864,0.3527267235644827,1.155882426946911,0.30515796013627194,0.7602458491761286,0.9998034148804216
RAP1GDS1,0.4488394338514645,0.6167133453322838,1.5036649665719948,0.4101401303099096,0.681703156041819,0.9998034148804216
RAP2A,1.2263865282756727,0.09568233681051165,1.0839576693326742,0.08827128541783127,0.9296610607646307,0.9998034148804216
RAP2B,4.52668863317032,0.10807516526136915,0.5809455771278818,0.18603320089926237,0.8524187252159252,0.9998034148804216
RAP2C,0.31805329466868043,-1.1749694768479482,1.7298552318141946,-0.6792299466676717,0.49699217538744556,0.9998034148804216
RAPGEF1,2.504338921301523,-0.5914171616952851,0.9320966359493869,-0.6345019806802513,0.5257532746025135,0.9998034148804216
RAPGEF2,0.8766082680627287,-1.0505288031689934,1.1773315861082454,-0.8922964571447474,0.3722340527306691,0.9998034148804216
RARA,0.3135692526110518,-0.3578417703593109,2.8598145948791207,-0.1251276117689847,0.9004225240508859,0.9998034148804216
RARRES3,0.216572746163289,-0.2530315976909195,2.186747182414365,-0.11571140903977291,0.9078812638882081,0.9998034148804216
RASGEF1B,1.9482323904378953,-0.6063102130949206,1.1838399179108454,-0.5121555743490157,0.6085421323752103,0.9998034148804216
RASGRF1,0.7377797490547842,1.3765242609573645,1.3031581358758353,1.056298712383222,0.2908317640642374,0.9998034148804216
RASGRP3,0.25151216420606537,-0.7362469190606891,2.8784774683414813,-0.255776509338077,0.7981234135148654,0.9998034148804216
RASSF2,3.094358946396283,0.174693487840485,0.6824214567767376,0.25599061416622204,0.7979580847190175,0.9998034148804216
RASSF3,1.2972447500686475,-0.8128751524077696,1.0872186557113341,-0.7476648309312998,0.4546623494072576,0.9998034148804216
RASSF4,5.615295105828846,-0.11707655919213006,0.5984075154377415,-0.19564687302847006,0.8448865698183595,0.9998034148804216
RASSF5,2.211139202034708,0.10491779425438336,1.063297496660268,0.09867209749286698,0.9213986237008379,0.9998034148804216
RB1,1.1528126761562132,0.7666580889844204,1.2571420469426766,0.6098420547215844,0.5419664401957518,0.9998034148804216
RB1CC1,0.29966023129980557,-0.4815264235512133,2.1738603316843053,-0.22150752582072603,0.8246972773782822,0.9998034148804216
RBBP6,1.427559068520016,-1.0291521236003442,1.0635705220460578,-0.9676388187409511,0.33322478318930904,0.9998034148804216
RBCK1,1.026923563793995,-0.9908125462125418,1.12256287442835,-0.8826343439489744,0.3774338663586304,0.9998034148804216
RBL2,0.5382613062933823,-1.0482977174566117,1.2856693673863564,-0.8153711553287618,0.41485989006441926,0.9998034148804216
RBM12,0.38067941269276523,0.6924534581269377,1.6327880553164447,0.42409267747413537,0.6714982255600719,0.9998034148804216
RBM17,1.2617067634758568,-0.6640929507923672,1.514130455438243,-0.4385969177273798,0.6609536308015841,0.9998034148804216
RBM22,0.4868551589770413,0.01320302408398994,1.5092611864840286,0.008748004786863748,0.9930201910675022,0.9998034148804216
RBM23,0.7707911606259292,-0.8906109456018109,1.948180064655026,-0.45715022022849605,0.6475630756309948,0.9998034148804216
RBM25,2.843560349783562,0.3280406749004774,0.6967383354042562,0.4708233467735691,0.6377668907955675,0.9998034148804216
RBM26,0.4849803701079803,-1.4401107053587965,1.6552395759574798,-0.8700315810934854,0.38428314572865796,0.9998034148804216
RBM3,2.7288850741642423,0.0697614968558973,0.6959343266263078,0.10024149432904286,0.9201526041845651,0.9998034148804216
RBM33,0.7499018840938005,-1.5133214475724166,1.1187602178238587,-1.3526772077362863,0.1761587749368957,0.9998034148804216
RBM39,3.43023460432053,0.06537109410552695,0.6320318607548919,0.10343006130647976,0.9176216546111194,0.9998034148804216
RBM42,0.28724881361880833,-0.5628122528394757,2.1725946219523053,-0.2590507438215646,0.7955960884951162,0.9998034148804216
RBM47,0.3124746490823451,0.36612779985377736,2.803788599796903,0.1305832400774789,0.8961050016671637,0.9998034148804216
RBM5,1.2061275323862415,-0.38714520143115994,1.1015864556673018,-0.35144332016740454,0.7252557876496837,0.9998034148804216
RBM6,0.6547405563436968,0.07630551946214141,1.406159851668045,0.05426518142416359,0.9567238898591831,0.9998034148804216
RBM8A,1.0469943518559388,0.20947089953034267,1.2477506631396527,0.1678788124249612,0.8666786187858614,0.9998034148804216
RBMS1,0.7114314416258344,0.22726453606977154,1.2249973936088319,0.18552246499092717,0.8528192615877515,0.9998034148804216
RBMX,2.274032489635395,-0.2401564065097359,0.7598469905118416,-0.3160589033167899,0.7519577994053451,0.9998034148804216
RBMXL1,0.38463955133499533,-0.8821998448839369,2.2214159424499136,-0.39713402070527726,0.6912686335079454,0.9998034148804216
RBPJ,1.0273749429000572,0.061404513676349665,1.0288058742275623,0.05968522849118915,0.9524063367163478,0.9998034148804216
RBPMS,0.38836981773214757,1.429751429727174,1.846970434384086,0.7741062894728777,0.4388679384395592,0.9998034148804216
RBX1,2.205534371616689,-0.054064092519780595,1.1855883249887431,-0.04560106689671891,0.9636282187979466,0.9998034148804216
RC3H1,0.4487181467856291,0.2287637784041238,1.5899532332819484,0.14388082216224335,0.8855945797990274,0.9998034148804216
RC3H2,0.6113450068810768,1.0778722092923303,1.5969139495947824,0.6749720043248673,0.49969355172621743,0.9998034148804216
RCN1,0.25639920636523633,-0.725813583514047,2.153948444658929,-0.3369688746793461,0.7361403637210233,0.9998034148804216
RCOR3,0.4278554500658648,-1.262451330693569,1.797126458265433,-0.702483303212882,0.48237781078955755,0.9998034148804216
RCSD1,0.32358916386188447,0.2196891709539121,1.8189037798254906,0.12078108440403018,0.9038644328659676,0.9998034148804216
RDX,0.691284492701755,-0.8532247188992756,1.172526435445713,-0.72768058195203,0.4668091397224303,0.9998034148804216
REEP5,0.9113977970729855,-1.5196765082046166,1.8885510945355102,-0.8046785245057834,0.4210052153995437,0.9998034148804216
REL,6.640504317503261,0.08954181477606489,0.497408534378198,0.18001664343777216,0.8571395020711452,0.9998034148804216
RELA,0.9075360022370257,0.49434611122241795,1.2036780563273977,0.41069628928082486,0.6812952482063337,0.9998034148804216
RELB,1.5472543873494342,0.2881125608367806,1.0931346088590712,0.26356549184504374,0.7921147520138768,0.9998034148804216
RELT,0.6067997119177376,-1.1295186867252138,1.8233012874652788,-0.6194909719476207,0.5355929675526256,0.9998034148804216
REPIN1,2.828624850502605,-0.4865410224054031,0.7059628260496549,-0.689187878528864,0.4907050438115962,0.9998034148804216
RER1,0.36620136176242063,-0.8777063646711518,1.7924279454259795,-0.4896745595330252,0.624364206919515,0.9998034148804216
REST,0.4133586826116982,2.3171970514243587,2.642041752134736,0.877047854959935,0.3804606458359483,0.9998034148804216
RETREG2,0.5645817452856258,-0.6347052977896179,1.2329174846083508,-0.5147994944619012,0.6066931386648435,0.9998034148804216
RFK,0.25001456057581645,-0.8631434257493554,2.1480783046840277,-0.40182121101787294,0.6878156107204718,0.9998034148804216
RFTN1,4.610614658504989,-0.21881488650766145,0.5714757547776947,-0.38289443546521224,0.7017980373992126,0.9998034148804216
RFWD2,0.39053329442604184,0.6661682800345601,1.584894317460364,0.42032347059078906,0.6742491662866965,0.9998034148804216
RFX1,0.13762019801967665,0.40317452955377725,2.814406366519327,0.14325384363466923,0.8860897072150389,0.9998034148804216
RGCC,1.8227140305089142,0.5617714954035716,0.8788436226801325,0.6392166716649615,0.5226819879731093,0.9998034148804216
RGS1,9.87764837574992,-0.03789902841946867,0.4049762091758043,-0.09358334529477587,0.9254401400751505,0.9998034148804216
RGS10,2.3021178067224235,-0.35685811637546505,0.7682815215420363,-0.46448874061061174,0.6422976245218205,0.9998034148804216
RGS16,0.5043454631974957,-0.1930685821967349,1.5998608938514707,-0.12067835581126417,0.9039458032442018,0.9998034148804216
RGS2,5.3393093596981025,-0.1544954204201896,0.5790411678518677,-0.266812497966834,0.7896135310056558,0.9998034148804216
RHBDD2,0.23650853936611257,-0.05404098014351005,2.1849689476744043,-0.024733065520692717,0.9802678806704584,0.9998034148804216
RHBDF2,0.40557840891689534,0.3392662429604357,1.4826838643055895,0.22881900257229149,0.8190095966710971,0.9998034148804216
RHEB,0.4359488552067894,0.06060156689413342,1.5707841587614397,0.03858045458130775,0.9692248856741942,0.9998034148804216
RHOA,6.124929870900057,0.2638983303812228,0.47797904958055165,0.5521127560147365,0.5808711028893185,0.9998034148804216
RHOB,2.760649955448874,-0.07918425713876812,0.9806648252282146,-0.08074548520728356,0.9356443629230916,0.9998034148804216
RHOC,0.8801903159215713,-1.764919661661481,1.8960742451309278,-0.9308283503105175,0.3519423621347315,0.9998034148804216
RHOG,1.7348218022623727,-0.1903661987409408,1.047912478490053,-0.18166230734769112,0.8558477480828095,0.9998034148804216
RHOH,0.5907772606592345,-1.0076186551844089,1.639703888855762,-0.6145125726862535,0.5388766675026497,0.9998034148804216
RHOQ,0.29363345940822816,-0.4552630458683202,2.166936826971888,-0.2100952091457655,0.833593364586478,0.9998034148804216
RHOT2,0.44985787651803566,0.22608115065215925,1.5904137349930672,0.14215241334868425,0.886959618626505,0.9998034148804216
RICTOR,0.474618711661316,0.6017783367999594,1.5260113774512702,0.3943472150286611,0.6933247090255302,0.9998034148804216
RIF1,0.9344513732264844,0.20848756883444464,1.1664871555242609,0.1787311311977052,0.8581488236028161,0.9998034148804216
RILPL2,0.4665873067391055,-0.8785588789328659,1.7487847849121345,-0.5023825038465256,0.6153984838690396,0.9998034148804216
RIOK3,0.3924766745509642,-1.3340114570965118,2.138283427273791,-0.623870269058444,0.5327127869694435,0.9998034148804216
RIPK2,2.4251021965157844,-0.1343575102980612,1.0309909236838162,-0.13031881000270173,0.8963141987438461,0.9998034148804216
RIT1,0.8738642008377546,2.5534863177467533,2.991840122727963,0.8534835462459409,0.3933912082796791,0.9998034148804216
RLF,0.6678662260928593,0.2100045529987287,1.2428915827481894,0.16896449852398407,0.8658245659265051,0.9998034148804216
RLIM,0.9929425523755534,-2.080979252939656,1.5760702219200966,-1.320359476371832,0.18671502661608164,0.9998034148804216
RMND5A,0.21054597427171157,-0.2773379730231575,2.835788601140914,-0.0977992410688078,0.9220917100352884,0.9998034148804216
RNASE1,1.210174410432854,3.755331034909161,2.146300524256314,1.7496762417324434,0.08017419554638429,0.9998034148804216
RNASEH2B,0.7841460621566134,-0.8637373548211932,1.2018384567467728,-0.7186800771538154,0.4723380614314393,0.9998034148804216
RNASET2,0.5739269271243085,0.1571922715579658,1.5912838557304931,0.0987833006612169,0.9213103277772264,0.9998034148804216
RND1,0.8266643039702868,-0.7513644981359925,1.4469412050408363,-0.519277836250981,0.6035670068889503,0.9998034148804216
RNF10,1.7144641776925194,0.046512856406288265,1.0271616228571168,0.045282899371677975,0.9638818177800078,0.9998034148804216
RNF103,0.8406748509746698,0.80255159394284,1.3000800982479321,0.6173093450352851,0.5370307041007915,0.9998034148804216
RNF11,0.5986340789681522,0.2260140243343762,1.294424397581176,0.1746058130213838,0.8613893806278708,0.9998034148804216
RNF114,0.6406340871044797,0.149747534645848,1.522751589127501,0.09834009415261857,0.9216622419279785,0.9998034148804216
RNF115,0.8526342092969501,-1.918955403384425,1.636820610702968,-1.172367570909489,0.24104951347243775,0.9998034148804216
RNF126,0.6147778992373777,-0.29105095483618093,2.4609682077794437,-0.11826684876144708,0.905856223870674,0.9998034148804216
RNF130,0.5023239561518484,-0.7836437176884733,1.8095806356701798,-0.4330526654858075,0.6649765095154552,0.9998034148804216
RNF139,0.5392680072252579,0.28251953906423566,1.4640764660641536,0.192967748347002,0.8469842264330038,0.9998034148804216
RNF141,0.28575120998855946,-0.6992375790941393,2.183326984280146,-0.32026241791935783,0.7487694101037143,0.9998034148804216
RNF144B,1.6565590723100496,-1.013970801514073,1.215276414088395,-0.8343540529210998,0.404081500773842,0.9998034148804216
RNF145,2.1399022101419862,-0.7433431904249042,0.8878233807637487,-0.8372647156300889,0.4024437879188917,0.9998034148804216
RNF149,1.4459251954415069,0.17790620238761037,1.1899694257875826,0.1495048515804202,0.8811552813857128,0.9998034148804216
RNF150,0.5743387835743554,1.0930617482895724,1.4733058172743883,0.7419109701960815,0.4581412787502672,0.9998034148804216
RNF167,0.3489029019222525,-1.0059592799256831,2.142289483724254,-0.4695720571698264,0.6386607923388405,0.9998034148804216
RNF168,1.1636085501855693,1.4026574373525837,1.5477484024112333,0.9062567502362705,0.3647999716309035,0.9998034148804216
RNF187,0.6157250196398638,-0.241696092981443,1.3439800320764492,-0.1798360743559728,0.8572812620486159,0.9998034148804216
RNF19A,0.6416839481814657,-0.5152912125878861,1.1933397194988358,-0.4318059678800366,0.6658824417044311,0.9998034148804216
RNF19B,4.31800782646953,0.3840281045437467,0.5819834399726671,0.6598608794810081,0.509343110919031,0.9998034148804216
RNF2,0.3593258132746274,0.41838998328822324,1.5331805116395385,0.2728902305448751,0.784937596504315,0.9998034148804216
RNF213,1.6723118390238048,-0.9250673561348765,1.0727414356789213,-0.8623395399557917,0.3885007003855636,0.9998034148804216
RNF216,0.5094453315721325,-1.4312772350221226,2.1914595258248553,-0.6531159796270463,0.5136815112019818,0.9998034148804216
RNF38,0.2981626276695567,-0.6105211367447484,2.1862200687312754,-0.2792587743003616,0.7800462415375732,0.9998034148804216
RNF44,0.8953438454591809,-0.16632284793399751,1.521995056746166,-0.10927949285825857,0.9129808115014408,0.9998034148804216
RNF5,1.173332872631426,-0.6508575734073802,1.2585947450252701,-0.5171303757464142,0.6050651504901068,0.9998034148804216
RNF7,0.2350109357358637,-0.27046325201020144,2.8450461092656774,-0.0950646286994658,0.9242634930062436,0.9998034148804216
RNH1,1.886022811112447,0.5228397119470017,0.8898144924081876,0.5875828236197773,0.5568123428858087,0.9998034148804216
RNPEP,0.4337943193606111,0.8176988347526816,1.6218388363587954,0.5041800803022478,0.6141348370245171,0.9998034148804216
RNPS1,1.2497989643464034,-0.3822656894640962,1.0722345788007488,-0.35651311478095116,0.7214563322978065,0.9998034148804216
ROCK1,2.2831688952844873,-0.04565424321095984,0.8782955946061546,-0.051980498924661146,0.9585442320078745,0.9998034148804216
ROCK2,0.5374794504588183,-0.8722138873362918,2.0748912763061247,-0.42036606799420906,0.6742180523114343,0.9998034148804216
ROMO1,0.4487632729893289,0.9226444524145032,1.677160609687704,0.5501228964507486,0.5822350832604808,0.9998034148804216
RP2,0.7205498804704774,-1.6380196964812046,1.1946041470260258,-1.371181994101615,0.17031822975238886,0.9998034148804216
RPA2,0.6135615429459694,0.14393638265082379,1.4973070983100423,0.09613016782814941,0.9234171917903649,0.9998034148804216
RPAP3,0.5850084411868228,-1.520473253634096,2.1734049134064453,-0.6995812166684627,0.48418887626130025,0.9998034148804216
RPF1,0.29099612604557273,-0.6379451303237731,2.8928513334888644,-0.22052468543358994,0.825462549345503,0.9998034148804216
RPL10,7.3163646913586815,-0.2582346079245179,0.5491174192937406,-0.4702721109387715,0.6381606201615255,0.9998034148804216
RPL10A,5.5868031669057,0.06097565622699964,0.5463268251253905,0.11161021832124896,0.9111324696006997,0.9998034148804216
RPL10AP6,3.163981516222017,0.20519759432597465,0.644352412737816,0.3184555381023592,0.7501394158668372,0.9998034148804216
RPL10P16,0.320996956702929,1.1707663396693324,1.8952268565907386,0.6177446966825837,0.536743643622062,0.9998034148804216
RPL10P9,2.2464174975522626,0.5664915493542645,0.7279270654264199,0.7782256990573824,0.43643596902132886,0.9998034148804216
RPL11,10.222952955590376,0.00018003414481962562,0.412502639981614,0.00043644361846423594,0.9996517683862218,0.9998034148804216
RPL12,3.9195260121794564,0.034379533811199695,0.6995524879121345,0.049145038299853554,0.9608037113751917,0.9998034148804216
RPL12P4,1.5523760549162264,0.034344374336388594,0.8822663110795788,0.03892744617479879,0.9689482342654695,0.9998034148804216
RPL13,6.005784487061058,-0.5582914147708277,0.6147734029594893,-0.9081255176024856,0.3638119100003335,0.9998034148804216
RPL13A,3.604609894419521,0.054297831323112916,0.6811928916674478,0.07970992062204404,0.9364679690470795,0.9998034148804216
RPL13AP5,3.3850603107382677,-0.02837910074962047,0.8107157916278612,-0.03500499317108058,0.9720757593401537,0.9998034148804216
RPL13P12,1.1280703827700647,-0.2610755216664558,1.5597296193881236,-0.16738511497196215,0.8670670364777628,0.9998034148804216
RPL14,5.870095026521237,0.008496918767205135,0.5857856538861712,0.014505167053572536,0.9884269569853045,0.9998034148804216
RPL14P1,2.9502025273953203,0.21877015510731132,0.6887904655591811,0.3176149584615795,0.750777026059753,0.9998034148804216
RPL15,7.669267537296829,-0.024872507505779663,0.511869748648212,-0.04859147775672432,0.9612448617087642,0.9998034148804216
RPL15P3,0.8285468168235891,-0.6400245316390318,1.2121476566821214,-0.5280087191612453,0.5974932842563221,0.9998034148804216
RPL18,4.139272115973271,-0.5539434824608634,0.7956623004343235,-0.6962042592171145,0.48630092070400477,0.9998034148804216
RPL18A,1.5997107611858972,-0.3986184289276179,1.0236423763393219,-0.3894118084023927,0.6969715382277955,0.9998034148804216
RPL18AP3,0.7426389227772489,0.44955068191849296,1.1490808775484753,0.3912263189668546,0.6956299558245036,0.9998034148804216
RPL19,6.080138526492365,-0.3070930888392322,0.5185500554659515,-0.5922149377908923,0.5537066678083147,0.9998034148804216
RPL22,3.0739107589517762,0.0002153975907528499,0.6579185298610312,0.0003273924976673742,0.999738778585455,0.9998034148804216
RPL23,10.632666301500175,0.033864031127051726,0.3862455598556885,0.08767487486381519,0.9301350896598297,0.9998034148804216
RPL23AP2,0.6113835513800034,0.4262335291811835,1.5098391615174414,0.28230393014366106,0.7777104722703793,0.9998034148804216
RPL23P8,1.6484661656627697,0.03697190022160915,0.9420026048478426,0.03924819319112292,0.96869251060363,0.9998034148804216
RPL24,3.945884246475511,-0.18883732189217986,0.5685328556800472,-0.3321484765665887,0.7397771469204008,0.9998034148804216
RPL24P4,1.08246661416183,0.38553243459471315,1.2460260349448729,0.3094096140710013,0.7570099579960438,0.9998034148804216
RPL24P8,1.5956425933287695,0.40954499382352477,1.0829520292721109,0.37817464001502815,0.7053008633184077,0.9998034148804216
RPL26,7.0782043429221675,0.2519061613093216,0.5131411068170156,0.4909101180216897,0.6234900204762754,0.9998034148804216
RPL26P19,5.938537382761968,-0.3982625124441445,0.5837993059405353,-0.6821907946644781,0.4951183146656928,0.9998034148804216
RPL27,6.7607667756926695,-0.0439920366191922,0.510008129602249,-0.08625752035266815,0.931261706413348,0.9998034148804216
RPL27A,10.240848918308084,-0.016222707622040724,0.39820581897734103,-0.04073950416822974,0.9675035679516586,0.9998034148804216
RPL28,7.280790053713042,-0.2127401893552372,0.5195602709996704,-0.4094620032165087,0.6822006457642817,0.9998034148804216
RPL29,5.895171878496829,-0.15150918813924802,0.5910006321281456,-0.2563604502311202,0.797672523758004,0.9998034148804216
RPL3,1.3463983012307887,-0.7492865306686016,0.9808606966418282,-0.7639071819616519,0.44492255721075114,0.9998034148804216
RPL30,1.562122270797862,-0.3283477196486554,0.8991456184594485,-0.36517746726189926,0.7149789370803904,0.9998034148804216
RPL30P4,0.4113178642250812,-0.51474289719217,2.1282011137491326,-0.24186760070122146,0.8088827557482096,0.9998034148804216
RPL31,12.25980114237824,0.10134333735593222,0.3765670233361129,0.2691243021178625,0.78783402972363,0.9998034148804216
RPL32,7.956187841182021,0.04377224733722731,0.4903146505573398,0.0892737903863804,0.9288643231252375,0.9998034148804216
RPL34,10.946673060266427,0.018698126896474643,0.44991920211757125,0.04155885503101625,0.9668503738128951,0.9998034148804216
RPL34P18,2.8812913222800667,0.23842829187791642,0.7224354146517935,0.3300340584671315,0.741374227639469,0.9998034148804216
RPL34P26,0.2131833076343669,-0.1314671430971606,2.8322574696522693,-0.04641779375845427,0.9629772544301242,0.9998034148804216
RPL34P27,2.0505673209692983,0.4198635058402526,0.7991109465011956,0.5254132829472189,0.5992959216398748,0.9998034148804216
RPL35,2.4337430167040734,-0.32414826135985875,0.8507653926864798,-0.38100781266653194,0.7031974513491475,0.9998034148804216
RPL35A,10.33928472251447,0.1420028271954314,0.40987021424577513,0.34645803051763263,0.7289985201397866,0.9998034148804216
RPL35P5,1.1510841535498981,-1.5005949461111256,1.0591509965623525,-1.4167903830346682,0.15654422224472683,0.9998034148804216
RPL36,6.563788294634635,-0.1466920224337029,0.6192350054809767,-0.23689232865600557,0.812740321471463,0.9998034148804216
RPL36AL,3.437528769903746,-0.09371173725207105,0.6531502643985511,-0.14347653573770633,0.885913841280347,0.9998034148804216
RPL37,10.507058846261485,0.094942474456769,0.38384003149851065,0.2473490690538811,0.8046380866566173,0.9998034148804216
RPL37A,10.058493547443376,-0.015721785661900873,0.3992410390200646,-0.03937918231174312,0.968588077142326,0.9998034148804216
RPL37AP1,1.301647242272245,0.3900996345740104,0.9620080602177639,0.4055055780776992,0.6851059190450564,0.9998034148804216
RPL37P2,2.2394968228607697,0.7113525828630576,0.7969555154093777,0.8925875649378651,0.3720780808253742,0.9998034148804216
RPL37P23,1.0288895925599182,-0.8985873239772613,1.3082389623809156,-0.6868678810344303,0.49216598876288076,0.9998034148804216
RPL38,9.185583916302216,-0.08563282515635202,0.40571335630980054,-0.2110673060784404,0.8328347514838967,0.9998034148804216
RPL39,7.459932777427093,0.154800513764628,0.4408724579501545,0.3511231218306903,0.7254959822186584,0.9998034148804216
RPL39P3,8.19081023114203,0.007846091054791515,0.47504376804966975,0.016516564540998546,0.9868222872978287,0.9998034148804216
RPL3P4,4.549588955610226,-0.13693955859157622,0.6747025217338318,-0.2029628676052266,0.839164055474784,0.9998034148804216
RPL4,6.508034560848107,-0.13587153731481227,0.4862326124172382,-0.27943731836362373,0.779909235306867,0.9998034148804216
RPL41,1.5101713257463298,-0.2806183329378906,0.9280777368688276,-0.3023651164013997,0.7623737440158413,0.9998034148804216
RPL4P4,2.456313895594826,-0.17298530956161792,0.8514314777550058,-0.20316997207776877,0.8390021821595746,0.9998034148804216
RPL5,7.088563581679509,0.17994874616665335,0.46851139961602173,0.38408616378199995,0.700914586167368,0.9998034148804216
RPL5P34,2.2677871089307455,0.975800243927008,1.124090405908889,0.868079861546385,0.3853506147951318,0.9998034148804216
RPL6,2.261474293231429,0.14373504295829218,1.011925766315847,0.14204109406324664,0.8870475463735381,0.9998034148804216
RPL6P27,5.941128613645947,-0.07883328255696724,0.4994321221971461,-0.15784583941088304,0.8745782767751582,0.9998034148804216
RPL7A,5.405192035512346,0.01671944800694916,0.5899599246367423,0.028339972443456856,0.9773909999925655,0.9998034148804216
RPL7AP6,1.9393866021135726,-0.18978354764834182,0.9228148104246313,-0.20565724076428,0.8370586614355746,0.9998034148804216
RPL7L1,0.5805339441264316,0.20970725361975281,1.5638389660264402,0.13409772884263024,0.8933252955448421,0.9998034148804216
RPL7P1,0.8420193836855325,1.5818161457462054,2.387920166031281,0.6624242167924654,0.5076993878950362,0.9998034148804216
RPL7P9,0.4583262015864149,-0.4724896829934328,2.909264002993717,-0.1624086650462891,0.8709840477085268,0.9998034148804216
RPL8,6.765660462394797,-0.3548877221704621,0.651662138944989,-0.5445885236558456,0.5860365495591577,0.9998034148804216
RPL9,1.357207338669692,0.492360501455777,1.0041990522025277,0.4903016990265764,0.6239204249220622,0.9998034148804216
RPL9P9,3.4878839904706265,-0.1352804513074739,0.7032296173547752,-0.19237024148148998,0.8474522008998309,0.9998034148804216
RPLP0,5.839835593127427,0.24693686502488954,0.5134065870658132,0.4809772045118597,0.6305327000995173,0.9998034148804216
RPLP0P6,0.8421973778896509,1.091702950825188,1.388039139092365,0.7865073253907304,0.43157032918479077,0.9998034148804216
RPLP1,8.658264513566044,-0.19827171519878664,0.41829172365066597,-0.4740034382424745,0.6354974554059934,0.9998034148804216
RPLP2,6.907807563364444,-0.6857553406557089,0.6663338651834105,-1.0291467633375537,0.3034107143575655,0.9998034148804216
RPN1,0.41689522306918597,1.4052712348964727,1.8824785220493103,0.74650054087558,0.45536510497926797,0.9998034148804216
RPN2,2.3784508275077174,0.9453890034003871,1.042711762065307,0.9066637951104034,0.3645846146627374,0.9998034148804216
RPS10,2.834521324601875,0.8634168774889867,0.8010607240664989,1.0778419807002189,0.2811042812563017,0.9998034148804216
RPS11,8.148836037868437,-0.04417973925133374,0.45451940839742305,-0.09720099611830837,0.9225667770046956,0.9998034148804216
RPS11P5,1.988038340072029,-0.5339496813974713,1.1398288138675596,-0.46844725708040635,0.6394647802052642,0.9998034148804216
RPS12,9.567154346408707,0.048809906973934995,0.3937498932332219,0.12396170211790866,0.9013455984006078,0.9998034148804216
RPS13,9.79358521500759,0.14315898922120454,0.39914459124151835,0.35866448490737657,0.7198460999056191,0.9998034148804216
RPS13P2,2.724115682518108,-0.0016556147224611971,0.6744108647862386,-0.0024549051756245967,0.9980412710295337,0.9998034148804216
RPS14,8.105876956638143,-0.2917132203168847,0.50017882163111,-0.5832178566969154,0.5597466517881369,0.9998034148804216
RPS15,4.420199430154446,-0.20595472246569438,0.6194722082283798,-0.3324680586635218,0.7395358547688466,0.9998034148804216
RPS15A,6.004638705720731,-0.1326501028465963,0.5334801258436468,-0.2486505052776298,0.8036311375467874,0.9998034148804216
RPS15AP11,0.7202371327763348,-1.0296809358164718,1.511413356675687,-0.6812702370721583,0.4957005122868703,0.9998034148804216
RPS15AP24,1.2622960099805003,-0.41059631572811167,1.0131135548029242,-0.4052816328254367,0.6852705058746428,0.9998034148804216
RPS15AP38,1.2661303056764945,0.8129050237049368,1.1646863045434366,0.6979604899051338,0.48520190328988255,0.9998034148804216
RPS16,9.551991876023383,-0.10132318163672027,0.40041819968827586,-0.25304339741700055,0.8002346778983599,0.9998034148804216
RPS17,5.796553214769136,0.03678340958704566,0.6017766902760728,0.06112468326111268,0.9512599115017502,0.9998034148804216
RPS18,8.348556849881344,-0.15064633426209845,0.5315512512760303,-0.28340886020014094,0.7768634372458629,0.9998034148804216
RPS18P12,0.5060542225490006,1.061939012252692,1.5333915232429283,0.6925426390820433,0.48859661844514346,0.9998034148804216
RPS19,7.66310373075518,-0.5153294529315393,0.6017258175229767,-0.8564190498804077,0.39176603129361864,0.9998034148804216
RPS19P1,0.28122204172723086,-0.5367836440507577,2.1654250752180437,-0.2478883477400885,0.8042207957468338,0.9998034148804216
RPS19P3,0.6427785517101723,-1.4348689316741416,1.2452381653457403,-1.1522847368525284,0.24920408688528395,0.9998034148804216
RPS2,7.3553697730700485,-0.3197376539462837,0.476821574520455,-0.6705603752679344,0.5025006324424559,0.9998034148804216
RPS20,11.102228304931963,0.012138675639969551,0.38013737422290267,0.03193233936753545,0.9745260086975767,0.9998034148804216
RPS20P14,0.7664018258217716,0.4975644691559019,1.310157115526566,0.37977465699289464,0.7041126961748696,0.9998034148804216
RPS21,7.70344526962723,-0.2897635841006188,0.458215708640424,-0.6323737458944368,0.5271426852576252,0.9998034148804216
RPS23,6.582163341709027,0.17987061520642805,0.5239692776474376,0.3432846597686541,0.7313843201592531,0.9998034148804216
RPS23P8,3.630806174742764,0.03184053814155176,0.6875136677226503,0.04631258931480114,0.9630611052545912,0.9998034148804216
RPS24,11.400798173405384,0.13406367630701102,0.37796715420107546,0.3546966312202098,0.7228168749608161,0.9998034148804216
RPS25,4.595772365179483,-0.44200117344721074,0.6755974372565473,-0.6542374927324773,0.5129588098860451,0.9998034148804216
RPS27,2.364033097493761,-0.2003225024556777,0.7585945407137213,-0.2640705827743038,0.7917255310822329,0.9998034148804216
RPS27A,11.659568375632972,0.1009218164009784,0.37396623865716555,0.26986879019712445,0.787261198415614,0.9998034148804216
RPS27AP16,4.752241703677206,0.07084089378353141,0.5860499047565649,0.12087860301411958,0.9037871902014243,0.9998034148804216
RPS27L,3.383191765880448,-0.9571571402750092,0.7870400140261844,-1.216148001648065,0.22392854767145742,0.9998034148804216
RPS28,5.349100619166338,0.3995731684183957,0.5241415489934902,0.7623382828277907,0.4458581309032036,0.9998034148804216
RPS28P7,8.2963136071571,-0.07920945105290926,0.46631988914129163,-0.16986076060099026,0.8651196411041404,0.9998034148804216
RPS29,12.605924137140068,0.039896960227898924,0.36185686680813145,0.1102561921232066,0.9122061989983282,0.9998034148804216
RPS29P3,0.9342316604094917,-0.30206807116013107,1.1323883981150924,-0.26675306075453964,0.7896592970589273,0.9998034148804216
RPS2P5,1.3098543648727308,-0.26936017827806463,0.9451575614768342,-0.2849897088662996,0.7756520262793435,0.9998034148804216
RPS3,6.033314013873314,-0.38253229367767394,0.5791973990761907,-0.6604523678590511,0.5089635757402728,0.9998034148804216
RPS3A,2.1450321201150966,-0.39517865825189363,0.9156934166507122,-0.43156219217707126,0.6660596421628615,0.9998034148804216
RPS3AP26,1.9298474322509165,-1.0043119677624652,1.0664248864640418,-0.9417559365971615,0.3463176094011946,0.9998034148804216
RPS3AP6,2.0802070892362483,-0.5450346939694805,1.0210021318386895,-0.5338232673304465,0.5934638143846227,0.9998034148804216
RPS4X,8.011590465569688,0.46011253656614615,0.4569639196982294,1.0068902964373994,0.3139874955768023,0.9998034148804216
RPS4Y1,0.6947203441766073,-3.2742310475674112,1.62484093562423,-2.015108664350286,0.0438932646019217,0.9998034148804216
RPS5,6.577660622763878,-0.05364803349954794,0.5273730583483527,-0.10172691352031694,0.9189734390585488,0.9998034148804216
RPS6,10.779208170689177,0.08815047334791193,0.39137088226690525,0.22523513460512246,0.8217963581175861,0.9998034148804216
RPS6KA3,1.4165991407761054,0.03985694100989736,1.0262488549664952,0.03883750107686951,0.9690199458414525,0.9998034148804216
RPS6KA4,0.40037823531160255,0.3727277535031131,1.5692704439097258,0.23751658291255925,0.8122560559264846,0.9998034148804216
RPS6KC1,0.4573202518211477,0.525087179772651,1.5448845025187106,0.339887660803492,0.7339411293078759,0.9998034148804216
RPS7,4.786748582687525,0.11818194356946288,0.5512833983649197,0.21437602496281383,0.8302538363765195,0.9998034148804216
RPS7P1,3.4286418277399435,-0.0676904961699628,0.6432751226587696,-0.10522790915679442,0.916194965352322,0.9998034148804216
RPS7P10,0.9956281800457495,0.25314074959384125,1.0724015277746906,0.2360503440526855,0.813393604851327,0.9998034148804216
RPS7P11,0.5131926439988969,-1.4393426303814076,2.170236774051179,-0.6632191692589321,0.5071901961492056,0.9998034148804216
RPS8,9.45723240928232,-0.1382960575752691,0.4549847008156579,-0.3039575997332299,0.761160194209814,0.9998034148804216
RPS9,5.51409459798284,-0.21491493312875934,0.5525750572297028,-0.38893346762016484,0.6973253639140622,0.9998034148804216
RPSA,2.3889159670158806,-1.0892361506244985,0.8492532903167525,-1.282581019165952,0.19963890352638813,0.9998034148804216
RPSAP58,1.1134488664639537,-0.5460881041981996,0.9172445684748344,-0.5953571413415049,0.5516047676516318,0.9998034148804216
RRAD,0.8579886891023327,-0.19247250120303055,1.6534559379641547,-0.11640618705571046,0.9073306321696958,0.9998034148804216
RRAGC,0.4488394338514645,0.6167133453322838,1.5036649665719948,0.4101401303099096,0.681703156041819,0.9998034148804216
RRAGD,1.082760307638618,0.5642961013805314,1.685865568352085,0.3347218852877603,0.7378348907672616,0.9998034148804216
RRBP1,1.3119959569389623,0.23672882610445076,1.768977396427511,0.13382241434092365,0.8935430025358233,0.9998034148804216
RREB1,0.279724438096982,-0.6188348157641775,1.8162363631762006,-0.34072372314029137,0.7333115777106957,0.9998034148804216
RRM2B,0.6451197996563182,-2.870793518860372,1.493128822708657,-1.922669682079085,0.05452154670028667,0.9998034148804216
RRN3,1.0273305816459914,-0.268979238690387,1.5621039908209267,-0.17219035369663918,0.8632878812521316,0.9998034148804216
RSF1,1.4222934698805914,-0.6039178547489463,0.8848999858896416,-0.6824701823695845,0.49494169093773144,0.9998034148804216
RSL1D1,1.936461030957813,-0.45524467179775263,0.8475157394999947,-0.5371518788150548,0.5911627078872397,0.9998034148804216
RSL24D1,1.197050364598097,0.8933862273487654,1.536008975504651,0.5816282597276139,0.5608171035578922,0.9998034148804216
RSRC2,1.1338223309795543,-0.39602223911382234,1.065066527459877,-0.3718286406561972,0.7100204379840988,0.9998034148804216
RSRP1,1.9089639123395834,1.303920924377875,1.0607853673973757,1.2292033473058075,0.21899557422911364,0.9998034148804216
RSU1,1.237431684967605,-0.6356140772041469,1.1659324271731548,-0.5451551585585591,0.5856468090478313,0.9998034148804216
RTCA,0.22210861535649304,1.7112051193882027,2.514883403818043,0.6804311948578956,0.4962314744713726,0.9998034148804216
RTFDC1,1.0434216260424674,0.21064386817868574,0.9569267014943729,0.2201253950273687,0.8257734974608706,0.9998034148804216
RTL8C,0.35602260684832665,1.2154162832397546,1.8650094040299106,0.6516944529145452,0.5145983017522158,0.9998034148804216
RTN1,0.49957970810416025,0.0812150580366831,1.4487061212750978,0.05606040924656313,0.9552936831568278,0.9998034148804216
RTN3,1.688626536216753,0.32226490885067205,1.0046878088843074,0.320761241453246,0.7483913333923028,0.9998034148804216
RTN4,3.229237398002483,-0.060605787507972034,0.7303684079288736,-0.08297974946620923,0.933867641657879,0.9998034148804216
RTRAF,0.7091387446988063,1.3742611085149539,1.5581668870322674,0.8819729901540995,0.37779141367304914,0.9998034148804216
RUBCN,1.686568506642947,0.2566769397157375,0.8420570092283112,0.3048213326446445,0.7605022331589921,0.9998034148804216
RUFY1,1.572772078939413,-0.5539449669743858,1.0877766164278768,-0.5092451507125353,0.6105803987014462,0.9998034148804216
RUFY3,2.334128653392202,-0.02520264087354823,0.9083322982153307,-0.027746058268615755,0.9778646886426167,0.9998034148804216
RUNX1,0.7854969476102759,-0.07123844138471172,1.2308714564309189,-0.057876426504581864,0.9538470605635289,0.9998034148804216
RUNX3,4.381483305216752,0.0867040142468764,0.556376757197665,0.1558368733510428,0.8761616049469076,0.9998034148804216
RYBP,1.1539065285183114,-0.6113137981810152,1.0499013136150128,-0.5822583420494482,0.5603926807638687,0.9998034148804216
RYK,1.7676601545509532,-0.4097836031391044,0.9349065013118684,-0.43831506419528876,0.6611579072800637,0.9998034148804216
S100A10,3.412846061681191,0.40876105544958863,0.6724543939614482,0.6078643535088907,0.5432774433348995,0.9998034148804216
S100A11,5.6359383552513105,-0.023857630439828595,0.6380344096684614,-0.03739238837012822,0.9701721416289165,0.9998034148804216
S100A4,0.9799830012773619,0.21019592784409988,1.5552181425460208,0.13515526992245072,0.8924891119410234,0.9998034148804216
S100A6,3.8655443470987527,0.70752906817401,0.7036365146087652,1.0055320516835444,0.3146407238915516,0.9998034148804216
S100B,0.6984045813798083,1.2341208257005194,1.556312384464977,0.7929775782930498,0.4277908862877553,0.9998034148804216
S1PR1,1.2521387025984518,-0.4625710277994532,1.5580105151304784,-0.2968985275177776,0.7665439803834511,0.9998034148804216
SACM1L,0.6109242095833141,0.10790963000347038,1.2450052615299516,0.08667403531360446,0.930930615547663,0.9998034148804216
SAE1,0.4131027844387216,0.416279474455326,1.789720911093466,0.23259463074664063,0.8160761970225249,0.9998034148804216
SAFB,0.6352541761883459,-1.6442856773749372,1.2688156678972484,-1.2959216369860393,0.1950024839892538,0.9998034148804216
SAFB2,1.1040141096521185,-1.3933604213054924,1.3712705915591406,-1.0161090231806371,0.3095774726902939,0.9998034148804216
SAMD1,0.21807034979353787,-0.10495025331892445,2.1886300435989563,-0.047952486819721044,0.9617541090374094,0.9998034148804216
SAMD4B,0.6231695977467554,-0.15663570460126627,1.350158855731662,-0.11601279652117981,0.9076424001202894,0.9998034148804216
SAMD8,0.5909436739287699,-0.1579936218969844,1.262392992828001,-0.1251540707169552,0.9004015775223371,0.9998034148804216
SAMD9L,1.1996460431522749,0.5251471517987927,0.9798080200373164,0.5359694359092838,0.591979674127904,0.9998034148804216
SAMHD1,0.6358268423602434,0.20321742932464193,1.2966863989686128,0.1567205682779441,0.875465076249916,0.9998034148804216
SAMSN1,4.492627276099601,-0.7705830341571669,0.6764634658571572,-1.1391347397907872,0.25464695981161367,0.9998034148804216
SAP18,1.1397693054561968,-0.36388254386606506,0.9477663906289285,-0.3839369568956715,0.7010251739976092,0.9998034148804216
SAR1A,0.610758180065758,-0.20960026936476867,1.3402153168516946,-0.15639298158234868,0.8757232689925611,0.9998034148804216
SARAF,2.53251099416588,-0.21434115193497416,0.7276674371732118,-0.294559218930602,0.7683306191422085,0.9998034148804216
SARS,0.5086634757375683,-1.2744687302315312,1.8179376988278455,-0.7010519288165225,0.4832706085548564,0.9998034148804216
SART1,0.5579061463600152,-1.655101305716076,1.7401176849678264,-0.9511433163479847,0.3415316283780083,0.9998034148804216
SAT1,9.360884297130436,0.08481440744614337,0.4580744960517819,0.1851541794559017,0.8531081071165411,0.9998034148804216
SAT2,0.8653614894322925,0.22780146714785487,1.6133075160364445,0.14120151606775808,0.8877107484274747,0.9998034148804216
SATB1,0.2624259782568138,-0.7511390533542224,2.1618801794346747,-0.34744712519203674,0.7282554350052475,0.9998034148804216
SBDS,0.21168570400411804,-0.22518240158603886,2.177601068772614,-0.10340847311990023,0.9176387876230103,0.9998034148804216
SBNO1,0.6589824080216338,-0.4322558584231129,1.2065525219962439,-0.3582569764206739,0.7201510119489023,0.9998034148804216
SBNO2,1.1743678956307433,-1.497598063480207,1.1450336509196901,-1.3079074682891088,0.19090469612170824,0.9998034148804216
SC5D,0.506579796458609,-0.8672789185536707,1.280111460376469,-0.6775026592595398,0.4980870834137814,0.9998034148804216
SCAF11,1.6854634481217756,-0.03088388781168388,0.8039685637348247,-0.03841429777827781,0.969357361417767,0.9998034148804216
SCAMP2,0.2629950078759121,1.001925780737071,1.8958003151860736,0.5284975283057338,0.59715406214973,0.9998034148804216
SCAMP3,0.2598337710978582,-0.1265069359154204,2.838012016601833,-0.04457589861331762,0.9644453536795865,0.9998034148804216
SCAMP4,0.6324337672785222,-0.1739792898640235,1.3057307651749679,-0.13324285105644293,0.8940013227116554,0.9998034148804216
SCARB2,0.2240971216851153,-0.1356276122980528,2.182566801356882,-0.06214133387062167,0.9504502809153502,0.9998034148804216
SCGB1A1,0.8204903608542184,3.1800800733014647,2.9541372145842977,1.076483535565548,0.28171106041296046,0.9998034148804216
SCGB3A1,0.32379146323463576,1.2853509271388284,2.773845763760936,0.4633822629691124,0.6430903900374954,0.9998034148804216
SCGB3A2,1.747494298337224,1.0008292896988502,1.51974364419509,0.6585513902437966,0.5101838864253535,0.9998034148804216
SCNM1,0.29856562777109896,0.2862327559903902,2.1804223097771143,0.13127399894364924,0.8955585596106964,0.9998034148804216
SCO2,1.6089734349901443,-0.4695870547490374,0.8106822031576503,-0.5792492457833301,0.5624210065210717,0.9998034148804216
SCP2,0.7647571202629571,0.7915025804479978,1.3221277787932093,0.5986581578147105,0.5494008649775523,0.9998034148804216
SCYL2,0.5812765042954607,-1.102584386571654,2.186781210015692,-0.5042042530463037,0.6141178520432854,0.9998034148804216
SDC4,2.1013349242294734,0.4783590684803018,0.7858033571003031,0.6087516223467114,0.5426890843114898,0.9998034148804216
SDCBP,4.231769925079942,0.0485462182141642,0.5659279282717454,0.08578162657993695,0.9316400124985927,0.9998034148804216
SDCCAG8,0.5960765430204318,0.03451982647169901,1.365043203631409,0.025288449757389583,0.979824886744813,0.9998034148804216
SDF4,0.6473782772859517,-1.520205430081155,1.7242645213851453,-0.8816544162608737,0.37796371854080824,0.9998034148804216
SDHB,0.0992913414479782,1.240280285129172,3.6917755027543175,0.33595766703686014,0.7369027896980476,0.9998034148804216
SDHD,0.619763285202819,0.6434483332518379,1.4865170540784414,0.4328563412619174,0.6651191391555406,0.9998034148804216
SEC11A,1.8442138402776196,0.8879201513963499,0.84011225363392,1.0569065592789966,0.2905542345963261,0.9998034148804216
SEC11C,0.7714350783315101,0.9768747170366344,1.37115860173646,0.712444727983694,0.4761894265436527,0.9998034148804216
SEC14L1,3.290387056636983,0.42582686275256565,0.6769315389254967,0.6290545472714816,0.5293133459304393,0.9998034148804216
SEC16A,0.3740836111820893,-0.7176630185929953,2.133243633048039,-0.3364186853648676,0.7365551609154116,0.9998034148804216
SEC23A,0.34242671698320226,0.9360867778980664,1.788566182862332,0.5233727367024237,0.6007148927608024,0.9998034148804216
SEC23B,1.270678199269761,0.584290089493327,1.8993766209761809,0.30762202874384764,0.7583699560254378,0.9998034148804216
SEC23IP,0.3304647123496777,-1.0486128522637244,1.7560785854132115,-0.5971332154346509,0.5504184432736287,0.9998034148804216
SEC31A,1.6254045718427614,-0.5156606353458261,0.9429842756029976,-0.5468390605093424,0.5844893051982506,0.9998034148804216
SEC61B,4.070200111915776,0.19021828164926402,0.6225527393789144,0.305545650379812,0.7599506071467378,0.9998034148804216
SEC61G,1.15636647182637,-0.150326434261965,1.1057729990573397,-0.13594692074242792,0.8918632423785527,0.9998034148804216
SEC62,1.269027566849279,-0.6481646714412926,1.0943160790643984,-0.5923011494041561,0.5536489463646397,0.9998034148804216
SEC63,0.411080893641095,-1.1165969363370092,1.3386704725815841,-0.8341088857989725,0.4042196283445403,0.9998034148804216
SECISBP2L,0.9599430337301033,0.12948850852471216,1.8757579101538768,0.06903263359507286,0.9449636435978387,0.9998034148804216
SEL1L3,1.0310516980123705,0.35182243412789604,1.08611327467288,0.32392793857883684,0.7459925915102775,0.9998034148804216
SELENBP1,0.8288808419172907,2.443725801997351,1.5974312121733836,1.5297846839192168,0.12607003394486788,0.9998034148804216
SELENOF,0.9331817993325058,0.3243510707676907,1.057582132340837,0.3066911409043728,0.7590784735741867,0.9998034148804216
SELENOK,1.0452441028535333,-0.5359545321167235,1.0343023951526535,-0.5181797263822652,0.6043328784769453,0.9998034148804216
SELENOS,0.6501816401661631,-1.1785277171390722,1.2371416889784792,-0.9526214560857577,0.34078190205114234,0.9998034148804216
SELENOT,1.9847206793200383,-0.3977101925520123,0.7470536057512135,-0.5323716925937162,0.5944685868521469,0.9998034148804216
SELENOW,1.363940917509238,0.5029302373076947,1.0704546016910739,0.46982864711233874,0.6384774456764191,0.9998034148804216
SELPLG,1.9174790045825434,0.14986805949506724,0.9646536799640867,0.15535944412781044,0.8765379547995451,0.9998034148804216
SEM1,1.7218953375144816,-0.392032934080443,0.836977355540598,-0.4683913268205824,0.6395047692639988,0.9998034148804216
SEMA3C,0.4356925732818336,-1.7972864837877827,2.14048016749241,-0.8396650952824845,0.4010961898621177,0.9998034148804216
SEMA4A,0.8301689603204934,-0.4937105737981247,1.16127390210127,-0.4251456722697194,0.6707304853119809,0.9998034148804216
SEMA4D,0.4237292819060785,-0.45285676356909305,2.125675053195819,-0.21304138790557445,0.8312946807263272,0.9998034148804216
SEMA7A,1.9316166776763868,-1.2768104657436847,1.5028684505381977,-0.849582320585971,0.39555734459393943,0.9998034148804216
SENP1,0.3413785264004261,-1.0826180723014773,1.7676287414411502,-0.6124691497258736,0.540227403117501,0.9998034148804216
SENP5,0.5101686489740914,2.341121972982353,1.8532430643205313,1.2632568377320201,0.2064968924251387,0.9998034148804216
SENP6,0.9119419173739295,-1.5551730891715174,1.0927756438636889,-1.4231403288537308,0.1546954794656228,0.9998034148804216
SEPT11,1.8362994791645992,-0.564284087973591,0.8888031518165038,-0.634880835897496,0.5255061367788734,0.9998034148804216
SEPT2,2.6416990025483824,0.1799384481863095,0.7622623296766781,0.2360584292059039,0.8133873310825531,0.9998034148804216
SEPT6,3.089644533599931,0.36663481634268996,0.6917026993442228,0.5300468202455804,0.5960794690568355,0.9998034148804216
SEPT7,1.7722914410284163,-1.2000228478931552,1.0576365597981532,-1.1346268590811348,0.256531694482527,0.9998034148804216
SEPT9,0.5913015478266123,-0.11868532037624305,1.5058590766411948,-0.07881568880998453,0.9371792250015948,0.9998034148804216
SERBP1,3.237856615759402,-0.09528146259591236,0.6555658687638352,-0.1453423174326928,0.8844406049460951,0.9998034148804216
SERF2,4.553256112104924,-0.3636061499472667,0.6165426316738769,-0.5897502155854129,0.555358123911063,0.9998034148804216
SERINC1,1.6473022915618427,-0.6750700680694823,0.8014148230280855,-0.8423478686341002,0.3995932641241108,0.9998034148804216
SERINC3,0.9113992974347089,0.8610200402805817,1.2462289731213267,0.6909003552726397,0.4896281628627097,0.9998034148804216
SERP1,3.272292667834216,0.2523285021315965,0.764436866259414,0.33008416164738985,0.7413363703472065,0.9998034148804216
SERPINA1,1.388006515424647,0.32928304674840414,0.9548967241826503,0.3448362931920789,0.7302174466581279,0.9998034148804216
SERPINB1,3.1210304546297287,-0.29952373844253033,0.6685122684680873,-0.4480452380161946,0.6541205485835435,0.9998034148804216
SERPINB6,0.29617412134093446,1.0233926204847206,1.8568884353210748,0.5511330681036665,0.5815424583630684,0.9998034148804216
SERPINB9,6.691944606785629,-0.3257191541584751,0.7463193627929561,-0.43643401256472036,0.6625218659838217,0.9998034148804216
SERPINF1,1.3574036544311676,-1.4813561205027688,1.286436533506295,-1.1515190076771247,0.2495187801003993,0.9998034148804216
SERPING1,0.4383750328481889,-0.9864238435631543,2.2269273487723447,-0.44295286243035625,0.6577998301895923,0.9998034148804216
SERTAD2,2.9214048854459125,-1.1671851083638636,0.7649955195943171,-1.5257411036640198,0.1270743535753901,0.9998034148804216
SESN3,1.457612211235367,0.8285406539428927,1.1721753159080892,0.70684021638949,0.4796657793279667,0.9998034148804216
SET,2.931155332697495,0.14961578324999553,0.6873062279054953,0.21768431184733528,0.8276750879025312,0.9998034148804216
SETD1B,1.032051594287606,-0.5683021004201898,1.3740253765563917,-0.41360378790417923,0.6791642986963408,0.9998034148804216
SETD2,0.8987532683126681,-0.5089076940295866,1.1736615267166322,-0.43360686402772136,0.6645739494583611,0.9998034148804216
SETD3,0.3110979487659524,0.16918940775283528,1.8449717586516536,0.09170297971199443,0.926934029902195,0.9998034148804216
SETD5,0.4902704123686935,-0.7488600926937611,1.801131856448501,-0.41577194363236386,0.6775768908770645,0.9998034148804216
SETX,0.47611631529156484,0.719268455913739,1.5104729987840715,0.47618756276527224,0.6339407592941824,0.9998034148804216
SF1,4.459190676507869,0.10846201592646211,0.5790271853584191,0.18731765738999606,0.8514115794181436,0.9998034148804216
SF3A1,1.4086548036223359,0.5967519151056265,0.9615625874997462,0.6206064200743293,0.5348586144837377,0.9998034148804216
SF3A2,0.5487010916607716,-0.5493626799097732,1.271096359717768,-0.43219593519389254,0.6655990134115184,0.9998034148804216
SF3A3,0.47147434889827644,-0.8930747695137281,1.75277022837467,-0.5095218728936703,0.6103864707102722,0.9998034148804216
SF3B1,3.5623848198393873,0.0005012692419099931,0.6913611615776895,0.0007250468637348593,0.9994214963522533,0.9998034148804216
SF3B2,0.9771138296110392,0.5395959470178932,1.0973548885366542,0.49172419301604037,0.622914333053178,0.9998034148804216
SF3B4,0.8215048550662606,-0.5747974505750373,1.2343045312840129,-0.4656852794480884,0.6414407906911925,0.9998034148804216
SF3B5,1.0945878436562706,0.11372852269638231,1.2827285090143752,0.08866141346134826,0.9293509993171485,0.9998034148804216
SF3B6,0.13009582249785032,0.28981591824482106,2.8088929285915936,0.10317798706201935,0.917821710435404,0.9998034148804216
SFN,0.551144910148931,2.6618110285302286,2.7005160364909053,0.9856675511503458,0.32429627762694424,0.9998034148804216
SFPQ,4.625759113099692,-0.0460581167892996,0.5737559018729886,-0.0802747590725357,0.9360187327565455,0.9998034148804216
SFSWAP,1.2503481747985132,0.594294247094761,1.5047001160236617,0.3949585972421203,0.6928734436900184,0.9998034148804216
SFT2D1,1.5444204271041724,-1.0100707862578733,0.8782604393142596,-1.1500811616273305,0.2501104445889244,0.9998034148804216
SFT2D2,0.2777359317683597,0.9302650913538236,1.8385171869605366,0.5059866167972852,0.6128660448236238,0.9998034148804216
SFTA2,0.36236251018602594,1.1350469678828803,1.8136344595424183,0.6258410904748986,0.5314191771022536,0.9998034148804216
SFTPA1,1.6512472783828007,2.3174677574137874,1.297812635915902,1.7856720556417505,0.07415237250316384,0.9998034148804216
SFTPA2,2.2425002382196038,0.3291570402598151,1.0048220977511102,0.3275774298719153,0.7432311894826462,0.9998034148804216
SFTPB,3.9144088371306243,1.4775102937373341,1.0197190693050509,1.4489385735860298,0.147354737627686,0.9998034148804216
SFTPC,0.6462860235678137,1.421090323274273,2.0967778809008153,0.6777495776823752,0.49793048602986245,0.9998034148804216
SFTPD,0.12411417680997275,1.3689289077528726,3.678209247646588,0.3721726567428833,0.7097643029399258,0.9998034148804216
SGK1,1.184195874985903,-0.6447005476792507,1.3621046936562244,-0.47331203737997235,0.6359905754200171,0.9998034148804216
SH2B3,2.978775094873404,-0.10089920896553371,0.6709652868628617,-0.1503791789844956,0.8804654672298663,0.9998034148804216
SH3BGRL,2.374815553238188,-0.5903423054272731,0.8164435430285449,-0.7230656797620522,0.46963953340148934,0.9998034148804216
SH3BGRL3,0.28575120998855946,-0.6992375790941393,2.183326984280146,-0.32026241791935783,0.7487694101037143,0.9998034148804216
SH3GL1,0.5469923323092668,-1.63172632519459,1.7310948978768779,-0.942597847868329,0.34588664106308675,0.9998034148804216
SH3GLB1,0.8042329750384567,-1.2882450482083043,1.9339220617860373,-0.6661307989933006,0.5053274999575837,0.9998034148804216
SH3KBP1,3.5777237728526217,-0.1354559550778426,0.6478053125394004,-0.20909979040902663,0.8343703383174321,0.9998034148804216
SH3PXD2A,1.940344540288949,-0.13844841616914152,0.9305918109620254,-0.14877459111317196,0.8817315008326122,0.9998034148804216
SHISA5,0.6979186019764647,-0.10151992023902602,2.067161022394151,-0.04911079453377433,0.960831000995109,0.9998034148804216
SHKBP1,0.27374279240910443,0.1585405270567461,2.184339143499967,0.07258054571265732,0.9421399081550659,0.9998034148804216
SHOC2,1.0481240922927466,-0.7418392700334068,1.2817076006419243,-0.5787897876722174,0.5627310227405119,0.9998034148804216
SHTN1,2.401737570652715,-0.0878532686502803,0.7825368615486666,-0.11226725917602878,0.910611501043346,0.9998034148804216
SIAH1,0.25934286839948484,1.900144149674089,2.5670488084220615,0.7402056959104287,0.45917519195922385,0.9998034148804216
SIAH2,3.6605857784383775,-0.09172484863003208,0.6108629446358194,-0.15015618386333132,0.8806413940915974,0.9998034148804216
SIL1,0.18576826511341685,0.6101673702747812,2.8058973637696756,0.21745890571529378,0.8278507291853331,0.9998034148804216
SIN3A,0.48937650956877793,-0.38104586262380213,1.5243661533095905,-0.2499700362649116,0.8026105207629775,0.9998034148804216
SINHCAF,2.3344931089948173,0.38161845033794356,0.730182237264939,0.5226345299323917,0.6012286065048801,0.9998034148804216
SIPA1L1,0.1624430333816712,0.5621265781201167,2.8122283959823533,0.19988653088176983,0.8415693246679163,0.9998034148804216
SIRPA,2.1478354829953084,-0.17009229256547254,0.8145812361441759,-0.20880949010144795,0.8345969626114125,0.9998034148804216
SIRT2,0.5049161633108039,-1.2502882808451905,1.7337034414409447,-0.721166175805725,0.4708072796937728,0.9998034148804216
SIVA1,0.4357376994855335,-1.0196420279147598,1.7372490652407828,-0.5869290986053501,0.5572513258689543,0.9998034148804216
SKI,1.7300819583552705,0.7907872323119037,1.0883955645000731,0.7265623437882456,0.46749410316586226,0.9998034148804216
SKIL,2.088216315848528,0.25195096882630114,0.7346467840604751,0.342955246375326,0.7316321287084411,0.9998034148804216
SKP1,1.4776839002076827,-0.761673597800374,1.0984093505174792,-0.6934332791700442,0.48803768361766897,0.9998034148804216
SLAIN2,1.3366037063446337,-0.7722271735806,0.9448470012185376,-0.8173039365999832,0.413754757672268,0.9998034148804216
SLAMF7,2.753835571603358,-1.486726544010798,0.8532243149970169,-1.742480280834467,0.08142443900933942,0.9998034148804216
SLBP,0.45002390603559167,0.7388919867755401,1.4942309015468143,0.4944965239379308,0.620955560660876,0.9998034148804216
SLC15A3,0.9700654469490502,-0.9522966521852787,1.5996903030983414,-0.5953006343420562,0.5516425319783513,0.9998034148804216
SLC15A4,1.5595392136696793,0.1898386815890081,1.1602307268680088,0.16362149113346547,0.870029125238102,0.9998034148804216
SLC16A3,0.1921529109028367,0.6753883122830509,2.8033236855837353,0.24092412722664774,0.8096139220123499,0.9998034148804216
SLC1A5,0.3628119232334986,-0.8037505040485095,2.1987174040764317,-0.3655542556575722,0.7146977145494303,0.9998034148804216
SLC20A1,1.3748446603195008,0.06888075973306784,0.9883694456065512,0.06969130828482512,0.944439359945969,0.9998034148804216
SLC22A23,1.681126595508099,-0.40252532931647717,0.9777712953920024,-0.4116763615515007,0.6805766532675244,0.9998034148804216
SLC25A11,0.4660927674879329,-0.2751027229702876,1.8960294155436477,-0.14509412180791906,0.8846365592961025,0.9998034148804216
SLC25A3,4.742811785463423,-0.11600774487987502,0.5454092955970925,-0.21269851067146617,0.8315621284977004,0.9998034148804216
SLC25A33,0.6579937979682471,-0.967204981445454,2.399038504020714,-0.40316359234103516,0.6868278811557846,0.9998034148804216
SLC25A36,0.8519965884219902,-0.5107970662369561,1.063091756316972,-0.4804825765995843,0.6308842894277059,0.9998034148804216
SLC25A39,1.7030660985603496,-0.09037673911056111,0.8818127026127887,-0.10248972241245463,0.918367970218616,0.9998034148804216
SLC25A5,2.1000852837227915,-0.22248972994267158,0.8437008986357348,-0.26370687799721165,0.7920057952172431,0.9998034148804216
SLC25A6,4.048404361776154,-0.25028478172775204,0.6803161971494676,-0.36789478594872216,0.7129516882210409,0.9998034148804216
SLC2A1,1.6451173252067504,0.5550961415287708,0.9111789433215453,0.6092065072369471,0.5423875676460577,0.9998034148804216
SLC2A3,1.7911364902071993,-0.12611000700170627,1.0911012371138333,-0.11558048209650171,0.907985032251286,0.9998034148804216
SLC2A6,0.5933977200068756,-0.31962906400485447,1.286376368328898,-0.24847243145493822,0.803768897877714,0.9998034148804216
SLC30A4,0.6008667417350557,2.683483140335823,2.1115934349584644,1.2708332465471068,0.20378797835568363,0.9998034148804216
SLC30A7,0.5180626401284556,0.29969822757114667,1.2922335849842514,0.2319226423563346,0.8165980978877432,0.9998034148804216
SLC34A2,0.6321400316725814,1.302007634911325,1.5960250532502218,0.8157814517133389,0.4146251435947421,0.9998034148804216
SLC35A2,0.49957970810416025,0.0812150580366831,1.4487061212750978,0.05606040924656313,0.9552936831568278,0.9998034148804216
SLC35A5,0.28425360635831054,-0.8912132974556362,2.924480832940136,-0.30474239646824836,0.7605623567495847,0.9998034148804216
SLC35C2,0.48602856069075656,-0.013383910991648667,1.4381476814312768,-0.009306353696811372,0.9925747112499375,0.9998034148804216
SLC35D2,0.25934286839948484,1.900144149674089,2.5670488084220615,0.7402056959104287,0.45917519195922385,0.9998034148804216
SLC38A1,1.0800751077316653,0.6064558928622586,1.2349930925890586,0.49106014964899536,0.6233839056720886,0.9998034148804216
SLC38A2,2.0422238570016784,0.6391758812019016,0.8336912532618492,0.7666817646234158,0.4432707482243301,0.9998034148804216
SLC39A1,0.3184562947702227,-0.310877463090458,2.1662546093111734,-0.14350919866677675,0.8858880469603357,0.9998034148804216
SLC39A9,0.3955082391820438,-1.6539596112349437,2.140538655796201,-0.7726838320608286,0.43970951743199516,0.9998034148804216
SLC3A2,1.1758452823754468,-1.1334119695742477,1.4640181321009957,-0.7741789153579002,0.43882499509561934,0.9998034148804216
SLC41A2,1.2386406007730206,0.39449582411088846,1.3734260578259254,0.28723484738258026,0.7739325056366609,0.9998034148804216
SLC43A2,0.7690355226316279,0.28263626670844194,1.5457816412854404,0.18284359133247785,0.8549207441844047,0.9998034148804216
SLC44A1,1.0375366517845388,0.088229986141538,1.3663392118779625,0.06457399844382015,0.9485131877256017,0.9998034148804216
SLC4A7,0.8365330955420998,-0.30076829282699935,1.3387324126376992,-0.22466647553142957,0.8222387465441372,0.9998034148804216
SLC50A1,0.35528754771167226,-0.8420684454323394,1.7825688020991641,-0.4723904314047875,0.6366481329434632,0.9998034148804216
SLC5A3,0.6884472097769169,1.1405560237136194,1.368624144108217,0.8333595667032422,0.4046419710919419,0.9998034148804216
SLC5A6,0.541867032823879,0.7800320892037381,1.3469509991529596,0.5791094774006385,0.5625153055529879,0.9998034148804216
SLC6A6,0.8871642082156348,-1.1801410801557017,1.2765167768602086,-0.9245010340235731,0.35522551336841823,0.9998034148804216
SLC7A11,1.0944231008809449,-2.542532039879468,1.3956833682473135,-1.821711211671424,0.06849881587888475,0.9998034148804216
SLC7A5,0.8505041170720601,-0.13596858905538386,1.2471174767225943,-0.10902628789447104,0.9131816398914379,0.9998034148804216
SLCO2B1,0.11170275912897548,1.3068619861593433,3.6846353847203996,0.35467878085812604,0.7228302492046548,0.9998034148804216
SLCO5A1,2.704073838045675,-0.11265015672142573,0.8356774998510247,-0.13480099289679062,0.8927692207860017,0.9998034148804216
SLFN11,0.3186223242877788,0.3153123083957939,1.5489730892483116,0.20356216036574865,0.8386956655902454,0.9998034148804216
SLFN5,0.2056589321125406,-0.1947584850088047,2.1836660860361388,-0.0891887666590713,0.9289318927063932,0.9998034148804216
SLIRP,0.25530460283652967,0.12163838708911832,2.1916515676701533,0.05550078711573055,0.9557395028907932,0.9998034148804216
SLK,1.0644742010839285,-0.7106817637905429,1.2588178249343005,-0.564562838016402,0.5723711479365737,0.9998034148804216
SLPI,0.26173437482964945,1.039710541810394,2.7888897708870513,0.37280445884374175,0.7092939840359342,0.9998034148804216
SLTM,0.39854857264624155,-0.6914403784527982,2.1448967358134112,-0.3223653460363827,0.7471759339473255,0.9998034148804216
SLU7,0.722088973751627,-1.464002596860055,1.2190647954890093,-1.2009227091762522,0.22978118430555083,0.9998034148804216
SMAD2,0.5725506105598951,0.39657649678623724,1.5328147006792283,0.2587243563168492,0.795847925633331,0.9998034148804216
SMAD7,0.4910852689202827,0.9477751106469761,1.361087429031647,0.6963366867044506,0.4862180030834523,0.9998034148804216
SMAP2,3.7414636158284242,-0.6594294283421219,0.6586953283438236,-1.0011144757928436,0.3167714673740062,0.9998034148804216
SMARCA2,2.2328346361640636,-0.8420415386190757,0.7223807244320803,-1.1656478504199708,0.24375685287698567,0.9998034148804216
SMARCA4,0.26173437482964945,1.039710541810394,2.7888897708870513,0.37280445884374175,0.7092939840359342,0.9998034148804216
SMARCA5,2.380717229496533,-0.4845739743975239,0.7644477470303079,-0.6338876349364295,0.5261541557452356,0.9998034148804216
SMARCC1,0.3408876237020527,0.33280246117669765,1.5233098135354026,0.2184732601468028,0.8270603904275098,0.9998034148804216
SMARCD1,0.41694163601511636,-1.2226689517357279,1.723915004993684,-0.7092396946450429,0.47817574440394905,0.9998034148804216
SMARCD2,0.1624430333816712,0.5621265781201167,2.8122283959823533,0.19988653088176983,0.8415693246679163,0.9998034148804216
SMARCE1,0.4198401718456651,-0.15777210295240668,1.4891862381792944,-0.10594517925796956,0.915625847891384,0.9998034148804216
SMC1A,0.6208046711289552,-0.3394153486562377,2.4641780327647815,-0.1377397834666261,0.8904460763909003,0.9998034148804216
SMC3,0.7313668510766789,-0.12139313709495576,1.5066672184048855,-0.0805706367086656,0.9357834187745496,0.9998034148804216
SMC4,0.7485754422614266,-0.8992068904144805,1.3567071068402234,-0.6627863050771048,0.50746742583112,0.9998034148804216
SMC5,1.6413734217467146,-1.4181202447479595,1.2738094482051776,-1.1132907255053874,0.2655835883687888,0.9998034148804216
SMC6,1.0542972974867584,0.35087866018284,1.565944170445042,0.22406843539199747,0.8227040529519727,0.9998034148804216
SMCHD1,1.8251443979153654,-0.19048425989525958,1.1136533832737006,-0.17104447645578122,0.8641887937151671,0.9998034148804216
SMCO4,0.5919452425803267,0.30276937102735874,1.9891588079069058,0.15220975309957685,0.8790215017346016,0.9998034148804216
SMDT1,0.7581947032212857,2.12006754308877,1.4632278100202134,1.448897791970946,0.14736612788155992,0.9998034148804216
SMG1,1.5531349628570217,-0.7392541829196826,0.8774447919762938,-0.842507915802474,0.3995037107465911,0.9998034148804216
SMG7,0.1624430333816712,0.5621265781201167,2.8122283959823533,0.19988653088176983,0.8415693246679163,0.9998034148804216
SMIM12,0.5643359183531349,-0.9756608253666107,1.7469892012034822,-0.5584813144205405,0.5765157605571714,0.9998034148804216
SMIM14,1.8254095158001031,-0.1941697498219212,0.9148983320992701,-0.2122309583583906,0.8319268555416575,0.9998034148804216
SMIM26,1.0159233147113602,0.2715522332309177,2.3868583636398863,0.11376973069185756,0.9094203341684806,0.9998034148804216
SMIM7,0.7383321257286235,0.4989784244036506,1.891303771802266,0.26382775302571454,0.7919126481848661,0.9998034148804216
SMNDC1,0.7187446614264048,-0.5712327936875538,1.277237247597472,-0.4472409450648755,0.6547011009621508,0.9998034148804216
SMS,1.5399943851514344,0.8512802114706435,0.8920059967720891,0.9543435969614323,0.33990974661288187,0.9998034148804216
SMU1,0.5923910190750001,-1.5543019960212976,1.5828664833335953,-0.9819539502459238,0.32612253520280043,0.9998034148804216
SMURF2,0.3832547458367064,1.2262636559846758,1.9090172205791718,0.6423533757399228,0.5206437651288252,0.9998034148804216
SNAI1,0.2736976662054046,-0.6480417206985202,2.168093781930468,-0.2988993032033441,0.7650168787805304,0.9998034148804216
SND1,2.3887789608762198,1.5771809514390012,1.2211539803296971,1.2915496135984268,0.1965131629151714,0.9998034148804216
SNHG1,0.6876270489304108,-0.14300007529982015,1.4397681573353631,-0.09932159880829435,0.9208829298364337,0.9998034148804216
SNHG12,0.5119911257851576,0.16660352162553188,1.46160953073611,0.1139863404842642,0.9092486215794547,0.9998034148804216
SNHG15,0.703103031959513,1.308644846060372,1.3567076431804967,0.964573946817715,0.3347582539410203,0.9998034148804216
SNHG3,0.3325144715840106,2.044868942902607,2.610053160345802,0.7834587333200849,0.4333577776926899,0.9998034148804216
SNHG5,2.525804744333813,-0.08273215257781823,0.8837872281526498,-0.09361093931030257,0.9254182194637233,0.9998034148804216
SNHG6,0.6754320912655863,0.566863094531614,1.2927007249094158,0.4385106959473053,0.6610161183143597,0.9998034148804216
SNHG7,0.587416074318998,0.48974602518238025,1.2915532690498044,0.3791915029123703,0.7045456609490397,0.9998034148804216
SNHG8,1.9919616713119486,0.18779793472377806,0.7402314143793574,0.2537016547470309,0.7997260555739244,0.9998034148804216
SNN,1.270385778568626,-0.0264266240669048,0.9884902849355116,-0.02673432857119972,0.9786716326703551,0.9998034148804216
SNORD3A,1.9273802266168687,0.11253846247406127,1.2732825831006507,0.08838451414297348,0.9295710690481369,0.9998034148804216
SNRNP200,0.7264350664657871,-0.2552057115537853,1.310848580164546,-0.19468740739052426,0.8456376707255431,0.9998034148804216
SNRNP27,0.672386453506472,-0.03764521583492699,2.1790920328484953,-0.01727564291340068,0.9862167168433741,0.9998034148804216
SNRNP70,0.4741116822609318,-0.874979607057879,2.148301512475958,-0.40728901505517656,0.6837957298583086,0.9998034148804216
SNRPA,0.2350109357358637,-0.27046325201020144,2.8450461092656774,-0.0950646286994658,0.9242634930062436,0.9998034148804216
SNRPB,0.6475894330072076,-0.6281349910757191,1.2459848129262652,-0.5041273252765489,0.6141719060678943,0.9998034148804216
SNRPB2,0.6582581712920734,0.5565092898992513,1.284413687887057,0.4332788533379342,0.6648121989685138,0.9998034148804216
SNRPC,0.6082006441180374,-0.2978160756255927,1.2850074238213132,-0.23176214401933723,0.8167227612222495,0.9998034148804216
SNRPD1,0.5406528127235468,-1.1199028073883528,1.7476965739115686,-0.6407878942520708,0.5216604991845478,0.9998034148804216
SNRPD2,1.7902391116545968,-0.47388258955352436,1.02159330646248,-0.46386618486612863,0.6427436211759003,0.9998034148804216
SNRPD3,1.5505482691760397,-0.4499061753031332,1.1008828716553853,-0.4086776049359495,0.6827762708039823,0.9998034148804216
SNRPEP4,0.5498408213931781,-0.605539305499363,1.511903146351475,-0.40051461428640484,0.6887775216537673,0.9998034148804216
SNRPF,0.6472645598263903,0.6132216297737341,1.2578871997371328,0.48750128779582313,0.6259031304457294,0.9998034148804216
SNRPG,0.272603062676698,0.07366335305591436,2.81943533601092,0.026126987952182303,0.9791560511339696,0.9998034148804216
SNU13,0.7292744874638125,-0.4815227472044599,1.5995736532998315,-0.3010319319845668,0.7633901450186867,0.9998034148804216
SNW1,0.12520878033867935,0.3117003901407167,2.812919850563351,0.1108102636050194,0.9117668062991159,0.9998034148804216
SNX1,0.48405179609682975,-0.44614290924748273,1.4973776510928496,-0.29794949118004316,0.7657417138564597,0.9998034148804216
SNX10,0.8461042851462849,1.1393359550306152,1.6789948535101566,0.6785821604209719,0.49740264943235035,0.9998034148804216
SNX11,1.1733147817529372,-1.0429855017219565,1.2219327193339253,-0.853553952046138,0.3933521819254,0.9998034148804216
SNX14,0.6169509814748915,0.09502366673346578,1.2489598757534963,0.07608224137395775,0.9393536685161392,0.9998034148804216
SNX17,0.6868734452845323,1.4234451628864127,1.3230541211129323,1.0758782578667552,0.2819817068605096,0.9998034148804216
SNX2,0.7490699815125991,-1.1547743381326108,1.1931662965919279,-0.967823463863355,0.33313254330774766,0.9998034148804216
SNX20,0.5706500068281039,-0.5955814556457545,2.0165518357379995,-0.2953464647378078,0.7677292249770447,0.9998034148804216
SNX3,1.8165757472276072,-1.0676029601688926,0.8072088642368711,-1.322585773606681,0.1859731678344646,0.9998034148804216
SNX5,0.7157079645150063,-0.8825195743271282,1.2556786373516915,-0.7028227988240844,0.48216618723514315,0.9998034148804216
SNX6,0.8183680619094953,0.4909219604798109,1.0994385639162636,0.4465205938666718,0.6552212400681627,0.9998034148804216
SNX8,0.9272968250745772,0.15240971906105946,1.6088840290553363,0.09473008390203706,0.9245292219239498,0.9998034148804216
SNX9,1.5904143421037134,-0.3538113850098733,0.9979030198228969,-0.3545548795640142,0.7229230836112732,0.9998034148804216
SOAT1,0.5862674037388756,0.3281326767763373,1.640466274622888,0.20002403088217632,0.8414617869651502,0.9998034148804216
SOCS1,0.8135686230943873,-1.2372723896313715,2.2074867314853335,-0.5604891626228975,0.5751458297012537,0.9998034148804216
SOCS2,0.789771800005238,0.6079912333659389,1.2496899314692373,0.4865136687555247,0.6266030164782144,0.9998034148804216
SOCS3,4.465229274633353,-0.10073011910962912,0.6012129821732927,-0.167544817055522,0.8669413869518696,0.9998034148804216
SOD1,1.8936126116684053,0.07315556710010462,0.8476931418255762,0.08629958588854235,0.931228267662482,0.9998034148804216
SOD2,2.8033725904563167,-0.6882658426140157,0.8896449966716257,-0.7736409974641374,0.43914312069356454,0.9998034148804216
SON,2.8834273117349096,-0.13716362325977094,0.6806082762094261,-0.20153093644950787,0.840283441846192,0.9998034148804216
SORL1,0.4105105772797661,1.3441407873307578,1.862586612785923,0.7216527693819773,0.470507986983685,0.9998034148804216
SOS1,0.6086464206127109,-1.918312732402038,1.6297775948386686,-1.1770395779627414,0.23917970967499547,0.9998034148804216
SOS2,0.8858208923682465,-0.13286740835085775,1.193597649745369,-0.11131674763200351,0.9113651752524651,0.9998034148804216
SOX4,1.5288484519614798,1.1177791059011248,1.0898366674746787,1.0256391065380404,0.30506172694742906,0.9998034148804216
SP1,0.5268980791951612,0.4767583702508689,1.422473088099956,0.33516160990271576,0.7375031797005771,0.9998034148804216
SP100,0.361883349222348,0.5451048816246222,1.5979795951831086,0.34112130296767645,0.733012264575847,0.9998034148804216
SP110,0.9438397152102778,-0.4770516764354646,1.0067632824750379,-0.4738469158933523,0.635609075927277,0.9998034148804216
SP2,0.18836047227237238,-0.30366601583845554,2.8357465983072614,-0.1070850322168146,0.9147215214440094,0.9998034148804216
SPAG9,0.6532219736303608,-0.5398073287235599,2.1639269150756344,-0.24945728294372285,0.8030070798515309,0.9998034148804216
SPART,0.6282839204470816,-1.0093457924355687,2.01338984386269,-0.5013166205801148,0.616148309894029,0.9998034148804216
SPATS2,0.28724881361880833,-0.5628122528394757,2.1725946219523053,-0.2590507438215646,0.7955960884951162,0.9998034148804216
SPATS2L,0.33649148424125513,-1.1051001611204625,2.1355448668826997,-0.5174792523715976,0.6048216485625544,0.9998034148804216
SPCS1,2.6250189164586395,0.7993200268893748,0.7751444078113557,1.0311885357546209,0.3024524156751539,0.9998034148804216
SPCS2,0.3863031844828003,-0.28132524627889316,1.5006546812874118,-0.18746834284190167,0.851293442397538,0.9998034148804216
SPCS3,1.350133364096839,0.6116459997642206,0.9912897320681122,0.6170204128798481,0.5372212616616324,0.9998034148804216
SPECC1,1.40015326609955,-0.7407810161598855,1.0519970848075668,-0.7041664153426721,0.4813291434089171,0.9998034148804216
SPEN,1.735941021426966,-0.008524392282509605,0.8679115649023396,-0.009821729110694358,0.9921635199751789,0.9998034148804216
SPG11,0.48716829042316306,-0.015218125028084988,1.438576028874808,-0.010578603231688733,0.991559653228968,0.9998034148804216
SPG21,0.28526030729018603,1.0353867001427628,1.8599774621496294,0.5566662613998218,0.577755472400362,0.9998034148804216
SPG7,0.29063825214773037,-0.7206837736582782,2.1899572110812957,-0.3290857784853427,0.7420908532492352,0.9998034148804216
SPI1,2.54962425605083,0.4316654069576463,0.8222222782953583,0.5249984321181136,0.5995842808768486,0.9998034148804216
SPIB,2.0537185002898926,-0.28048248204588666,0.8713922959304742,-0.3218785423692403,0.7475447095216253,0.9998034148804216
SPINT1,1.4792789420996264,0.9455568362281603,0.9366527902476609,1.009506239743486,0.31273191065201233,0.9998034148804216
SPINT2,2.39200104481391,0.5267195643447636,0.7807093947944979,0.6746678954509179,0.4998867860254257,0.9998034148804216
SPN,0.48704700335732753,-0.22745794769145722,1.5091943171072058,-0.15071481857117258,0.8802006832379092,0.9998034148804216
SPOCK2,0.732670345015284,-2.1858260195032533,2.2696244637433947,-0.9630782776715716,0.3355082419575869,0.9998034148804216
SPOP,0.6589824080216338,-0.4322558584231129,1.2065525219962439,-0.3582569764206739,0.7201510119489023,0.9998034148804216
SPOPL,0.2777359317683597,0.9302650913538236,1.8385171869605366,0.5059866167972852,0.6128660448236238,0.9998034148804216
SPPL2A,2.129718150932976,-0.19214844520752208,0.8204228651868037,-0.2342065943807788,0.8148245958040132,0.9998034148804216
SPPL3,2.5782221279029147,-0.2941122011192816,0.8575625468037815,-0.342962973622701,0.7316263153940313,0.9998034148804216
SPRED1,0.5418255431729785,0.42258576719207624,1.2843814455339648,0.32901889751014873,0.7421414043881938,0.9998034148804216
SPRED2,2.003881377333674,-0.5559903165679201,0.949071715671966,-0.5858253990577154,0.557992853567771,0.9998034148804216
SPTAN1,0.8468519775956329,0.26661705052625945,1.258612790597598,0.21183405453846363,0.8322364996911722,0.9998034148804216
SPTY2D1,0.414304302652461,-1.3979352179477003,2.162163600719062,-0.646544608133628,0.5179267177020392,0.9998034148804216
SQLE,0.4641958003089409,-0.7595462449068165,1.2811981770691176,-0.5928405601109755,0.5532878604970017,0.9998034148804216
SQOR,0.2965771214424767,2.0500618725029764,2.6160237920333738,0.7836556680967766,0.4332421818151162,0.9998034148804216
SQSTM1,1.207220463538627,-2.2240179465560135,1.4547798109429544,-1.5287660234399711,0.12632245812807735,0.9998034148804216
SREBF1,0.44665151353628185,-1.0505541376780068,1.7465450891521834,-0.6015041605298446,0.547504241503538,0.9998034148804216
SREBF2,1.271505689134044,-0.09768057105672655,1.3366192656559475,-0.07308032553966645,0.9417421977335698,0.9998034148804216
SREK1,0.6681652844109464,-0.5814433506381539,1.7420413231955987,-0.33377127333096485,0.738552162079525,0.9998034148804216
SRF,0.3417815265019684,-0.2071181381449979,1.8377938778307292,-0.11269932969276907,0.9102689326925946,0.9998034148804216
SRGN,8.842919614976392,-0.04571972992050613,0.436004327596598,-0.10486072505869061,0.9164863239606539,0.9998034148804216
SRI,2.1850503420802303,0.8104849626782858,0.8609278276336939,0.9414087182034143,0.3464954475687867,0.9998034148804216
SRP14,2.195322602202544,0.5993650687044643,0.8419705467560944,0.7118598993915768,0.47655153616259927,0.9998034148804216
SRP19,0.6375767076106698,1.1565662421428704,2.0654950526786715,0.5599462659777171,0.5755160897734949,0.9998034148804216
SRP54,0.26128624852440724,-0.7472359154140008,2.16081616078093,-0.3458118876452432,0.7294840906799925,0.9998034148804216
SRP72,0.9880740566077182,-0.8402937470351293,0.9716776085210374,-0.8647865708402155,0.3871559432689321,0.9998034148804216
SRPK2,1.1073397955232298,0.7629007264617969,1.2522327843993792,0.6092323535737123,0.5423704381247056,0.9998034148804216
SRPRA,0.8312586405541703,0.9050554830607278,1.276985332370691,0.708743836063109,0.4784834565482661,0.9998034148804216
SRRM1,2.6560339584126202,-0.7829151053600744,0.779658399884152,-1.0041770927837195,0.3152932614465226,0.9998034148804216
SRRM2,3.741708065948974,0.001287825255063963,0.6507836165806322,0.0019788839519816045,0.998421080077597,0.9998034148804216
SRRT,0.8061248099371299,-1.5196435423084782,1.9063384889443449,-0.7971530507942464,0.4253621490215308,0.9998034148804216
SRSF1,0.9863235087645827,1.464538773546714,1.2816813339056372,1.1426699717033872,0.25317564178816954,0.9998034148804216
SRSF10,1.1316834699215463,0.5061758114425289,1.1079282674473447,0.4568669527755192,0.647766678573207,0.9998034148804216
SRSF11,3.4559245578586992,-0.35121791931082785,0.784042182762567,-0.44795793776466725,0.6541835532805802,0.9998034148804216
SRSF2,4.033415356419468,-0.08349476024255674,0.6386330471399619,-0.13073980530208631,0.8959811425059537,0.9998034148804216
SRSF3,2.0154042570560544,-0.45224285602628694,0.8342067334399655,-0.542123238638223,0.5877336108261464,0.9998034148804216
SRSF4,0.8066225172921432,-0.03422411496327078,1.0824862122659393,-0.031616213283336296,0.9747781135231499,0.9998034148804216
SRSF5,3.49357617457592,-0.5755735517802338,0.7030731607725648,-0.8186538526769686,0.41298393250218723,0.9998034148804216
SRSF6,1.1451730651764715,-1.3713687456859618,1.62651412464352,-0.8431336223326816,0.3991537165133696,0.9998034148804216
SRSF7,2.063227450968977,0.08825471769552831,0.7580457542701016,0.1164239984174913,0.9073165167334692,0.9998034148804216
SS18L2,0.3924766745509642,-1.3340114570965118,2.138283427273791,-0.623870269058444,0.5327127869694435,0.9998034148804216
SSBP1,1.1163026598427814,-0.0534207882097466,0.9777564279640634,-0.05463609001372889,0.9564283860141519,0.9998034148804216
SSFA2,0.894458883506981,0.21239320007913157,1.508460097978723,0.14080133797621167,0.8880268860447504,0.9998034148804216
SSH1,1.1615070649022732,-0.8861544457579652,0.9458678791837388,-0.9368691603342056,0.34882586450480746,0.9998034148804216
SSH2,0.9911521872578386,2.2845252249240064,1.7118996056948408,1.3344971967539787,0.18204096495085842,0.9998034148804216
SSR1,0.45158368189915266,-0.5653931004272206,2.2127098032273365,-0.2555206740633451,0.7983209778587059,0.9998034148804216
SSR2,2.34300442219371,-0.07511783290911031,0.8322236436748325,-0.09026159432026477,0.928079338824674,0.9998034148804216
SSR3,2.5329405740797863,-0.06892109844124514,0.7568549171853882,-0.09106249675638063,0.927442932041771,0.9998034148804216
SSR4,1.4117379134796646,-0.2312727726895321,1.0185764667624544,-0.22705489497968936,0.8203810566457996,0.9998034148804216
SSRP1,0.4584317293648687,-1.2323260985630984,1.6004869035923266,-0.7699694985301764,0.4413179860497056,0.9998034148804216
SSU72,1.0223980320854658,-0.4334101839813767,1.0907226602244693,-0.39736057550338366,0.6911015835716363,0.9998034148804216
ST13,1.82686881441841,-0.6165588916180249,0.9067904930095745,-0.6799353283598165,0.49654541097275495,0.9998034148804216
ST20,0.6450733867103877,-0.7019093411711568,1.437677734561569,-0.48822439431129505,0.6253909074388484,0.9998034148804216
ST3GAL1,1.3733055670383514,-0.10260503475620508,1.0289789752310166,-0.0997153850817692,0.9205702858921452,0.9998034148804216
ST3GAL2,0.5232628137337483,0.24543849339813376,1.475302552422207,0.16636485376858032,0.8678698311097031,0.9998034148804216
ST3GAL5,2.0071224693209526,0.18884043475674295,0.8672196317910295,0.21775387437521376,0.8276208850316562,0.9998034148804216
ST3GAL6,1.1297622681065551,0.998753345694327,1.0912628061194904,0.9152271479368703,0.36007239543765956,0.9998034148804216
ST6GAL1,0.3910241971244152,-0.7107040781242517,1.8016110397187857,-0.3944825283903599,0.6932248239392937,0.9998034148804216
ST7,0.543198606936572,0.39591173509334054,1.5012287333137155,0.26372512483119775,0.7919917339056508,0.9998034148804216
ST8SIA4,2.640731882156194,-0.6298733897947703,0.7131714580831724,-0.8832005020051046,0.3771279504221442,0.9998034148804216
STAG2,1.635345600031351,0.04892445469610117,1.0573589940570458,0.046270429410525865,0.9630947079683078,0.9998034148804216
STARD3NL,0.661460897721028,1.806754482531737,1.6078619388910174,1.1237000135583164,0.2611403106704393,0.9998034148804216
STARD7,4.001448336472816,0.2207323100834979,0.6820079823301951,0.3236506255092921,0.7462025554872638,0.9998034148804216
STAT1,0.9964923349294601,-0.9562376009787076,1.2617987650419564,-0.7578368496397375,0.4485486592047917,0.9998034148804216
STAT2,0.0992913414479782,1.240280285129172,3.6917755027543175,0.33595766703686014,0.7369027896980476,0.9998034148804216
STAT3,1.7804601180078028,-0.16440961623232486,1.2086584954439443,-0.136026525980721,0.8918003111606265,0.9998034148804216
STAT5A,0.8171074288632325,0.719370342593907,1.1972057698869383,0.6008744366992509,0.5479236207819536,0.9998034148804216
STAT5B,0.5283195219632746,1.1388123110535042,1.3827141763096464,0.8236064477858347,0.410163211134871,0.9998034148804216
STAT6,1.023670406866424,-1.7058873827491987,1.1056575948073961,-1.5428713109381405,0.12286200290150073,0.9998034148804216
STAU1,0.9069286648538932,-0.0997706385672204,1.2912042072547323,-0.07726944971728812,0.9384091938194157,0.9998034148804216
STIM2,0.9098831474131246,0.22537499777109,1.5057901573392887,0.14967224793747136,0.8810232044399785,0.9998034148804216
STIP1,1.1397693054561968,-0.36388254386606506,0.9477663906289285,-0.3839369568956715,0.7010251739976092,0.9998034148804216
STK17A,0.36167219350109214,-0.7926995594154527,2.133234437835391,-0.37159514461045867,0.7101943046855592,0.9998034148804216
STK17B,2.323568472536975,-0.42917170464159143,0.827906785805213,-0.5183816729128313,0.6041919990824032,0.9998034148804216
STK38,0.5478523150645559,0.41026025354950096,1.286774530741452,0.31882839125911594,0.7498566478163944,0.9998034148804216
STK38L,0.6240259439492452,1.9164572947944216,1.5580608422950821,1.2300272510355938,0.21868690030431803,0.9998034148804216
STK4,5.159179087564524,-0.39220130316936874,0.5529577622457494,-0.709278953923182,0.4781513861185418,0.9998034148804216
STMN1,0.4485521172680731,-0.33793752776694397,2.12035898893471,-0.15937750613481128,0.8733714598835614,0.9998034148804216
STMP1,0.5753987158918271,1.0935629630827468,1.523932182901484,0.7175929318591215,0.47300831704199087,0.9998034148804216
STOM,0.7830514586279067,-0.3413958513603897,1.3342781156206285,-0.25586558556541433,0.7980546289801898,0.9998034148804216
STRN4,0.6576359240704047,-1.117088431982929,2.412082051143141,-0.46312206977101594,0.6432768714902299,0.9998034148804216
STT3B,1.5166755303130854,0.6097933673829682,1.1823422151690681,0.5157503128616373,0.6060288096083968,0.9998034148804216
STX11,1.7870503738544659,-0.570837350113289,1.0309689872802432,-0.5536901275946151,0.5797909328441697,0.9998034148804216
STX12,0.40311074162459515,1.4005069374263033,1.588956004924746,0.8814007015207649,0.378100978109291,0.9998034148804216
STX16,0.743920238405923,-0.8147974828981893,1.201372536208074,-0.6782221653492743,0.49763084071558183,0.9998034148804216
STX18,0.21807034979353787,-0.10495025331892445,2.1886300435989563,-0.047952486819721044,0.9617541090374094,0.9998034148804216
STX4,0.45946593131882135,-0.28604627543819133,1.7945400792661401,-0.15939809801025298,0.8733552373211684,0.9998034148804216
STX7,0.28526030729018603,1.0353867001427628,1.8599774621496294,0.5566662613998218,0.577755472400362,0.9998034148804216
STX8,0.4566714247871146,-0.9082813283191464,1.4580243683305276,-0.6229534622656204,0.5333151041617271,0.9998034148804216
STXBP2,0.658133631425418,0.5086482321610573,1.2865551404044453,0.3953567291341723,0.692579638423281,0.9998034148804216
STXBP3,0.6889381124752902,-0.1221802284996342,1.1611015527285493,-0.10522785729854103,0.9161950065007733,0.9998034148804216
SUB1,5.4230540875178015,-0.2971444477691252,0.5224539075340204,-0.5687476799085404,0.5695273854793368,0.9998034148804216
SUB1P3,0.7844916864937415,2.5140796247234656,1.9784009457724008,1.270763456768328,0.20381281281023456,0.9998034148804216
SUCLG1,0.5022788299481484,-1.3634426348726887,1.7357282232990214,-0.7855161980838532,0.43215097698433436,0.9998034148804216
SUCLG2,0.3218457332991448,-0.45106632879657566,2.1856302897128685,-0.20637814680717723,0.8364955397202781,0.9998034148804216
SUCNR1,0.26282897835835606,0.13816863894683631,2.8187842108047847,0.04901710404692102,0.9609056652653591,0.9998034148804216
SUCO,1.1179211667868865,-0.30184721069321246,1.056096907897902,-0.28581393282745365,0.7750206362326193,0.9998034148804216
SUGP2,0.8739953783213619,0.13347649394290395,1.0489146828281823,0.12725200259663835,0.8987409477623096,0.9998034148804216
SUGT1,0.36082341690487635,0.48678987453611716,1.8656265036637072,0.2609256855968554,0.7941498165392501,0.9998034148804216
SULF2,2.2913150055677596,0.1770706120807847,1.1517426850307388,0.15374146880390985,0.8778135860909897,0.9998034148804216
SUMF1,0.32298546303155123,-0.4551852232122406,2.1866076587604852,-0.20816959155364426,0.8350965508975278,0.9998034148804216
SUMO1,0.6514165428489069,-0.6814575925411461,1.2469399771135425,-0.5465039256489366,0.5847195899979771,0.9998034148804216
SUMO2,1.8948891691596268,0.43823076508813863,0.9933999113781354,0.44114234365109284,0.6591099504284296,0.9998034148804216
SUMO3,2.7749792098952284,0.7313545721425705,0.6862611154909318,1.0657088907323273,0.286555257365926,0.9998034148804216
SUPT16H,0.98369237147261,-1.7692858219046124,1.3921593598550435,-1.270893169937698,0.2037666565791414,0.9998034148804216
SUPT4H1,1.0592054362227745,1.4738331588599458,1.2454721156811377,1.183352995465434,0.2366692778172209,0.9998034148804216
SUPT5H,0.5542369608539757,0.49874717013783465,1.2887367332768414,0.38700469790263653,0.6987527300153367,0.9998034148804216
SUPT6H,0.7375951731458926,0.2665492740711325,1.8560220558994172,0.1436132039616115,0.8858059134952293,0.9998034148804216
SURF4,0.3259806702920491,-0.2978069374424303,2.8558179405990542,-0.10428078527301375,0.9169465259003218,0.9998034148804216
SUZ12,1.6611681527279782,0.24862109897579007,1.1513105528271075,0.21594616532028393,0.8290297112382853,0.9998034148804216
SVIL,1.0150778374957687,1.9624421361016124,2.0696402160690575,0.9482044854293322,0.3430253641454538,0.9998034148804216
SWAP70,2.4570674992407047,-0.6777957592631921,0.6993111329323088,-0.9692334746925881,0.3324287127740704,0.9998034148804216
SYAP1,1.2644852170379135,-1.1962493030206405,0.9435208851536473,-1.26785672881617,0.20484911919692417,0.9998034148804216
SYF2,0.5549197079326355,-0.9355152953405136,2.1298547908022174,-0.4392390032318346,0.6604883665045673,0.9998034148804216
SYK,0.5375954332297369,-0.4094677507905588,1.4968226606581745,-0.27355795816887885,0.7844243463948469,0.9998034148804216
SYMPK,0.3774730497110114,-0.8575778444387671,2.2143897951685894,-0.38727501648980306,0.6985526192127401,0.9998034148804216
SYNCRIP,0.7594134792020185,-0.02790831060546248,1.556715028567946,-0.01792769395380984,0.985696535981719,0.9998034148804216
SYNGR2,6.557557878833785,-0.12328819619227568,0.4722986538759102,-0.26103863557626805,0.7940627129698561,0.9998034148804216
SYNPO,1.2244129299034754,-1.1186035013251456,1.1398868829556832,-0.9813285143036733,0.3264307656802383,0.9998034148804216
SYNPO2,0.7701955511944665,-1.1417949933059914,1.2168935821258287,-0.938286642379488,0.3480971224422632,0.9998034148804216
SYNRG,0.6535048465821663,0.6819058601623175,1.5035542468593952,0.4535292701189023,0.6501676714964951,0.9998034148804216
SYS1,0.42010287279317027,-0.6922072034514678,1.5037335387773392,-0.4603257063843173,0.6452824522993008,0.9998034148804216
SZRD1,0.5203591456228808,-1.4652427383536824,2.2935545194945837,-0.6388523690627458,0.5229189763108364,0.9998034148804216
TAB2,1.6135206941299618,-0.06941055872333173,0.9321587493406162,-0.07446216513274254,0.9406426454084197,0.9998034148804216
TACC1,2.528247427992767,-1.1251742805688985,0.8517920918627973,-1.3209494327521139,0.18651822559630216,0.9998034148804216
TACSTD2,0.39586846289045485,2.36227393924733,2.7145062799134925,0.870240734651243,0.38416885917894295,0.9998034148804216
TADA3,0.08687992376698092,1.1684213873511187,3.69977649662878,0.3158086409856863,0.7521477589758941,0.9998034148804216
TAF10,0.4612057253287619,-0.2424374290175052,1.439890030908252,-0.1683721838566941,0.8662904897513419,0.9998034148804216
TAF12,0.22259951805486644,-0.3519850372485066,2.847888436867293,-0.12359509336527726,0.9016358776260929,0.9998034148804216
TAF15,0.32139995680447125,2.1367673148569466,2.649781572085196,0.8063937561372115,0.4200158459899572,0.9998034148804216
TAF5L,0.47510961435968935,-0.7723796770472164,1.53366989673813,-0.5036153338407073,0.6145317150836388,0.9998034148804216
TAF7,1.8008710518695261,-0.46246790579408975,0.9039799798629555,-0.5115908715856743,0.6089373754874065,0.9998034148804216
TAGLN2,6.622829256461818,0.04388984175300264,0.5647961154592285,0.07770917779297468,0.9380593933625935,0.9998034148804216
TALDO1,1.442472302911952,-0.3533720502802861,1.1574431448445432,-0.3053040245253236,0.76013461104681,0.9998034148804216
TANK,2.563117200321692,-0.16260436308764967,1.0064811289788897,-0.16155728945719774,0.8716544934366015,0.9998034148804216
TAOK1,1.148317427939511,-0.604224449085565,1.2168345677122716,-0.4965543099433364,0.6195033798340854,0.9998034148804216
TAOK3,3.43530660425846,-0.36470726559867217,0.749344156938456,-0.4867019542645553,0.626469560117149,0.9998034148804216
TAP2,1.85072689041327,-0.3546506812842905,0.828794335690886,-0.4279115650430361,0.6687155068190872,0.9998034148804216
TAPBP,3.5928940958362627,-0.5894641142194701,0.7737511746900395,-0.7618264546811269,0.44616358905667364,0.9998034148804216
TARDBP,1.093029154159999,0.7409509944572977,1.7552594329412183,0.42213189717244,0.6729287469971563,0.9998034148804216
TAX1BP1,1.9645783548502591,-0.23443477411284128,0.7760145646809612,-0.30210099756210534,0.7625750720090365,0.9998034148804216
TAX1BP3,0.21054597427171157,-0.2773379730231575,2.835788601140914,-0.0977992410688078,0.9220917100352884,0.9998034148804216
TBC1D1,0.9220221583492667,0.08754875048255366,1.280241315447364,0.06838456892946067,0.9454795052832287,0.9998034148804216
TBC1D13,0.23048176747453514,-0.02317525214435314,2.191034287042299,-0.010577311492298765,0.9915606838302237,0.9998034148804216
TBC1D15,0.7663515673377529,-0.64759233772,1.1875075041902536,-0.5453374698137887,0.5855214380536911,0.9998034148804216
TBC1D22A,0.471761665481668,-0.4440140717907629,1.9449730259657738,-0.2282880358046551,0.819422325057039,0.9998034148804216
TBC1D2B,0.7727362131271728,-0.5469632053771432,1.1735480688683193,-0.4660765245897366,0.6411607260440442,0.9998034148804216
TBC1D4,7.783475009826802,-0.28591040781114185,0.4914668943863639,-0.5817490680997427,0.5607357151067657,0.9998034148804216
TBC1D8,0.9480364406845148,-1.2920051549002818,1.1839124759063029,-1.0913012415983134,0.2751403516135048,0.9998034148804216
TBC1D9,2.0126878774450727,0.07407355933733202,0.7640109575926972,0.09695353005240727,0.9227632981651813,0.9998034148804216
TBC1D9B,2.0598798832886107,0.1434311999452435,0.924350343274698,0.1551697373066466,0.8766875054199071,0.9998034148804216
TBCA,1.2951746938859938,1.706917330477024,1.0783947903634945,1.5828315805398814,0.11345985661981206,0.9998034148804216
TBCB,1.7329258229848816,0.28846199567803826,0.8387010954515995,0.34393897568801385,0.7308921795912894,0.9998034148804216
TBL1X,1.024293503536938,-0.3220021740813809,1.2190374751360689,-0.26414460642027354,0.7916684931332079,0.9998034148804216
TBL1XR1,1.7830103249377467,1.055398645109569,1.2987784104771647,0.8126087072249844,0.4164424377642615,0.9998034148804216
TCAF2,0.38265104500637315,0.384058046736502,1.8784119014678966,0.20445890831312208,0.8379949001009868,0.9998034148804216
TCEA1,0.4406698678484043,-0.4300764583669387,1.8020082239454478,-0.238665091896916,0.811365287209509,0.9998034148804216
TCEAL4,0.2777359317683597,0.9302650913538236,1.8385171869605366,0.5059866167972852,0.6128660448236238,0.9998034148804216
TCERG1,0.5285541427366921,-1.7467012707985345,2.1955436954560508,-0.7955666172408907,0.4262839762737516,0.9998034148804216
TCF12,0.3505665350700574,-0.5291046715934741,1.4870989173569475,-0.3557965549015818,0.7219929292785348,0.9998034148804216
TCF25,1.704375494363111,0.22753374328071396,0.9171155349865419,0.24809714218182213,0.8040592467180359,0.9998034148804216
TCF3,0.6113835513800034,0.4262335291811835,1.5098391615174414,0.28230393014366106,0.7777104722703793,0.9998034148804216
TCF4,1.208344068451134,-0.7471895641393556,1.1629784580219786,-0.6424792815252943,0.5205620374141352,0.9998034148804216
TCOF1,1.0683723483155607,1.111859029043344,1.657139005482493,0.6709509735543367,0.5022517621895921,0.9998034148804216
TCP1,1.3715553318189715,-1.933008895779403,1.4778171257673687,-1.308016304639637,0.19086777913157738,0.9998034148804216
TDG,0.2428931851555324,0.05200081019056174,2.1918500336977766,0.023724620476353205,0.9810722672307575,0.9998034148804216
TECRP1,0.5478938047154566,0.7579812370916825,1.495575671714266,0.5068157040979849,0.6122841364414224,0.9998034148804216
TERF2IP,1.5337999253325572,-1.1463219032352845,0.9750262882776729,-1.1756830733868675,0.23972154503848653,0.9998034148804216
TES,2.448679660235993,-0.18352995134412858,0.9007248027142871,-0.20375807437640295,0.8385425572516921,0.9998034148804216
TET2,0.9770465250974083,0.7982551065013027,1.1064547789899566,0.7214529881013317,0.47063085522095927,0.9998034148804216
TET3,0.5654305218818415,-1.533285683497516,1.6556001366680662,-0.9261207761091933,0.35438321803479655,0.9998034148804216
TEX261,0.22259951805486644,-0.3519850372485066,2.847888436867293,-0.12359509336527726,0.9016358776260929,0.9998034148804216
TFCP2,1.1156989590124484,-0.30931296362789684,1.145304874080973,-0.27007041585857117,0.7871060814158246,0.9998034148804216
TFG,1.7446142767119717,0.41790386266442564,1.0885586924768464,0.38390567780369306,0.7010483579595693,0.9998034148804216
TFPI2,0.9993215126724019,-1.142768174189666,1.6844996089432474,-0.6784021605719276,0.4975167395740887,0.9998034148804216
TFRC,2.427239973088614,0.6096330241707283,0.8964654863135777,0.6800407081790125,0.4964786854223803,0.9998034148804216
TGFBR1,0.4343633489797094,2.5358741661412356,2.036036128736481,1.2454956620612343,0.2129496090846682,0.9998034148804216
TGFBR2,0.7569804831209533,0.01339913214153121,1.457043908812701,0.00919610731048575,0.9926626713753005,0.9998034148804216
TGIF1,1.5952807016804729,0.18553170380941875,0.8223223893353171,0.22561918076848664,0.8214976213820839,0.9998034148804216
TGIF2,0.33539688071254853,-0.38617879065872446,2.185399343777708,-0.17670856896624262,0.8597373097417165,0.9998034148804216
TGOLN2,1.1075809382356374,-1.562988032604556,1.584723736611752,-0.9862842314372924,0.3239936554356997,0.9998034148804216
THAP2,0.5029276569821817,-0.2492769709736632,1.2982585131451796,-0.19200873204348284,0.8477353655105501,0.9998034148804216
THAP9-AS1,0.799910053169932,0.43461690553449084,1.3017749894385995,0.3338648453538985,0.7384815484741108,0.9998034148804216
THEMIS2,1.6991222595047086,-1.5860484040080673,1.1072505330116287,-1.4324205378290933,0.15202350431252445,0.9998034148804216
THOC2,1.6096000790800429,-0.887996507765903,0.9818078042010262,-0.9044504473953894,0.3657565985385731,0.9998034148804216
THOC7,0.3920723877071914,1.2773192482003002,1.8449770678779058,0.6923225607727872,0.48873478510377666,0.9998034148804216
THRAP3,1.3326472042552024,0.19918196902849786,0.9424706182993029,0.21134024250848646,0.8326217830326882,0.9998034148804216
TIA1,0.3909790709207153,-1.4635835375415278,1.7515241947568483,-0.8356056638684952,0.40337678137757305,0.9998034148804216
TIAL1,0.7886752304179419,-0.9792267394231234,1.1747121820791906,-0.8335886478081241,0.40451282487674944,0.9998034148804216
TIAM1,0.4821599611981566,-0.22810289850593407,1.5756564403435744,-0.14476690010938925,0.8848949167573792,0.9998034148804216
TICAM1,0.4036016443229685,-0.194915284131783,1.5231325617040867,-0.12797000670362596,0.8981727090315567,0.9998034148804216
TIMM17A,0.9210330825990138,-0.010765866811641277,1.3508399943426035,-0.007969757230115598,0.9936411210689993,0.9998034148804216
TIMMDC1,0.8372363531885729,-1.4379405225607687,2.1550633716698004,-0.6672381617467769,0.5046200187337591,0.9998034148804216
TIMP1,1.4580300475324668,-1.0218113985471913,1.908362617865322,-0.5354388044396828,0.5923464631958972,0.9998034148804216
TINF2,0.3526502143490169,-1.0261450358661819,2.214197359531348,-0.46343883098269684,0.643049850502359,0.9998034148804216
TIPARP,1.966339012265325,0.578426205060795,1.3302263275918642,0.43483292509172605,0.6636837041422028,0.9998034148804216
TKT,0.3752233409144959,-0.7294370039985644,2.197461616595666,-0.33194527653621403,0.7399305811413088,0.9998034148804216
TLE3,0.916234027535885,-1.1109522823103015,1.6398433306049203,-0.677474647471648,0.49810485033957386,0.9998034148804216
TLE4,0.14853401207042502,0.3811938392791873,2.8103569846371794,0.1356389388832038,0.8921067211276952,0.9998034148804216
TLN1,2.1202742440903677,-0.6979239751245361,0.798001911097058,-0.8745893530067627,0.3817973829799888,0.9998034148804216
TM2D3,0.7885014769161445,0.3078111225229449,1.658447494198086,0.1856019702762925,0.8527569083573951,0.9998034148804216
TM4SF1,0.5191766394973432,0.9118748132773071,2.0222010217415667,0.4509318329252842,0.6520386797377559,0.9998034148804216
TM9SF2,0.8498835422267125,0.13793661494041404,1.1438307864894361,0.1205918013133387,0.9040143630529909,0.9998034148804216
TM9SF3,1.1767755287629185,-0.40945196723234756,1.0806937182482692,-0.3788788259971023,0.7047778484534168,0.9998034148804216
TMBIM1,0.8288116558442816,0.2760000919085116,1.2504843125779,0.22071455765768994,0.825314695614888,0.9998034148804216
TMBIM6,4.071034719060454,-0.5561733079954714,0.599372036059731,-0.9279266874907148,0.35344559986992297,0.9998034148804216
TMC6,0.2846114802561529,-0.6952472495223327,2.1822546025199654,-0.3185912627790973,0.7500364797607599,0.9998034148804216
TMC8,0.6629791839336883,0.2212880764036333,1.2392731730095088,0.17856279085445464,0.8582810134414243,0.9998034148804216
TMCC1,0.4672324972203394,-0.24617238027603625,1.3055008830814137,-0.18856546438711558,0.8504334025926628,0.9998034148804216
TMCC2,0.2970228979371502,-0.6064776300211836,2.18518810930786,-0.2775402389560322,0.7813653126355901,0.9998034148804216
TMCC3,1.9414097796534295,-0.7881438765246532,0.9407932366756471,-0.8377439864572263,0.4021745036147395,0.9998034148804216
TMCO1,0.26881062404623357,-0.6262958682804711,2.161620801275724,-0.2897343826034844,0.7720194504751796,0.9998034148804216
TMED10,1.2249649134929617,0.3412745637105498,1.0313171919829964,0.3309113494504574,0.7407114488748878,0.9998034148804216
TMED2,1.2872771508758096,1.0949495441041168,1.2940670328573485,0.846130467976166,0.397479965576796,0.9998034148804216
TMED4,0.5146902476291458,-1.275081241354017,1.7418156262685343,-0.7320414526798135,0.46414326702450015,0.9998034148804216
TMED5,0.29966023129980557,-0.4815264235512133,2.1738603316843053,-0.22150752582072603,0.8246972773782822,0.9998034148804216
TMED9,0.7634066185612739,0.3825974946471255,1.1461237002146127,0.33381867469932236,0.7385163906255077,0.9998034148804216
TMEM109,0.4040808052866464,0.1857033911394068,1.4886117160089054,0.12474938168382375,0.9007219617946899,0.9998034148804216
TMEM123,2.5177683978971115,-0.722664643229507,0.7366258180697353,-0.9810471280020943,0.326569501610089,0.9998034148804216
TMEM127,0.5618028260267027,0.9660253475939841,1.3407492152839313,0.7205115890292788,0.4712100669218424,0.9998034148804216
TMEM131,2.0665861356750024,0.21705827243728956,0.853826160352097,0.25421834386964676,0.7993268796707791,0.9998034148804216
TMEM131L,1.1649001399839944,-0.6728630567867117,1.1472785957095735,-0.5864861937658277,0.557548836705211,0.9998034148804216
TMEM138,0.15491865785984485,0.46407877924934526,2.809804227670471,0.1651640974410875,0.8688148232103852,0.9998034148804216
TMEM14B,0.40982026059483234,-0.5417111463118583,1.7988389632104678,-0.30114488144344087,0.7633040181019306,0.9998034148804216
TMEM14C,1.5069685993173751,-0.5981748252281005,0.8961962134407846,-0.6674596659268571,0.5044785649820203,0.9998034148804216
TMEM150C,0.4597117582513122,0.20054710253422772,1.5410972386341992,0.13013267268713236,0.896461460834839,0.9998034148804216
TMEM164,0.37429476690334534,0.611292969437961,1.6136665430287114,0.37882236083956805,0.7048197812614418,0.9998034148804216
TMEM167A,0.9256009396242634,1.6124799217302477,1.3507155681264635,1.193796799104692,0.23255746408264244,0.9998034148804216
TMEM167B,0.524357417262455,-0.578949431571666,1.3849530354177857,-0.41802820512034167,0.6759264955179222,0.9998034148804216
TMEM173,0.2554706323540858,0.9091997705615067,1.8698823936680522,0.4862336656253425,0.6268015046985805,0.9998034148804216
TMEM176A,5.249626606746769,0.1840557716828197,0.7454843898770472,0.24689419950587568,0.804990105518254,0.9998034148804216
TMEM176B,4.128445094425923,-0.08932034209838936,0.7755912697378589,-0.1151641922537094,0.9083149802318142,0.9998034148804216
TMEM18,0.36236251018602594,1.1350469678828803,1.8136344595424183,0.6258410904748986,0.5314191771022536,0.9998034148804216
TMEM183A,0.2728488896091888,0.9417553246163807,1.8415022389598565,0.511406016616258,0.6090667827991798,0.9998034148804216
TMEM206,0.2549016027349874,-0.851460603709137,1.7752607467030066,-0.47962565797191176,0.6314935984775092,0.9998034148804216
TMEM219,1.265094240580393,-0.5768748207954335,1.308757467767176,-0.44078053803170947,0.6593718843466426,0.9998034148804216
TMEM230,0.724245859408374,0.9463576694411896,1.3375540110534114,0.7075285645443736,0.479238067997955,0.9998034148804216
TMEM248,0.5637498427044244,-0.45478484010272047,1.6309863051778557,-0.2788403793820495,0.7803673246717626,0.9998034148804216
TMEM256,0.6805403447213617,-0.12829842955501677,1.3162967836826547,-0.09746922665576321,0.9223537714151094,0.9998034148804216
TMEM258,2.8797847778021017,0.18220610682230723,0.7151300539879887,0.2547873716203341,0.7988873294465835,0.9998034148804216
TMEM259,0.4040808052866464,0.1857033911394068,1.4886117160089054,0.12474938168382375,0.9007219617946899,0.9998034148804216
TMEM268,0.9065707909560508,-0.17299569697772185,1.293338066267473,-0.1337590700295254,0.8935930936570912,0.9998034148804216
TMEM30A,1.2452587526082255,-0.022226581683416707,1.0856207816446475,-0.020473614782636006,0.9836655600172935,0.9998034148804216
TMEM39A,2.0346233785013883,0.06337109120134785,0.9584779985731858,0.06611637543656049,0.9472851736643884,0.9998034148804216
TMEM41A,0.6952812686138095,-0.1848540735461668,1.420784355171479,-0.1301070587336642,0.896481725532039,0.9998034148804216
TMEM43,0.4661843066375632,-1.7018821850963948,1.6850055095493637,-1.0100157984359022,0.31248772103757116,0.9998034148804216
TMEM50A,2.0716267991474044,-0.5921803329854598,0.9100671391603041,-0.6506996105054947,0.515240414673646,0.9998034148804216
TMEM50B,0.4446178810039597,-0.8098828053579841,2.0241864528385416,-0.4001028681040106,0.6890807518360618,0.9998034148804216
TMEM57,1.142271824782446,0.17986862203509302,1.4717228024907414,0.12221637235672617,0.9027276603904407,0.9998034148804216
TMEM59,0.6326656055821895,-0.3402723424575902,1.545325307429283,-0.22019463527951164,0.8257195745309774,0.9998034148804216
TMEM60,0.24742235341686097,-0.1956668088954376,2.841653708286464,-0.06885666903214115,0.9451037097170758,0.9998034148804216
TMEM87A,0.43265458962820463,0.7263647603305176,1.9435063003066055,0.3737393391603243,0.7085982543670143,0.9998034148804216
TMEM8A,0.2624259782568138,-0.7511390533542224,2.1618801794346747,-0.34744712519203674,0.7282554350052475,0.9998034148804216
TMEM9B,0.48303698998305794,0.22385130205674156,1.5655817837921144,0.14298282234386653,0.8863037475754689,0.9998034148804216
TMF1,0.6748296771774835,-2.3895523790965942,1.6846964559124515,-1.4183874909396565,0.1560776656779534,0.9998034148804216
TMOD3,0.2366745688836687,0.7042095248484704,1.8331219335817477,0.3841585832059252,0.7008609132684795,0.9998034148804216
TMPO,0.7577043360985345,-1.2037478263687995,1.4089074500967251,-0.8543838889390208,0.39289231974064753,0.9998034148804216
TMSB10,10.195191223059823,-0.1862479241371415,0.42286153366711954,-0.44044659849282386,0.6596136813247544,0.9998034148804216
TMSB4X,16.510546558708487,0.01872788312000034,0.3313828493241422,0.05651434031120198,0.9549320718665922,0.9998034148804216
TMSB4XP8,4.588384039110068,0.27894513177255714,0.6152483158646999,0.4533862581655573,0.650270629882924,0.9998034148804216
TMUB2,0.8169949981459017,0.446712176806861,1.1579931589167833,0.3857640896814339,0.6996713928592224,0.9998034148804216
TMX1,0.7085414628910224,-0.9063456475913609,1.500370356762215,-0.6040812813359271,0.5457896039004837,0.9998034148804216
TMX3,1.1486011079701035,-0.6550847805710395,1.187608173460405,-0.5516000943832171,0.5812223717526317,0.9998034148804216
TNF,0.1624430333816712,0.5621265781201167,2.8122283959823533,0.19988653088176983,0.8415693246679163,0.9998034148804216
TNFAIP1,0.46508970310885656,-0.9997420421394404,1.8107476683537012,-0.5521156037430592,0.580869151941705,0.9998034148804216
TNFAIP2,6.121445616055817,-0.1491804966512914,0.5857900929338822,-0.25466544834197,0.7989815047387405,0.9998034148804216
TNFAIP3,4.488038294747903,-0.7807141234952606,0.686585623682853,-1.1370965201798156,0.25549793848782054,0.9998034148804216
TNFAIP6,0.5273889818935346,-0.9065203563960705,1.5644638716046069,-0.5794447368517942,0.5622891252744444,0.9998034148804216
TNFAIP8,2.6984537028084383,0.2268089315578295,0.9721396692877534,0.23330899738306435,0.8155214724746852,0.9998034148804216
TNFAIP8L3,0.3171247206575299,0.17574668216559747,1.5336175357036548,0.11459616108586118,0.9087652226734069,0.9998034148804216
TNFRSF10B,0.8961063899527753,-0.9826815943087449,1.2464187989211069,-0.7884040221146765,0.43046041891046793,0.9998034148804216
TNFRSF11A,2.7726980826882976,0.8867281215824234,0.8151227915490934,1.0878460653728603,0.2766630695118035,0.9998034148804216
TNFRSF11B,1.7313682411066866,0.22600176159550456,1.0963148026995315,0.20614677557851524,0.836676261733997,0.9998034148804216
TNFRSF14,0.6999034717522878,-1.6146477121714464,1.2513072448136224,-1.2903687074967287,0.1969226716422321,0.9998034148804216
TNFRSF1B,3.801119420245028,-0.5500086908150261,0.6021997278572977,-0.9133326791296074,0.3610676002008155,0.9998034148804216
TNFRSF9,1.3849817692332331,0.9049138913677052,1.0312789424377489,0.8774676318209886,0.38023269240488156,0.9998034148804216
TNFSF13B,1.3964765109872361,-0.8819947155766277,1.102315743908391,-0.8001289289849122,0.42363610174355826,0.9998034148804216
TNFSF4,0.4257701002926955,2.3591667832704304,2.62594224262832,0.898407720083412,0.3689682221828261,0.9998034148804216
TNFSF9,0.45942080511512157,-0.945509279952377,2.232076453044421,-0.42360075913294015,0.6718570015995362,0.9998034148804216
TNIP1,1.3209600233037655,-0.4014311710450277,1.1305983130005557,-0.3550608261387264,0.722544023267067,0.9998034148804216
TNKS2,0.564290792149435,-1.5559320237284886,1.8384485398942243,-0.8463288419364784,0.39736932241434086,0.9998034148804216
TNPO1,1.4887313222109728,-0.09777171710380035,1.160332193250279,-0.0842618326652869,0.9328482575641247,0.9998034148804216
TNPO2,0.9697986437518795,-0.7851973611025435,1.2585730239356243,-0.623879064757951,0.5327070101009254,0.9998034148804216
TNPO3,0.49100714199955775,-1.4636335413339636,1.7265708796729138,-0.8477112399875748,0.39659880509064627,0.9998034148804216
TNRC18,0.2598337710978582,-0.1265069359154204,2.838012016601833,-0.04457589861331762,0.9644453536795865,0.9998034148804216
TNRC6A,0.44774611706498846,-1.8473541418746262,1.5478570097555922,-1.1934914725529622,0.23267694986076626,0.9998034148804216
TNRC6B,1.0774324700740932,0.6622462201229903,1.0455664705059502,0.6333850967911481,0.5264821947988012,0.9998034148804216
TNS3,0.13762019801967665,0.40317452955377725,2.814406366519327,0.14325384363466923,0.8860897072150389,0.9998034148804216
TOB1,3.814519173289279,-0.011264172227686888,0.7042704054419079,-0.015994101329047,0.9872390975517488,0.9998034148804216
TOB2,0.771345735919338,-0.2993412193117055,1.6522319192175723,-0.1811738508559143,0.8562311189263457,0.9998034148804216
TOMM20,0.7102502222425273,0.00030577621008896153,1.241060946757426,0.0002463829120462427,0.9998034148804216,0.9998034148804216
TOMM22,0.4715194751019762,-0.4347049968550751,2.2014978042725724,-0.19745874650041362,0.8434685613648326,0.9998034148804216
TOMM34,0.9262368927571055,0.168221366410176,1.6581641078904945,0.10145037249912862,0.9191929512310785,0.9998034148804216
TOMM7,3.5505527059472395,-0.005845471602903106,0.6180552458930878,-0.009457846433220413,0.9924538428543633,0.9998034148804216
TOP1,1.9133601924095385,-0.5731007982277633,0.8593971853119817,-0.6668637133361264,0.504859191032079,0.9998034148804216
TOP2B,0.7432714113718898,-1.721189491016202,1.7398862343106651,-0.9892540426346492,0.3225388632172149,0.9998034148804216
TOR1AIP1,0.8093843905214541,0.09935425496601943,1.2853584245269494,0.07729692595478557,0.9383873363253211,0.9998034148804216
TOR1AIP2,0.9158035420774028,0.28848804420191887,1.5405014891784663,0.1872689161474077,0.8514497931453388,0.9998034148804216
TOR3A,0.87138826132387,0.19948487094097192,1.6177528512250652,0.12330985588429613,0.9018617365304196,0.9998034148804216
TOX4,0.7898281417003851,0.14380520285985957,1.2984008141884962,0.11075563207324247,0.911810129288969,0.9998034148804216
TP53BP2,0.7111787962536779,-0.8222588864103798,1.5540793958890116,-0.5290970902680339,0.5967380998355816,0.9998034148804216
TP53INP2,1.0083491773170485,-1.8863578762745328,1.8516311490511856,-1.018754667872779,0.3083194519397421,0.9998034148804216
TPD52,0.38414864863662196,0.5793552447432163,1.5650165179260356,0.3701911373504093,0.7112400796382167,0.9998034148804216
TPI1,4.019646368940333,-0.4080185582037252,0.5621055645027762,-0.7258753230181019,0.4679152056633167,0.9998034148804216
TPM3,5.9355347350154775,-0.07245726397517845,0.5634467806012905,-0.1285964645992912,0.8976769639215939,0.9998034148804216
TPM4,3.7093910006999145,0.018575088143595517,0.5965828152614063,0.031135808253974627,0.9751612326473201,0.9998034148804216
TPP1,4.437700572536514,0.10564130433900548,0.6089579303938684,0.17347882187966196,0.8622750731818639,0.9998034148804216
TPR,1.2371600431723841,-0.47592305563655507,0.9309583200104534,-0.5112184352476823,0.6091981112268399,0.9998034148804216
TPRA1,0.5710630625049947,-1.2988362944461727,2.2733547397355087,-0.5713302335724711,0.5677758112288145,0.9998034148804216
TPSAB1,0.13652559449097004,1.4270854724526758,3.672383662257388,0.3885992324602209,0.6975726346474281,0.9998034148804216
TPSB2,1.0305640644521672,0.1791062743491494,1.808824375157452,0.09901805659466459,0.9211239334690341,0.9998034148804216
TPT1,13.503959237967727,0.09014902914703728,0.35864034771765396,0.25136332183686344,0.8015332224355719,0.9998034148804216
TPT1P9,0.3736793243383165,2.1748244693403067,2.5968179876974387,0.8374959198694909,0.4023138694330818,0.9998034148804216
TRA2A,2.476494592548934,-0.2871941751943918,0.85452023315726,-0.3360882095597362,0.736804349232115,0.9998034148804216
TRA2B,2.5595354576363425,0.5693877347228262,0.8162854877183272,0.6975350453851298,0.48546801527625905,0.9998034148804216
TRABD2A,0.7955544154585342,-1.3372082846961506,1.6559613870982086,-0.807511754268245,0.41937170525380174,0.9998034148804216
TRAC,0.6858069312622873,0.07948360647531107,1.4634509819568375,0.05431244876342249,0.9566862315146285,0.9998034148804216
TRADD,1.4172915936521149,-0.6340690192958905,1.4996921505046485,-0.42279945192920126,0.6724415875733168,0.9998034148804216
TRAF1,3.3782920606874867,0.08763164888548533,0.7063532574848963,0.12406207228025579,0.9012661280385244,0.9998034148804216
TRAF3,0.8096592142035417,0.3411115368822215,1.2525306595232801,0.27233787395835113,0.7853622371419109,0.9998034148804216
TRAF5,0.5938458463121178,1.2252906203962113,1.550846109625117,0.7900787916941665,0.4294817548144181,0.9998034148804216
TRAF6,0.35528754771167226,-0.8420684454323394,1.7825688020991641,-0.4723904314047875,0.6366481329434632,0.9998034148804216
TRAFD1,2.2118950682398517,1.3334723930909984,0.9074816512351462,1.4694207770218262,0.14171869528540879,0.9998034148804216
TRAK1,0.8493926395283391,1.0842920869107755,1.1723597043708125,0.924880037132203,0.3550283117280497,0.9998034148804216
TRAM1,1.192884212124043,-0.266543685740913,0.9610844217681447,-0.2773363917922445,0.7815218184484671,0.9998034148804216
TRAPPC1,1.6892151620509732,0.3395155517890672,0.9603557421801798,0.353531026969554,0.7236903723996477,0.9998034148804216
TRAPPC12,0.2722451887788555,-0.06214803591893599,2.8343089954427136,-0.021927050303570936,0.9825061469378051,0.9998034148804216
TRAPPC3,0.5677429820636797,-0.1889213424885894,1.2992322869814192,-0.14540998124940474,0.884387184524128,0.9998034148804216
TRAPPC8,0.3466234424574395,-1.0429471128538514,2.9501380816616343,-0.3535248466290169,0.7236950048734287,0.9998034148804216
TRBC1,0.6961715348609258,-0.8765743070845008,1.2668159850500378,-0.6919507785101694,0.48896824035776176,0.9998034148804216
TRBC2,0.9344235047897781,-0.38081620878793965,1.063394218040711,-0.3581138606241326,0.7202581067376219,0.9998034148804216
TREML1,1.1931368574961996,0.40818457821733833,1.1686254707440675,0.34928605309059874,0.7268745679243926,0.9998034148804216
TRIB1,2.863564131974837,0.20856938484529083,0.8599174543869083,0.24254582085904242,0.8083572566176986,0.9998034148804216
TRIB2,0.272603062676698,0.07366335305591436,2.81943533601092,0.026126987952182303,0.9791560511339696,0.9998034148804216
TRIM22,0.7172055681452553,-0.8061563351062001,1.3580220146352793,-0.5936253804565219,0.5527627016489103,0.9998034148804216
TRIM24,0.3131662525095095,-1.1824223496341617,2.183382596238717,-0.5415552691823706,0.588124913511441,0.9998034148804216
TRIM26,0.6850348417714553,0.2698339594080567,1.5524640727488472,0.1738101152513496,0.8620146945770165,0.9998034148804216
TRIM27,0.2966650240393078,-0.8024183859394124,2.9209006458495814,-0.27471608357497507,0.7835343735149353,0.9998034148804216
TRIM28,1.8121915025746158,0.14085140741350405,0.8058150298452785,0.17479372088722198,0.8612417223886488,0.9998034148804216
TRIM33,0.3642128554337984,0.40102845831778855,1.5377080332403077,0.260796230265331,0.7942496516885138,0.9998034148804216
TRIM38,1.0993552692438158,-1.9258234653455455,1.495053821293474,-1.2881298572110151,0.19770076357087052,0.9998034148804216
TRIM44,0.853134647660187,1.22472761954574,1.1587834534559915,1.0569081012445203,0.290553530795576,0.9998034148804216
TRIM69,0.39361640428337075,-1.3112558868649298,1.7632265494181587,-0.743668411355096,0.45707710445216043,0.9998034148804216
TRIM8,1.1267839348610715,0.3035709767579788,1.050151042589948,0.28907363269315345,0.7725250306893203,0.9998034148804216
TRIO,0.42971092759395607,-1.0642258677691954,2.1465696609921334,-0.4957797956006308,0.6200497812691954,0.9998034148804216
TRIP10,0.9334168038579027,-1.2001432643788619,1.1001855326927814,-1.0908553409545634,0.27533654069298263,0.9998034148804216
TRIP11,0.7868378437683394,-0.34096599085938784,1.5408761354997733,-0.22128059680072706,0.8248739570381294,0.9998034148804216
TRIP12,1.7597679763820675,-1.147769617612043,0.8448812157007434,-1.3584982081298667,0.17430565077880644,0.9998034148804216
TRIR,2.6740864075327573,0.161913884828843,0.7920037010727005,0.2044357679257618,0.8380129815907826,0.9998034148804216
TRMT112,0.4423335009962093,0.21174685031490975,1.408878145542853,0.15029465180136062,0.8805321523091856,0.9998034148804216
TRNAU1AP,0.24778022731470337,-0.05120197770037883,2.8265631947256082,-0.018114570300753283,0.9855474544398466,0.9998034148804216
TROVE2,1.3130236509205024,0.5130613647566484,1.059804492869554,0.4841094449104195,0.6283081986243035,0.9998034148804216
TRPM4,0.28724881361880833,-0.5628122528394757,2.1725946219523053,-0.2590507438215646,0.7955960884951162,0.9998034148804216
TRPM7,0.21054597427171157,-0.2773379730231575,2.835788601140914,-0.0977992410688078,0.9220917100352884,0.9998034148804216
TRPV2,0.4984399783717538,0.08317148169868159,1.4482676244020205,0.057428254486474845,0.9542040563112411,0.9998034148804216
TSC22D1,0.2240971216851153,-0.1356276122980528,2.182566801356882,-0.06214133387062167,0.9504502809153502,0.9998034148804216
TSC22D2,0.9428511051568909,-0.7056509430151106,1.2762352457590367,-0.5529160437779846,0.5803209008485679,0.9998034148804216
TSC22D3,1.665528038670931,0.12433729723453146,0.9436714271258446,0.13175909925897364,0.8951748384895813,0.9998034148804216
TSC22D4,0.39651494011391936,-0.24364192200392965,1.4675605822295419,-0.1660183061293353,0.8681425438800503,0.9998034148804216
TSG101,0.46863706597343835,1.5833894008337457,1.870758297501132,0.8463890834795496,0.3973357263442352,0.9998034148804216
TSHZ1,0.6452245063894074,-1.209318149564721,2.414345512541057,-0.5008886024320249,0.6164495243004218,0.9998034148804216
TSNAX,0.4104654510760663,0.28151838122445494,1.7850876980675194,0.1577056306696965,0.874688763389441,0.9998034148804216
TSPAN13,2.356084738153102,-1.9951813447266378,1.2402861054143648,-1.608646050307942,0.10769375872484106,0.9998034148804216
TSPAN14,0.5068079982094771,-1.5442806413789014,2.1998225606265804,-0.7020023655630845,0.4826776882058368,0.9998034148804216
TSPAN15,0.46863706597343835,1.5833894008337457,1.870758297501132,0.8463890834795496,0.3973357263442352,0.9998034148804216
TSPAN3,0.4561805220887412,0.5876248859614032,1.9105558340032076,0.3075675023483332,0.7584114515791959,0.9998034148804216
TSPAN33,2.9664938206067464,-0.08907461669253405,0.745711580655311,-0.11944915300129538,0.9049195215509361,0.9998034148804216
TSPO,0.8568506298641361,-1.7106289712053122,2.2187184376017384,-0.7709986730242205,0.44070771813572573,0.9998034148804216
TSPYL1,0.3826059188026732,-0.5527152843262811,1.4959243811139777,-0.3694807647393833,0.7117694079944421,0.9998034148804216
TSPYL2,0.8853844202823131,-1.2164198894076792,1.7111044468412968,-0.7108975092976898,0.4771477495701103,0.9998034148804216
TSTD1,0.4627484551627108,0.7228694049289021,1.8519215827592284,0.39033478072644917,0.6962890076875772,0.9998034148804216
TTC1,0.1624430333816712,0.5621265781201167,2.8122283959823533,0.19988653088176983,0.8415693246679163,0.9998034148804216
TTC17,0.8919182215742746,-0.3819215986647048,1.2006273012862922,-0.3181017108769167,0.7504077858953263,0.9998034148804216
TTC3,0.8721605833756819,-0.8981423820970731,1.4431532058698917,-0.6223472174984348,0.5337135795462016,0.9998034148804216
TTC37,0.5159960068791084,-1.047461798070411,1.2952358978103518,-0.808703495510885,0.4186857170679007,0.9998034148804216
TTF2,0.4135521974861943,-1.140559514220109,2.2305884059959302,-0.5113267473076742,0.6091222788511959,0.9998034148804216
TTL,0.3601745898708432,-0.8584677143765098,1.7871307378092387,-0.4803608914638589,0.6309707979540466,0.9998034148804216
TTYH2,0.9082956751274551,-0.8007367738327862,1.4506372782131802,-0.5519896571382009,0.5809554395189882,0.9998034148804216
TUBA1A,2.95686525241974,-0.19595342711962427,0.8060838737000088,-0.24309309925799366,0.8079332768995627,0.9998034148804216
TUBB,6.546939430636146,0.04958092914043151,0.4935098706944779,0.10046593206060933,0.9199744282399209,0.9998034148804216
TUBB2A,1.4036743428340355,0.908465293053046,1.1434583553791346,0.7944891816823776,0.4269107044793782,0.9998034148804216
TUBB2B,1.1997514990804792,2.2408509056727755,1.696193542934479,1.3211056692245264,0.18646613301937587,0.9998034148804216
TUBB4B,0.7366121508856714,0.4315223931954048,1.2418832719708186,0.3474741974023019,0.7282350998343784,0.9998034148804216
TUBB6,3.1018879417382057,0.09796226664274074,0.734797610432589,0.13331870606529128,0.893941334354019,0.9998034148804216
TUFM,0.9129139470945701,-0.20452564770761075,1.0665775275760538,-0.19175881960725707,0.8479311294522983,0.9998034148804216
TUG1,0.5947825255051646,-1.4949815437249556,1.7616956236495958,-0.848603767674631,0.3961018097766503,0.9998034148804216
TULP4,0.5550688634351771,0.23949506092829007,1.483782337717599,0.16140848616427728,0.8717716833179647,0.9998034148804216
TVP23A,0.8061248099371299,-1.5196435423084782,1.9063384889443449,-0.7971530507942464,0.4253621490215308,0.9998034148804216
TWISTNB,0.7742338167574216,-0.4451664161696278,1.1618982259186765,-0.38313718554622,0.7016180493364705,0.9998034148804216
TWSG1,0.8562724287184531,1.980108831238585,1.751042477432445,1.130817131370805,0.2581320678853477,0.9998034148804216
TXN,10.524713574314964,0.0984736565394149,0.4848634870356628,0.2030956324252396,0.8390602854136365,0.9998034148804216
TXN2,0.18726586874366577,0.6975679275826062,2.8074347556914407,0.24847164343479203,0.8037695075143655,0.9998034148804216
TXNDC11,0.2428931851555324,0.05200081019056174,2.1918500336977766,0.023724620476353205,0.9810722672307575,0.9998034148804216
TXNDC12,0.6694504455777088,1.2310986013738845,1.5617829327316275,0.7882648577934185,0.43054179882193555,0.9998034148804216
TXNDC17,0.2353688096337061,-0.12054282754326712,2.830039548222524,-0.04259404347157516,0.9660251438038725,0.9998034148804216
TXNIP,2.380404483684502,1.0406244283777495,0.8026929280349937,1.2964165897477335,0.1948319995893849,0.9998034148804216
TXNL1,1.5585307137189028,0.3927873498105581,1.2253483709737154,0.3205515746500989,0.7485502402132522,0.9998034148804216
TXNP4,5.041775650762176,-0.4426110129381552,0.699364502678525,-0.6328760056350886,0.5268146179078882,0.9998034148804216
TXNP6,3.807380761171757,-0.5119035738245646,1.1648723036082496,-0.4394503777271706,0.6603352302332774,0.9998034148804216
TXNRD1,0.6965338102612015,0.045765578933362625,1.8701134039959015,0.024472087540560145,0.9804760479609372,0.9998034148804216
TYK2,2.5990125282401193,-0.6754606347408565,0.8853381675604626,-0.7629408281381105,0.4454986856205261,0.9998034148804216
TYMP,1.653607139936328,-0.5889882178723947,0.8125010070123219,-0.724907677392531,0.46850867060719636,0.9998034148804216
TYROBP,5.993123074953352,0.2017497771302984,0.6436640544471888,0.3134395586274758,0.7539467338064969,0.9998034148804216
TYW3,0.5695566900416278,-2.8840332552503134,1.8772101876214686,-1.5363400828889313,0.12445499364523138,0.9998034148804216
U2SURP,0.7519685173431478,-0.45683819787776503,1.0713821688032188,-0.4264007850607347,0.6698158294445724,0.9998034148804216
UBA1,2.223609364579275,-0.08587947159843616,0.7810240280156475,-0.10995752821668069,0.912443058173295,0.9998034148804216
UBA2,0.7689782893584827,1.4296757315257926,1.7384284999168382,0.8223954747602127,0.410851854004617,0.9998034148804216
UBA3,0.36021971607454306,-0.2537986816607493,2.1808100651332567,-0.11637816869908896,0.9073528366696012,0.9998034148804216
UBA52,6.078433233561173,0.21439611914232565,0.5435737199622644,0.3944195815007563,0.6932712891640695,0.9998034148804216
UBA6,0.4229684079066938,-1.2878412365114833,2.162408009348837,-0.5955588542697311,0.551469970769058,0.9998034148804216
UBAC1,0.45482107953934214,-0.3994192965611084,1.3256202979969847,-0.3013074687862218,0.7631800461441034,0.9998034148804216
UBALD2,0.2777359317683597,0.9302650913538236,1.8385171869605366,0.5059866167972852,0.6128660448236238,0.9998034148804216
UBAP2L,0.46222416799533295,-0.38495058254801195,1.4720537925936523,-0.261505784968467,0.7937024889342172,0.9998034148804216
UBB,0.8547459687499972,-0.605586439829438,1.3392910278659254,-0.4521694144359358,0.6511469403059071,0.9998034148804216
UBC,7.335631649810768,0.096945817538732,0.5017321377198908,0.19322225994790737,0.8467849063036236,0.9998034148804216
UBE2A,2.4779054674650283,-0.09012948612170116,0.7747765595133851,-0.11632965016173039,0.9073912876990631,0.9998034148804216
UBE2B,1.5030882580900797,-0.06176871636896079,0.87021809637142,-0.07098073072316015,0.9434130914582028,0.9998034148804216
UBE2D1,0.9948874328621993,-0.9100557835122184,1.223860715120833,-0.7435942442374808,0.4571219864046321,0.9998034148804216
UBE2D2,1.5898576306192287,0.42455837523124657,0.987372077494828,0.42998823331974406,0.6672042006158498,0.9998034148804216
UBE2D3,4.571231490367698,0.2691484928514094,0.6006444896269826,0.44809949562437223,0.6540813920438764,0.9998034148804216
UBE2D3P1,0.6234569143301468,0.4130222434217102,1.278236621770196,0.32311876876890494,0.7466052966073942,0.9998034148804216
UBE2E1,0.7730440402783779,-0.3197022506557889,1.262213857477782,-0.25328691232612016,0.8000465088943917,0.9998034148804216
UBE2E2,0.555207024516027,-0.33140994686980646,1.240055840160871,-0.26725405109725786,0.7892735622873237,0.9998034148804216
UBE2F,1.0904912144274004,-0.2955951552386197,1.2182090700086363,-0.24264731113561983,0.8082786272631967,0.9998034148804216
UBE2G2,0.33539688071254853,-0.38617879065872446,2.185399343777708,-0.17670856896624262,0.8597373097417165,0.9998034148804216
UBE2H,0.6886507958918986,-0.4748832203195807,1.2871862477651128,-0.36893124141444206,0.7121789761480204,0.9998034148804216
UBE2I,2.162357982695105,-0.04723032616030686,0.7253970137886668,-0.06510962309264025,0.9480867185723718,0.9998034148804216
UBE2J1,1.2717730876726199,-1.6931418826548583,1.1070301824115343,-1.5294450951342167,0.1261541403923413,0.9998034148804216
UBE2K,1.1198335122533731,-0.47898753543922057,0.9396978680607464,-0.5097250421858535,0.6102441062779185,0.9998034148804216
UBE2L3,0.7568225587852936,-1.638472906623532,1.7001122008843523,-0.963743984527164,0.33517429654002784,0.9998034148804216
UBE2L6,0.4637048976105676,0.6335938618834241,1.5248207395967774,0.41552022833252605,0.6777611101036214,0.9998034148804216
UBE2M,0.16134842985296458,1.5377518713205713,3.6618030825270074,0.4199439010410604,0.6745264358906251,0.9998034148804216
UBE2N,0.9831072170336124,-0.8126694589819706,1.1001998189960853,-0.7386562376673708,0.4601157657952848,0.9998034148804216
UBE2Q1,1.5809442366463962,-1.1338116144580765,0.9038468581438761,-1.254428893835458,0.2096861558816564,0.9998034148804216
UBE2R2,3.1217635477077943,-0.6346221054955936,0.6277491936866406,-1.0109484996206681,0.3120410794580928,0.9998034148804216
UBE2W,0.7330676772608853,2.1494419850605415,2.045685411257729,1.050719711462879,0.29338734015450696,0.9998034148804216
UBE2Z,1.005993475045213,-0.6856643293450189,1.3262326573363954,-0.517001542340321,0.6051550821626439,0.9998034148804216
UBE3A,0.992591483134351,-0.09454094844098572,1.0094020237693055,-0.09366035158910345,0.9253789666243538,0.9998034148804216
UBE3C,0.48901863567093545,-0.4786412418885556,1.2814341707253247,-0.37351996132398463,0.7087614916083864,0.9998034148804216
UBE4B,0.45781115451952104,-0.8965287491688442,1.5436506098410971,-0.5807847601350234,0.5613855275146922,0.9998034148804216
UBL3,0.7618675252801244,0.05445894822806262,1.2008681688409488,0.04534964756424944,0.9638286150833466,0.9998034148804216
UBL5,2.7315453507864635,-0.07500762306152198,0.6647385475723867,-0.11283778161421279,0.9101591642147573,0.9998034148804216
UBLCP1,0.8143059475423992,3.13216373608256,2.8247906795167106,1.1088126843502744,0.26751099735422135,0.9998034148804216
UBN1,0.7487716881441462,-0.3817928675627564,1.7688556844100374,-0.2158417280322645,0.8291111206040914,0.9998034148804216
UBP1,0.7769126397709777,-0.1963958876698945,1.0823425096345383,-0.1814544711324414,0.8560108666372188,0.9998034148804216
UBQLN1,1.222721976556307,-0.02574821916147991,1.3961449137649762,-0.018442368630663727,0.9852859529023252,0.9998034148804216
UBR2,0.6550518083103197,-0.7329328117407139,1.278796673619071,-0.5731425697773128,0.5665481658119682,0.9998034148804216
UBR4,0.4225189948592212,0.2302457134746074,1.7994534677546836,0.12795313554948587,0.8981860605066614,0.9998034148804216
UBR5,1.2367970273851094,0.5160935302226001,1.46712908892049,0.35177104327086883,0.7250099764172822,0.9998034148804216
UBTF,0.9961638251958436,-0.4632229523696547,1.0668206453416889,-0.43420883762639445,0.6641367960370849,0.9998034148804216
UBXN1,1.0889806521989813,-0.56500859224172,1.0782834722196626,-0.523988920166458,0.6002862462559448,0.9998034148804216
UBXN4,2.0801043643162678,-0.5278935151778953,0.779025634576492,-0.6776330479354229,0.4980043867422933,0.9998034148804216
UBXN7,0.28724881361880833,-0.5628122528394757,2.1725946219523053,-0.2590507438215646,0.7955960884951162,0.9998034148804216
UCP2,3.3170091041328233,0.4092830591918597,0.6640954701206294,0.6163015373640715,0.5376955243971173,0.9998034148804216
UFC1,0.5863214707902914,1.1625669611057001,1.5468416115643782,0.7515746618232962,0.45230688570517963,0.9998034148804216
UFD1,0.596983627370384,2.1290168034129096,2.0993904360853244,1.0141118902031527,0.31052936504213136,0.9998034148804216
UFM1,0.267716020517527,0.18973912846119506,2.1904238465579557,0.08662210683989412,0.9309718932297775,0.9998034148804216
UGCG,2.5739168352546264,0.054562463440311605,0.7695332329145587,0.07090332308802275,0.9434746985926286,0.9998034148804216
UGGT1,0.32953613833852713,0.28141149726735015,1.549361922449155,0.181630575264499,0.8558726523506909,0.9998034148804216
UHMK1,0.7895823147678942,-0.1530629955756939,1.5252543475256568,-0.10035244011859416,0.9200645263765663,0.9998034148804216
ULBP2,0.3385581174906024,0.44464614893761767,1.9032531477812786,0.23362428138157282,0.8152766755170017,0.9998034148804216
ULK1,0.48716829042316306,-0.015218125028084988,1.438576028874808,-0.010578603231688733,0.991559653228968,0.9998034148804216
UPF1,0.43428522205898445,-0.6089533548039213,2.21127785886303,-0.2753852720783928,0.7830202579977574,0.9998034148804216
UPF2,0.8290558104004513,-1.148223035560232,1.9289147483663311,-0.5952689389371429,0.5516637149656518,0.9998034148804216
UPF3B,0.45129347992957036,0.543215159236835,1.5494489985204376,0.3505860210665526,0.7258989452770741,0.9998034148804216
UPP1,0.23048176747453514,-0.02317525214435314,2.191034287042299,-0.010577311492298765,0.9915606838302237,0.9998034148804216
UQCR10,0.8405986901125342,1.0875300141409432,1.2739374999257906,0.8536761137844626,0.393284472511347,0.9998034148804216
UQCR11,1.0908418198538479,0.9146975808505912,1.3230629672514715,0.6913484871780382,0.489346567887348,0.9998034148804216
UQCRB,2.6417927079337753,0.4211187355962127,0.74359870647212,0.5663252664789323,0.5711726875312986,0.9998034148804216
UQCRC2,0.7905085296361022,-0.05260864830820091,1.0645389596258907,-0.04941918549104964,0.9605852390305779,0.9998034148804216
UQCRFS1,0.3116222359333302,1.8684084269464223,2.4929716588803488,0.7494703841862237,0.4535737423897733,0.9998034148804216
UQCRH,0.9123449174754718,-0.9359889778177122,1.1862248719560808,-0.7890485184940267,0.43008364952875433,0.9998034148804216
UQCRHL,0.45796832768857254,-0.47488307597343454,2.145014098375809,-0.22138925629114187,0.8247893571348431,0.9998034148804216
UQCRQ,0.8177059974132469,0.537025748663626,1.2628702765198594,0.4252422110555398,0.6706601159086991,0.9998034148804216
URM1,0.578290065868081,-0.3346578959816703,1.7393793474047758,-0.19240075287831454,0.8474283027071088,0.9998034148804216
UROD,0.23048176747453514,-0.02317525214435314,2.191034287042299,-0.010577311492298765,0.9915606838302237,0.9998034148804216
USF2,1.0481240922927466,-0.7418392700334068,1.2817076006419243,-0.5787897876722174,0.5627310227405119,0.9998034148804216
USMG5,0.4530812855294016,-0.36710813505276807,1.8004819426030054,-0.2038943720379833,0.8384360431630502,0.9998034148804216
USO1,0.31805329466868043,-1.1749694768479482,1.7298552318141946,-0.6792299466676717,0.49699217538744556,0.9998034148804216
USP11,0.8762035974669767,-0.11699560247813637,1.3240882758816674,-0.08835936742981339,0.9295910550285003,0.9998034148804216
USP12,3.4785256952437673,-0.509898447849266,0.8091550951344706,-0.6301615733687345,0.5285888776576655,0.9998034148804216
USP14,0.9593176624158577,-0.5331313060197286,1.4606368734060555,-0.36499921077339437,0.7151119953777698,0.9998034148804216
USP16,0.20077188995336964,-0.21341672615640758,2.834675160461255,-0.07528789511165036,0.9399856524490695,0.9998034148804216
USP24,1.1522370508657638,0.6890813660638067,1.5416760779869025,0.4469689683215418,0.6548974656895238,0.9998034148804216
USP25,0.279724438096982,-0.6188348157641775,1.8162363631762006,-0.34072372314029137,0.7333115777106957,0.9998034148804216
USP33,0.45979966084814333,-1.8552758395429079,2.166102905566497,-0.8565040168568081,0.3917190519439565,0.9998034148804216
USP34,0.546143555713051,-0.7380386860473724,1.218264938270697,-0.6058113164571606,0.5446400542405698,0.9998034148804216
USP36,0.6887474673218477,-1.212266723009366,2.186463036782524,-0.5544419011964042,0.5792764566553069,0.9998034148804216
USP38,0.38666105838064274,-0.14393628323392468,1.5050347584178643,-0.0956365176477616,0.9238092612272681,0.9998034148804216
USP47,1.1594829661527033,0.2110244624690606,1.3127432241583825,0.16075075352558094,0.8722897136685552,0.9998034148804216
USP48,0.6211029644974081,-1.221793550227278,1.679564346478856,-0.727446705324939,0.4669523519960055,0.9998034148804216
USP5,1.0811631295555988,-0.9481239436360407,1.5046708241288786,-0.630120507709686,0.5286157431327402,0.9998034148804216
USP53,1.4291440391714738,0.18713462986836535,0.8799242491912901,0.2126712953306546,0.831583357579573,0.9998034148804216
USP54,0.4964632137778271,-0.3660105748122922,1.515596921295802,-0.2414959872703893,0.8091707261625006,0.9998034148804216
USP7,1.2264146177821342,-1.008697584542409,1.0837767590783922,-0.9307245021568576,0.35199609184115077,0.9998034148804216
USP8,0.9118748218455875,0.985169437592173,1.305921860040663,0.754386206201876,0.45061735184076157,0.9998034148804216
USP9X,1.1412434533666582,-0.8299630058175264,0.9926606331018014,-0.83609944641817,0.4030989597904414,0.9998034148804216
USPL1,0.3186223242877788,0.3153123083957939,1.5489730892483116,0.20356216036574865,0.8386956655902454,0.9998034148804216
UTP6,0.378567653239718,-1.6132010410321505,1.716595236134283,-0.9397678655249136,0.3473366453268364,0.9998034148804216
UTRN,0.29099612604557273,-0.6379451303237731,2.8928513334888644,-0.22052468543358994,0.825462549345503,0.9998034148804216
UVRAG,3.4877856328813297,0.005501519307265037,0.8894978041397121,0.006184972331197482,0.9950651375309064,0.9998034148804216
UVSSA,0.2863202396076578,1.0620514770169194,1.914208839054194,0.5548252914460872,0.5790141661130819,0.9998034148804216
UXT,0.7874285860005027,-0.3083036388949291,1.5262161415610602,-0.2020052275030893,0.8399126374723713,0.9998034148804216
VAC14,1.5420109809865181,-0.7430291856877669,1.1213532258754593,-0.6626183155692725,0.5075750368442196,0.9998034148804216
VAMP2,1.3229349084181932,-0.5385045907394577,0.9487965625050924,-0.5675659166783369,0.570329755921569,0.9998034148804216
VAMP5,0.4785957243185605,-1.5740773729773008,1.710654147779955,-0.9201610828349492,0.35748858798991323,0.9998034148804216
VAMP8,1.8432857925097172,0.9066711685476652,1.0773013030792924,0.841613359193098,0.4000044090676006,0.9998034148804216
VAPA,1.3235056085315016,-1.0902027544121207,1.057561654792889,-1.0308644885821092,0.30260437150911845,0.9998034148804216
VASP,0.874165044391717,0.7403862870032997,1.2481356342877747,0.593193773708566,0.5530514790194947,0.9998034148804216
VAV2,0.3543589737005217,0.45233230972675686,1.5855462031923533,0.28528484935729204,0.7754259192442698,0.9998034148804216
VBP1,0.15003161570067391,0.48612942417287297,2.813872447032991,0.17276171302130575,0.8628387330319699,0.9998034148804216
VCP,1.8907302967834911,1.4573629675982933,1.225089565744823,1.189597077918343,0.23420479491116408,0.9998034148804216
VDAC1,1.939442388042143,-0.28787317352046526,0.8558268659764914,-0.33636847003161596,0.7365930229449604,0.9998034148804216
VDAC2,1.387467233721754,0.6728663152667981,0.9171445696379958,0.7336534910002069,0.46315995097524865,0.9998034148804216
VDAC3,0.7282389987676292,1.438233010854601,1.2504486817757956,1.1501735591516862,0.2500723941598625,0.9998034148804216
VDR,0.4357376994855335,-1.0196420279147598,1.7372490652407828,-0.5869290986053501,0.5572513258689543,0.9998034148804216
VEGFA,2.030286073037575,0.2907249893086059,1.0096457111005106,0.2879475306161768,0.7733869027861889,0.9998034148804216
VEGFB,0.8508399846745693,0.016675270018714394,1.5409133656766623,0.010821679135343064,0.9913657178212596,0.9998034148804216
VEZT,1.1685315968780103,-0.35693065940654806,1.0640308707653177,-0.33545141331268064,0.7372845900539766,0.9998034148804216
VHL,0.9131827172866261,-0.8179987414099358,1.4571665794923907,-0.5613625462744889,0.5745504111288607,0.9998034148804216
VIM,13.334629438724704,-0.047737852646692995,0.3565668430946941,-0.13388191743340297,0.8934959493426354,0.9998034148804216
VKORC1,0.1624430333816712,0.5621265781201167,2.8122283959823533,0.19988653088176983,0.8415693246679163,0.9998034148804216
VMA21,0.7476919944539758,0.7595242030859056,1.2561017103713488,0.6046677564521132,0.5453997762973049,0.9998034148804216
VMP1,1.402902646427557,-0.7225469713163161,0.997293470000633,-0.7245078736110219,0.46875399511229976,0.9998034148804216
VOPP1,3.7693432050388953,0.16896215922322616,0.6173563525314788,0.2736865969393436,0.7843254787219374,0.9998034148804216
VPS13C,1.8148781940351755,-0.3695242428762532,0.8348990807584096,-0.44259749638313534,0.6580568959914669,0.9998034148804216
VPS28,0.5878101335728244,1.1483332184803072,1.5188301565322833,0.7560642732444317,0.44961066097961333,0.9998034148804216
VPS29,0.6564178972847867,2.0677471042974376,1.964929920598784,1.052326132662951,0.2926499460007569,0.9998034148804216
VPS35,1.2334908576663446,0.6645922172090838,1.151746419852246,0.5770299831227973,0.5639192011607043,0.9998034148804216
VPS37C,0.5386191801912248,-0.8819847111785099,1.271668005750592,-0.693565228652525,0.48795490604359015,0.9998034148804216
VPS39,0.7223335139418873,2.0119941016143086,1.6241642196431856,1.238787357387005,0.21542425708228496,0.9998034148804216
VPS41,0.5973734459218896,0.5008240187259608,1.562731753775753,0.32047983764066235,0.7486046122653323,0.9998034148804216
VPS4B,0.36171731970479193,-0.1427320059708295,2.166122104998531,-0.06589287170906107,0.9474631158027176,0.9998034148804216
VPS53,0.2380061429963615,0.013129840227973408,2.8257825710019997,0.004646443913523634,0.9962926874785687,0.9998034148804216
VPS72,0.4750127709151423,1.555756778466028,1.9532275222037314,0.7965056609025986,0.4257381865158729,0.9998034148804216
VPS8,0.5990370790696945,1.16443910562458,1.3570512537240182,0.8580656791179609,0.39085619746886,0.9998034148804216
VSIR,0.49888939141922645,-1.2355357299467948,1.7289824802528535,-0.7146028048624905,0.4748545110880704,0.9998034148804216
VTA1,1.2284238752670673,1.5175155320607947,1.4461532679196507,1.0493462662113273,0.29401877935598664,0.9998034148804216
WAC,3.165852833695856,0.5270450297362588,0.7278251681344484,0.7241368570520493,0.4689817190043063,0.9998034148804216
WAPL,0.2056589321125406,-0.1947584850088047,2.1836660860361388,-0.0891887666590713,0.9289318927063932,0.9998034148804216
WARS,0.36191802043358295,-0.43232843060751286,1.9065264817215295,-0.22676235276686782,0.8206085392694187,0.9998034148804216
WAS,1.1484053305363422,-1.6309201515984255,1.0968089470237385,-1.4869683147863006,0.137023179640883,0.9998034148804216
WASF2,1.6972128013065242,0.020342667304162634,0.927379932051761,0.021935634577681613,0.98249929932502,0.9998034148804216
WASHC2A,0.5609206649614826,-0.3307883101762038,1.5588239246004254,-0.21220376782515385,0.8319480673794586,0.9998034148804216
WASHC2C,0.5005981507707313,-0.17971564773470292,1.5954474642953325,-0.11264278627568512,0.9103137623560309,0.9998034148804216
WASHC4,0.44212234527495337,-0.9894772078838227,2.145760184885785,-0.46113131134292656,0.6447043986153456,0.9998034148804216
WBP11,1.6794798363753085,-0.8777513533944744,0.8688537798533427,-1.0102405879417748,0.31238003783587076,0.9998034148804216
WBP1L,0.2966650240393078,-0.8024183859394124,2.9209006458495814,-0.27471608357497507,0.7835343735149353,0.9998034148804216
WBP2,1.559648772967397,0.2151852374621618,1.1164667935498978,0.1927376960115067,0.8471643997730349,0.9998034148804216
WDR1,1.652251333939728,-0.6393912200426141,0.9411884393974267,-0.6793445321661292,0.4969195863198791,0.9998034148804216
WDR26,1.445973266797181,1.1686093391710792,1.0832516767154483,1.0787976278185378,0.28067795258604,0.9998034148804216
WDR33,0.5123941258866999,0.9477328641828068,1.925935961811105,0.4920894998458729,0.622656074790986,0.9998034148804216
WDR41,0.5255418894465821,-0.38476549382319697,1.4822628741454287,-0.25957979555079014,0.7951879230292332,0.9998034148804216
WDR44,0.7500532267246869,-1.0901325544062648,1.5931617572869414,-0.6842572949169298,0.4938127084292242,0.9998034148804216
WDR45,0.25058359019491483,0.9212139889275299,1.872955302087466,0.4918504931221843,0.6228250383544638,0.9998034148804216
WDR45B,0.24693145071848763,1.8433957582675509,2.5505553984787595,0.7227428815570979,0.4698378650697077,0.9998034148804216
WDR48,0.32512825714303406,0.8353903016249015,1.7937149009604543,0.46573192940393554,0.6414073946162635,0.9998034148804216
WDR82,1.1313163559232202,0.13138300052031374,1.0317757423785137,0.12733677980976899,0.8986738511530773,0.9998034148804216
WDR83OS,0.30454727345897653,-0.43553016336141603,1.832051541299876,-0.23772811710984887,0.8120919744471411,0.9998034148804216
WFDC2,0.481539386352809,0.027826862611415502,2.000643781842265,0.01390895413964775,0.9889026180509591,0.9998034148804216
WFDC21P,3.721695960060371,1.2287572723942346,0.8469707479138573,1.4507670724410986,0.14684473146562713,0.9998034148804216
WHAMM,1.6898857016980713,0.2958679841902107,0.8956797497142216,0.330327870295841,0.7411522362858274,0.9998034148804216
WIPF1,3.714070130606276,0.639366335992575,0.7173987972657802,0.8912286143068402,0.37280653644059103,0.9998034148804216
WIPF2,1.0568761001438105,-2.4476941656165754,1.8707201104790174,-1.308423505956654,0.19072970417635104,0.9998034148804216
WIPI2,0.8222402979548943,1.08313222959939,1.1679109463067705,0.9274099476715478,0.35371372771182374,0.9998034148804216
WNK1,2.713047580684499,-0.42735701581922664,0.6671716100428662,-0.6405503612357976,0.5218148590723866,0.9998034148804216
WNT5A,1.421249843205733,-0.6978130422015928,1.9195825851643282,-0.3635233240782165,0.7162139928221034,0.9998034148804216
WNT5B,1.3277379791518968,-0.7396795188301437,1.3349023295076548,-0.5541075946005398,0.5795052128809376,0.9998034148804216
WSB1,4.061829318940676,0.1737590818364692,0.6549077562999414,0.26531840578307225,0.7907641866852249,0.9998034148804216
WSB2,0.29617412134093446,1.0233926204847206,1.8568884353210748,0.5511330681036665,0.5815424583630684,0.9998034148804216
WTAP,3.2572956228169248,-0.3360291926431187,0.6472861808383531,-0.5191354343574891,0.6036662997998286,0.9998034148804216
WWC2,0.34691439559363013,0.3167164745609561,1.5191607065201438,0.2084812180841886,0.8348532462480509,0.9998034148804216
WWP2,1.0656683790654058,-0.4452364155897953,1.2216317328143882,-0.3644604209519527,0.7155142238518976,0.9998034148804216
XBP1,1.3308630489911961,-0.013492195206614573,1.1675668642856174,-0.011555822299624657,0.9907799930022617,0.9998034148804216
XIST,0.48664271651355473,2.5546306507500667,2.021527766122348,1.263712867842674,0.20633310481876677,0.9998034148804216
XPNPEP1,0.5800298598780215,-0.13321212590451592,1.255509219101323,-0.10610206908704932,0.9155013695202082,0.9998034148804216
XPO1,1.4825040216052023,-0.36783153859333306,0.9553940651747644,-0.3850050487031735,0.7002336750032602,0.9998034148804216
XPO6,1.3150341126071892,-1.4290236061947077,1.1026581069548365,-1.295980682662535,0.19498214020820914,0.9998034148804216
XPO7,0.3702911725516251,-1.4182975119242658,2.2159351806201246,-0.6400446747397,0.5221435556568732,0.9998034148804216
XRCC5,1.6423612668504672,-0.825741415890475,1.0209981771091787,-0.8087589521740897,0.4186538112802728,0.9998034148804216
XRCC6,1.7077265673337092,-0.3803030313205335,1.1403510342083643,-0.33349645846951087,0.738759562330561,0.9998034148804216
XRN1,0.40488809223196154,-1.2347887259633445,2.1439062783883385,-0.57595275428345,0.5646471163906739,0.9998034148804216
XRN2,0.5385674629503776,1.8556756282765965,1.8929135567092665,0.9803277184524969,0.32692437658392204,0.9998034148804216
YBX1,4.016058365873697,-0.7999408017488683,0.700124309461118,-1.1425696707554382,0.2532173039682849,0.9998034148804216
YBX1P1,0.8289511036673619,-2.0920284470305055,1.5937432195285808,-1.3126508846571372,0.1893006148311297,0.9998034148804216
YBX3,2.119704308926694,-0.3229366472318616,0.8237869121916267,-0.39201478252757327,0.6950472913592003,0.9998034148804216
YIPF3,0.8725429008948128,0.6016435651101976,1.2668592386833668,0.4749095611723046,0.6348514362757228,0.9998034148804216
YIPF4,0.3218457332991448,-0.45106632879657566,2.1856302897128685,-0.20637814680717723,0.8364955397202781,0.9998034148804216
YKT6,0.3056418769876832,-1.327167993754806,1.6885930674657754,-0.785960821067806,0.431890440517959,0.9998034148804216
YLPM1,0.8157521622958596,0.941530886365146,1.6627315281717205,0.5662555081278933,0.5712201008601009,0.9998034148804216
YME1L1,1.1229314601883713,-1.1535831498937956,1.3259538265990687,-0.8700025044255232,0.38429903556822975,0.9998034148804216
YPEL2,0.44083589736596035,0.04246645439312393,1.5761747187277058,0.026942732863652966,0.9785054099797454,0.9998034148804216
YPEL3,0.29966023129980557,-0.4815264235512133,2.1738603316843053,-0.22150752582072603,0.8246972773782822,0.9998034148804216
YPEL5,7.109465867747075,0.6702643961409113,0.518002976479787,1.2939392755923012,0.1956863967392818,0.9998034148804216
YTHDC1,2.133471697761868,-0.396857460804146,1.051575788888041,-0.37739311326651187,0.7058814840007039,0.9998034148804216
YTHDF1,0.23817217251391756,0.8281154302413721,1.8512175641784523,0.4473355516205248,0.6546328014905038,0.9998034148804216
YTHDF2,0.11170275912897548,1.3068619861593433,3.6846353847203996,0.35467878085812604,0.7228302492046548,0.9998034148804216
YTHDF3,1.7248664064624828,1.8503864506990053,1.339992393322345,1.3808932497827107,0.16731178576128125,0.9998034148804216
YWHAB,2.9489524192202783,-0.4979167616315422,0.7798958223906719,-0.6384400933258513,0.523187238958355,0.9998034148804216
YWHAE,3.7718758316684617,-0.1851523455261611,0.6248648778522892,-0.2963078132388311,0.7669950196317192,0.9998034148804216
YWHAG,2.0140126469011257,-0.8903823560944499,0.8571675387298383,-1.0387495044595714,0.2989212511931816,0.9998034148804216
YWHAH,1.4556550635513767,-0.08866885262698239,1.0949521225672436,-0.0809796618495865,0.9354581268685708,0.9998034148804216
YWHAQ,3.1218891599751615,-0.15339504542035867,0.6672670473828937,-0.2298855398629283,0.8181807129568044,0.9998034148804216
YWHAZ,8.350713927664673,-0.005565109982504464,0.4244237108921153,-0.013112156177153509,0.9895383128055468,0.9998034148804216
YWHAZP3,0.44746637008787105,0.5680996176294302,1.3691594362889958,0.4149258315519642,0.678196199113245,0.9998034148804216
YY1,1.5940096136417452,-0.265165800810401,1.0011919354932834,-0.26485011655607754,0.7911249275655352,0.9998034148804216
Z74021.1,2.216302949435345,1.1141341471334638,0.809500978955638,1.3763221739037825,0.168721910854571,0.9998034148804216
ZBED1,0.7842971818356332,-1.4438758140183823,1.8877846580166835,-0.7648519696813968,0.4443596972661198,0.9998034148804216
ZBED5,0.8997816397284557,1.5051546775784952,2.3023947525349393,0.6537344110610563,0.5132829294117406,0.9998034148804216
ZBTB1,0.3841035224329221,-0.37727560244558994,1.466851842700567,-0.2572008920485123,0.797023695413145,0.9998034148804216
ZBTB10,4.899642953947331,-0.18353386129904808,0.5971853424712961,-0.30733149032014245,0.7585910689408218,0.9998034148804216
ZBTB18,1.5833969959822711,0.14338736371885982,1.0698274853359573,0.13402849121401286,0.8933800449590592,0.9998034148804216
ZBTB33,0.9475267067206539,0.5386322132924442,2.4162622962332696,0.22291959533206396,0.8235980852271015,0.9998034148804216
ZBTB38,1.6360208279371458,1.169053305702904,1.1017866175384328,1.0610523735664494,0.2886661002957075,0.9998034148804216
ZBTB4,1.032524858021331,-0.8007581176295768,1.2003061948279259,-0.6671282053529453,0.504690245239495,0.9998034148804216
ZBTB46,0.43374919315691124,0.05968555748660344,1.50883021509494,0.03955750414426042,0.9684459076808767,0.9998034148804216
ZBTB7A,0.9199703631775882,0.04540717631236297,1.7636078422015917,0.025746753459476076,0.979459332334344,0.9998034148804216
ZC3H12A,2.641496085059532,0.1457286994478307,0.7497481016122575,0.1943702146553701,0.8458860104090656,0.9998034148804216
ZC3H12C,0.7853917853643397,-2.2505912228707183,1.755125506966644,-1.2822964591064372,0.19973866962441733,0.9998034148804216
ZC3H13,0.5649847453871681,0.09247968854064544,1.3639783195888655,0.06780143585311602,0.9459437007491955,0.9998034148804216
ZC3H15,0.54927012127987,0.4915666823348242,1.4696638805573645,0.3344755823681258,0.738020713403061,0.9998034148804216
ZC3H18,0.29099612604557273,-0.6379451303237731,2.8928513334888644,-0.22052468543358994,0.825462549345503,0.9998034148804216
ZC3H4,0.21168570400411804,-0.22518240158603886,2.177601068772614,-0.10340847311990023,0.9176387876230103,0.9998034148804216
ZC3H6,0.7486007492981379,-0.3844914895773486,1.43561261647294,-0.2678239834099395,0.7888348088206457,0.9998034148804216
ZC3H7A,1.1774658454478524,0.36109292060157616,1.0048057856026245,0.35936588520438656,0.7193213921565744,0.9998034148804216
ZC3H7B,1.8565056274204135,0.5959929286890928,1.0694030693213283,0.5573136507522143,0.577313150621201,0.9998034148804216
ZC3HAV1,1.6964905958801058,-1.2169975637171677,1.0451364918959143,-1.1644388777483898,0.2442461998994735,0.9998034148804216
ZCCHC2,0.6943792744150232,1.166543124376097,2.3913829400800504,0.4878110924120951,0.6256836537201429,0.9998034148804216
ZDHHC18,1.0590285842981242,-0.5471336876852526,1.2287685451880364,-0.445269932916069,0.6561246936684714,0.9998034148804216
ZDHHC20,0.721140580573488,-0.7570254333503869,1.5455547796143063,-0.4898082185992157,0.6242696144747023,0.9998034148804216
ZDHHC3,0.22559472531536418,-0.05632139809151552,2.8291726549415825,-0.019907373978446167,0.9841172627275617,0.9998034148804216
ZDHHC7,1.2641914814319728,-0.3861180260371269,1.2135801481641975,-0.31816442170812864,0.7503602189305688,0.9998034148804216
ZEB1,0.6514616690526067,-0.14057034040541833,1.3264767652346559,-0.10597271214211672,0.9156040028037135,0.9998034148804216
ZEB2,1.18831840659289,-1.2846292617772936,1.0999852904379028,-1.1678604004476134,0.24286307962092557,0.9998034148804216
ZER1,0.2056589321125406,-0.1947584850088047,2.1836660860361388,-0.0891887666590713,0.9289318927063932,0.9998034148804216
ZFAND2A,0.762619458431793,0.5608589288755919,1.4339898973696112,0.39111776861495573,0.6957101872278497,0.9998034148804216
ZFAND3,0.8120732847754958,1.020497594584081,1.5507380211738218,0.6580722086194944,0.5104917328781393,0.9998034148804216
ZFAND5,5.361684053252517,-0.13841860049672186,0.5569480460803247,-0.24853054332604432,0.8037239410737183,0.9998034148804216
ZFAND6,1.7721014202154504,0.7271315154968104,1.028628641703629,0.7068940976527012,0.47963229220906045,0.9998034148804216
ZFAS1,2.8261510999991764,0.1924493319983655,0.7721386704847802,0.24924192940309278,0.8031736475934652,0.9998034148804216
ZFHX3,0.4661843066375632,-1.7018821850963948,1.6850055095493637,-1.0100157984359022,0.31248772103757116,0.9998034148804216
ZFP36,9.098166619096641,0.04162115533326015,0.4357147187674102,0.09552386811949318,0.9238987329241651,0.9998034148804216
ZFP36L1,8.03927768546148,-0.06637789576742853,0.4462596592611125,-0.14874276531589858,0.8817566147274225,0.9998034148804216
ZFP36L2,0.9288412226506436,0.32179179546845643,1.5156187272073842,0.21231711491278324,0.8318596440288099,0.9998034148804216
ZFP91,1.1604256429236033,0.4151456077879799,1.1132109725625003,0.3729262628739242,0.7092033248014731,0.9998034148804216
ZFR,0.42821332396370715,-1.1329925815793387,1.7943839215494397,-0.6314103509136476,0.5277722497686357,0.9998034148804216
ZFYVE21,0.5306400873270091,0.8301394109435661,1.6159708611412098,0.5137093934709416,0.6074551835189068,0.9998034148804216
ZHX2,1.011380741948128,-1.988227077878538,1.565276467246001,-1.2702082472220966,0.20401046069908801,0.9998034148804216
ZKSCAN1,0.24139558152528354,-0.08257916552331152,2.1934196254820617,-0.03764859426073684,0.9699678627461952,0.9998034148804216
ZMAT2,1.0197819761223694,2.749445582071098,1.5271003330829729,1.8004354543754202,0.07179190678426485,0.9998034148804216
ZMAT3,1.401512708648949,-0.396468806039877,1.3025403981982684,-0.3043811973803578,0.760837490953997,0.9998034148804216
ZMIZ1,0.26881062404623357,-0.6262958682804711,2.161620801275724,-0.2897343826034844,0.7720194504751796,0.9998034148804216
ZMIZ2,1.3556484821337322,-1.0085896153833716,1.177657034424157,-0.8564374736457504,0.39175584426314003,0.9998034148804216
ZMPSTE24,0.1609454297514223,0.4640787792493459,2.809804227670471,0.1651640974410877,0.8688148232103851,0.9998034148804216
ZMYM2,0.4645988004104832,0.24217989517156094,1.3797969783964534,0.17551849943388995,0.8606722359613173,0.9998034148804216
ZMYM4,0.45054947994519995,-1.479390134452972,2.0644226189747563,-0.7166120545548343,0.4736135043527421,0.9998034148804216
ZNF106,0.4622072939803187,0.5113211112305531,1.5504466560953134,0.3297895540103766,0.7415589809136642,0.9998034148804216
ZNF146,0.4570744248886569,0.09858608171477985,1.535718359634006,0.06419541779670784,0.9488146259396327,0.9998034148804216
ZNF148,1.0694486102643084,1.3663960447847352,1.6746969712533961,0.8159064405317944,0.414553648255949,0.9998034148804216
ZNF207,1.6279613428408477,-0.4756845843896283,0.9865590906244498,-0.4821653248246289,0.6296885072789671,0.9998034148804216
ZNF217,0.45865993111573683,-1.866450199073693,1.6512662948052457,-1.1303144774076712,0.25834373633178553,0.9998034148804216
ZNF24,1.6490723219595482,1.6984303551543267,1.654216195637924,1.0267281626385916,0.30454848423275904,0.9998034148804216
ZNF260,0.5468456141326804,-0.8379031972736429,1.6162836997034369,-0.5184134427807353,0.6041698375297784,0.9998034148804216
ZNF267,2.768950951608505,-0.5570584167497795,0.7430091121459438,-0.7497329543387359,0.45341555574864933,0.9998034148804216
ZNF277,0.30340754372657003,-0.5635879756056554,2.8886024065483626,-0.1951074936197591,0.8453087962547943,0.9998034148804216
ZNF281,1.1259149553458883,0.6399038262976264,1.1959497751974766,0.5350591133243575,0.5926089815465522,0.9998034148804216
ZNF292,0.4746355856763303,-0.3019500062667611,1.4912317780043833,-0.20248361838884685,0.8395386638053701,0.9998034148804216
ZNF296,0.15491865785984485,0.46407877924934526,2.809804227670471,0.1651640974410875,0.8688148232103852,0.9998034148804216
ZNF326,0.5281534924457184,0.5332786821208636,1.616618888142019,0.32987285131485816,0.7414960378525772,0.9998034148804216
ZNF331,2.4823301509146685,-0.6318244190091169,1.60199808813793,-0.3943977359820154,0.6932874150428764,0.9998034148804216
ZNF33A,0.4091375135161726,1.4005069374263037,1.588956004924746,0.8814007015207653,0.37810097810929066,0.9998034148804216
ZNF385A,1.2609473898381953,0.6085274120614114,1.047345288472252,0.5810189044236421,0.5612277126316494,0.9998034148804216
ZNF451,0.4005532056768746,1.284801360071756,1.8842427757603786,0.6818661462312253,0.4953235936762197,0.9998034148804216
ZNF506,0.9723495420826482,0.7141275985474631,2.3186427159004213,0.30799380760573064,0.7580870442772626,0.9998034148804216
ZNF532,0.3976546698463259,-0.2453763657774172,1.467998914862365,-0.1671502364839438,0.8672518389830017,0.9998034148804216
ZNF592,0.49055772895208505,-0.16720391925940972,1.4525830589650763,-0.11510799208861605,0.9083595252437386,0.9998034148804216
ZNF618,0.4558226481908989,0.46696847644324996,1.959429102560439,0.238318638746893,0.8116339661287854,0.9998034148804216
ZNF638,0.6836500362731663,2.1360045037139432,1.5183755959142522,1.4067695170165069,0.1594957443638012,0.9998034148804216
ZNF644,1.1224356481615458,0.08140494896258485,1.2487468568054638,0.06518931240462496,0.9480232704948724,0.9998034148804216
ZNF652,0.5923910190750001,-1.5543019960212976,1.5828664833335953,-0.9819539502459238,0.32612253520280043,0.9998034148804216
ZNF655,0.18576826511341685,0.6101673702747812,2.8058973637696756,0.21745890571529378,0.8278507291853331,0.9998034148804216
ZNF706,1.1661873528426214,-1.4666995973886086,1.4236231382750133,-1.0302583302809973,0.3028887543648613,0.9998034148804216
ZNF800,0.9150332854862653,-0.20742308383184424,1.5195274438485624,-0.13650499349093442,0.8914220772676686,0.9998034148804216
ZNF92,0.38495229902913786,-1.4624304241266985,2.231538559235516,-0.6553462489250914,0.5122448501705503,0.9998034148804216
ZNFX1,0.7211454899019402,-1.1871642038547194,1.9548492235987716,-0.6072919535293952,0.5436571773488283,0.9998034148804216
ZNHIT1,0.6357921711490085,0.7299412552650453,1.5361153015631175,0.47518650098874277,0.6346540478399901,0.9998034148804216
ZNRF1,0.3011578349300545,-0.42200685599828625,2.8639224712473963,-0.14735275142224047,0.8828535972418996,0.9998034148804216
ZRANB2,0.7839343986093384,-1.1507611941102558,1.7330653287750082,-0.6640033557902024,0.5066881632801616,0.9998034148804216
ZSWIM6,0.6208993783824263,0.24523380926899838,1.3078898080243138,0.18750341792130507,0.8512659441009791,0.9998034148804216
ZYX,3.462103812274661,-0.7910210966821657,0.6791304641700322,-1.164755725763054,0.24411788499662812,0.9998034148804216
CCL3L3,0.6347685086867321,0.7775319250720658,2.17492821617197,0.35749774143837165,,
CCL4L2,0.7723887067064087,0.6217890520043984,2.2130687008910153,0.28096238121937045,,
